
 /----------------------------------------------------------------------------\
 |  yosys -- Yosys Open SYnthesis Suite                                       |
 |  Copyright (C) 2012 - 2025  Claire Xenia Wolf <claire@yosyshq.com>         |
 |  Distributed under an ISC-like license, type "license" to see terms        |
 \----------------------------------------------------------------------------/
 Yosys 0.60 (git sha1 5bafeb77d, g++ 13.3.0-6ubuntu2~24.04 -fPIC -O3)

-- Running command `
    plugin -i slang
    read_slang -D SYNTHESIS --top cv32e40p_core -G PULP_XPULP=0 -G FPU=0 -G NUM_MHPMCOUNTERS=1 --ignore-unknown-modules -I /foss/designs/cores/cv32e40p/rtl/include -I /foss/designs/cores/cv32e40p/rtl/../bhv -I /foss/designs/cores/cv32e40p/rtl/../bhv/include /foss/designs/cores/deps/cf_math_pkg.sv /foss/designs/cores/deps/fpnew_pkg.sv /foss/designs/cores/cv32e40p/rtl/include/cv32e40p_apu_core_pkg.sv /foss/designs/cores/cv32e40p/rtl/include/cv32e40p_pkg.sv /foss/designs/cores/cv32e40p/rtl/cv32e40p_if_stage.sv /foss/designs/cores/cv32e40p/rtl/cv32e40p_cs_registers.sv /foss/designs/cores/cv32e40p/rtl/cv32e40p_register_file_ff.sv /foss/designs/cores/cv32e40p/rtl/cv32e40p_load_store_unit.sv /foss/designs/cores/cv32e40p/rtl/cv32e40p_id_stage.sv /foss/designs/cores/cv32e40p/rtl/cv32e40p_aligner.sv /foss/designs/cores/cv32e40p/rtl/cv32e40p_decoder.sv /foss/designs/cores/cv32e40p/rtl/cv32e40p_compressed_decoder.sv /foss/designs/cores/cv32e40p/rtl/cv32e40p_fifo.sv /foss/designs/cores/cv32e40p/rtl/cv32e40p_prefetch_buffer.sv /foss/designs/cores/cv32e40p/rtl/cv32e40p_hwloop_regs.sv /foss/designs/cores/cv32e40p/rtl/cv32e40p_mult.sv /foss/designs/cores/cv32e40p/rtl/cv32e40p_int_controller.sv /foss/designs/cores/cv32e40p/rtl/cv32e40p_ex_stage.sv /foss/designs/cores/cv32e40p/rtl/cv32e40p_alu_div.sv /foss/designs/cores/cv32e40p/rtl/cv32e40p_alu.sv /foss/designs/cores/cv32e40p/rtl/cv32e40p_ff_one.sv /foss/designs/cores/cv32e40p/rtl/cv32e40p_popcnt.sv /foss/designs/cores/cv32e40p/rtl/cv32e40p_apu_disp.sv /foss/designs/cores/cv32e40p/rtl/cv32e40p_controller.sv /foss/designs/cores/cv32e40p/rtl/cv32e40p_obi_interface.sv /foss/designs/cores/cv32e40p/rtl/cv32e40p_prefetch_controller.sv /foss/designs/cores/cv32e40p/rtl/cv32e40p_sleep_unit.sv /foss/designs/cores/cv32e40p/rtl/cv32e40p_core.sv /foss/designs/cores/cv32e40p/rtl/../bhv/cv32e40p_sim_clock_gate.sv
    hierarchy -top cv32e40p_core
    synth -top cv32e40p_core -flatten
    dfflibmap -liberty /foss/pdks/ihp-sg13g2/libs.ref/sg13g2_stdcell/lib/sg13g2_stdcell_typ_1p20V_25C.lib
    abc -liberty /foss/pdks/ihp-sg13g2/libs.ref/sg13g2_stdcell/lib/sg13g2_stdcell_typ_1p20V_25C.lib
    opt_clean -purge
    tee -o /foss/designs/synth/results/cv32e40p_rv32imc.stat stat -liberty /foss/pdks/ihp-sg13g2/libs.ref/sg13g2_stdcell/lib/sg13g2_stdcell_typ_1p20V_25C.lib
  ' --

1. Executing SLANG frontend.

1.1. Executing UNDRIVEN pass. (resolve undriven signals)

1.2. Executing PROC_CLEAN pass (remove empty switches from decision trees).
Removing empty process `cv32e40p_core.$3146'.
Removing empty process `cv32e40p_core.$3143'.
Removing empty process `cv32e40p_core.$3140'.
Removing empty process `cv32e40p_core.$3137'.
Found and cleaned up 2 empty switches in `\cv32e40p_core.$3130'.
Found and cleaned up 2 empty switches in `\cv32e40p_core.$3123'.
Found and cleaned up 2 empty switches in `\cv32e40p_core.$3116'.
Found and cleaned up 2 empty switches in `\cv32e40p_core.$2863'.
Found and cleaned up 1 empty switch in `\cv32e40p_core.$2762'.
Found and cleaned up 4 empty switches in `\cv32e40p_core.$2750'.
Found and cleaned up 1 empty switch in `\cv32e40p_core.$2736'.
Found and cleaned up 8 empty switches in `\cv32e40p_core.$2679'.
Found and cleaned up 1 empty switch in `\cv32e40p_core.$2668'.
Found and cleaned up 1 empty switch in `\cv32e40p_core.$2658'.
Removing empty process `cv32e40p_core.$2655'.
Found and cleaned up 1 empty switch in `\cv32e40p_core.$2651'.
Found and cleaned up 1 empty switch in `\cv32e40p_core.$2621'.
Found and cleaned up 1 empty switch in `\cv32e40p_core.$2604'.
Found and cleaned up 1 empty switch in `\cv32e40p_core.$2602'.
Found and cleaned up 1 empty switch in `\cv32e40p_core.$2584'.
Found and cleaned up 1 empty switch in `\cv32e40p_core.$2566'.
Found and cleaned up 1 empty switch in `\cv32e40p_core.$2564'.
Found and cleaned up 1 empty switch in `\cv32e40p_core.$2552'.
Found and cleaned up 1 empty switch in `\cv32e40p_core.$2550'.
Found and cleaned up 1 empty switch in `\cv32e40p_core.$2539'.
Found and cleaned up 1 empty switch in `\cv32e40p_core.$2512'.
Found and cleaned up 1 empty switch in `\cv32e40p_core.$2508'.
Found and cleaned up 1 empty switch in `\cv32e40p_core.$2458'.
Found and cleaned up 1 empty switch in `\cv32e40p_core.$2442'.
Found and cleaned up 1 empty switch in `\cv32e40p_core.$2416'.
Removing empty process `cv32e40p_core.$2412'.
Found and cleaned up 1 empty switch in `\cv32e40p_core.$2386'.
Found and cleaned up 1 empty switch in `\cv32e40p_core.$2346'.
Found and cleaned up 1 empty switch in `\cv32e40p_core.$2324'.
Found and cleaned up 1 empty switch in `\cv32e40p_core.$2225'.
Found and cleaned up 1 empty switch in `\cv32e40p_core.$2152'.
Found and cleaned up 1 empty switch in `\cv32e40p_core.$2123'.
Found and cleaned up 1 empty switch in `\cv32e40p_core.$2116'.
Found and cleaned up 1 empty switch in `\cv32e40p_core.$2091'.
Found and cleaned up 1 empty switch in `\cv32e40p_core.$2073'.
Found and cleaned up 1 empty switch in `\cv32e40p_core.$2054'.
Found and cleaned up 1 empty switch in `\cv32e40p_core.$2050'.
Found and cleaned up 1 empty switch in `\cv32e40p_core.$2034'.
Found and cleaned up 1 empty switch in `\cv32e40p_core.$1981'.
Found and cleaned up 1 empty switch in `\cv32e40p_core.$1952'.
Found and cleaned up 1 empty switch in `\cv32e40p_core.$1919'.
Found and cleaned up 1 empty switch in `\cv32e40p_core.$1904'.
Removing empty process `cv32e40p_core.$1870'.
Found and cleaned up 1 empty switch in `\cv32e40p_core.$1650'.
Found and cleaned up 1 empty switch in `\cv32e40p_core.$1617'.
Removing empty process `cv32e40p_core.$1608'.
Found and cleaned up 1 empty switch in `\cv32e40p_core.$1599'.
Removing empty process `cv32e40p_core.$1596'.
Found and cleaned up 1 empty switch in `\cv32e40p_core.$1591'.
Removing empty process `cv32e40p_core.$1574'.
Found and cleaned up 1 empty switch in `\cv32e40p_core.$1549'.
Found and cleaned up 1 empty switch in `\cv32e40p_core.$1506'.
Found and cleaned up 4 empty switches in `\cv32e40p_core.$1080'.
Found and cleaned up 90 empty switches in `\cv32e40p_core.$793'.
Found and cleaned up 1 empty switch in `\cv32e40p_core.$786'.
Found and cleaned up 1 empty switch in `\cv32e40p_core.$779'.
Found and cleaned up 1 empty switch in `\cv32e40p_core.$772'.
Found and cleaned up 1 empty switch in `\cv32e40p_core.$765'.
Found and cleaned up 1 empty switch in `\cv32e40p_core.$758'.
Found and cleaned up 1 empty switch in `\cv32e40p_core.$751'.
Found and cleaned up 1 empty switch in `\cv32e40p_core.$744'.
Found and cleaned up 1 empty switch in `\cv32e40p_core.$737'.
Found and cleaned up 1 empty switch in `\cv32e40p_core.$730'.
Found and cleaned up 1 empty switch in `\cv32e40p_core.$723'.
Found and cleaned up 1 empty switch in `\cv32e40p_core.$716'.
Found and cleaned up 1 empty switch in `\cv32e40p_core.$709'.
Found and cleaned up 1 empty switch in `\cv32e40p_core.$702'.
Found and cleaned up 1 empty switch in `\cv32e40p_core.$695'.
Found and cleaned up 1 empty switch in `\cv32e40p_core.$688'.
Found and cleaned up 1 empty switch in `\cv32e40p_core.$681'.
Found and cleaned up 1 empty switch in `\cv32e40p_core.$674'.
Found and cleaned up 1 empty switch in `\cv32e40p_core.$667'.
Found and cleaned up 1 empty switch in `\cv32e40p_core.$660'.
Found and cleaned up 1 empty switch in `\cv32e40p_core.$653'.
Found and cleaned up 1 empty switch in `\cv32e40p_core.$646'.
Found and cleaned up 1 empty switch in `\cv32e40p_core.$639'.
Found and cleaned up 1 empty switch in `\cv32e40p_core.$632'.
Found and cleaned up 1 empty switch in `\cv32e40p_core.$625'.
Found and cleaned up 1 empty switch in `\cv32e40p_core.$618'.
Found and cleaned up 1 empty switch in `\cv32e40p_core.$611'.
Found and cleaned up 1 empty switch in `\cv32e40p_core.$604'.
Found and cleaned up 1 empty switch in `\cv32e40p_core.$597'.
Found and cleaned up 1 empty switch in `\cv32e40p_core.$590'.
Found and cleaned up 1 empty switch in `\cv32e40p_core.$583'.
Found and cleaned up 1 empty switch in `\cv32e40p_core.$576'.
Removing empty process `cv32e40p_core.$573'.
Found and cleaned up 1 empty switch in `\cv32e40p_core.$430'.
Found and cleaned up 1 empty switch in `\cv32e40p_core.$428'.
Found and cleaned up 1 empty switch in `\cv32e40p_core.$426'.
Found and cleaned up 1 empty switch in `\cv32e40p_core.$424'.
Found and cleaned up 1 empty switch in `\cv32e40p_core.$422'.
Found and cleaned up 1 empty switch in `\cv32e40p_core.$420'.
Found and cleaned up 1 empty switch in `\cv32e40p_core.$415'.
Found and cleaned up 1 empty switch in `\cv32e40p_core.$413'.
Found and cleaned up 1 empty switch in `\cv32e40p_core.$411'.
Found and cleaned up 1 empty switch in `\cv32e40p_core.$405'.
Found and cleaned up 1 empty switch in `\cv32e40p_core.$403'.
Found and cleaned up 1 empty switch in `\cv32e40p_core.$400'.
Found and cleaned up 1 empty switch in `\cv32e40p_core.$398'.
Found and cleaned up 1 empty switch in `\cv32e40p_core.$396'.
Found and cleaned up 1 empty switch in `\cv32e40p_core.$394'.
Found and cleaned up 1 empty switch in `\cv32e40p_core.$388'.
Found and cleaned up 1 empty switch in `\cv32e40p_core.$332'.
Found and cleaned up 17 empty switches in `\cv32e40p_core.$264'.
Found and cleaned up 1 empty switch in `\cv32e40p_core.$213'.
Found and cleaned up 1 empty switch in `\cv32e40p_core.$202'.
Found and cleaned up 1 empty switch in `\cv32e40p_core.$185'.
Found and cleaned up 1 empty switch in `\cv32e40p_core.$176'.
Found and cleaned up 1 empty switch in `\cv32e40p_core.$164'.
Found and cleaned up 1 empty switch in `\cv32e40p_core.$156'.
Found and cleaned up 1 empty switch in `\cv32e40p_core.$150'.
Found and cleaned up 1 empty switch in `\cv32e40p_core.$144'.
Found and cleaned up 1 empty switch in `\cv32e40p_core.$131'.
Found and cleaned up 2 empty switches in `\cv32e40p_core.$96'.
Found and cleaned up 1 empty switch in `\cv32e40p_core.$84'.
Found and cleaned up 1 empty switch in `\cv32e40p_core.$72'.
Found and cleaned up 1 empty switch in `\cv32e40p_core.$68'.
Found and cleaned up 1 empty switch in `\cv32e40p_core.$45'.
Found and cleaned up 1 empty switch in `\cv32e40p_core.$27'.
Found and cleaned up 1 empty switch in `\cv32e40p_core.$23'.
Found and cleaned up 1 empty switch in `\cv32e40p_core.$15'.
Removing empty process `cv32e40p_core.$12'.
Cleaned up 238 empty switches.

1.3. Executing TRIBUF pass.

1.4. Executing PROC_RMDEAD pass (remove dead branches from decision trees).
Marked 1 switch rules as full_case in process $2668 in module cv32e40p_core.
Marked 1 switch rules as full_case in process $2658 in module cv32e40p_core.
Marked 5 switch rules as full_case in process $3130 in module cv32e40p_core.
Marked 3 switch rules as full_case in process $2621 in module cv32e40p_core.
Marked 2 switch rules as full_case in process $2604 in module cv32e40p_core.
Marked 1 switch rules as full_case in process $2602 in module cv32e40p_core.
Marked 17 switch rules as full_case in process $2584 in module cv32e40p_core.
Marked 17 switch rules as full_case in process $2566 in module cv32e40p_core.
Marked 1 switch rules as full_case in process $2564 in module cv32e40p_core.
Marked 1 switch rules as full_case in process $2550 in module cv32e40p_core.
Marked 13 switch rules as full_case in process $2539 in module cv32e40p_core.
Marked 3 switch rules as full_case in process $2512 in module cv32e40p_core.
Marked 4 switch rules as full_case in process $2508 in module cv32e40p_core.
Marked 2 switch rules as full_case in process $2458 in module cv32e40p_core.
Marked 2 switch rules as full_case in process $2442 in module cv32e40p_core.
Marked 5 switch rules as full_case in process $3123 in module cv32e40p_core.
Marked 3 switch rules as full_case in process $2386 in module cv32e40p_core.
Marked 4 switch rules as full_case in process $2324 in module cv32e40p_core.
Marked 2 switch rules as full_case in process $2225 in module cv32e40p_core.
Marked 4 switch rules as full_case in process $2152 in module cv32e40p_core.
Marked 10 switch rules as full_case in process $2123 in module cv32e40p_core.
Marked 5 switch rules as full_case in process $2116 in module cv32e40p_core.
Marked 2 switch rules as full_case in process $2054 in module cv32e40p_core.
Marked 1 switch rules as full_case in process $2050 in module cv32e40p_core.
Marked 1 switch rules as full_case in process $2034 in module cv32e40p_core.
Marked 1 switch rules as full_case in process $1981 in module cv32e40p_core.
Marked 3 switch rules as full_case in process $1952 in module cv32e40p_core.
Marked 3 switch rules as full_case in process $1919 in module cv32e40p_core.
Marked 5 switch rules as full_case in process $1904 in module cv32e40p_core.
Marked 5 switch rules as full_case in process $3116 in module cv32e40p_core.
Marked 19 switch rules as full_case in process $1650 in module cv32e40p_core.
Marked 63 switch rules as full_case in process $1617 in module cv32e40p_core.
Marked 1 switch rules as full_case in process $2863 in module cv32e40p_core.
Marked 6 switch rules as full_case in process $1599 in module cv32e40p_core.
Marked 1 switch rules as full_case in process $2762 in module cv32e40p_core.
Marked 2 switch rules as full_case in process $1591 in module cv32e40p_core.
Marked 10 switch rules as full_case in process $1549 in module cv32e40p_core.
Marked 4 switch rules as full_case in process $1506 in module cv32e40p_core.
Marked 76 switch rules as full_case in process $1080 in module cv32e40p_core.
Marked 48 switch rules as full_case in process $793 in module cv32e40p_core.
Marked 2 switch rules as full_case in process $786 in module cv32e40p_core.
Marked 2 switch rules as full_case in process $779 in module cv32e40p_core.
Marked 2 switch rules as full_case in process $772 in module cv32e40p_core.
Marked 2 switch rules as full_case in process $765 in module cv32e40p_core.
Marked 2 switch rules as full_case in process $758 in module cv32e40p_core.
Marked 2 switch rules as full_case in process $751 in module cv32e40p_core.
Marked 2 switch rules as full_case in process $744 in module cv32e40p_core.
Marked 2 switch rules as full_case in process $737 in module cv32e40p_core.
Marked 2 switch rules as full_case in process $730 in module cv32e40p_core.
Marked 2 switch rules as full_case in process $723 in module cv32e40p_core.
Marked 2 switch rules as full_case in process $716 in module cv32e40p_core.
Marked 2 switch rules as full_case in process $709 in module cv32e40p_core.
Marked 2 switch rules as full_case in process $702 in module cv32e40p_core.
Marked 2 switch rules as full_case in process $695 in module cv32e40p_core.
Marked 2 switch rules as full_case in process $688 in module cv32e40p_core.
Marked 2 switch rules as full_case in process $681 in module cv32e40p_core.
Marked 2 switch rules as full_case in process $674 in module cv32e40p_core.
Marked 2 switch rules as full_case in process $667 in module cv32e40p_core.
Marked 2 switch rules as full_case in process $660 in module cv32e40p_core.
Marked 2 switch rules as full_case in process $653 in module cv32e40p_core.
Marked 2 switch rules as full_case in process $646 in module cv32e40p_core.
Marked 2 switch rules as full_case in process $639 in module cv32e40p_core.
Marked 2 switch rules as full_case in process $632 in module cv32e40p_core.
Marked 2 switch rules as full_case in process $625 in module cv32e40p_core.
Marked 2 switch rules as full_case in process $618 in module cv32e40p_core.
Marked 2 switch rules as full_case in process $611 in module cv32e40p_core.
Marked 2 switch rules as full_case in process $604 in module cv32e40p_core.
Marked 2 switch rules as full_case in process $597 in module cv32e40p_core.
Marked 2 switch rules as full_case in process $590 in module cv32e40p_core.
Marked 2 switch rules as full_case in process $583 in module cv32e40p_core.
Marked 2 switch rules as full_case in process $576 in module cv32e40p_core.
Marked 1 switch rules as full_case in process $2736 in module cv32e40p_core.
Marked 1 switch rules as full_case in process $420 in module cv32e40p_core.
Marked 1 switch rules as full_case in process $415 in module cv32e40p_core.
Marked 1 switch rules as full_case in process $413 in module cv32e40p_core.
Marked 1 switch rules as full_case in process $411 in module cv32e40p_core.
Marked 1 switch rules as full_case in process $405 in module cv32e40p_core.
Marked 1 switch rules as full_case in process $403 in module cv32e40p_core.
Marked 1 switch rules as full_case in process $398 in module cv32e40p_core.
Marked 1 switch rules as full_case in process $394 in module cv32e40p_core.
Marked 36 switch rules as full_case in process $264 in module cv32e40p_core.
Marked 10 switch rules as full_case in process $213 in module cv32e40p_core.
Marked 2 switch rules as full_case in process $202 in module cv32e40p_core.
Marked 2 switch rules as full_case in process $185 in module cv32e40p_core.
Marked 3 switch rules as full_case in process $176 in module cv32e40p_core.
Marked 1 switch rules as full_case in process $156 in module cv32e40p_core.
Marked 3 switch rules as full_case in process $150 in module cv32e40p_core.
Marked 6 switch rules as full_case in process $96 in module cv32e40p_core.
Marked 5 switch rules as full_case in process $72 in module cv32e40p_core.
Marked 1 switch rules as full_case in process $68 in module cv32e40p_core.
Marked 7 switch rules as full_case in process $45 in module cv32e40p_core.
Marked 2 switch rules as full_case in process $23 in module cv32e40p_core.
Marked 17 switch rules as full_case in process $2679 in module cv32e40p_core.
Removed a total of 0 dead cases.

1.5. Executing PROC_PRUNE pass (remove redundant assignments in processes).
Removed 347 redundant assignments.
Promoted 3 assignments to connections.

1.6. Executing PROC_INIT pass (extract init attributes).

1.7. Executing PROC_ROM pass (convert switches to ROMs).
Converted 0 switches.
<suppressed ~737 debug messages>

1.8. Executing PROC_MUX pass (convert decision trees to multiplexers).
Creating decoders for process `\cv32e40p_core.$2668'.
     1/1: $cs_registers_i.csr_rdata_int$2678
Creating decoders for process `\cv32e40p_core.$2658'.
     1/2: $cs_registers_i.csr_mie_wdata$2662
     2/2: $cs_registers_i.csr_mie_we$2663
Creating decoders for process `\cv32e40p_core.$3130'.
     1/6: $cs_registers_i.mhpmcounter_q[255:192]$3136
     2/6: $cs_registers_i.mhpmcounter_q[255:192]$3135 [63:32]
     3/6: $cs_registers_i.mhpmcounter_q[255:192]$3134 [31:0]
     4/6: $cs_registers_i.mhpmcounter_q[255:192]$3133
     5/6: $cs_registers_i.mhpmcounter_q[255:192]$3134 [63:32]
     6/6: $cs_registers_i.mhpmcounter_q[255:192]$3135 [31:0]
Creating decoders for process `\cv32e40p_core.$2651'.
     1/1: $load_store_unit_i.next_cnt$2654
Creating decoders for process `\cv32e40p_core.$2621'.
     1/4: $load_store_unit_i.data_misaligned_o$2628
     2/4: $load_store_unit_i.data_misaligned_o$2626
     3/4: $load_store_unit_i.data_misaligned_o$2629
     4/4: $load_store_unit_i.data_misaligned_o$2630
Creating decoders for process `\cv32e40p_core.$2604'.
     1/2: $load_store_unit_i.rdata_q$2612
     2/2: $load_store_unit_i.rdata_q$2613
Creating decoders for process `\cv32e40p_core.$2602'.
     1/1: $load_store_unit_i.data_rdata_ext$2603
Creating decoders for process `\cv32e40p_core.$2584'.
     1/9: $load_store_unit_i.rdata_b_ext$2599
     2/9: $load_store_unit_i.rdata_b_ext$2600
     3/9: $load_store_unit_i.rdata_b_ext$2595
     4/9: $load_store_unit_i.rdata_b_ext$2596
     5/9: $load_store_unit_i.rdata_b_ext$2591
     6/9: $load_store_unit_i.rdata_b_ext$2592
     7/9: $load_store_unit_i.rdata_b_ext$2601
     8/9: $load_store_unit_i.rdata_b_ext$2587
     9/9: $load_store_unit_i.rdata_b_ext$2588
Creating decoders for process `\cv32e40p_core.$2566'.
     1/9: $load_store_unit_i.rdata_h_ext$2581
     2/9: $load_store_unit_i.rdata_h_ext$2582
     3/9: $load_store_unit_i.rdata_h_ext$2577
     4/9: $load_store_unit_i.rdata_h_ext$2578
     5/9: $load_store_unit_i.rdata_h_ext$2573
     6/9: $load_store_unit_i.rdata_h_ext$2574
     7/9: $load_store_unit_i.rdata_h_ext$2583
     8/9: $load_store_unit_i.rdata_h_ext$2569
     9/9: $load_store_unit_i.rdata_h_ext$2570
Creating decoders for process `\cv32e40p_core.$2564'.
     1/1: $load_store_unit_i.rdata_w_ext$2565
Creating decoders for process `\cv32e40p_core.$2552'.
     1/5: $load_store_unit_i.data_load_event_q$2559
     2/5: $load_store_unit_i.data_we_q$2558
     3/5: $load_store_unit_i.data_sign_ext_q$2557
     4/5: $load_store_unit_i.rdata_offset_q$2556
     5/5: $load_store_unit_i.data_type_q$2555
Creating decoders for process `\cv32e40p_core.$2550'.
     1/1: $load_store_unit_i.data_wdata$2551
Creating decoders for process `\cv32e40p_core.$2539'.
     1/7: $load_store_unit_i.data_be$2547
     2/7: $load_store_unit_i.data_be$2546
     3/7: $load_store_unit_i.data_be$2545
     4/7: $load_store_unit_i.data_be$2548
     5/7: $load_store_unit_i.data_be$2542
     6/7: $load_store_unit_i.data_be$2543
     7/7: $load_store_unit_i.data_be$2541
Creating decoders for process `\cv32e40p_core.$2512'.
     1/4: $ex_stage_i.regfile_we_lsu$2520
     2/4: $ex_stage_i.regfile_we_lsu$2521
     3/4: $ex_stage_i.regfile_waddr_lsu$2519
     4/4: $ex_stage_i.regfile_waddr_lsu$2522
Creating decoders for process `\cv32e40p_core.$2508'.
     1/3: $ex_stage_i.mult_i.result_o$2510
     2/3: $ex_stage_i.mult_i.result_o$2509
     3/3: $ex_stage_i.mult_i.result_o$2511
Creating decoders for process `\cv32e40p_core.$2458'.
     1/2: $ex_stage_i.mult_i.mulh_carry_q$2463
     2/2: $ex_stage_i.mult_i.mulh_carry_q$2464
Creating decoders for process `\cv32e40p_core.$2442'.
     1/13: $ex_stage_i.mult_i.mulh_NS$2447
     2/13: $ex_stage_i.mult_i.mulh_NS$2446
     3/13: $ex_stage_i.mult_i.mulh_ready$2445
     4/13: $ex_stage_i.mult_i.mulh_NS$2457
     5/13: $ex_stage_i.mult_i.mulh_ready$2456
     6/13: $ex_stage_i.mult_i.mulh_clearcarry$2455
     7/13: $ex_stage_i.mult_i.mulh_save$2454
     8/13: $ex_stage_i.mult_i.mulh_active$2453
     9/13: $ex_stage_i.mult_i.mulh_shift_arith$2452
    10/13: $ex_stage_i.mult_i.mulh_signed$2451
    11/13: $ex_stage_i.mult_i.mulh_subword$2450
    12/13: $ex_stage_i.mult_i.mulh_imm$2449
    13/13: $ex_stage_i.mult_i.multicycle_o$2448
Creating decoders for process `\cv32e40p_core.$2416'.
     1/1: $ex_stage_i.alu_i.result_o$2421
Creating decoders for process `\cv32e40p_core.$3123'.
     1/6: $cs_registers_i.mhpmcounter_q[191:128]$3129
     2/6: $cs_registers_i.mhpmcounter_q[191:128]$3128 [63:32]
     3/6: $cs_registers_i.mhpmcounter_q[191:128]$3127 [31:0]
     4/6: $cs_registers_i.mhpmcounter_q[191:128]$3126
     5/6: $cs_registers_i.mhpmcounter_q[191:128]$3127 [63:32]
     6/6: $cs_registers_i.mhpmcounter_q[191:128]$3128 [31:0]
Creating decoders for process `\cv32e40p_core.$2386'.
     1/13: $ex_stage_i.alu_i.alu_div_i.State_SN$2393
     2/13: $ex_stage_i.alu_i.alu_div_i.State_SN$2392
     3/13: $ex_stage_i.alu_i.alu_div_i.State_SN$2391
     4/13: $ex_stage_i.alu_i.alu_div_i.LoadEn_S$2390
     5/13: $ex_stage_i.alu_i.alu_div_i.BRegEn_S$2389
     6/13: $ex_stage_i.alu_i.alu_div_i.ARegEn_S$2388
     7/13: $ex_stage_i.alu_i.alu_div_i.OutVld_SO$2387
     8/13: $ex_stage_i.alu_i.alu_div_i.State_SN$2399
     9/13: $ex_stage_i.alu_i.alu_div_i.LoadEn_S$2398
    10/13: $ex_stage_i.alu_i.alu_div_i.ResRegEn_S$2397
    11/13: $ex_stage_i.alu_i.alu_div_i.BRegEn_S$2396
    12/13: $ex_stage_i.alu_i.alu_div_i.ARegEn_S$2395
    13/13: $ex_stage_i.alu_i.alu_div_i.OutVld_SO$2394
Creating decoders for process `\cv32e40p_core.$2346'.
     1/1: $ex_stage_i.alu_i.reverse_result$2347
Creating decoders for process `\cv32e40p_core.$2324'.
     1/3: $ex_stage_i.alu_i.bitop_result$2328
     2/3: $ex_stage_i.alu_i.bitop_result$2327
     3/3: $ex_stage_i.alu_i.bitop_result$2329
Creating decoders for process `\cv32e40p_core.$2225'.
     1/2: $ex_stage_i.alu_i.ff_input$2226
     2/2: $ex_stage_i.alu_i.ff_input$2227
Creating decoders for process `\cv32e40p_core.$2152'.
     1/5: $ex_stage_i.alu_i.shuffle_byte_sel$2156
     2/5: $ex_stage_i.alu_i.shuffle_byte_sel$2155
     3/5: $ex_stage_i.alu_i.shuffle_byte_sel$2154
     4/5: $ex_stage_i.alu_i.shuffle_byte_sel$2153
     5/5: $ex_stage_i.alu_i.shuffle_byte_sel$2157
Creating decoders for process `\cv32e40p_core.$2123'.
     1/14: $ex_stage_i.alu_i.shuffle_reg_sel$2143
     2/14: $ex_stage_i.alu_i.shuffle_reg0_sel$2147
     3/14: $ex_stage_i.alu_i.shuffle_reg_sel$2146
     4/14: $ex_stage_i.alu_i.shuffle_reg_sel$2142
     5/14: $ex_stage_i.alu_i.shuffle_reg_sel$2132
     6/14: $ex_stage_i.alu_i.shuffle_through$2133
     7/14: $ex_stage_i.alu_i.shuffle_reg_sel$2129
     8/14: $ex_stage_i.alu_i.shuffle_through$2130
     9/14: $ex_stage_i.alu_i.shuffle_reg_sel$2127
    10/14: $ex_stage_i.alu_i.shuffle_reg1_sel$2125
    11/14: $ex_stage_i.alu_i.shuffle_through$2151
    12/14: $ex_stage_i.alu_i.shuffle_reg0_sel$2150
    13/14: $ex_stage_i.alu_i.shuffle_reg1_sel$2149
    14/14: $ex_stage_i.alu_i.shuffle_reg_sel$2148
Creating decoders for process `\cv32e40p_core.$2116'.
     1/3: $ex_stage_i.alu_i.clip_result$2121
     2/3: $ex_stage_i.alu_i.clip_result$2122
     3/3: $ex_stage_i.alu_i.clip_result$2119
Creating decoders for process `\cv32e40p_core.$2091'.
     1/1: $ex_stage_i.alu_i.cmp_result$2097
Creating decoders for process `\cv32e40p_core.$2073'.
     1/2: $ex_stage_i.alu_i.is_greater$2090
     2/2: $ex_stage_i.alu_i.is_equal$2089
Creating decoders for process `\cv32e40p_core.$2054'.
     1/2: $ex_stage_i.alu_i.cmp_signed$2055
     2/2: $ex_stage_i.alu_i.cmp_signed$2056
Creating decoders for process `\cv32e40p_core.$2050'.
     1/1: $ex_stage_i.alu_i.operand_b_eq$2052
Creating decoders for process `\cv32e40p_core.$2034'.
     1/1: $ex_stage_i.alu_i.shift_right_result$2048
Creating decoders for process `\cv32e40p_core.$1981'.
     1/1: $ex_stage_i.alu_i.shift_amt_left$1982
Creating decoders for process `\cv32e40p_core.$1952'.
     1/13: $ex_stage_i.alu_i.adder_in_a[27]$1962
     2/13: $ex_stage_i.alu_i.adder_in_a[18]$1961
     3/13: $ex_stage_i.alu_i.adder_in_a[9]$1960
     4/13: $ex_stage_i.alu_i.adder_in_b[27]$1959
     5/13: $ex_stage_i.alu_i.adder_in_b[18]$1958
     6/13: $ex_stage_i.alu_i.adder_in_b[9]$1957
     7/13: $ex_stage_i.alu_i.adder_in_b[27]$1969
     8/13: $ex_stage_i.alu_i.adder_in_b[18]$1968
     9/13: $ex_stage_i.alu_i.adder_in_b[9]$1967
    10/13: $ex_stage_i.alu_i.adder_in_b[0]$1966
    11/13: $ex_stage_i.alu_i.adder_in_a[27]$1965
    12/13: $ex_stage_i.alu_i.adder_in_a[18]$1964
    13/13: $ex_stage_i.alu_i.adder_in_a[9]$1963
Creating decoders for process `\cv32e40p_core.$1919'.
     1/8: $ex_stage_i.regfile_wdata_wb_o$1931
     2/8: $ex_stage_i.regfile_we_wb_o$1930
     3/8: $ex_stage_i.regfile_waddr_wb_o$1929
     4/8: $ex_stage_i.regfile_we_wb_o$1933
     5/8: $ex_stage_i.wb_contention_lsu$1924
     6/8: $ex_stage_i.wb_contention_lsu$1935
     7/8: $ex_stage_i.regfile_wdata_wb_o$1934
     8/8: $ex_stage_i.regfile_waddr_wb_o$1932
Creating decoders for process `\cv32e40p_core.$1904'.
     1/8: $ex_stage_i.regfile_alu_wdata_fw_o$1914
     2/8: $ex_stage_i.regfile_alu_wdata_fw_o$1913
     3/8: $ex_stage_i.regfile_alu_wdata_fw_o$1912
     4/8: $ex_stage_i.regfile_alu_wdata_fw_o$1917
     5/8: $ex_stage_i.regfile_alu_we_fw_o$1916
     6/8: $ex_stage_i.regfile_alu_waddr_fw_o$1915
     7/8: $ex_stage_i.wb_contention$1909
     8/8: $ex_stage_i.wb_contention$1918
Creating decoders for process `\cv32e40p_core.$3116'.
     1/6: $cs_registers_i.mhpmcounter_q[63:0]$3122
     2/6: $cs_registers_i.mhpmcounter_q[63:0]$3121 [63:32]
     3/6: $cs_registers_i.mhpmcounter_q[63:0]$3120 [31:0]
     4/6: $cs_registers_i.mhpmcounter_q[63:0]$3119
     5/6: $cs_registers_i.mhpmcounter_q[63:0]$3120 [63:32]
     6/6: $cs_registers_i.mhpmcounter_q[63:0]$3121 [31:0]
Creating decoders for process `\cv32e40p_core.$1650'.
     1/208: $id_stage_i.regfile_alu_we_ex_o$1703
     2/208: $id_stage_i.regfile_alu_we_ex_o$1706
     3/208: $id_stage_i.data_misaligned_ex_o$1714
     4/208: $id_stage_i.data_load_event_ex_o$1713
     5/208: $id_stage_i.data_req_ex_o$1712
     6/208: $id_stage_i.csr_op_ex_o$1711
     7/208: $id_stage_i.apu_en_ex_o$1710
     8/208: $id_stage_i.mult_en_ex_o$1709
     9/208: $id_stage_i.alu_operator_ex_o$1708
    10/208: $id_stage_i.alu_en_ex_o$1707
    11/208: $id_stage_i.regfile_we_ex_o$1705
    12/208: $id_stage_i.branch_in_ex_o$1704
    13/208: $id_stage_i.data_misaligned_ex_o$1762
    14/208: $id_stage_i.data_load_event_ex_o$1761
    15/208: $id_stage_i.data_req_ex_o$1756
    16/208: $id_stage_i.csr_op_ex_o$1755
    17/208: $id_stage_i.apu_en_ex_o$1748
    18/208: $id_stage_i.mult_en_ex_o$1737
    19/208: $id_stage_i.alu_operator_ex_o$1729
    20/208: $id_stage_i.alu_en_ex_o$1728
    21/208: $id_stage_i.regfile_alu_we_ex_o$1727
    22/208: $id_stage_i.regfile_we_ex_o$1725
    23/208: $id_stage_i.branch_in_ex_o$1715
    24/208: $id_stage_i.pc_ex_o$1701
    25/208: $id_stage_i.data_load_event_ex_o$1697
    26/208: $id_stage_i.atop_ex_o$1698
    27/208: $id_stage_i.data_reg_offset_ex_o$1696
    28/208: $id_stage_i.data_sign_ext_ex_o$1695
    29/208: $id_stage_i.data_type_ex_o$1694
    30/208: $id_stage_i.data_we_ex_o$1693
    31/208: $id_stage_i.regfile_alu_waddr_ex_o$1692
    32/208: $id_stage_i.regfile_waddr_ex_o$1691
    33/208: $id_stage_i.apu_waddr_ex_o$1690
    34/208: $id_stage_i.apu_flags_ex_o$1689
    35/208: $id_stage_i.apu_operands_ex_o$1688
    36/208: $id_stage_i.apu_lat_ex_o$1687
    37/208: $id_stage_i.apu_op_ex_o$1686
    38/208: $id_stage_i.mult_clpx_img_ex_o$1685
    39/208: $id_stage_i.mult_clpx_shift_ex_o$1684
    40/208: $id_stage_i.mult_is_clpx_ex_o$1683
    41/208: $id_stage_i.mult_dot_signed_ex_o$1682
    42/208: $id_stage_i.mult_dot_op_c_ex_o$1681
    43/208: $id_stage_i.mult_dot_op_b_ex_o$1680
    44/208: $id_stage_i.mult_dot_op_a_ex_o$1679
    45/208: $id_stage_i.mult_operator_ex_o$1678
    46/208: $id_stage_i.mult_imm_ex_o$1677
    47/208: $id_stage_i.mult_signed_mode_ex_o$1676
    48/208: $id_stage_i.mult_sel_subword_ex_o$1675
    49/208: $id_stage_i.mult_operand_c_ex_o$1674
    50/208: $id_stage_i.mult_operand_b_ex_o$1673
    51/208: $id_stage_i.mult_operand_a_ex_o$1672
    52/208: $id_stage_i.mult_operator_ex_o$1671
    53/208: $id_stage_i.alu_clpx_shift_ex_o$1670
    54/208: $id_stage_i.alu_is_subrot_ex_o$1669
    55/208: $id_stage_i.alu_is_clpx_ex_o$1668
    56/208: $id_stage_i.alu_operator_ex_o$1667
    57/208: $id_stage_i.alu_vec_mode_ex_o$1666
    58/208: $id_stage_i.imm_vec_ext_ex_o$1665
    59/208: $id_stage_i.bmask_b_ex_o$1664
    60/208: $id_stage_i.bmask_a_ex_o$1663
    61/208: $id_stage_i.alu_operand_c_ex_o$1662
    62/208: $id_stage_i.alu_operand_b_ex_o$1661
    63/208: $id_stage_i.alu_operand_a_ex_o$1660
    64/208: $id_stage_i.atop_ex_o$1764
    65/208: $id_stage_i.prepost_useincr_ex_o$1763
    66/208: $id_stage_i.data_reg_offset_ex_o$1760
    67/208: $id_stage_i.data_sign_ext_ex_o$1759
    68/208: $id_stage_i.data_type_ex_o$1758
    69/208: $id_stage_i.data_we_ex_o$1757
    70/208: $id_stage_i.csr_access_ex_o$1754
    71/208: $id_stage_i.apu_waddr_ex_o$1753
    72/208: $id_stage_i.apu_flags_ex_o$1752
    73/208: $id_stage_i.apu_operands_ex_o$1751
    74/208: $id_stage_i.apu_lat_ex_o$1750
    75/208: $id_stage_i.apu_op_ex_o$1749
    76/208: $id_stage_i.mult_clpx_img_ex_o$1747
    77/208: $id_stage_i.mult_clpx_shift_ex_o$1746
    78/208: $id_stage_i.mult_is_clpx_ex_o$1745
    79/208: $id_stage_i.mult_dot_signed_ex_o$1744
    80/208: $id_stage_i.mult_dot_op_c_ex_o$1743
    81/208: $id_stage_i.mult_dot_op_b_ex_o$1742
    82/208: $id_stage_i.mult_dot_op_a_ex_o$1741
    83/208: $id_stage_i.mult_imm_ex_o$1740
    84/208: $id_stage_i.mult_signed_mode_ex_o$1739
    85/208: $id_stage_i.mult_sel_subword_ex_o$1738
    86/208: $id_stage_i.mult_operand_c_ex_o$1736
    87/208: $id_stage_i.mult_operand_b_ex_o$1735
    88/208: $id_stage_i.mult_operand_a_ex_o$1734
    89/208: $id_stage_i.mult_operator_ex_o$1733
    90/208: $id_stage_i.alu_clpx_shift_ex_o$1732
    91/208: $id_stage_i.alu_is_subrot_ex_o$1731
    92/208: $id_stage_i.alu_is_clpx_ex_o$1730
    93/208: $id_stage_i.regfile_alu_waddr_ex_o$1726
    94/208: $id_stage_i.regfile_waddr_ex_o$1724
    95/208: $id_stage_i.alu_vec_mode_ex_o$1723
    96/208: $id_stage_i.imm_vec_ext_ex_o$1722
    97/208: $id_stage_i.bmask_b_ex_o$1721
    98/208: $id_stage_i.bmask_a_ex_o$1720
    99/208: $id_stage_i.alu_operand_c_ex_o$1719
   100/208: $id_stage_i.alu_operand_b_ex_o$1718
   101/208: $id_stage_i.alu_operand_a_ex_o$1717
   102/208: $id_stage_i.pc_ex_o$1716
   103/208: $id_stage_i.mult_operand_c_ex_o$1786
   104/208: $id_stage_i.atop_ex_o$1814
   105/208: $id_stage_i.prepost_useincr_ex_o$1813
   106/208: $id_stage_i.data_misaligned_ex_o$1812
   107/208: $id_stage_i.data_load_event_ex_o$1811
   108/208: $id_stage_i.data_reg_offset_ex_o$1810
   109/208: $id_stage_i.data_sign_ext_ex_o$1809
   110/208: $id_stage_i.data_type_ex_o$1808
   111/208: $id_stage_i.data_we_ex_o$1807
   112/208: $id_stage_i.data_req_ex_o$1806
   113/208: $id_stage_i.csr_op_ex_o$1805
   114/208: $id_stage_i.csr_access_ex_o$1804
   115/208: $id_stage_i.apu_waddr_ex_o$1803
   116/208: $id_stage_i.apu_flags_ex_o$1802
   117/208: $id_stage_i.apu_operands_ex_o$1801
   118/208: $id_stage_i.apu_lat_ex_o$1800
   119/208: $id_stage_i.apu_op_ex_o$1799
   120/208: $id_stage_i.apu_en_ex_o$1798
   121/208: $id_stage_i.mult_clpx_img_ex_o$1797
   122/208: $id_stage_i.mult_clpx_shift_ex_o$1796
   123/208: $id_stage_i.mult_is_clpx_ex_o$1795
   124/208: $id_stage_i.mult_dot_signed_ex_o$1794
   125/208: $id_stage_i.mult_dot_op_c_ex_o$1793
   126/208: $id_stage_i.mult_dot_op_b_ex_o$1792
   127/208: $id_stage_i.mult_dot_op_a_ex_o$1791
   128/208: $id_stage_i.mult_imm_ex_o$1790
   129/208: $id_stage_i.mult_signed_mode_ex_o$1789
   130/208: $id_stage_i.mult_sel_subword_ex_o$1788
   131/208: $id_stage_i.mult_en_ex_o$1787
   132/208: $id_stage_i.mult_operand_b_ex_o$1785
   133/208: $id_stage_i.mult_operand_a_ex_o$1784
   134/208: $id_stage_i.mult_operator_ex_o$1783
   135/208: $id_stage_i.alu_clpx_shift_ex_o$1782
   136/208: $id_stage_i.alu_is_subrot_ex_o$1781
   137/208: $id_stage_i.alu_is_clpx_ex_o$1780
   138/208: $id_stage_i.alu_operator_ex_o$1779
   139/208: $id_stage_i.alu_en_ex_o$1778
   140/208: $id_stage_i.regfile_alu_we_ex_o$1777
   141/208: $id_stage_i.regfile_alu_waddr_ex_o$1776
   142/208: $id_stage_i.regfile_we_ex_o$1775
   143/208: $id_stage_i.regfile_waddr_ex_o$1774
   144/208: $id_stage_i.alu_vec_mode_ex_o$1773
   145/208: $id_stage_i.imm_vec_ext_ex_o$1772
   146/208: $id_stage_i.bmask_b_ex_o$1771
   147/208: $id_stage_i.bmask_a_ex_o$1770
   148/208: $id_stage_i.alu_operand_c_ex_o$1769
   149/208: $id_stage_i.alu_operand_b_ex_o$1768
   150/208: $id_stage_i.alu_operand_a_ex_o$1767
   151/208: $id_stage_i.pc_ex_o$1766
   152/208: $id_stage_i.branch_in_ex_o$1765
   153/208: $id_stage_i.prepost_useincr_ex_o$1863
   154/208: $id_stage_i.data_misaligned_ex_o$1862
   155/208: $id_stage_i.regfile_alu_we_ex_o$1827
   156/208: $id_stage_i.alu_operand_b_ex_o$1818
   157/208: $id_stage_i.alu_operand_a_ex_o$1817
   158/208: $id_stage_i.alu_operand_a_ex_o$1654
   159/208: $id_stage_i.prepost_useincr_ex_o$1659
   160/208: $id_stage_i.data_misaligned_ex_o$1658
   161/208: $id_stage_i.regfile_alu_we_ex_o$1657
   162/208: $id_stage_i.alu_operand_b_ex_o$1656
   163/208: $id_stage_i.alu_operand_a_ex_o$1655
   164/208: $id_stage_i.atop_ex_o$1864
   165/208: $id_stage_i.data_load_event_ex_o$1861
   166/208: $id_stage_i.data_reg_offset_ex_o$1860
   167/208: $id_stage_i.data_sign_ext_ex_o$1859
   168/208: $id_stage_i.data_type_ex_o$1858
   169/208: $id_stage_i.data_we_ex_o$1857
   170/208: $id_stage_i.data_req_ex_o$1856
   171/208: $id_stage_i.csr_op_ex_o$1855
   172/208: $id_stage_i.csr_access_ex_o$1854
   173/208: $id_stage_i.apu_waddr_ex_o$1853
   174/208: $id_stage_i.apu_flags_ex_o$1852
   175/208: $id_stage_i.apu_operands_ex_o$1851
   176/208: $id_stage_i.apu_lat_ex_o$1850
   177/208: $id_stage_i.apu_op_ex_o$1849
   178/208: $id_stage_i.apu_en_ex_o$1848
   179/208: $id_stage_i.mult_clpx_img_ex_o$1847
   180/208: $id_stage_i.mult_clpx_shift_ex_o$1846
   181/208: $id_stage_i.mult_is_clpx_ex_o$1845
   182/208: $id_stage_i.mult_dot_signed_ex_o$1844
   183/208: $id_stage_i.mult_dot_op_c_ex_o$1843
   184/208: $id_stage_i.mult_dot_op_b_ex_o$1842
   185/208: $id_stage_i.mult_dot_op_a_ex_o$1841
   186/208: $id_stage_i.mult_imm_ex_o$1840
   187/208: $id_stage_i.mult_signed_mode_ex_o$1839
   188/208: $id_stage_i.mult_sel_subword_ex_o$1838
   189/208: $id_stage_i.mult_en_ex_o$1837
   190/208: $id_stage_i.mult_operand_c_ex_o$1836
   191/208: $id_stage_i.mult_operand_b_ex_o$1835
   192/208: $id_stage_i.mult_operand_a_ex_o$1834
   193/208: $id_stage_i.mult_operator_ex_o$1833
   194/208: $id_stage_i.alu_clpx_shift_ex_o$1832
   195/208: $id_stage_i.alu_is_subrot_ex_o$1831
   196/208: $id_stage_i.alu_is_clpx_ex_o$1830
   197/208: $id_stage_i.alu_operator_ex_o$1829
   198/208: $id_stage_i.alu_en_ex_o$1828
   199/208: $id_stage_i.regfile_alu_waddr_ex_o$1826
   200/208: $id_stage_i.regfile_we_ex_o$1825
   201/208: $id_stage_i.regfile_waddr_ex_o$1824
   202/208: $id_stage_i.alu_vec_mode_ex_o$1823
   203/208: $id_stage_i.imm_vec_ext_ex_o$1822
   204/208: $id_stage_i.bmask_b_ex_o$1821
   205/208: $id_stage_i.bmask_a_ex_o$1820
   206/208: $id_stage_i.alu_operand_c_ex_o$1819
   207/208: $id_stage_i.pc_ex_o$1816
   208/208: $id_stage_i.branch_in_ex_o$1815
Creating decoders for process `\cv32e40p_core.$1617'.
     1/32: $id_stage_i.int_controller_i.irq_id_ctrl_o$1618
     2/32: $id_stage_i.int_controller_i.irq_id_ctrl_o$1619
     3/32: $id_stage_i.int_controller_i.irq_id_ctrl_o$1620
     4/32: $id_stage_i.int_controller_i.irq_id_ctrl_o$1621
     5/32: $id_stage_i.int_controller_i.irq_id_ctrl_o$1622
     6/32: $id_stage_i.int_controller_i.irq_id_ctrl_o$1623
     7/32: $id_stage_i.int_controller_i.irq_id_ctrl_o$1624
     8/32: $id_stage_i.int_controller_i.irq_id_ctrl_o$1625
     9/32: $id_stage_i.int_controller_i.irq_id_ctrl_o$1626
    10/32: $id_stage_i.int_controller_i.irq_id_ctrl_o$1627
    11/32: $id_stage_i.int_controller_i.irq_id_ctrl_o$1628
    12/32: $id_stage_i.int_controller_i.irq_id_ctrl_o$1629
    13/32: $id_stage_i.int_controller_i.irq_id_ctrl_o$1630
    14/32: $id_stage_i.int_controller_i.irq_id_ctrl_o$1631
    15/32: $id_stage_i.int_controller_i.irq_id_ctrl_o$1632
    16/32: $id_stage_i.int_controller_i.irq_id_ctrl_o$1633
    17/32: $id_stage_i.int_controller_i.irq_id_ctrl_o$1634
    18/32: $id_stage_i.int_controller_i.irq_id_ctrl_o$1635
    19/32: $id_stage_i.int_controller_i.irq_id_ctrl_o$1636
    20/32: $id_stage_i.int_controller_i.irq_id_ctrl_o$1637
    21/32: $id_stage_i.int_controller_i.irq_id_ctrl_o$1638
    22/32: $id_stage_i.int_controller_i.irq_id_ctrl_o$1639
    23/32: $id_stage_i.int_controller_i.irq_id_ctrl_o$1640
    24/32: $id_stage_i.int_controller_i.irq_id_ctrl_o$1641
    25/32: $id_stage_i.int_controller_i.irq_id_ctrl_o$1642
    26/32: $id_stage_i.int_controller_i.irq_id_ctrl_o$1643
    27/32: $id_stage_i.int_controller_i.irq_id_ctrl_o$1644
    28/32: $id_stage_i.int_controller_i.irq_id_ctrl_o$1645
    29/32: $id_stage_i.int_controller_i.irq_id_ctrl_o$1646
    30/32: $id_stage_i.int_controller_i.irq_id_ctrl_o$1647
    31/32: $id_stage_i.int_controller_i.irq_id_ctrl_o$1648
    32/32: $id_stage_i.int_controller_i.irq_id_ctrl_o$1649
Creating decoders for process `\cv32e40p_core.$2863'.
     1/2: $cs_registers_i.mhpmevent_n$2872
     2/2: $cs_registers_i.mcountinhibit_n$2864
Creating decoders for process `\cv32e40p_core.$1599'.
     1/5: $id_stage_i.controller_i.debug_fsm_ns$1606
     2/5: $id_stage_i.controller_i.debug_fsm_ns$1604
     3/5: $id_stage_i.controller_i.debug_fsm_ns$1607
     4/5: $id_stage_i.controller_i.debug_fsm_ns$1602
     5/5: $id_stage_i.controller_i.debug_fsm_ns$1603
Creating decoders for process `\cv32e40p_core.$2762'.
     1/2: $cs_registers_i.gen_trigger_regs.tmatch_value_q$2766
     2/2: $cs_registers_i.gen_trigger_regs.tmatch_control_exec_q$2765
Creating decoders for process `\cv32e40p_core.$1591'.
     1/2: $id_stage_i.controller_i.debug_req_q$1594
     2/2: $id_stage_i.controller_i.debug_req_q$1595
Creating decoders for process `\cv32e40p_core.$2750'.
Creating decoders for process `\cv32e40p_core.$1549'.
     1/16: $id_stage_i.controller_i.operand_c_fw_mux_sel_o$1570
     2/16: $id_stage_i.controller_i.operand_c_fw_mux_sel_o$1573
     3/16: $id_stage_i.controller_i.operand_b_fw_mux_sel_o$1572
     4/16: $id_stage_i.controller_i.operand_a_fw_mux_sel_o$1571
     5/16: $id_stage_i.controller_i.operand_c_fw_mux_sel_o$1566
     6/16: $id_stage_i.controller_i.operand_b_fw_mux_sel_o$1564
     7/16: $id_stage_i.controller_i.operand_a_fw_mux_sel_o$1562
     8/16: $id_stage_i.controller_i.operand_c_fw_mux_sel_o$1569
     9/16: $id_stage_i.controller_i.operand_b_fw_mux_sel_o$1568
    10/16: $id_stage_i.controller_i.operand_a_fw_mux_sel_o$1567
    11/16: $id_stage_i.controller_i.operand_c_fw_mux_sel_o$1556
    12/16: $id_stage_i.controller_i.operand_b_fw_mux_sel_o$1554
    13/16: $id_stage_i.controller_i.operand_a_fw_mux_sel_o$1552
    14/16: $id_stage_i.controller_i.operand_c_fw_mux_sel_o$1559
    15/16: $id_stage_i.controller_i.operand_b_fw_mux_sel_o$1558
    16/16: $id_stage_i.controller_i.operand_a_fw_mux_sel_o$1557
Creating decoders for process `\cv32e40p_core.$1506'.
     1/6: $id_stage_i.controller_i.jr_stall_o$1545
     2/6: $id_stage_i.controller_i.deassert_we_o$1544
     3/6: $id_stage_i.controller_i.load_stall_o$1530
     4/6: $id_stage_i.controller_i.deassert_we_o$1529
     5/6: $id_stage_i.controller_i.deassert_we_o$1509
     6/6: $id_stage_i.controller_i.deassert_we_o$1508
Creating decoders for process `\cv32e40p_core.$1080'.
     1/330: $id_stage_i.controller_i.ctrl_fsm_ns$1466
     2/330: $id_stage_i.controller_i.ctrl_fsm_ns$1471
     3/330: $id_stage_i.controller_i.csr_save_cause_o$1470
     4/330: $id_stage_i.controller_i.csr_cause_o$1469
     5/330: $id_stage_i.controller_i.csr_save_ex_o$1468
     6/330: $id_stage_i.controller_i.data_err_ack_o$1467
     7/330: $id_stage_i.controller_i.debug_cause_o$1458
     8/330: $id_stage_i.controller_i.debug_cause_o$1459
     9/330: $id_stage_i.controller_i.debug_cause_o$1451
    10/330: $id_stage_i.controller_i.debug_cause_o$1452
    11/330: $id_stage_i.controller_i.debug_cause_o$1453
    12/330: $id_stage_i.controller_i.csr_save_cause_o$1457
    13/330: $id_stage_i.controller_i.csr_save_id_o$1456
    14/330: $id_stage_i.controller_i.debug_csr_save_o$1455
    15/330: $id_stage_i.controller_i.debug_cause_o$1454
    16/330: $id_stage_i.controller_i.pc_mux_o$1448
    17/330: $id_stage_i.controller_i.pc_set_o$1447
    18/330: $id_stage_i.controller_i.ctrl_fsm_ns$1446
    19/330: $id_stage_i.controller_i.debug_mode_n$1443
    20/330: $id_stage_i.controller_i.exc_pc_mux_o$1442
    21/330: $id_stage_i.controller_i.pc_mux_o$1441
    22/330: $id_stage_i.controller_i.pc_set_o$1440
    23/330: $id_stage_i.controller_i.ctrl_fsm_ns$1391
    24/330: $id_stage_i.controller_i.debug_force_wakeup_n$1392
    25/330: $id_stage_i.controller_i.hwlp_dec_cnt_o[1]$1390
    26/330: $id_stage_i.controller_i.pc_mux_o$1389
    27/330: $id_stage_i.controller_i.pc_set_o$1388
    28/330: $id_stage_i.controller_i.hwlp_dec_cnt_o[0]$1386
    29/330: $id_stage_i.controller_i.pc_mux_o$1385
    30/330: $id_stage_i.controller_i.pc_set_o$1384
    31/330: $id_stage_i.controller_i.ctrl_fsm_ns$1380
    32/330: $id_stage_i.controller_i.ctrl_fsm_ns$1376
    33/330: $id_stage_i.controller_i.debug_force_wakeup_n$1402
    34/330: $id_stage_i.controller_i.ctrl_fsm_ns$1401
    35/330: $id_stage_i.controller_i.csr_restore_dret_id_o$1400
    36/330: $id_stage_i.controller_i.csr_restore_uret_id_o$1399
    37/330: $id_stage_i.controller_i.csr_restore_mret_id_o$1398
    38/330: $id_stage_i.controller_i.hwlp_dec_cnt_o$1397
    39/330: $id_stage_i.controller_i.trap_addr_mux_o$1396
    40/330: $id_stage_i.controller_i.exc_pc_mux_o$1395
    41/330: $id_stage_i.controller_i.pc_mux_o$1394
    42/330: $id_stage_i.controller_i.pc_set_o$1393
    43/330: $id_stage_i.controller_i.ctrl_fsm_ns$1411
    44/330: $id_stage_i.controller_i.trap_addr_mux_o$1406
    45/330: $id_stage_i.controller_i.exc_pc_mux_o$1405
    46/330: $id_stage_i.controller_i.pc_mux_o$1404
    47/330: $id_stage_i.controller_i.pc_set_o$1403
    48/330: $id_stage_i.controller_i.ctrl_fsm_ns$1373
    49/330: $id_stage_i.controller_i.debug_force_wakeup_n$1413
    50/330: $id_stage_i.controller_i.illegal_insn_n$1412
    51/330: $id_stage_i.controller_i.csr_restore_dret_id_o$1410
    52/330: $id_stage_i.controller_i.csr_restore_uret_id_o$1409
    53/330: $id_stage_i.controller_i.csr_restore_mret_id_o$1408
    54/330: $id_stage_i.controller_i.hwlp_dec_cnt_o$1407
    55/330: $id_stage_i.controller_i.trap_addr_mux_o$1417
    56/330: $id_stage_i.controller_i.exc_pc_mux_o$1416
    57/330: $id_stage_i.controller_i.pc_mux_o$1415
    58/330: $id_stage_i.controller_i.pc_set_o$1414
    59/330: $id_stage_i.controller_i.debug_force_wakeup_n$1425
    60/330: $id_stage_i.controller_i.illegal_insn_n$1424
    61/330: $id_stage_i.controller_i.ctrl_fsm_ns$1423
    62/330: $id_stage_i.controller_i.csr_restore_dret_id_o$1422
    63/330: $id_stage_i.controller_i.csr_restore_uret_id_o$1421
    64/330: $id_stage_i.controller_i.csr_restore_mret_id_o$1420
    65/330: $id_stage_i.controller_i.exc_cause_o$1419
    66/330: $id_stage_i.controller_i.hwlp_dec_cnt_o$1418
    67/330: $id_stage_i.controller_i.exc_cause_o$1431
    68/330: $id_stage_i.controller_i.trap_addr_mux_o$1429
    69/330: $id_stage_i.controller_i.exc_pc_mux_o$1428
    70/330: $id_stage_i.controller_i.pc_mux_o$1427
    71/330: $id_stage_i.controller_i.pc_set_o$1426
    72/330: $id_stage_i.controller_i.debug_force_wakeup_n$1437
    73/330: $id_stage_i.controller_i.illegal_insn_n$1436
    74/330: $id_stage_i.controller_i.ctrl_fsm_ns$1435
    75/330: $id_stage_i.controller_i.csr_restore_dret_id_o$1434
    76/330: $id_stage_i.controller_i.csr_restore_uret_id_o$1433
    77/330: $id_stage_i.controller_i.csr_restore_mret_id_o$1432
    78/330: $id_stage_i.controller_i.hwlp_dec_cnt_o$1430
    79/330: $id_stage_i.controller_i.csr_save_cause_o$1353
    80/330: $id_stage_i.controller_i.csr_cause_o$1352
    81/330: $id_stage_i.controller_i.csr_save_id_o$1351
    82/330: $id_stage_i.controller_i.csr_save_cause_o$1356
    83/330: $id_stage_i.controller_i.csr_cause_o$1355
    84/330: $id_stage_i.controller_i.csr_save_id_o$1354
    85/330: $id_stage_i.controller_i.ctrl_fsm_ns$1360
    86/330: $id_stage_i.controller_i.csr_save_cause_o$1359
    87/330: $id_stage_i.controller_i.csr_cause_o$1358
    88/330: $id_stage_i.controller_i.csr_save_id_o$1357
    89/330: $id_stage_i.controller_i.ctrl_fsm_ns$1366
    90/330: $id_stage_i.controller_i.csr_save_cause_o$1365
    91/330: $id_stage_i.controller_i.csr_cause_o$1364
    92/330: $id_stage_i.controller_i.illegal_insn_n$1367
    93/330: $id_stage_i.controller_i.csr_save_ex_o$1363
    94/330: $id_stage_i.controller_i.csr_save_id_o$1362
    95/330: $id_stage_i.controller_i.data_err_ack_o$1361
    96/330: $id_stage_i.controller_i.is_decoding_o$1251
    97/330: $id_stage_i.controller_i.ctrl_fsm_ns$1206
    98/330: $id_stage_i.controller_i.ctrl_fsm_ns$1207
    99/330: $id_stage_i.controller_i.ctrl_fsm_ns$1209
   100/330: $id_stage_i.controller_i.halt_if_o$1208
   101/330: $id_stage_i.controller_i.jump_done$1175
   102/330: $id_stage_i.controller_i.hwlp_dec_cnt_o[1]$1174
   103/330: $id_stage_i.controller_i.pc_set_o$1173
   104/330: $id_stage_i.controller_i.jump_done$1179
   105/330: $id_stage_i.controller_i.hwlp_dec_cnt_o[1]$1178
   106/330: $id_stage_i.controller_i.pc_mux_o$1177
   107/330: $id_stage_i.controller_i.pc_set_o$1176
   108/330: $id_stage_i.controller_i.jump_done$1166
   109/330: $id_stage_i.controller_i.hwlp_dec_cnt_o[0]$1165
   110/330: $id_stage_i.controller_i.pc_set_o$1164
   111/330: $id_stage_i.controller_i.jump_done$1170
   112/330: $id_stage_i.controller_i.hwlp_dec_cnt_o[0]$1169
   113/330: $id_stage_i.controller_i.pc_mux_o$1168
   114/330: $id_stage_i.controller_i.pc_set_o$1167
   115/330: $id_stage_i.controller_i.jump_done$1184
   116/330: $id_stage_i.controller_i.ctrl_fsm_ns$1183
   117/330: $id_stage_i.controller_i.hwlp_dec_cnt_o$1182
   118/330: $id_stage_i.controller_i.pc_mux_o$1181
   119/330: $id_stage_i.controller_i.pc_set_o$1180
   120/330: $id_stage_i.controller_i.ctrl_fsm_ns$1150
   121/330: $id_stage_i.controller_i.ctrl_fsm_ns$1151
   122/330: $id_stage_i.controller_i.jump_done$1148
   123/330: $id_stage_i.controller_i.pc_set_o$1147
   124/330: $id_stage_i.controller_i.jump_done$1191
   125/330: $id_stage_i.controller_i.ctrl_fsm_ns$1190
   126/330: $id_stage_i.controller_i.halt_id_o$1189
   127/330: $id_stage_i.controller_i.halt_if_o$1188
   128/330: $id_stage_i.controller_i.hwlp_dec_cnt_o$1187
   129/330: $id_stage_i.controller_i.pc_mux_o$1186
   130/330: $id_stage_i.controller_i.pc_set_o$1185
   131/330: $id_stage_i.controller_i.ctrl_fsm_ns$1197
   132/330: $id_stage_i.controller_i.halt_id_o$1196
   133/330: $id_stage_i.controller_i.halt_if_o$1195
   134/330: $id_stage_i.controller_i.illegal_insn_n$1199
   135/330: $id_stage_i.controller_i.jump_done$1198
   136/330: $id_stage_i.controller_i.hwlp_dec_cnt_o$1194
   137/330: $id_stage_i.controller_i.pc_mux_o$1193
   138/330: $id_stage_i.controller_i.pc_set_o$1192
   139/330: $id_stage_i.controller_i.halt_id_o$1225
   140/330: $id_stage_i.controller_i.halt_if_o$1224
   141/330: $id_stage_i.controller_i.pc_mux_o$1213
   142/330: $id_stage_i.controller_i.pc_set_o$1212
   143/330: $id_stage_i.controller_i.trap_addr_mux_o$1133
   144/330: $id_stage_i.controller_i.illegal_insn_n$1229
   145/330: $id_stage_i.controller_i.is_hwlp_illegal$1228
   146/330: $id_stage_i.controller_i.jump_done$1227
   147/330: $id_stage_i.controller_i.ctrl_fsm_ns$1226
   148/330: $id_stage_i.controller_i.csr_save_cause_o$1223
   149/330: $id_stage_i.controller_i.csr_irq_sec_o$1222
   150/330: $id_stage_i.controller_i.csr_cause_o$1221
   151/330: $id_stage_i.controller_i.csr_save_id_o$1220
   152/330: $id_stage_i.controller_i.exc_cause_o$1219
   153/330: $id_stage_i.controller_i.irq_id_o$1218
   154/330: $id_stage_i.controller_i.irq_ack_o$1217
   155/330: $id_stage_i.controller_i.hwlp_dec_cnt_o$1216
   156/330: $id_stage_i.controller_i.trap_addr_mux_o$1215
   157/330: $id_stage_i.controller_i.exc_pc_mux_o$1214
   158/330: $id_stage_i.controller_i.hwlp_mask_o$1211
   159/330: $id_stage_i.controller_i.is_decoding_o$1210
   160/330: $id_stage_i.controller_i.ctrl_fsm_ns$1246
   161/330: $id_stage_i.controller_i.halt_id_o$1245
   162/330: $id_stage_i.controller_i.halt_if_o$1244
   163/330: $id_stage_i.controller_i.debug_req_entry_n$1250
   164/330: $id_stage_i.controller_i.illegal_insn_n$1249
   165/330: $id_stage_i.controller_i.is_hwlp_illegal$1248
   166/330: $id_stage_i.controller_i.jump_done$1247
   167/330: $id_stage_i.controller_i.csr_save_cause_o$1243
   168/330: $id_stage_i.controller_i.csr_irq_sec_o$1242
   169/330: $id_stage_i.controller_i.csr_cause_o$1241
   170/330: $id_stage_i.controller_i.csr_save_id_o$1240
   171/330: $id_stage_i.controller_i.exc_cause_o$1239
   172/330: $id_stage_i.controller_i.irq_id_o$1238
   173/330: $id_stage_i.controller_i.irq_ack_o$1237
   174/330: $id_stage_i.controller_i.hwlp_dec_cnt_o$1236
   175/330: $id_stage_i.controller_i.trap_addr_mux_o$1235
   176/330: $id_stage_i.controller_i.exc_pc_mux_o$1234
   177/330: $id_stage_i.controller_i.pc_mux_o$1233
   178/330: $id_stage_i.controller_i.pc_set_o$1232
   179/330: $id_stage_i.controller_i.hwlp_mask_o$1231
   180/330: $id_stage_i.controller_i.is_decoding_o$1230
   181/330: $id_stage_i.controller_i.debug_req_entry_n$1272
   182/330: $id_stage_i.controller_i.illegal_insn_n$1271
   183/330: $id_stage_i.controller_i.is_hwlp_illegal$1270
   184/330: $id_stage_i.controller_i.jump_done$1269
   185/330: $id_stage_i.controller_i.ctrl_fsm_ns$1268
   186/330: $id_stage_i.controller_i.perf_pipeline_stall_o$1267
   187/330: $id_stage_i.controller_i.halt_id_o$1266
   188/330: $id_stage_i.controller_i.halt_if_o$1265
   189/330: $id_stage_i.controller_i.csr_save_cause_o$1264
   190/330: $id_stage_i.controller_i.csr_irq_sec_o$1263
   191/330: $id_stage_i.controller_i.csr_cause_o$1262
   192/330: $id_stage_i.controller_i.csr_save_id_o$1261
   193/330: $id_stage_i.controller_i.exc_cause_o$1260
   194/330: $id_stage_i.controller_i.irq_id_o$1259
   195/330: $id_stage_i.controller_i.irq_ack_o$1258
   196/330: $id_stage_i.controller_i.hwlp_dec_cnt_o$1257
   197/330: $id_stage_i.controller_i.trap_addr_mux_o$1256
   198/330: $id_stage_i.controller_i.exc_pc_mux_o$1255
   199/330: $id_stage_i.controller_i.pc_mux_o$1254
   200/330: $id_stage_i.controller_i.pc_set_o$1253
   201/330: $id_stage_i.controller_i.hwlp_mask_o$1252
   202/330: $id_stage_i.controller_i.ctrl_fsm_ns$1291
   203/330: $id_stage_i.controller_i.halt_id_o$1289
   204/330: $id_stage_i.controller_i.halt_if_o$1288
   205/330: $id_stage_i.controller_i.csr_save_cause_o$1287
   206/330: $id_stage_i.controller_i.csr_cause_o$1285
   207/330: $id_stage_i.controller_i.is_decoding_o$1273
   208/330: $id_stage_i.controller_i.debug_req_entry_n$1295
   209/330: $id_stage_i.controller_i.illegal_insn_n$1294
   210/330: $id_stage_i.controller_i.is_hwlp_illegal$1293
   211/330: $id_stage_i.controller_i.jump_done$1292
   212/330: $id_stage_i.controller_i.perf_pipeline_stall_o$1290
   213/330: $id_stage_i.controller_i.csr_irq_sec_o$1286
   214/330: $id_stage_i.controller_i.csr_save_id_o$1284
   215/330: $id_stage_i.controller_i.csr_save_if_o$1283
   216/330: $id_stage_i.controller_i.exc_cause_o$1282
   217/330: $id_stage_i.controller_i.irq_id_o$1281
   218/330: $id_stage_i.controller_i.irq_ack_o$1280
   219/330: $id_stage_i.controller_i.hwlp_dec_cnt_o$1279
   220/330: $id_stage_i.controller_i.trap_addr_mux_o$1278
   221/330: $id_stage_i.controller_i.exc_pc_mux_o$1277
   222/330: $id_stage_i.controller_i.pc_mux_o$1276
   223/330: $id_stage_i.controller_i.pc_set_o$1275
   224/330: $id_stage_i.controller_i.hwlp_mask_o$1274
   225/330: $id_stage_i.controller_i.ctrl_fsm_ns$1316
   226/330: $id_stage_i.controller_i.halt_id_o$1314
   227/330: $id_stage_i.controller_i.halt_if_o$1313
   228/330: $id_stage_i.controller_i.csr_save_cause_o$1312
   229/330: $id_stage_i.controller_i.csr_cause_o$1310
   230/330: $id_stage_i.controller_i.is_decoding_o$1296
   231/330: $id_stage_i.controller_i.debug_req_entry_n$1320
   232/330: $id_stage_i.controller_i.illegal_insn_n$1319
   233/330: $id_stage_i.controller_i.is_hwlp_illegal$1318
   234/330: $id_stage_i.controller_i.jump_done$1317
   235/330: $id_stage_i.controller_i.perf_pipeline_stall_o$1315
   236/330: $id_stage_i.controller_i.csr_irq_sec_o$1311
   237/330: $id_stage_i.controller_i.csr_save_ex_o$1309
   238/330: $id_stage_i.controller_i.csr_save_id_o$1308
   239/330: $id_stage_i.controller_i.csr_save_if_o$1307
   240/330: $id_stage_i.controller_i.exc_cause_o$1306
   241/330: $id_stage_i.controller_i.irq_id_o$1305
   242/330: $id_stage_i.controller_i.irq_ack_o$1304
   243/330: $id_stage_i.controller_i.data_err_ack_o$1303
   244/330: $id_stage_i.controller_i.hwlp_dec_cnt_o$1302
   245/330: $id_stage_i.controller_i.trap_addr_mux_o$1301
   246/330: $id_stage_i.controller_i.exc_pc_mux_o$1300
   247/330: $id_stage_i.controller_i.pc_mux_o$1299
   248/330: $id_stage_i.controller_i.pc_set_o$1298
   249/330: $id_stage_i.controller_i.hwlp_mask_o$1297
   250/330: $id_stage_i.controller_i.pc_mux_o$1324
   251/330: $id_stage_i.controller_i.pc_set_o$1323
   252/330: $id_stage_i.controller_i.is_decoding_o$1321
   253/330: $id_stage_i.controller_i.debug_req_entry_n$1345
   254/330: $id_stage_i.controller_i.illegal_insn_n$1344
   255/330: $id_stage_i.controller_i.is_hwlp_illegal$1343
   256/330: $id_stage_i.controller_i.jump_done$1342
   257/330: $id_stage_i.controller_i.ctrl_fsm_ns$1341
   258/330: $id_stage_i.controller_i.perf_pipeline_stall_o$1340
   259/330: $id_stage_i.controller_i.halt_id_o$1339
   260/330: $id_stage_i.controller_i.halt_if_o$1338
   261/330: $id_stage_i.controller_i.csr_save_cause_o$1337
   262/330: $id_stage_i.controller_i.csr_irq_sec_o$1336
   263/330: $id_stage_i.controller_i.csr_cause_o$1335
   264/330: $id_stage_i.controller_i.csr_save_ex_o$1334
   265/330: $id_stage_i.controller_i.csr_save_id_o$1333
   266/330: $id_stage_i.controller_i.csr_save_if_o$1332
   267/330: $id_stage_i.controller_i.exc_cause_o$1331
   268/330: $id_stage_i.controller_i.irq_id_o$1330
   269/330: $id_stage_i.controller_i.irq_ack_o$1329
   270/330: $id_stage_i.controller_i.data_err_ack_o$1328
   271/330: $id_stage_i.controller_i.hwlp_dec_cnt_o$1327
   272/330: $id_stage_i.controller_i.trap_addr_mux_o$1326
   273/330: $id_stage_i.controller_i.exc_pc_mux_o$1325
   274/330: $id_stage_i.controller_i.hwlp_mask_o$1322
   275/330: $id_stage_i.controller_i.trap_addr_mux_o$1110
   276/330: $id_stage_i.controller_i.halt_id_o$1123
   277/330: $id_stage_i.controller_i.halt_if_o$1122
   278/330: $id_stage_i.controller_i.csr_save_cause_o$1121
   279/330: $id_stage_i.controller_i.csr_irq_sec_o$1120
   280/330: $id_stage_i.controller_i.csr_cause_o$1119
   281/330: $id_stage_i.controller_i.csr_save_if_o$1118
   282/330: $id_stage_i.controller_i.exc_cause_o$1117
   283/330: $id_stage_i.controller_i.irq_id_o$1116
   284/330: $id_stage_i.controller_i.irq_ack_o$1115
   285/330: $id_stage_i.controller_i.trap_addr_mux_o$1114
   286/330: $id_stage_i.controller_i.exc_pc_mux_o$1113
   287/330: $id_stage_i.controller_i.pc_mux_o$1112
   288/330: $id_stage_i.controller_i.pc_set_o$1111
   289/330: $id_stage_i.controller_i.ctrl_fsm_ns$1100
   290/330: $id_stage_i.controller_i.debug_force_wakeup_n$1101
   291/330: $id_stage_i.controller_i.debug_force_wakeup_n$1104
   292/330: $id_stage_i.controller_i.ctrl_fsm_ns$1103
   293/330: $id_stage_i.controller_i.ctrl_busy_o$1102
   294/330: $id_stage_i.controller_i.ctrl_fsm_ns$1098
   295/330: $id_stage_i.controller_i.debug_force_wakeup_n$1099
   296/330: $id_stage_i.controller_i.ctrl_fsm_ns$1097
   297/330: $id_stage_i.controller_i.debug_force_wakeup_n$1505
   298/330: $id_stage_i.controller_i.debug_req_entry_n$1504
   299/330: $id_stage_i.controller_i.illegal_insn_n$1503
   300/330: $id_stage_i.controller_i.is_hwlp_illegal$1502
   301/330: $id_stage_i.controller_i.debug_mode_n$1501
   302/330: $id_stage_i.controller_i.jump_done$1500
   303/330: $id_stage_i.controller_i.ctrl_fsm_ns$1499
   304/330: $id_stage_i.controller_i.perf_pipeline_stall_o$1498
   305/330: $id_stage_i.controller_i.halt_id_o$1497
   306/330: $id_stage_i.controller_i.halt_if_o$1496
   307/330: $id_stage_i.controller_i.csr_save_cause_o$1495
   308/330: $id_stage_i.controller_i.csr_restore_dret_id_o$1494
   309/330: $id_stage_i.controller_i.csr_restore_uret_id_o$1493
   310/330: $id_stage_i.controller_i.csr_restore_mret_id_o$1492
   311/330: $id_stage_i.controller_i.csr_irq_sec_o$1491
   312/330: $id_stage_i.controller_i.csr_cause_o$1490
   313/330: $id_stage_i.controller_i.csr_save_ex_o$1489
   314/330: $id_stage_i.controller_i.csr_save_id_o$1488
   315/330: $id_stage_i.controller_i.csr_save_if_o$1487
   316/330: $id_stage_i.controller_i.debug_csr_save_o$1486
   317/330: $id_stage_i.controller_i.debug_cause_o$1485
   318/330: $id_stage_i.controller_i.exc_cause_o$1484
   319/330: $id_stage_i.controller_i.irq_id_o$1483
   320/330: $id_stage_i.controller_i.irq_ack_o$1482
   321/330: $id_stage_i.controller_i.data_err_ack_o$1481
   322/330: $id_stage_i.controller_i.hwlp_dec_cnt_o$1480
   323/330: $id_stage_i.controller_i.trap_addr_mux_o$1479
   324/330: $id_stage_i.controller_i.exc_pc_mux_o$1478
   325/330: $id_stage_i.controller_i.pc_mux_o$1477
   326/330: $id_stage_i.controller_i.pc_set_o$1476
   327/330: $id_stage_i.controller_i.instr_req_o$1475
   328/330: $id_stage_i.controller_i.hwlp_mask_o$1474
   329/330: $id_stage_i.controller_i.is_decoding_o$1473
   330/330: $id_stage_i.controller_i.ctrl_busy_o$1472
Creating decoders for process `\cv32e40p_core.$793'.
     1/244: $id_stage_i.decoder_i.illegal_insn_o$1069
     2/244: $id_stage_i.decoder_i.illegal_insn_o$1029
     3/244: $id_stage_i.decoder_i.csr_illegal$1005
     4/244: $id_stage_i.decoder_i.csr_status_o$1004
     5/244: $id_stage_i.decoder_i.csr_illegal$1003
     6/244: $id_stage_i.decoder_i.csr_illegal$1002
     7/244: $id_stage_i.decoder_i.csr_status_o$1001
     8/244: $id_stage_i.decoder_i.csr_illegal$1000
     9/244: $id_stage_i.decoder_i.csr_illegal$999
    10/244: $id_stage_i.decoder_i.csr_status_o$998
    11/244: $id_stage_i.decoder_i.csr_illegal$996
    12/244: $id_stage_i.decoder_i.csr_status_o$995
    13/244: $id_stage_i.decoder_i.csr_illegal$994
    14/244: $id_stage_i.decoder_i.csr_status_o$993
    15/244: $id_stage_i.decoder_i.csr_illegal$990
    16/244: $id_stage_i.decoder_i.csr_illegal$988
    17/244: $id_stage_i.decoder_i.csr_illegal$1007
    18/244: $id_stage_i.decoder_i.csr_status_o$1006
    19/244: $id_stage_i.decoder_i.csr_illegal$987
    20/244: $id_stage_i.decoder_i.csr_op$985
    21/244: $id_stage_i.decoder_i.csr_illegal$984
    22/244: $id_stage_i.decoder_i.alu_op_a_mux_sel_o$979
    23/244: $id_stage_i.decoder_i.rega_used_o$978
    24/244: $id_stage_i.decoder_i.imm_b_mux_sel_o$1023
    25/244: $id_stage_i.decoder_i.alu_op_b_mux_sel_o$1021
    26/244: $id_stage_i.decoder_i.illegal_insn_o$1008
    27/244: $id_stage_i.decoder_i.illegal_insn_o$964
    28/244: $id_stage_i.decoder_i.imm_b_mux_sel_o$950
    29/244: $id_stage_i.decoder_i.alu_op_b_mux_sel_o$949
    30/244: $id_stage_i.decoder_i.alu_operator_o$948
    31/244: $id_stage_i.decoder_i.imm_b_mux_sel_o$963
    32/244: $id_stage_i.decoder_i.alu_op_b_mux_sel_o$962
    33/244: $id_stage_i.decoder_i.alu_operator_o$961
    34/244: $id_stage_i.decoder_i.wfi_o$960
    35/244: $id_stage_i.decoder_i.ecall_insn_o$959
    36/244: $id_stage_i.decoder_i.dret_dec_o$958
    37/244: $id_stage_i.decoder_i.uret_dec_o$957
    38/244: $id_stage_i.decoder_i.mret_dec_o$956
    39/244: $id_stage_i.decoder_i.dret_insn_o$955
    40/244: $id_stage_i.decoder_i.uret_insn_o$954
    41/244: $id_stage_i.decoder_i.mret_insn_o$953
    42/244: $id_stage_i.decoder_i.ebrk_insn_o$952
    43/244: $id_stage_i.decoder_i.illegal_insn_o$951
    44/244: $id_stage_i.decoder_i.imm_b_mux_sel_o$976
    45/244: $id_stage_i.decoder_i.alu_op_b_mux_sel_o$975
    46/244: $id_stage_i.decoder_i.alu_operator_o$974
    47/244: $id_stage_i.decoder_i.wfi_o$973
    48/244: $id_stage_i.decoder_i.ecall_insn_o$972
    49/244: $id_stage_i.decoder_i.dret_dec_o$971
    50/244: $id_stage_i.decoder_i.uret_dec_o$970
    51/244: $id_stage_i.decoder_i.mret_dec_o$969
    52/244: $id_stage_i.decoder_i.dret_insn_o$968
    53/244: $id_stage_i.decoder_i.uret_insn_o$967
    54/244: $id_stage_i.decoder_i.mret_insn_o$966
    55/244: $id_stage_i.decoder_i.ebrk_insn_o$965
    56/244: $id_stage_i.decoder_i.csr_op$1028
    57/244: $id_stage_i.decoder_i.csr_illegal$1027
    58/244: $id_stage_i.decoder_i.regfile_alu_we$1026
    59/244: $id_stage_i.decoder_i.csr_status_o$1025
    60/244: $id_stage_i.decoder_i.csr_access_o$1024
    61/244: $id_stage_i.decoder_i.imm_a_mux_sel_o$1022
    62/244: $id_stage_i.decoder_i.alu_op_a_mux_sel_o$1020
    63/244: $id_stage_i.decoder_i.alu_operator_o$1019
    64/244: $id_stage_i.decoder_i.rega_used_o$1018
    65/244: $id_stage_i.decoder_i.wfi_o$1017
    66/244: $id_stage_i.decoder_i.ecall_insn_o$1016
    67/244: $id_stage_i.decoder_i.dret_dec_o$1015
    68/244: $id_stage_i.decoder_i.uret_dec_o$1014
    69/244: $id_stage_i.decoder_i.mret_dec_o$1013
    70/244: $id_stage_i.decoder_i.dret_insn_o$1012
    71/244: $id_stage_i.decoder_i.uret_insn_o$1011
    72/244: $id_stage_i.decoder_i.mret_insn_o$1010
    73/244: $id_stage_i.decoder_i.ebrk_insn_o$1009
    74/244: $id_stage_i.decoder_i.fencei_insn_o$944
    75/244: $id_stage_i.decoder_i.illegal_insn_o$943
    76/244: $id_stage_i.decoder_i.illegal_insn_o$942
    77/244: $id_stage_i.decoder_i.illegal_insn_o$941
    78/244: $id_stage_i.decoder_i.illegal_insn_o$940
    79/244: $id_stage_i.decoder_i.illegal_insn_o$939
    80/244: $id_stage_i.decoder_i.illegal_insn_o$938
    81/244: $id_stage_i.decoder_i.illegal_insn_o$937
    82/244: $id_stage_i.decoder_i.illegal_insn_o$899
    83/244: $id_stage_i.decoder_i.illegal_insn_o$898
    84/244: $id_stage_i.decoder_i.illegal_insn_o$897
    85/244: $id_stage_i.decoder_i.illegal_insn_o$896
    86/244: $id_stage_i.decoder_i.illegal_insn_o$895
    87/244: $id_stage_i.decoder_i.illegal_insn_o$894
    88/244: $id_stage_i.decoder_i.illegal_insn_o$893
    89/244: $id_stage_i.decoder_i.illegal_insn_o$892
    90/244: $id_stage_i.decoder_i.illegal_insn_o$891
    91/244: $id_stage_i.decoder_i.illegal_insn_o$890
    92/244: $id_stage_i.decoder_i.illegal_insn_o$889
    93/244: $id_stage_i.decoder_i.illegal_insn_o$888
    94/244: $id_stage_i.decoder_i.illegal_insn_o$887
    95/244: $id_stage_i.decoder_i.illegal_insn_o$886
    96/244: $id_stage_i.decoder_i.illegal_insn_o$885
    97/244: $id_stage_i.decoder_i.illegal_insn_o$884
    98/244: $id_stage_i.decoder_i.illegal_insn_o$883
    99/244: $id_stage_i.decoder_i.illegal_insn_o$882
   100/244: $id_stage_i.decoder_i.illegal_insn_o$881
   101/244: $id_stage_i.decoder_i.illegal_insn_o$880
   102/244: $id_stage_i.decoder_i.illegal_insn_o$879
   103/244: $id_stage_i.decoder_i.illegal_insn_o$878
   104/244: $id_stage_i.decoder_i.mult_int_en$910
   105/244: $id_stage_i.decoder_i.alu_en$909
   106/244: $id_stage_i.decoder_i.mult_signed_mode_o$908
   107/244: $id_stage_i.decoder_i.mult_operator_o$907
   108/244: $id_stage_i.decoder_i.regc_mux_o$906
   109/244: $id_stage_i.decoder_i.alu_op_b_mux_sel_o$905
   110/244: $id_stage_i.decoder_i.alu_op_a_mux_sel_o$904
   111/244: $id_stage_i.decoder_i.alu_operator_o$903
   112/244: $id_stage_i.decoder_i.regc_used_o$902
   113/244: $id_stage_i.decoder_i.regb_used_o$901
   114/244: $id_stage_i.decoder_i.illegal_insn_o$900
   115/244: $id_stage_i.decoder_i.regb_used_o$877
   116/244: $id_stage_i.decoder_i.illegal_insn_o$911
   117/244: $id_stage_i.decoder_i.illegal_insn_o$874
   118/244: $id_stage_i.decoder_i.illegal_insn_o$875
   119/244: $id_stage_i.decoder_i.illegal_insn_o$873
   120/244: $id_stage_i.decoder_i.mult_int_en$923
   121/244: $id_stage_i.decoder_i.alu_en$922
   122/244: $id_stage_i.decoder_i.regfile_alu_we$921
   123/244: $id_stage_i.decoder_i.mult_signed_mode_o$920
   124/244: $id_stage_i.decoder_i.mult_operator_o$919
   125/244: $id_stage_i.decoder_i.regc_mux_o$918
   126/244: $id_stage_i.decoder_i.alu_op_b_mux_sel_o$917
   127/244: $id_stage_i.decoder_i.alu_op_a_mux_sel_o$916
   128/244: $id_stage_i.decoder_i.alu_operator_o$915
   129/244: $id_stage_i.decoder_i.regc_used_o$914
   130/244: $id_stage_i.decoder_i.regb_used_o$913
   131/244: $id_stage_i.decoder_i.rega_used_o$912
   132/244: $id_stage_i.decoder_i.illegal_insn_o$924
   133/244: $id_stage_i.decoder_i.illegal_insn_o$870
   134/244: $id_stage_i.decoder_i.mult_int_en$936
   135/244: $id_stage_i.decoder_i.alu_en$935
   136/244: $id_stage_i.decoder_i.regfile_alu_we$934
   137/244: $id_stage_i.decoder_i.mult_signed_mode_o$933
   138/244: $id_stage_i.decoder_i.mult_operator_o$932
   139/244: $id_stage_i.decoder_i.regc_mux_o$931
   140/244: $id_stage_i.decoder_i.alu_op_b_mux_sel_o$930
   141/244: $id_stage_i.decoder_i.alu_op_a_mux_sel_o$929
   142/244: $id_stage_i.decoder_i.alu_operator_o$928
   143/244: $id_stage_i.decoder_i.regc_used_o$927
   144/244: $id_stage_i.decoder_i.regb_used_o$926
   145/244: $id_stage_i.decoder_i.rega_used_o$925
   146/244: $id_stage_i.decoder_i.alu_operator_o$864
   147/244: $id_stage_i.decoder_i.illegal_insn_o$863
   148/244: $id_stage_i.decoder_i.alu_operator_o$866
   149/244: $id_stage_i.decoder_i.illegal_insn_o$865
   150/244: $id_stage_i.decoder_i.illegal_insn_o$860
   151/244: $id_stage_i.decoder_i.alu_operator_o$868
   152/244: $id_stage_i.decoder_i.illegal_insn_o$867
   153/244: $id_stage_i.decoder_i.illegal_insn_o$858
   154/244: $id_stage_i.decoder_i.illegal_insn_o$846
   155/244: $id_stage_i.decoder_i.illegal_insn_o$845
   156/244: $id_stage_i.decoder_i.illegal_insn_o$842
   157/244: $id_stage_i.decoder_i.illegal_insn_o$843
   158/244: $id_stage_i.decoder_i.illegal_insn_o$839
   159/244: $id_stage_i.decoder_i.illegal_insn_o$840
   160/244: $id_stage_i.decoder_i.data_type_o$837
   161/244: $id_stage_i.decoder_i.regfile_alu_we$835
   162/244: $id_stage_i.decoder_i.prepost_useincr_o$834
   163/244: $id_stage_i.decoder_i.regfile_alu_waddr_sel_o$833
   164/244: $id_stage_i.decoder_i.data_req$857
   165/244: $id_stage_i.decoder_i.regfile_alu_we$856
   166/244: $id_stage_i.decoder_i.regfile_mem_we$855
   167/244: $id_stage_i.decoder_i.data_sign_extension_o$854
   168/244: $id_stage_i.decoder_i.data_type_o$853
   169/244: $id_stage_i.decoder_i.prepost_useincr_o$852
   170/244: $id_stage_i.decoder_i.regfile_alu_waddr_sel_o$851
   171/244: $id_stage_i.decoder_i.imm_b_mux_sel_o$850
   172/244: $id_stage_i.decoder_i.alu_op_b_mux_sel_o$849
   173/244: $id_stage_i.decoder_i.alu_operator_o$848
   174/244: $id_stage_i.decoder_i.rega_used_o$847
   175/244: $id_stage_i.decoder_i.illegal_insn_o$817
   176/244: $id_stage_i.decoder_i.data_req$816
   177/244: $id_stage_i.decoder_i.data_type_o$815
   178/244: $id_stage_i.decoder_i.data_we_o$814
   179/244: $id_stage_i.decoder_i.illegal_insn_o$813
   180/244: $id_stage_i.decoder_i.illegal_insn_o$809
   181/244: $id_stage_i.decoder_i.imm_b_mux_sel_o$812
   182/244: $id_stage_i.decoder_i.alu_op_b_mux_sel_o$811
   183/244: $id_stage_i.decoder_i.illegal_insn_o$810
   184/244: $id_stage_i.decoder_i.regfile_alu_we$807
   185/244: $id_stage_i.decoder_i.prepost_useincr_o$806
   186/244: $id_stage_i.decoder_i.regfile_alu_waddr_sel_o$805
   187/244: $id_stage_i.decoder_i.data_req$829
   188/244: $id_stage_i.decoder_i.regfile_alu_we$828
   189/244: $id_stage_i.decoder_i.data_type_o$827
   190/244: $id_stage_i.decoder_i.prepost_useincr_o$826
   191/244: $id_stage_i.decoder_i.data_we_o$825
   192/244: $id_stage_i.decoder_i.regfile_alu_waddr_sel_o$824
   193/244: $id_stage_i.decoder_i.imm_b_mux_sel_o$823
   194/244: $id_stage_i.decoder_i.alu_op_c_mux_sel_o$822
   195/244: $id_stage_i.decoder_i.alu_op_b_mux_sel_o$821
   196/244: $id_stage_i.decoder_i.alu_operator_o$820
   197/244: $id_stage_i.decoder_i.regb_used_o$819
   198/244: $id_stage_i.decoder_i.rega_used_o$818
   199/244: $id_stage_i.decoder_i.illegal_insn_o$799
   200/244: $id_stage_i.decoder_i.illegal_insn_o$798
   201/244: $id_stage_i.decoder_i.alu_operator_o$801
   202/244: $id_stage_i.decoder_i.illegal_insn_o$800
   203/244: $id_stage_i.decoder_i.ctrl_transfer_insn$797
   204/244: $id_stage_i.decoder_i.regfile_alu_we$796
   205/244: $id_stage_i.decoder_i.illegal_insn_o$795
   206/244: $id_stage_i.decoder_i.mult_int_en$1068
   207/244: $id_stage_i.decoder_i.alu_en$1067
   208/244: $id_stage_i.decoder_i.csr_op$1066
   209/244: $id_stage_i.decoder_i.ctrl_transfer_insn$1065
   210/244: $id_stage_i.decoder_i.csr_illegal$1064
   211/244: $id_stage_i.decoder_i.data_req$1063
   212/244: $id_stage_i.decoder_i.regfile_alu_we$1062
   213/244: $id_stage_i.decoder_i.regfile_mem_we$1061
   214/244: $id_stage_i.decoder_i.ctrl_transfer_target_mux_sel_o$1060
   215/244: $id_stage_i.decoder_i.data_sign_extension_o$1059
   216/244: $id_stage_i.decoder_i.data_type_o$1058
   217/244: $id_stage_i.decoder_i.prepost_useincr_o$1057
   218/244: $id_stage_i.decoder_i.data_we_o$1056
   219/244: $id_stage_i.decoder_i.csr_status_o$1055
   220/244: $id_stage_i.decoder_i.csr_access_o$1054
   221/244: $id_stage_i.decoder_i.regfile_alu_waddr_sel_o$1053
   222/244: $id_stage_i.decoder_i.mult_signed_mode_o$1052
   223/244: $id_stage_i.decoder_i.mult_operator_o$1051
   224/244: $id_stage_i.decoder_i.regc_mux_o$1050
   225/244: $id_stage_i.decoder_i.imm_b_mux_sel_o$1049
   226/244: $id_stage_i.decoder_i.imm_a_mux_sel_o$1048
   227/244: $id_stage_i.decoder_i.alu_op_c_mux_sel_o$1047
   228/244: $id_stage_i.decoder_i.alu_op_b_mux_sel_o$1046
   229/244: $id_stage_i.decoder_i.alu_op_a_mux_sel_o$1045
   230/244: $id_stage_i.decoder_i.alu_operator_o$1044
   231/244: $id_stage_i.decoder_i.regc_used_o$1043
   232/244: $id_stage_i.decoder_i.regb_used_o$1042
   233/244: $id_stage_i.decoder_i.rega_used_o$1041
   234/244: $id_stage_i.decoder_i.fencei_insn_o$1040
   235/244: $id_stage_i.decoder_i.wfi_o$1039
   236/244: $id_stage_i.decoder_i.ecall_insn_o$1038
   237/244: $id_stage_i.decoder_i.dret_dec_o$1037
   238/244: $id_stage_i.decoder_i.uret_dec_o$1036
   239/244: $id_stage_i.decoder_i.mret_dec_o$1035
   240/244: $id_stage_i.decoder_i.dret_insn_o$1034
   241/244: $id_stage_i.decoder_i.uret_insn_o$1033
   242/244: $id_stage_i.decoder_i.mret_insn_o$1032
   243/244: $id_stage_i.decoder_i.ebrk_insn_o$1031
   244/244: $id_stage_i.decoder_i.illegal_insn_o$1030
Creating decoders for process `\cv32e40p_core.$786'.
     1/2: $id_stage_i.register_file_i.mem[1023:992]$791
     2/2: $id_stage_i.register_file_i.mem[1023:992]$792
Creating decoders for process `\cv32e40p_core.$779'.
     1/2: $id_stage_i.register_file_i.mem[991:960]$784
     2/2: $id_stage_i.register_file_i.mem[991:960]$785
Creating decoders for process `\cv32e40p_core.$772'.
     1/2: $id_stage_i.register_file_i.mem[959:928]$777
     2/2: $id_stage_i.register_file_i.mem[959:928]$778
Creating decoders for process `\cv32e40p_core.$765'.
     1/2: $id_stage_i.register_file_i.mem[927:896]$770
     2/2: $id_stage_i.register_file_i.mem[927:896]$771
Creating decoders for process `\cv32e40p_core.$758'.
     1/2: $id_stage_i.register_file_i.mem[895:864]$763
     2/2: $id_stage_i.register_file_i.mem[895:864]$764
Creating decoders for process `\cv32e40p_core.$751'.
     1/2: $id_stage_i.register_file_i.mem[863:832]$756
     2/2: $id_stage_i.register_file_i.mem[863:832]$757
Creating decoders for process `\cv32e40p_core.$744'.
     1/2: $id_stage_i.register_file_i.mem[831:800]$749
     2/2: $id_stage_i.register_file_i.mem[831:800]$750
Creating decoders for process `\cv32e40p_core.$737'.
     1/2: $id_stage_i.register_file_i.mem[799:768]$742
     2/2: $id_stage_i.register_file_i.mem[799:768]$743
Creating decoders for process `\cv32e40p_core.$730'.
     1/2: $id_stage_i.register_file_i.mem[767:736]$735
     2/2: $id_stage_i.register_file_i.mem[767:736]$736
Creating decoders for process `\cv32e40p_core.$723'.
     1/2: $id_stage_i.register_file_i.mem[735:704]$728
     2/2: $id_stage_i.register_file_i.mem[735:704]$729
Creating decoders for process `\cv32e40p_core.$716'.
     1/2: $id_stage_i.register_file_i.mem[703:672]$721
     2/2: $id_stage_i.register_file_i.mem[703:672]$722
Creating decoders for process `\cv32e40p_core.$709'.
     1/2: $id_stage_i.register_file_i.mem[671:640]$714
     2/2: $id_stage_i.register_file_i.mem[671:640]$715
Creating decoders for process `\cv32e40p_core.$702'.
     1/2: $id_stage_i.register_file_i.mem[639:608]$707
     2/2: $id_stage_i.register_file_i.mem[639:608]$708
Creating decoders for process `\cv32e40p_core.$695'.
     1/2: $id_stage_i.register_file_i.mem[607:576]$700
     2/2: $id_stage_i.register_file_i.mem[607:576]$701
Creating decoders for process `\cv32e40p_core.$688'.
     1/2: $id_stage_i.register_file_i.mem[575:544]$693
     2/2: $id_stage_i.register_file_i.mem[575:544]$694
Creating decoders for process `\cv32e40p_core.$681'.
     1/2: $id_stage_i.register_file_i.mem[543:512]$686
     2/2: $id_stage_i.register_file_i.mem[543:512]$687
Creating decoders for process `\cv32e40p_core.$674'.
     1/2: $id_stage_i.register_file_i.mem[511:480]$679
     2/2: $id_stage_i.register_file_i.mem[511:480]$680
Creating decoders for process `\cv32e40p_core.$667'.
     1/2: $id_stage_i.register_file_i.mem[479:448]$672
     2/2: $id_stage_i.register_file_i.mem[479:448]$673
Creating decoders for process `\cv32e40p_core.$660'.
     1/2: $id_stage_i.register_file_i.mem[447:416]$665
     2/2: $id_stage_i.register_file_i.mem[447:416]$666
Creating decoders for process `\cv32e40p_core.$653'.
     1/2: $id_stage_i.register_file_i.mem[415:384]$658
     2/2: $id_stage_i.register_file_i.mem[415:384]$659
Creating decoders for process `\cv32e40p_core.$646'.
     1/2: $id_stage_i.register_file_i.mem[383:352]$651
     2/2: $id_stage_i.register_file_i.mem[383:352]$652
Creating decoders for process `\cv32e40p_core.$639'.
     1/2: $id_stage_i.register_file_i.mem[351:320]$644
     2/2: $id_stage_i.register_file_i.mem[351:320]$645
Creating decoders for process `\cv32e40p_core.$632'.
     1/2: $id_stage_i.register_file_i.mem[319:288]$637
     2/2: $id_stage_i.register_file_i.mem[319:288]$638
Creating decoders for process `\cv32e40p_core.$625'.
     1/2: $id_stage_i.register_file_i.mem[287:256]$630
     2/2: $id_stage_i.register_file_i.mem[287:256]$631
Creating decoders for process `\cv32e40p_core.$618'.
     1/2: $id_stage_i.register_file_i.mem[255:224]$623
     2/2: $id_stage_i.register_file_i.mem[255:224]$624
Creating decoders for process `\cv32e40p_core.$611'.
     1/2: $id_stage_i.register_file_i.mem[223:192]$616
     2/2: $id_stage_i.register_file_i.mem[223:192]$617
Creating decoders for process `\cv32e40p_core.$604'.
     1/2: $id_stage_i.register_file_i.mem[191:160]$609
     2/2: $id_stage_i.register_file_i.mem[191:160]$610
Creating decoders for process `\cv32e40p_core.$597'.
     1/2: $id_stage_i.register_file_i.mem[159:128]$602
     2/2: $id_stage_i.register_file_i.mem[159:128]$603
Creating decoders for process `\cv32e40p_core.$590'.
     1/2: $id_stage_i.register_file_i.mem[127:96]$595
     2/2: $id_stage_i.register_file_i.mem[127:96]$596
Creating decoders for process `\cv32e40p_core.$583'.
     1/2: $id_stage_i.register_file_i.mem[95:64]$588
     2/2: $id_stage_i.register_file_i.mem[95:64]$589
Creating decoders for process `\cv32e40p_core.$576'.
     1/2: $id_stage_i.register_file_i.mem[63:32]$581
     2/2: $id_stage_i.register_file_i.mem[63:32]$582
Creating decoders for process `\cv32e40p_core.$2736'.
     1/2: $cs_registers_i.csr_wdata_int$2740
     2/2: $cs_registers_i.csr_we_int$2741
Creating decoders for process `\cv32e40p_core.$430'.
     1/1: $id_stage_i.mult_imm_id$431
Creating decoders for process `\cv32e40p_core.$428'.
     1/1: $id_stage_i.bmask_b_id$429
Creating decoders for process `\cv32e40p_core.$426'.
     1/1: $id_stage_i.bmask_a_id$427
Creating decoders for process `\cv32e40p_core.$424'.
     1/1: $id_stage_i.bmask_b_id_imm$425
Creating decoders for process `\cv32e40p_core.$422'.
     1/1: $id_stage_i.bmask_a_id_imm$423
Creating decoders for process `\cv32e40p_core.$420'.
     1/1: $id_stage_i.operand_c_fw_id$421
Creating decoders for process `\cv32e40p_core.$415'.
     1/1: $id_stage_i.operand_c_vec$417
Creating decoders for process `\cv32e40p_core.$413'.
     1/1: $id_stage_i.operand_c$414
Creating decoders for process `\cv32e40p_core.$411'.
     1/1: $id_stage_i.operand_b_fw_id$412
Creating decoders for process `\cv32e40p_core.$405'.
     1/2: $id_stage_i.operand_b_vec$408
     2/2: $id_stage_i.imm_shuffle_type$407
Creating decoders for process `\cv32e40p_core.$403'.
     1/1: $id_stage_i.operand_b$404
Creating decoders for process `\cv32e40p_core.$400'.
     1/1: $id_stage_i.imm_b$402
Creating decoders for process `\cv32e40p_core.$398'.
     1/1: $id_stage_i.operand_a_fw_id$399
Creating decoders for process `\cv32e40p_core.$396'.
     1/1: $id_stage_i.imm_a$397
Creating decoders for process `\cv32e40p_core.$394'.
     1/1: $id_stage_i.alu_operand_a$395
Creating decoders for process `\cv32e40p_core.$388'.
     1/1: $id_stage_i.jump_target$393
Creating decoders for process `\cv32e40p_core.$332'.
     1/1: $id_stage_i.regfile_addr_rc_id$336
Creating decoders for process `\cv32e40p_core.$264'.
     1/42: $if_stage_i.compressed_decoder_i.illegal_instr_o$322
     2/42: $if_stage_i.compressed_decoder_i.illegal_instr_o$321
     3/42: $if_stage_i.compressed_decoder_i.instr_o$317
     4/42: $if_stage_i.compressed_decoder_i.instr_o$318
     5/42: $if_stage_i.compressed_decoder_i.instr_o$315
     6/42: $if_stage_i.compressed_decoder_i.instr_o$319
     7/42: $if_stage_i.compressed_decoder_i.instr_o$310
     8/42: $if_stage_i.compressed_decoder_i.instr_o$311
     9/42: $if_stage_i.compressed_decoder_i.illegal_instr_o$308
    10/42: $if_stage_i.compressed_decoder_i.illegal_instr_o$312
    11/42: $if_stage_i.compressed_decoder_i.illegal_instr_o$320
    12/42: $if_stage_i.compressed_decoder_i.illegal_instr_o$304
    13/42: $if_stage_i.compressed_decoder_i.illegal_instr_o$303
    14/42: $if_stage_i.compressed_decoder_i.illegal_instr_o$301
    15/42: $if_stage_i.compressed_decoder_i.instr_o$298
    16/42: $if_stage_i.compressed_decoder_i.instr_o$299
    17/42: $if_stage_i.compressed_decoder_i.illegal_instr_o$300
    18/42: $if_stage_i.compressed_decoder_i.illegal_instr_o$324
    19/42: $if_stage_i.compressed_decoder_i.instr_o$323
    20/42: $if_stage_i.compressed_decoder_i.illegal_instr_o$289
    21/42: $if_stage_i.compressed_decoder_i.instr_o$288
    22/42: $if_stage_i.compressed_decoder_i.instr_o$290
    23/42: $if_stage_i.compressed_decoder_i.instr_o$285
    24/42: $if_stage_i.compressed_decoder_i.instr_o$286
    25/42: $if_stage_i.compressed_decoder_i.illegal_instr_o$287
    26/42: $if_stage_i.compressed_decoder_i.illegal_instr_o$291
    27/42: $if_stage_i.compressed_decoder_i.instr_o$279
    28/42: $if_stage_i.compressed_decoder_i.instr_o$280
    29/42: $if_stage_i.compressed_decoder_i.illegal_instr_o$282
    30/42: $if_stage_i.compressed_decoder_i.instr_o$281
    31/42: $if_stage_i.compressed_decoder_i.instr_o$275
    32/42: $if_stage_i.compressed_decoder_i.instr_o$292
    33/42: $if_stage_i.compressed_decoder_i.illegal_instr_o$293
    34/42: $if_stage_i.compressed_decoder_i.instr_o$325
    35/42: $if_stage_i.compressed_decoder_i.illegal_instr_o$270
    36/42: $if_stage_i.compressed_decoder_i.illegal_instr_o$269
    37/42: $if_stage_i.compressed_decoder_i.illegal_instr_o$268
    38/42: $if_stage_i.compressed_decoder_i.illegal_instr_o$267
    39/42: $if_stage_i.compressed_decoder_i.illegal_instr_o$266
    40/42: $if_stage_i.compressed_decoder_i.illegal_instr_o$272
    41/42: $if_stage_i.compressed_decoder_i.instr_o$271
    42/42: $if_stage_i.compressed_decoder_i.illegal_instr_o$326
Creating decoders for process `\cv32e40p_core.$213'.
     1/29: $if_stage_i.aligner_i.update_state$263
     2/29: $if_stage_i.aligner_i.pc_n$262
     3/29: $if_stage_i.aligner_i.next_state$261
     4/29: $if_stage_i.aligner_i.update_state$253
     5/29: $if_stage_i.aligner_i.pc_n$252
     6/29: $if_stage_i.aligner_i.next_state$251
     7/29: $if_stage_i.aligner_i.instr_aligned_o$249
     8/29: $if_stage_i.aligner_i.instr_valid_o$250
     9/29: $if_stage_i.aligner_i.update_state$245
    10/29: $if_stage_i.aligner_i.pc_n$244
    11/29: $if_stage_i.aligner_i.next_state$243
    12/29: $if_stage_i.aligner_i.instr_aligned_o$242
    13/29: $if_stage_i.aligner_i.update_state$232
    14/29: $if_stage_i.aligner_i.pc_n$231
    15/29: $if_stage_i.aligner_i.next_state$230
    16/29: $if_stage_i.aligner_i.instr_aligned_o$228
    17/29: $if_stage_i.aligner_i.instr_valid_o$229
    18/29: $if_stage_i.aligner_i.aligner_ready_o$227
    19/29: $if_stage_i.aligner_i.update_state$223
    20/29: $if_stage_i.aligner_i.pc_n$222
    21/29: $if_stage_i.aligner_i.next_state$221
    22/29: $if_stage_i.aligner_i.instr_aligned_o$220
    23/29: $if_stage_i.aligner_i.pc_n$218
    24/29: $if_stage_i.aligner_i.update_state$259
    25/29: $if_stage_i.aligner_i.pc_n$258
    26/29: $if_stage_i.aligner_i.next_state$257
    27/29: $if_stage_i.aligner_i.instr_valid_o$256
    28/29: $if_stage_i.aligner_i.instr_aligned_o$255
    29/29: $if_stage_i.aligner_i.aligner_ready_o$254
Creating decoders for process `\cv32e40p_core.$202'.
     1/8: $if_stage_i.aligner_i.hwlp_update_pc_q$206
     2/8: $if_stage_i.aligner_i.hwlp_addr_q$205
     3/8: $if_stage_i.aligner_i.hwlp_update_pc_q$212
     4/8: $if_stage_i.aligner_i.aligner_ready_q$211
     5/8: $if_stage_i.aligner_i.pc_q$210
     6/8: $if_stage_i.aligner_i.hwlp_addr_q$209
     7/8: $if_stage_i.aligner_i.r_instr_h$208
     8/8: $if_stage_i.aligner_i.state$207
Creating decoders for process `\cv32e40p_core.$185'.
     1/8: $if_stage_i.is_fetch_failed_o$190
     2/8: $if_stage_i.instr_valid_id_o$189
     3/8: $if_stage_i.is_fetch_failed_o$196
     4/8: $if_stage_i.instr_valid_id_o$191
     5/8: $if_stage_i.pc_id_o$195
     6/8: $if_stage_i.illegal_c_insn_id_o$194
     7/8: $if_stage_i.is_compressed_id_o$193
     8/8: $if_stage_i.instr_rdata_id_o$192
Creating decoders for process `\cv32e40p_core.$176'.
     1/4: $if_stage_i.fetch_ready$178
     2/4: $if_stage_i.fetch_ready$179
     3/4: $if_stage_i.fetch_ready$181
     4/4: $if_stage_i.branch_req$180
Creating decoders for process `\cv32e40p_core.$164'.
     1/5: $if_stage_i.prefetch_buffer_i.instruction_obi_i.gen_no_trans_stable.obi_atop_q$174
     2/5: $if_stage_i.prefetch_buffer_i.instruction_obi_i.gen_no_trans_stable.obi_wdata_q$173
     3/5: $if_stage_i.prefetch_buffer_i.instruction_obi_i.gen_no_trans_stable.obi_be_q$172
     4/5: $if_stage_i.prefetch_buffer_i.instruction_obi_i.gen_no_trans_stable.obi_we_q$171
     5/5: $if_stage_i.prefetch_buffer_i.instruction_obi_i.gen_no_trans_stable.obi_addr_q$170
Creating decoders for process `\cv32e40p_core.$156'.
     1/6: $if_stage_i.prefetch_buffer_i.instruction_obi_i.obi_atop_o$163
     2/6: $if_stage_i.prefetch_buffer_i.instruction_obi_i.obi_wdata_o$162
     3/6: $if_stage_i.prefetch_buffer_i.instruction_obi_i.obi_be_o$161
     4/6: $if_stage_i.prefetch_buffer_i.instruction_obi_i.obi_we_o$160
     5/6: $if_stage_i.prefetch_buffer_i.instruction_obi_i.obi_addr_o$159
     6/6: $if_stage_i.prefetch_buffer_i.instruction_obi_i.obi_req_o$158
Creating decoders for process `\cv32e40p_core.$150'.
     1/3: $if_stage_i.prefetch_buffer_i.instruction_obi_i.next_state$154
     2/3: $if_stage_i.prefetch_buffer_i.instruction_obi_i.next_state$155
     3/3: $if_stage_i.prefetch_buffer_i.instruction_obi_i.next_state$153
Creating decoders for process `\cv32e40p_core.$144'.
     1/1: $if_stage_i.prefetch_buffer_i.fifo_i.mem_q$148
Creating decoders for process `\cv32e40p_core.$131'.
     1/3: $if_stage_i.prefetch_buffer_i.fifo_i.status_cnt_q$143
     2/3: $if_stage_i.prefetch_buffer_i.fifo_i.write_pointer_q$142
     3/3: $if_stage_i.prefetch_buffer_i.fifo_i.read_pointer_q$141
Creating decoders for process `\cv32e40p_core.$96'.
     1/9: $if_stage_i.prefetch_buffer_i.fifo_i.status_cnt_n$130
     2/9: $if_stage_i.prefetch_buffer_i.fifo_i.read_pointer_n$121
     3/9: $if_stage_i.prefetch_buffer_i.fifo_i.status_cnt_n$124
     4/9: $if_stage_i.prefetch_buffer_i.fifo_i.read_pointer_n$123
     5/9: $if_stage_i.prefetch_buffer_i.fifo_i.write_pointer_n$111
     6/9: $if_stage_i.prefetch_buffer_i.fifo_i.mem_n$116
     7/9: $if_stage_i.prefetch_buffer_i.fifo_i.status_cnt_n$115
     8/9: $if_stage_i.prefetch_buffer_i.fifo_i.write_pointer_n$114
     9/9: $if_stage_i.prefetch_buffer_i.fifo_i.gate_clock$113
Creating decoders for process `\cv32e40p_core.$84'.
     1/1: $if_stage_i.prefetch_buffer_i.prefetch_controller_i.trans_addr_q$90
Creating decoders for process `\cv32e40p_core.$72'.
     1/4: $if_stage_i.prefetch_buffer_i.prefetch_controller_i.next_flush_cnt$81
     2/4: $if_stage_i.prefetch_buffer_i.prefetch_controller_i.next_flush_cnt$82
     3/4: $if_stage_i.prefetch_buffer_i.prefetch_controller_i.next_flush_cnt$83
     4/4: $if_stage_i.prefetch_buffer_i.prefetch_controller_i.next_flush_cnt$77
Creating decoders for process `\cv32e40p_core.$68'.
     1/1: $if_stage_i.prefetch_buffer_i.prefetch_controller_i.next_cnt$71
Creating decoders for process `\cv32e40p_core.$45'.
     1/6: $if_stage_i.prefetch_buffer_i.prefetch_controller_i.next_state$55
     2/6: $if_stage_i.prefetch_buffer_i.prefetch_controller_i.next_state$57
     3/6: $if_stage_i.prefetch_buffer_i.prefetch_controller_i.trans_addr_o$56
     4/6: $if_stage_i.prefetch_buffer_i.prefetch_controller_i.next_state$52
     5/6: $if_stage_i.prefetch_buffer_i.prefetch_controller_i.trans_addr_o$46
     6/6: $if_stage_i.prefetch_buffer_i.prefetch_controller_i.trans_addr_o$47
Creating decoders for process `\cv32e40p_core.$27'.
     1/1: $if_stage_i.branch_addr_n$29
Creating decoders for process `\cv32e40p_core.$23'.
     1/3: $if_stage_i.exc_pc$26
     2/3: $if_stage_i.exc_vec_pc_mux$25
     3/3: $if_stage_i.trap_base_addr$24
Creating decoders for process `\cv32e40p_core.$15'.
     1/3: $sleep_unit_i.core_clock_gate_i.clk_en$18
     2/3: $20
     3/3: $19
Creating decoders for process `\cv32e40p_core.$2679'.
     1/52: $cs_registers_i.priv_lvl_n$2726
     2/52: $cs_registers_i.mcause_n$2725
     3/52: $cs_registers_i.mstatus_n[5]$2724
     4/52: $cs_registers_i.mstatus_n[3:1]$2723
     5/52: $cs_registers_i.depc_n$2722
     6/52: $cs_registers_i.dcsr_n[8:6]$2721
     7/52: $cs_registers_i.dcsr_n[1:0]$2720
     8/52: $cs_registers_i.mepc_n$2719
     9/52: $cs_registers_i.exception_pc$2718
    10/52: $cs_registers_i.priv_lvl_n$2735
    11/52: $cs_registers_i.mcause_n$2734
    12/52: $cs_registers_i.mstatus_n[5]$2733
    13/52: $cs_registers_i.mstatus_n[3:1]$2732
    14/52: $cs_registers_i.exception_pc$2731
    15/52: $cs_registers_i.depc_n$2730
    16/52: $cs_registers_i.dcsr_n[8:6]$2729
    17/52: $cs_registers_i.dcsr_n[1:0]$2728
    18/52: $cs_registers_i.mepc_n$2727
    19/52: $cs_registers_i.dscratch1_n$2701
    20/52: $cs_registers_i.dscratch0_n$2700
    21/52: $cs_registers_i.depc_n$2699
    22/52: $cs_registers_i.dcsr_n[15]$2697
    23/52: $cs_registers_i.dcsr_n[13:9]$2696
    24/52: $cs_registers_i.dcsr_n[4]$2695
    25/52: $cs_registers_i.dcsr_n[2:0]$2694
    26/52: $cs_registers_i.mcause_n$2693
    27/52: $cs_registers_i.mepc_n$2692
    28/52: $cs_registers_i.mscratch_n$2690
    29/52: $cs_registers_i.mtvec_mode_n$2689
    30/52: $cs_registers_i.mtvec_n$2688
    31/52: $cs_registers_i.mie_n$2687
    32/52: $cs_registers_i.mstatus_n$2685
    33/52: $cs_registers_i.fflags_n$2684
    34/52: $cs_registers_i.frm_n$2683
    35/52: $cs_registers_i.frm_n$2682
    36/52: $cs_registers_i.fflags_n$2681
    37/52: $cs_registers_i.mie_n$2717
    38/52: $cs_registers_i.mtvec_mode_n$2716
    39/52: $cs_registers_i.mtvec_n$2715
    40/52: $cs_registers_i.mcause_n$2714
    41/52: $cs_registers_i.mstatus_n$2713
    42/52: $cs_registers_i.mscratch_n$2712
    43/52: $cs_registers_i.dscratch1_n$2711
    44/52: $cs_registers_i.dscratch0_n$2710
    45/52: $cs_registers_i.depc_n$2709
    46/52: $cs_registers_i.dcsr_n[15]$2708
    47/52: $cs_registers_i.dcsr_n[13:9]$2707
    48/52: $cs_registers_i.dcsr_n[4]$2706
    49/52: $cs_registers_i.dcsr_n[2:0]$2705
    50/52: $cs_registers_i.mepc_n$2704
    51/52: $cs_registers_i.fflags_n$2703
    52/52: $cs_registers_i.frm_n$2702

1.9. Executing PROC_CLEAN pass (remove empty switches from decision trees).
Found and cleaned up 1 empty switch in `\cv32e40p_core.$2668'.
Removing empty process `cv32e40p_core.$2668'.
Found and cleaned up 1 empty switch in `\cv32e40p_core.$2658'.
Removing empty process `cv32e40p_core.$2658'.
Found and cleaned up 6 empty switches in `\cv32e40p_core.$3130'.
Removing empty process `cv32e40p_core.$3130'.
Found and cleaned up 1 empty switch in `\cv32e40p_core.$2651'.
Removing empty process `cv32e40p_core.$2651'.
Found and cleaned up 7 empty switches in `\cv32e40p_core.$2621'.
Removing empty process `cv32e40p_core.$2621'.
Found and cleaned up 3 empty switches in `\cv32e40p_core.$2604'.
Removing empty process `cv32e40p_core.$2604'.
Found and cleaned up 1 empty switch in `\cv32e40p_core.$2602'.
Removing empty process `cv32e40p_core.$2602'.
Found and cleaned up 17 empty switches in `\cv32e40p_core.$2584'.
Removing empty process `cv32e40p_core.$2584'.
Found and cleaned up 17 empty switches in `\cv32e40p_core.$2566'.
Removing empty process `cv32e40p_core.$2566'.
Found and cleaned up 1 empty switch in `\cv32e40p_core.$2564'.
Removing empty process `cv32e40p_core.$2564'.
Found and cleaned up 1 empty switch in `\cv32e40p_core.$2552'.
Removing empty process `cv32e40p_core.$2552'.
Found and cleaned up 1 empty switch in `\cv32e40p_core.$2550'.
Removing empty process `cv32e40p_core.$2550'.
Found and cleaned up 13 empty switches in `\cv32e40p_core.$2539'.
Removing empty process `cv32e40p_core.$2539'.
Found and cleaned up 5 empty switches in `\cv32e40p_core.$2512'.
Removing empty process `cv32e40p_core.$2512'.
Found and cleaned up 5 empty switches in `\cv32e40p_core.$2508'.
Removing empty process `cv32e40p_core.$2508'.
Found and cleaned up 3 empty switches in `\cv32e40p_core.$2458'.
Removing empty process `cv32e40p_core.$2458'.
Found and cleaned up 5 empty switches in `\cv32e40p_core.$2442'.
Removing empty process `cv32e40p_core.$2442'.
Found and cleaned up 1 empty switch in `\cv32e40p_core.$2416'.
Removing empty process `cv32e40p_core.$2416'.
Found and cleaned up 6 empty switches in `\cv32e40p_core.$3123'.
Removing empty process `cv32e40p_core.$3123'.
Found and cleaned up 7 empty switches in `\cv32e40p_core.$2386'.
Removing empty process `cv32e40p_core.$2386'.
Found and cleaned up 1 empty switch in `\cv32e40p_core.$2346'.
Removing empty process `cv32e40p_core.$2346'.
Found and cleaned up 5 empty switches in `\cv32e40p_core.$2324'.
Removing empty process `cv32e40p_core.$2324'.
Found and cleaned up 3 empty switches in `\cv32e40p_core.$2225'.
Removing empty process `cv32e40p_core.$2225'.
Found and cleaned up 9 empty switches in `\cv32e40p_core.$2152'.
Removing empty process `cv32e40p_core.$2152'.
Found and cleaned up 15 empty switches in `\cv32e40p_core.$2123'.
Removing empty process `cv32e40p_core.$2123'.
Found and cleaned up 5 empty switches in `\cv32e40p_core.$2116'.
Removing empty process `cv32e40p_core.$2116'.
Found and cleaned up 1 empty switch in `\cv32e40p_core.$2091'.
Removing empty process `cv32e40p_core.$2091'.
Found and cleaned up 1 empty switch in `\cv32e40p_core.$2073'.
Removing empty process `cv32e40p_core.$2073'.
Found and cleaned up 3 empty switches in `\cv32e40p_core.$2054'.
Removing empty process `cv32e40p_core.$2054'.
Found and cleaned up 1 empty switch in `\cv32e40p_core.$2050'.
Removing empty process `cv32e40p_core.$2050'.
Found and cleaned up 1 empty switch in `\cv32e40p_core.$2034'.
Removing empty process `cv32e40p_core.$2034'.
Found and cleaned up 1 empty switch in `\cv32e40p_core.$1981'.
Removing empty process `cv32e40p_core.$1981'.
Found and cleaned up 5 empty switches in `\cv32e40p_core.$1952'.
Removing empty process `cv32e40p_core.$1952'.
Found and cleaned up 5 empty switches in `\cv32e40p_core.$1919'.
Removing empty process `cv32e40p_core.$1919'.
Found and cleaned up 9 empty switches in `\cv32e40p_core.$1904'.
Removing empty process `cv32e40p_core.$1904'.
Found and cleaned up 6 empty switches in `\cv32e40p_core.$3116'.
Removing empty process `cv32e40p_core.$3116'.
Found and cleaned up 29 empty switches in `\cv32e40p_core.$1650'.
Removing empty process `cv32e40p_core.$1650'.
Found and cleaned up 63 empty switches in `\cv32e40p_core.$1617'.
Removing empty process `cv32e40p_core.$1617'.
Found and cleaned up 3 empty switches in `\cv32e40p_core.$2863'.
Removing empty process `cv32e40p_core.$2863'.
Found and cleaned up 9 empty switches in `\cv32e40p_core.$1599'.
Removing empty process `cv32e40p_core.$1599'.
Found and cleaned up 3 empty switches in `\cv32e40p_core.$2762'.
Removing empty process `cv32e40p_core.$2762'.
Found and cleaned up 3 empty switches in `\cv32e40p_core.$1591'.
Removing empty process `cv32e40p_core.$1591'.
Removing empty process `cv32e40p_core.$2750'.
Found and cleaned up 19 empty switches in `\cv32e40p_core.$1549'.
Removing empty process `cv32e40p_core.$1549'.
Found and cleaned up 7 empty switches in `\cv32e40p_core.$1506'.
Removing empty process `cv32e40p_core.$1506'.
Found and cleaned up 103 empty switches in `\cv32e40p_core.$1080'.
Removing empty process `cv32e40p_core.$1080'.
Found and cleaned up 69 empty switches in `\cv32e40p_core.$793'.
Removing empty process `cv32e40p_core.$793'.
Found and cleaned up 3 empty switches in `\cv32e40p_core.$786'.
Removing empty process `cv32e40p_core.$786'.
Found and cleaned up 3 empty switches in `\cv32e40p_core.$779'.
Removing empty process `cv32e40p_core.$779'.
Found and cleaned up 3 empty switches in `\cv32e40p_core.$772'.
Removing empty process `cv32e40p_core.$772'.
Found and cleaned up 3 empty switches in `\cv32e40p_core.$765'.
Removing empty process `cv32e40p_core.$765'.
Found and cleaned up 3 empty switches in `\cv32e40p_core.$758'.
Removing empty process `cv32e40p_core.$758'.
Found and cleaned up 3 empty switches in `\cv32e40p_core.$751'.
Removing empty process `cv32e40p_core.$751'.
Found and cleaned up 3 empty switches in `\cv32e40p_core.$744'.
Removing empty process `cv32e40p_core.$744'.
Found and cleaned up 3 empty switches in `\cv32e40p_core.$737'.
Removing empty process `cv32e40p_core.$737'.
Found and cleaned up 3 empty switches in `\cv32e40p_core.$730'.
Removing empty process `cv32e40p_core.$730'.
Found and cleaned up 3 empty switches in `\cv32e40p_core.$723'.
Removing empty process `cv32e40p_core.$723'.
Found and cleaned up 3 empty switches in `\cv32e40p_core.$716'.
Removing empty process `cv32e40p_core.$716'.
Found and cleaned up 3 empty switches in `\cv32e40p_core.$709'.
Removing empty process `cv32e40p_core.$709'.
Found and cleaned up 3 empty switches in `\cv32e40p_core.$702'.
Removing empty process `cv32e40p_core.$702'.
Found and cleaned up 3 empty switches in `\cv32e40p_core.$695'.
Removing empty process `cv32e40p_core.$695'.
Found and cleaned up 3 empty switches in `\cv32e40p_core.$688'.
Removing empty process `cv32e40p_core.$688'.
Found and cleaned up 3 empty switches in `\cv32e40p_core.$681'.
Removing empty process `cv32e40p_core.$681'.
Found and cleaned up 3 empty switches in `\cv32e40p_core.$674'.
Removing empty process `cv32e40p_core.$674'.
Found and cleaned up 3 empty switches in `\cv32e40p_core.$667'.
Removing empty process `cv32e40p_core.$667'.
Found and cleaned up 3 empty switches in `\cv32e40p_core.$660'.
Removing empty process `cv32e40p_core.$660'.
Found and cleaned up 3 empty switches in `\cv32e40p_core.$653'.
Removing empty process `cv32e40p_core.$653'.
Found and cleaned up 3 empty switches in `\cv32e40p_core.$646'.
Removing empty process `cv32e40p_core.$646'.
Found and cleaned up 3 empty switches in `\cv32e40p_core.$639'.
Removing empty process `cv32e40p_core.$639'.
Found and cleaned up 3 empty switches in `\cv32e40p_core.$632'.
Removing empty process `cv32e40p_core.$632'.
Found and cleaned up 3 empty switches in `\cv32e40p_core.$625'.
Removing empty process `cv32e40p_core.$625'.
Found and cleaned up 3 empty switches in `\cv32e40p_core.$618'.
Removing empty process `cv32e40p_core.$618'.
Found and cleaned up 3 empty switches in `\cv32e40p_core.$611'.
Removing empty process `cv32e40p_core.$611'.
Found and cleaned up 3 empty switches in `\cv32e40p_core.$604'.
Removing empty process `cv32e40p_core.$604'.
Found and cleaned up 3 empty switches in `\cv32e40p_core.$597'.
Removing empty process `cv32e40p_core.$597'.
Found and cleaned up 3 empty switches in `\cv32e40p_core.$590'.
Removing empty process `cv32e40p_core.$590'.
Found and cleaned up 3 empty switches in `\cv32e40p_core.$583'.
Removing empty process `cv32e40p_core.$583'.
Found and cleaned up 3 empty switches in `\cv32e40p_core.$576'.
Removing empty process `cv32e40p_core.$576'.
Found and cleaned up 1 empty switch in `\cv32e40p_core.$2736'.
Removing empty process `cv32e40p_core.$2736'.
Found and cleaned up 1 empty switch in `\cv32e40p_core.$430'.
Removing empty process `cv32e40p_core.$430'.
Found and cleaned up 1 empty switch in `\cv32e40p_core.$428'.
Removing empty process `cv32e40p_core.$428'.
Found and cleaned up 1 empty switch in `\cv32e40p_core.$426'.
Removing empty process `cv32e40p_core.$426'.
Found and cleaned up 1 empty switch in `\cv32e40p_core.$424'.
Removing empty process `cv32e40p_core.$424'.
Found and cleaned up 1 empty switch in `\cv32e40p_core.$422'.
Removing empty process `cv32e40p_core.$422'.
Found and cleaned up 1 empty switch in `\cv32e40p_core.$420'.
Removing empty process `cv32e40p_core.$420'.
Found and cleaned up 1 empty switch in `\cv32e40p_core.$415'.
Removing empty process `cv32e40p_core.$415'.
Found and cleaned up 1 empty switch in `\cv32e40p_core.$413'.
Removing empty process `cv32e40p_core.$413'.
Found and cleaned up 1 empty switch in `\cv32e40p_core.$411'.
Removing empty process `cv32e40p_core.$411'.
Found and cleaned up 1 empty switch in `\cv32e40p_core.$405'.
Removing empty process `cv32e40p_core.$405'.
Found and cleaned up 1 empty switch in `\cv32e40p_core.$403'.
Removing empty process `cv32e40p_core.$403'.
Found and cleaned up 1 empty switch in `\cv32e40p_core.$400'.
Removing empty process `cv32e40p_core.$400'.
Found and cleaned up 1 empty switch in `\cv32e40p_core.$398'.
Removing empty process `cv32e40p_core.$398'.
Found and cleaned up 1 empty switch in `\cv32e40p_core.$396'.
Removing empty process `cv32e40p_core.$396'.
Found and cleaned up 1 empty switch in `\cv32e40p_core.$394'.
Removing empty process `cv32e40p_core.$394'.
Found and cleaned up 1 empty switch in `\cv32e40p_core.$388'.
Removing empty process `cv32e40p_core.$388'.
Found and cleaned up 1 empty switch in `\cv32e40p_core.$332'.
Removing empty process `cv32e40p_core.$332'.
Found and cleaned up 45 empty switches in `\cv32e40p_core.$264'.
Removing empty process `cv32e40p_core.$264'.
Found and cleaned up 13 empty switches in `\cv32e40p_core.$213'.
Removing empty process `cv32e40p_core.$213'.
Found and cleaned up 3 empty switches in `\cv32e40p_core.$202'.
Removing empty process `cv32e40p_core.$202'.
Found and cleaned up 3 empty switches in `\cv32e40p_core.$185'.
Removing empty process `cv32e40p_core.$185'.
Found and cleaned up 5 empty switches in `\cv32e40p_core.$176'.
Removing empty process `cv32e40p_core.$176'.
Found and cleaned up 1 empty switch in `\cv32e40p_core.$164'.
Removing empty process `cv32e40p_core.$164'.
Found and cleaned up 1 empty switch in `\cv32e40p_core.$156'.
Removing empty process `cv32e40p_core.$156'.
Found and cleaned up 5 empty switches in `\cv32e40p_core.$150'.
Removing empty process `cv32e40p_core.$150'.
Found and cleaned up 1 empty switch in `\cv32e40p_core.$144'.
Removing empty process `cv32e40p_core.$144'.
Found and cleaned up 1 empty switch in `\cv32e40p_core.$131'.
Removing empty process `cv32e40p_core.$131'.
Found and cleaned up 9 empty switches in `\cv32e40p_core.$96'.
Removing empty process `cv32e40p_core.$96'.
Found and cleaned up 1 empty switch in `\cv32e40p_core.$84'.
Removing empty process `cv32e40p_core.$84'.
Found and cleaned up 7 empty switches in `\cv32e40p_core.$72'.
Removing empty process `cv32e40p_core.$72'.
Found and cleaned up 1 empty switch in `\cv32e40p_core.$68'.
Removing empty process `cv32e40p_core.$68'.
Found and cleaned up 9 empty switches in `\cv32e40p_core.$45'.
Removing empty process `cv32e40p_core.$45'.
Found and cleaned up 1 empty switch in `\cv32e40p_core.$27'.
Removing empty process `cv32e40p_core.$27'.
Found and cleaned up 5 empty switches in `\cv32e40p_core.$23'.
Removing empty process `cv32e40p_core.$23'.
Found and cleaned up 1 empty switch in `\cv32e40p_core.$15'.
Removing empty process `cv32e40p_core.$15'.
Found and cleaned up 33 empty switches in `\cv32e40p_core.$2679'.
Removing empty process `cv32e40p_core.$2679'.
Cleaned up 737 empty switches.

1.10. Executing OPT_EXPR pass (perform const folding).
Optimizing module cv32e40p_core.
Couldn't topologically sort cells, optimizing module cv32e40p_core may take a longer time.
<suppressed ~1186 debug messages>

2. Executing HIERARCHY pass (managing design hierarchy).

2.1. Analyzing design hierarchy..
Top module:  \cv32e40p_core

2.2. Analyzing design hierarchy..
Top module:  \cv32e40p_core
Removed 0 unused modules.

3. Executing SYNTH pass.

3.1. Executing HIERARCHY pass (managing design hierarchy).

3.1.1. Analyzing design hierarchy..
Top module:  \cv32e40p_core

3.1.2. Analyzing design hierarchy..
Top module:  \cv32e40p_core
Removed 0 unused modules.

3.2. Executing PROC pass (convert processes to netlists).

3.2.1. Executing PROC_CLEAN pass (remove empty switches from decision trees).
Cleaned up 0 empty switches.

3.2.2. Executing PROC_RMDEAD pass (remove dead branches from decision trees).
Removed a total of 0 dead cases.

3.2.3. Executing PROC_PRUNE pass (remove redundant assignments in processes).
Removed 0 redundant assignments.
Promoted 0 assignments to connections.

3.2.4. Executing PROC_INIT pass (extract init attributes).

3.2.5. Executing PROC_ARST pass (detect async resets in processes).

3.2.6. Executing PROC_ROM pass (convert switches to ROMs).
Converted 0 switches.

3.2.7. Executing PROC_MUX pass (convert decision trees to multiplexers).

3.2.8. Executing PROC_DLATCH pass (convert process syncs to latches).

3.2.9. Executing PROC_DFF pass (convert process syncs to FFs).

3.2.10. Executing PROC_MEMWR pass (convert process memory writes to cells).

3.2.11. Executing PROC_CLEAN pass (remove empty switches from decision trees).
Cleaned up 0 empty switches.

3.2.12. Executing OPT_EXPR pass (perform const folding).
Optimizing module cv32e40p_core.

3.3. Executing FLATTEN pass (flatten design).

3.4. Executing OPT_EXPR pass (perform const folding).
Optimizing module cv32e40p_core.

3.5. Executing OPT_CLEAN pass (remove unused cells and wires).
Finding unused cells or wires in module \cv32e40p_core..
Removed 835 unused cells and 6428 unused wires.
<suppressed ~895 debug messages>

3.6. Executing CHECK pass (checking for obvious problems).
Checking module cv32e40p_core...
Found and reported 0 problems.

3.7. Executing OPT pass (performing simple optimizations).

3.7.1. Executing OPT_EXPR pass (perform const folding).
Optimizing module cv32e40p_core.

3.7.2. Executing OPT_MERGE pass (detect identical cells).
Finding identical cells in module `\cv32e40p_core'.
<suppressed ~5535 debug messages>
Removed a total of 1845 cells.

3.7.3. Executing OPT_MUXTREE pass (detect dead branches in mux trees).
Running muxtree optimizer on module \cv32e40p_core..
  Creating internal representation of mux trees.
  Evaluating internal representation of mux trees.
      Replacing known input bits on port A of cell $procmux$17885: \if_stage_i.prefetch_buffer_i.instruction_obi_i.state_q -> 1'1
      Replacing known input bits on port A of cell $procmux$17895: \if_stage_i.prefetch_buffer_i.instruction_obi_i.state_q -> 1'0
      Replacing known input bits on port A of cell $procmux$17978: \if_stage_i.prefetch_buffer_i.prefetch_controller_i.state_q -> 1'1
      Replacing known input bits on port A of cell $procmux$17994: \if_stage_i.prefetch_buffer_i.prefetch_controller_i.state_q -> 1'0
      Replacing known input bits on port A of cell $procmux$618: { \id_stage_i.alu_operand_a_ex_o [0] \id_stage_i.alu_operand_a_ex_o [1] \id_stage_i.alu_operand_a_ex_o [2] \id_stage_i.alu_operand_a_ex_o [3] \id_stage_i.alu_operand_a_ex_o [4] \id_stage_i.alu_operand_a_ex_o [5] \id_stage_i.alu_operand_a_ex_o [6] \id_stage_i.alu_operand_a_ex_o [7] \id_stage_i.alu_operand_a_ex_o [8] \id_stage_i.alu_operand_a_ex_o [9] \id_stage_i.alu_operand_a_ex_o [10] \id_stage_i.alu_operand_a_ex_o [11] \id_stage_i.alu_operand_a_ex_o [12] \id_stage_i.alu_operand_a_ex_o [13] \id_stage_i.alu_operand_a_ex_o [14] \id_stage_i.alu_operand_a_ex_o [15] \id_stage_i.alu_operand_a_ex_o [16] \id_stage_i.alu_operand_a_ex_o [17] \id_stage_i.alu_operand_a_ex_o [18] \id_stage_i.alu_operand_a_ex_o [19] \id_stage_i.alu_operand_a_ex_o [20] \id_stage_i.alu_operand_a_ex_o [21] \id_stage_i.alu_operand_a_ex_o [22] \id_stage_i.alu_operand_a_ex_o [23] \id_stage_i.alu_operand_a_ex_o [24] \id_stage_i.alu_operand_a_ex_o [25] \id_stage_i.alu_operand_a_ex_o [26] \id_stage_i.alu_operand_a_ex_o [27] \id_stage_i.alu_operand_a_ex_o [28] \id_stage_i.alu_operand_a_ex_o [29] \id_stage_i.alu_operand_a_ex_o [30] \id_stage_i.alu_operand_a_ex_o [31] } -> { \id_stage_i.alu_operand_a_ex_o [0] \id_stage_i.alu_operand_a_ex_o [1] \id_stage_i.alu_operand_a_ex_o [2] \id_stage_i.alu_operand_a_ex_o [3] \id_stage_i.alu_operand_a_ex_o [4] \id_stage_i.alu_operand_a_ex_o [5] \id_stage_i.alu_operand_a_ex_o [6] \id_stage_i.alu_operand_a_ex_o [7] \id_stage_i.alu_operand_a_ex_o [8] \id_stage_i.alu_operand_a_ex_o [9] \id_stage_i.alu_operand_a_ex_o [10] \id_stage_i.alu_operand_a_ex_o [11] \id_stage_i.alu_operand_a_ex_o [12] \id_stage_i.alu_operand_a_ex_o [13] \id_stage_i.alu_operand_a_ex_o [14] \id_stage_i.alu_operand_a_ex_o [15] \id_stage_i.alu_operand_a_ex_o [16] \id_stage_i.alu_operand_a_ex_o [17] \id_stage_i.alu_operand_a_ex_o [18] \id_stage_i.alu_operand_a_ex_o [19] \id_stage_i.alu_operand_a_ex_o [20] \id_stage_i.alu_operand_a_ex_o [21] \id_stage_i.alu_operand_a_ex_o [22] \id_stage_i.alu_operand_a_ex_o [23] \id_stage_i.alu_operand_a_ex_o [24] \id_stage_i.alu_operand_a_ex_o [25] \id_stage_i.alu_operand_a_ex_o [26] \id_stage_i.alu_operand_a_ex_o [27] \id_stage_i.alu_operand_a_ex_o [28] \id_stage_i.alu_operand_a_ex_o [29] \id_stage_i.alu_operand_a_ex_o [30] 1'0 }
      Replacing known input bits on port A of cell $procmux$5345: \id_stage_i.controller_i.illegal_insn_q -> 1'0
  Analyzing evaluation results.
    dead port 1/2 on $mux $procmux$12228.
    dead port 2/2 on $mux $procmux$12230.
    dead port 2/2 on $mux $procmux$12245.
    dead port 1/2 on $mux $procmux$12248.
    dead port 2/2 on $mux $procmux$12250.
    dead port 1/2 on $mux $procmux$1226.
    dead port 2/2 on $mux $procmux$12268.
    dead port 1/2 on $mux $procmux$12271.
    dead port 2/2 on $mux $procmux$12273.
    dead port 1/2 on $mux $procmux$1229.
    dead port 2/2 on $mux $procmux$12290.
    dead port 1/2 on $mux $procmux$12293.
    dead port 2/2 on $mux $procmux$12295.
    dead port 2/2 on $mux $procmux$123.
    dead port 2/2 on $mux $procmux$12100.
    dead port 1/2 on $mux $procmux$12319.
    dead port 2/2 on $mux $procmux$12321.
    dead port 1/2 on $mux $135.
    dead port 2/2 on $mux $135.
    dead port 1/2 on $mux $138.
    dead port 2/2 on $mux $138.
    dead port 1/2 on $mux $140.
    dead port 2/2 on $mux $140.
    dead port 1/2 on $mux $procmux$12338.
    dead port 2/2 on $mux $procmux$12340.
    dead port 1/2 on $mux $procmux$12348.
    dead port 2/2 on $mux $procmux$12350.
    dead port 1/2 on $mux $procmux$1237.
    dead port 1/2 on $mux $procmux$12374.
    dead port 2/2 on $mux $procmux$12376.
    dead port 1/2 on $mux $procmux$12384.
    dead port 2/2 on $mux $procmux$12386.
    dead port 1/2 on $mux $procmux$12394.
    dead port 2/2 on $mux $procmux$12396.
    dead port 1/2 on $mux $procmux$1240.
    dead port 2/2 on $mux $procmux$12405.
    dead port 2/2 on $mux $procmux$12414.
    dead port 2/2 on $mux $procmux$12423.
    dead port 2/2 on $mux $procmux$12432.
    dead port 2/2 on $mux $procmux$12434.
    dead port 2/2 on $mux $procmux$12442.
    dead port 2/2 on $mux $procmux$12444.
    dead port 2/2 on $mux $procmux$12446.
    dead port 2/2 on $mux $procmux$12448.
    dead port 2/2 on $mux $procmux$12457.
    dead port 2/2 on $mux $procmux$12459.
    dead port 2/2 on $mux $procmux$12461.
    dead port 2/2 on $mux $procmux$12463.
    dead port 2/2 on $mux $procmux$12472.
    dead port 2/2 on $mux $procmux$12474.
    dead port 2/2 on $mux $procmux$12476.
    dead port 2/2 on $mux $procmux$12478.
    dead port 1/2 on $mux $procmux$1248.
    dead port 2/2 on $mux $procmux$12488.
    dead port 2/2 on $mux $procmux$12490.
    dead port 2/2 on $mux $procmux$12492.
    dead port 2/2 on $mux $procmux$12502.
    dead port 2/2 on $mux $procmux$12504.
    dead port 2/2 on $mux $procmux$12506.
    dead port 1/2 on $mux $procmux$1251.
    dead port 2/2 on $mux $procmux$12516.
    dead port 2/2 on $mux $procmux$12518.
    dead port 2/2 on $mux $procmux$12520.
    dead port 2/2 on $mux $procmux$12530.
    dead port 2/2 on $mux $procmux$12532.
    dead port 2/2 on $mux $procmux$12534.
    dead port 2/2 on $mux $procmux$12548.
    dead port 2/2 on $mux $procmux$12550.
    dead port 2/2 on $mux $procmux$12552.
    dead port 2/2 on $mux $procmux$12562.
    dead port 2/2 on $mux $procmux$12564.
    dead port 2/2 on $mux $procmux$12566.
    dead port 2/2 on $mux $procmux$12577.
    dead port 2/2 on $mux $procmux$12579.
    dead port 2/2 on $mux $procmux$12581.
    dead port 1/2 on $mux $procmux$1259.
    dead port 2/2 on $mux $procmux$12593.
    dead port 2/2 on $mux $procmux$12595.
    dead port 2/2 on $mux $procmux$12597.
    dead port 2/2 on $mux $procmux$12607.
    dead port 2/2 on $mux $procmux$12609.
    dead port 2/2 on $mux $procmux$12611.
    dead port 1/2 on $mux $procmux$1262.
    dead port 2/2 on $mux $procmux$12624.
    dead port 2/2 on $mux $procmux$12626.
    dead port 2/2 on $mux $procmux$12628.
    dead port 2/2 on $mux $procmux$12640.
    dead port 2/2 on $mux $procmux$12642.
    dead port 2/2 on $mux $procmux$12644.
    dead port 2/2 on $mux $procmux$12657.
    dead port 2/2 on $mux $procmux$12659.
    dead port 2/2 on $mux $procmux$12661.
    dead port 2/2 on $mux $procmux$12674.
    dead port 2/2 on $mux $procmux$12676.
    dead port 2/2 on $mux $procmux$12678.
    dead port 2/2 on $mux $procmux$12687.
    dead port 2/2 on $mux $procmux$12689.
    dead port 2/2 on $mux $procmux$12698.
    dead port 1/2 on $mux $procmux$1270.
    dead port 2/2 on $mux $procmux$12700.
    dead port 2/2 on $mux $procmux$12709.
    dead port 2/2 on $mux $procmux$12711.
    dead port 2/2 on $mux $procmux$12720.
    dead port 2/2 on $mux $procmux$12722.
    dead port 1/2 on $mux $procmux$1273.
    dead port 2/2 on $mux $procmux$12731.
    dead port 2/2 on $mux $procmux$12733.
    dead port 2/2 on $mux $procmux$12742.
    dead port 2/2 on $mux $procmux$12744.
    dead port 2/2 on $mux $procmux$12753.
    dead port 2/2 on $mux $procmux$12755.
    dead port 2/2 on $mux $procmux$12764.
    dead port 2/2 on $mux $procmux$12766.
    dead port 2/2 on $mux $procmux$12775.
    dead port 2/2 on $mux $procmux$12777.
    dead port 2/2 on $mux $procmux$12786.
    dead port 2/2 on $mux $procmux$12788.
    dead port 2/2 on $mux $procmux$12797.
    dead port 2/2 on $mux $procmux$12799.
    dead port 2/2 on $mux $procmux$12808.
    dead port 1/2 on $mux $procmux$1281.
    dead port 2/2 on $mux $procmux$12810.
    dead port 2/2 on $mux $procmux$12818.
    dead port 2/2 on $mux $procmux$12834.
    dead port 1/2 on $mux $procmux$1284.
    dead port 2/2 on $mux $procmux$12842.
    dead port 2/2 on $mux $procmux$12850.
    dead port 2/2 on $mux $procmux$12858.
    dead port 2/2 on $mux $procmux$12866.
    dead port 2/2 on $mux $procmux$12874.
    dead port 2/2 on $mux $procmux$12882.
    dead port 2/2 on $mux $procmux$12890.
    dead port 2/2 on $mux $procmux$12898.
    dead port 2/2 on $mux $procmux$1290.
    dead port 2/2 on $mux $procmux$12906.
    dead port 2/2 on $mux $procmux$12914.
    dead port 2/2 on $mux $procmux$12922.
    dead port 1/2 on $mux $procmux$1293.
    dead port 2/2 on $mux $procmux$12930.
    dead port 2/2 on $mux $procmux$12938.
    dead port 2/2 on $mux $procmux$12946.
    dead port 2/2 on $mux $procmux$12954.
    dead port 1/2 on $mux $procmux$1296.
    dead port 2/2 on $mux $procmux$12963.
    dead port 2/2 on $mux $procmux$12972.
    dead port 2/2 on $mux $procmux$12978.
    dead port 2/2 on $mux $procmux$12985.
    dead port 2/2 on $mux $procmux$12993.
    dead port 1/2 on $mux $procmux$130.
    dead port 2/2 on $mux $procmux$13002.
    dead port 2/2 on $mux $procmux$13012.
    dead port 2/2 on $mux $procmux$13023.
    dead port 2/2 on $mux $procmux$13036.
    dead port 1/2 on $mux $procmux$13039.
    dead port 1/2 on $mux $procmux$13042.
    dead port 2/2 on $mux $procmux$13044.
    dead port 2/2 on $mux $procmux$13058.
    dead port 1/2 on $mux $procmux$13061.
    dead port 1/2 on $mux $procmux$13064.
    dead port 2/2 on $mux $procmux$13066.
    dead port 2/2 on $mux $procmux$13081.
    dead port 1/2 on $mux $procmux$13084.
    dead port 1/2 on $mux $procmux$13087.
    dead port 2/2 on $mux $procmux$13089.
    dead port 2/2 on $mux $procmux$13105.
    dead port 1/2 on $mux $procmux$13108.
    dead port 1/2 on $mux $procmux$13111.
    dead port 2/2 on $mux $procmux$13113.
    dead port 2/2 on $mux $procmux$13130.
    dead port 1/2 on $mux $procmux$13133.
    dead port 1/2 on $mux $procmux$13136.
    dead port 2/2 on $mux $procmux$13138.
    dead port 2/2 on $mux $procmux$13156.
    dead port 1/2 on $mux $procmux$13159.
    dead port 1/2 on $mux $procmux$13162.
    dead port 2/2 on $mux $procmux$13164.
    dead port 2/2 on $mux $procmux$13183.
    dead port 1/2 on $mux $procmux$13186.
    dead port 1/2 on $mux $procmux$13189.
    dead port 2/2 on $mux $procmux$13191.
    dead port 2/2 on $mux $procmux$132.
    dead port 2/2 on $mux $procmux$13211.
    dead port 1/2 on $mux $procmux$13214.
    dead port 1/2 on $mux $procmux$13217.
    dead port 2/2 on $mux $procmux$13219.
    dead port 2/2 on $mux $procmux$13240.
    dead port 1/2 on $mux $procmux$13243.
    dead port 1/2 on $mux $procmux$13246.
    dead port 2/2 on $mux $procmux$13248.
    dead port 2/2 on $mux $procmux$1327.
    dead port 2/2 on $mux $procmux$13270.
    dead port 1/2 on $mux $procmux$13273.
    dead port 1/2 on $mux $procmux$13276.
    dead port 2/2 on $mux $procmux$13278.
    dead port 1/2 on $mux $procmux$1330.
    dead port 2/2 on $mux $procmux$13301.
    dead port 1/2 on $mux $procmux$13304.
    dead port 1/2 on $mux $procmux$13307.
    dead port 2/2 on $mux $procmux$13309.
    dead port 1/2 on $mux $procmux$1333.
    dead port 2/2 on $mux $procmux$13333.
    dead port 1/2 on $mux $procmux$13336.
    dead port 1/2 on $mux $procmux$13339.
    dead port 2/2 on $mux $procmux$13341.
    dead port 2/2 on $mux $procmux$13366.
    dead port 1/2 on $mux $procmux$13369.
    dead port 1/2 on $mux $procmux$13372.
    dead port 2/2 on $mux $procmux$13374.
    dead port 2/2 on $mux $procmux$1340.
    dead port 2/2 on $mux $procmux$13400.
    dead port 1/2 on $mux $procmux$13403.
    dead port 1/2 on $mux $procmux$13406.
    dead port 2/2 on $mux $procmux$13408.
    dead port 1/2 on $mux $procmux$1343.
    dead port 2/2 on $mux $procmux$13435.
    dead port 1/2 on $mux $procmux$13438.
    dead port 1/2 on $mux $procmux$13441.
    dead port 2/2 on $mux $procmux$13443.
    dead port 1/2 on $mux $procmux$1346.
    dead port 2/2 on $mux $procmux$13471.
    dead port 1/2 on $mux $procmux$13474.
    dead port 1/2 on $mux $procmux$13477.
    dead port 2/2 on $mux $procmux$13479.
    dead port 2/2 on $mux $procmux$13508.
    dead port 1/2 on $mux $procmux$13511.
    dead port 1/2 on $mux $procmux$13514.
    dead port 2/2 on $mux $procmux$13516.
    dead port 2/2 on $mux $procmux$1353.
    dead port 2/2 on $mux $procmux$13546.
    dead port 1/2 on $mux $procmux$13549.
    dead port 1/2 on $mux $procmux$13552.
    dead port 2/2 on $mux $procmux$13554.
    dead port 1/2 on $mux $procmux$1356.
    dead port 2/2 on $mux $procmux$13585.
    dead port 1/2 on $mux $procmux$13588.
    dead port 1/2 on $mux $procmux$1359.
    dead port 1/2 on $mux $procmux$13591.
    dead port 2/2 on $mux $procmux$13593.
    dead port 2/2 on $mux $procmux$13625.
    dead port 1/2 on $mux $procmux$13628.
    dead port 1/2 on $mux $procmux$13631.
    dead port 2/2 on $mux $procmux$13633.
    dead port 2/2 on $mux $procmux$1366.
    dead port 2/2 on $mux $procmux$13666.
    dead port 1/2 on $mux $procmux$13669.
    dead port 1/2 on $mux $procmux$13672.
    dead port 2/2 on $mux $procmux$13674.
    dead port 1/2 on $mux $procmux$1369.
    dead port 2/2 on $mux $procmux$13708.
    dead port 1/2 on $mux $procmux$13711.
    dead port 1/2 on $mux $procmux$13714.
    dead port 2/2 on $mux $procmux$13716.
    dead port 1/2 on $mux $procmux$1372.
    dead port 1/2 on $mux $procmux$13762.
    dead port 1/2 on $mux $procmux$13765.
    dead port 2/2 on $mux $procmux$13767.
    dead port 2/2 on $mux $procmux$1378.
    dead port 1/2 on $mux $procmux$1381.
    dead port 1/2 on $mux $procmux$13813.
    dead port 1/2 on $mux $procmux$13816.
    dead port 2/2 on $mux $procmux$13818.
    dead port 1/2 on $mux $procmux$1384.
    dead port 1/2 on $mux $procmux$13863.
    dead port 1/2 on $mux $procmux$13866.
    dead port 2/2 on $mux $procmux$13868.
    dead port 2/2 on $mux $procmux$139.
    dead port 2/2 on $mux $procmux$1390.
    dead port 1/2 on $mux $procmux$13914.
    dead port 1/2 on $mux $procmux$13917.
    dead port 2/2 on $mux $procmux$13919.
    dead port 1/2 on $mux $procmux$1393.
    dead port 1/2 on $mux $procmux$1396.
    dead port 1/2 on $mux $procmux$13974.
    dead port 1/2 on $mux $procmux$13977.
    dead port 2/2 on $mux $procmux$13979.
    dead port 1/2 on $mux $procmux$14021.
    dead port 1/2 on $mux $procmux$14024.
    dead port 2/2 on $mux $procmux$14026.
    dead port 1/2 on $mux $procmux$14068.
    dead port 1/2 on $mux $procmux$14071.
    dead port 2/2 on $mux $procmux$14073.
    dead port 1/2 on $mux $procmux$14124.
    dead port 1/2 on $mux $procmux$14127.
    dead port 2/2 on $mux $procmux$14129.
    dead port 2/2 on $mux $procmux$1414.
    dead port 1/2 on $mux $procmux$1417.
    dead port 1/2 on $mux $procmux$14174.
    dead port 1/2 on $mux $procmux$14177.
    dead port 2/2 on $mux $procmux$14179.
    dead port 1/2 on $mux $procmux$1420.
    dead port 1/2 on $mux $procmux$14221.
    dead port 1/2 on $mux $procmux$14224.
    dead port 2/2 on $mux $procmux$14226.
    dead port 1/2 on $mux $procmux$14282.
    dead port 1/2 on $mux $procmux$14285.
    dead port 2/2 on $mux $procmux$14287.
    dead port 1/2 on $mux $procmux$14302.
    dead port 1/2 on $mux $procmux$14305.
    dead port 2/2 on $mux $procmux$14307.
    dead port 1/2 on $mux $procmux$14325.
    dead port 2/2 on $mux $procmux$14327.
    dead port 1/2 on $mux $procmux$14341.
    dead port 2/2 on $mux $procmux$14343.
    dead port 1/2 on $mux $procmux$14346.
    dead port 2/2 on $mux $procmux$14348.
    dead port 2/2 on $mux $procmux$14364.
    dead port 1/2 on $mux $procmux$14367.
    dead port 2/2 on $mux $procmux$14369.
    dead port 2/2 on $mux $procmux$1438.
    dead port 2/2 on $mux $procmux$14383.
    dead port 2/2 on $mux $procmux$14385.
    dead port 1/2 on $mux $procmux$14388.
    dead port 2/2 on $mux $procmux$14390.
    dead port 1/2 on $mux $procmux$14407.
    dead port 2/2 on $mux $procmux$14409.
    dead port 1/2 on $mux $procmux$1441.
    dead port 1/2 on $mux $procmux$14426.
    dead port 2/2 on $mux $procmux$14428.
    dead port 1/2 on $mux $procmux$1444.
    dead port 1/2 on $mux $procmux$14445.
    dead port 2/2 on $mux $procmux$14447.
    dead port 1/2 on $mux $procmux$14464.
    dead port 2/2 on $mux $procmux$14466.
    dead port 1/2 on $mux $procmux$14483.
    dead port 2/2 on $mux $procmux$14485.
    dead port 1/2 on $mux $procmux$14502.
    dead port 2/2 on $mux $procmux$14504.
    dead port 1/2 on $mux $procmux$14521.
    dead port 2/2 on $mux $procmux$14523.
    dead port 1/2 on $mux $procmux$14540.
    dead port 2/2 on $mux $procmux$14542.
    dead port 1/2 on $mux $procmux$14559.
    dead port 2/2 on $mux $procmux$14561.
    dead port 1/2 on $mux $procmux$14578.
    dead port 2/2 on $mux $procmux$14580.
    dead port 1/2 on $mux $procmux$14597.
    dead port 2/2 on $mux $procmux$14599.
    dead port 1/2 on $mux $procmux$14616.
    dead port 2/2 on $mux $procmux$14618.
    dead port 2/2 on $mux $procmux$1462.
    dead port 2/2 on $mux $procmux$14634.
    dead port 2/2 on $mux $procmux$14647.
    dead port 2/2 on $mux $procmux$14649.
    dead port 1/2 on $mux $procmux$1465.
    dead port 2/2 on $mux $procmux$14665.
    dead port 1/2 on $mux $procmux$1468.
    dead port 2/2 on $mux $procmux$14681.
    dead port 2/2 on $mux $procmux$14697.
    dead port 1/2 on $mux $procmux$147.
    dead port 2/2 on $mux $procmux$14713.
    dead port 2/2 on $mux $procmux$14729.
    dead port 2/2 on $mux $procmux$1474.
    dead port 2/2 on $mux $procmux$14745.
    dead port 2/2 on $mux $procmux$14761.
    dead port 1/2 on $mux $procmux$1477.
    dead port 2/2 on $mux $procmux$14777.
    dead port 2/2 on $mux $procmux$14793.
    dead port 1/2 on $mux $procmux$1480.
    dead port 2/2 on $mux $procmux$14809.
    dead port 2/2 on $mux $procmux$14825.
    dead port 2/2 on $mux $procmux$14841.
    dead port 1/2 on $mux $procmux$14858.
    dead port 2/2 on $mux $procmux$1486.
    dead port 2/2 on $mux $procmux$14860.
    dead port 2/2 on $mux $procmux$14862.
    dead port 1/2 on $mux $procmux$14879.
    dead port 2/2 on $mux $procmux$14881.
    dead port 2/2 on $mux $procmux$14883.
    dead port 1/2 on $mux $procmux$1489.
    dead port 2/2 on $mux $procmux$149.
    dead port 2/2 on $mux $procmux$14900.
    dead port 2/2 on $mux $procmux$14902.
    dead port 2/2 on $mux $procmux$14919.
    dead port 1/2 on $mux $procmux$1492.
    dead port 2/2 on $mux $procmux$14921.
    dead port 2/2 on $mux $procmux$14937.
    dead port 2/2 on $mux $procmux$14939.
    dead port 2/2 on $mux $procmux$14963.
    dead port 2/2 on $mux $procmux$1498.
    dead port 2/2 on $mux $procmux$14981.
    dead port 2/2 on $mux $procmux$14997.
    dead port 1/2 on $mux $procmux$1501.
    dead port 2/2 on $mux $procmux$15018.
    dead port 2/2 on $mux $procmux$15039.
    dead port 1/2 on $mux $procmux$1504.
    dead port 2/2 on $mux $procmux$15041.
    dead port 2/2 on $mux $procmux$15059.
    dead port 2/2 on $mux $procmux$15061.
    dead port 2/2 on $mux $procmux$15063.
    dead port 2/2 on $mux $procmux$15084.
    dead port 2/2 on $mux $procmux$15086.
    dead port 2/2 on $mux $procmux$1510.
    dead port 2/2 on $mux $procmux$15104.
    dead port 2/2 on $mux $procmux$15106.
    dead port 2/2 on $mux $procmux$15108.
    dead port 2/2 on $mux $procmux$15129.
    dead port 1/2 on $mux $procmux$1513.
    dead port 2/2 on $mux $procmux$15131.
    dead port 2/2 on $mux $procmux$15154.
    dead port 2/2 on $mux $procmux$15156.
    dead port 1/2 on $mux $procmux$1516.
    dead port 2/2 on $mux $procmux$15176.
    dead port 2/2 on $mux $procmux$15178.
    dead port 2/2 on $mux $procmux$15198.
    dead port 2/2 on $mux $procmux$15200.
    dead port 2/2 on $mux $procmux$1522.
    dead port 2/2 on $mux $procmux$15220.
    dead port 2/2 on $mux $procmux$15222.
    dead port 2/2 on $mux $procmux$15243.
    dead port 1/2 on $mux $procmux$1525.
    dead port 2/2 on $mux $procmux$15264.
    dead port 1/2 on $mux $procmux$1528.
    dead port 2/2 on $mux $procmux$15285.
    dead port 1/2 on $mux $procmux$12103.
    dead port 2/2 on $mux $procmux$15306.
    dead port 2/2 on $mux $procmux$12105.
    dead port 2/2 on $mux $procmux$15327.
    dead port 2/2 on $mux $procmux$1534.
    dead port 2/2 on $mux $procmux$15348.
    dead port 2/2 on $mux $procmux$12112.
    dead port 2/2 on $mux $procmux$15369.
    dead port 1/2 on $mux $procmux$1537.
    dead port 2/2 on $mux $procmux$15389.
    dead port 1/2 on $mux $procmux$12115.
    dead port 1/2 on $mux $procmux$1540.
    dead port 2/2 on $mux $procmux$15410.
    dead port 2/2 on $mux $procmux$12117.
    dead port 2/2 on $mux $procmux$15431.
    dead port 2/2 on $mux $procmux$15452.
    dead port 2/2 on $mux $procmux$1546.
    dead port 2/2 on $mux $procmux$15474.
    dead port 1/2 on $mux $procmux$1549.
    dead port 2/2 on $mux $procmux$15499.
    dead port 2/2 on $mux $procmux$15501.
    dead port 2/2 on $mux $procmux$12124.
    dead port 1/2 on $mux $procmux$1552.
    dead port 2/2 on $mux $procmux$15526.
    dead port 2/2 on $mux $procmux$15528.
    dead port 2/2 on $mux $procmux$15553.
    dead port 2/2 on $mux $procmux$15555.
    dead port 1/2 on $mux $procmux$12127.
    dead port 2/2 on $mux $procmux$1558.
    dead port 2/2 on $mux $procmux$15580.
    dead port 2/2 on $mux $procmux$15582.
    dead port 2/2 on $mux $procmux$12129.
    dead port 2/2 on $mux $procmux$15602.
    dead port 2/2 on $mux $procmux$15604.
    dead port 2/2 on $mux $procmux$15606.
    dead port 1/2 on $mux $procmux$1561.
    dead port 2/2 on $mux $procmux$15629.
    dead port 2/2 on $mux $procmux$15631.
    dead port 2/2 on $mux $procmux$12137.
    dead port 1/2 on $mux $procmux$1564.
    dead port 2/2 on $mux $procmux$15654.
    dead port 2/2 on $mux $procmux$15656.
    dead port 2/2 on $mux $procmux$15679.
    dead port 2/2 on $mux $procmux$15681.
    dead port 2/2 on $mux $procmux$157.
    dead port 2/2 on $mux $procmux$1570.
    dead port 2/2 on $mux $procmux$15702.
    dead port 2/2 on $mux $procmux$15704.
    dead port 2/2 on $mux $procmux$15725.
    dead port 2/2 on $mux $procmux$15727.
    dead port 1/2 on $mux $procmux$1573.
    dead port 2/2 on $mux $procmux$15748.
    dead port 2/2 on $mux $procmux$15750.
    dead port 1/2 on $mux $procmux$1576.
    dead port 2/2 on $mux $procmux$15772.
    dead port 2/2 on $mux $procmux$15794.
    dead port 2/2 on $mux $procmux$15816.
    dead port 2/2 on $mux $procmux$1582.
    dead port 2/2 on $mux $procmux$15838.
    dead port 1/2 on $mux $procmux$12140.
    dead port 1/2 on $mux $procmux$1585.
    dead port 2/2 on $mux $procmux$15860.
    dead port 2/2 on $mux $procmux$12142.
    dead port 1/2 on $mux $procmux$1588.
    dead port 2/2 on $mux $procmux$15882.
    dead port 2/2 on $mux $procmux$15904.
    dead port 1/2 on $mux $procmux$1215.
    dead port 2/2 on $mux $procmux$15926.
    dead port 2/2 on $mux $procmux$1594.
    dead port 2/2 on $mux $procmux$15948.
    dead port 2/2 on $mux $procmux$12155.
    dead port 1/2 on $mux $procmux$1597.
    dead port 2/2 on $mux $procmux$15970.
    dead port 2/2 on $mux $procmux$15992.
    dead port 1/2 on $mux $procmux$1600.
    dead port 2/2 on $mux $procmux$16014.
    dead port 2/2 on $mux $procmux$16033.
    dead port 2/2 on $mux $procmux$16035.
    dead port 2/2 on $mux $procmux$16055.
    dead port 2/2 on $mux $procmux$16057.
    dead port 2/2 on $mux $procmux$1606.
    dead port 2/2 on $mux $procmux$16085.
    dead port 1/2 on $mux $procmux$1609.
    dead port 2/2 on $mux $procmux$16107.
    dead port 1/2 on $mux $procmux$1612.
    dead port 2/2 on $mux $procmux$16129.
    dead port 2/2 on $mux $procmux$16151.
    dead port 2/2 on $mux $procmux$16173.
    dead port 2/2 on $mux $procmux$1618.
    dead port 1/2 on $mux $procmux$1621.
    dead port 1/2 on $mux $procmux$1624.
    dead port 1/2 on $mux $procmux$12158.
    dead port 2/2 on $mux $procmux$12160.
    dead port 2/2 on $mux $procmux$1630.
    dead port 1/2 on $mux $procmux$1633.
    dead port 2/2 on $mux $procmux$12173.
    dead port 1/2 on $mux $procmux$1636.
    dead port 2/2 on $mux $procmux$1641.
    dead port 1/2 on $mux $procmux$12176.
    dead port 1/2 on $mux $procmux$1644.
    dead port 2/2 on $mux $procmux$12178.
    dead port 1/2 on $mux $procmux$1647.
    dead port 1/2 on $mux $procmux$1218.
    dead port 2/2 on $mux $procmux$12189.
    dead port 2/2 on $mux $procmux$1652.
    dead port 1/2 on $mux $procmux$12192.
    dead port 2/2 on $mux $procmux$12194.
    dead port 1/2 on $mux $procmux$1655.
    dead port 1/2 on $mux $procmux$1658.
    dead port 2/2 on $mux $procmux$12205.
    dead port 2/2 on $mux $procmux$1663.
    dead port 1/2 on $mux $procmux$12208.
    dead port 1/2 on $mux $procmux$1666.
    dead port 2/2 on $mux $procmux$12210.
    dead port 1/2 on $mux $procmux$16679.
    dead port 1/2 on $mux $procmux$16688.
    dead port 1/2 on $mux $procmux$1669.
    dead port 1/2 on $mux $procmux$16697.
    dead port 1/2 on $mux $procmux$16706.
    dead port 1/2 on $mux $procmux$16715.
    dead port 1/2 on $mux $procmux$16724.
    dead port 1/2 on $mux $procmux$16733.
    dead port 2/2 on $mux $procmux$1674.
    dead port 1/2 on $mux $procmux$16742.
    dead port 1/2 on $mux $procmux$16751.
    dead port 1/2 on $mux $procmux$16760.
    dead port 1/2 on $mux $procmux$16769.
    dead port 1/2 on $mux $procmux$1677.
    dead port 1/2 on $mux $procmux$16778.
    dead port 1/2 on $mux $procmux$16787.
    dead port 1/2 on $mux $procmux$16796.
    dead port 1/2 on $mux $procmux$1680.
    dead port 1/2 on $mux $procmux$16805.
    dead port 1/2 on $mux $procmux$16814.
    dead port 1/2 on $mux $procmux$16823.
    dead port 1/2 on $mux $procmux$16832.
    dead port 1/2 on $mux $procmux$16841.
    dead port 2/2 on $mux $procmux$1685.
    dead port 1/2 on $mux $procmux$16850.
    dead port 1/2 on $mux $procmux$16859.
    dead port 1/2 on $mux $procmux$16868.
    dead port 1/2 on $mux $procmux$16877.
    dead port 1/2 on $mux $procmux$1688.
    dead port 1/2 on $mux $procmux$16886.
    dead port 1/2 on $mux $procmux$16895.
    dead port 1/2 on $mux $procmux$16904.
    dead port 1/2 on $mux $procmux$1691.
    dead port 1/2 on $mux $procmux$16913.
    dead port 1/2 on $mux $procmux$16922.
    dead port 1/2 on $mux $procmux$16931.
    dead port 1/2 on $mux $procmux$16940.
    dead port 1/2 on $mux $procmux$16949.
    dead port 2/2 on $mux $procmux$1696.
    dead port 1/3 on $pmux $procmux$16962.
    dead port 3/3 on $pmux $procmux$16962.
    dead port 1/3 on $pmux $procmux$16965.
    dead port 3/3 on $pmux $procmux$16965.
    dead port 1/3 on $pmux $procmux$16968.
    dead port 3/3 on $pmux $procmux$16968.
    dead port 1/5 on $pmux $procmux$16971.
    dead port 2/5 on $pmux $procmux$16971.
    dead port 3/5 on $pmux $procmux$16971.
    dead port 5/5 on $pmux $procmux$16971.
    dead port 1/3 on $pmux $procmux$16976.
    dead port 3/3 on $pmux $procmux$16976.
    dead port 1/2 on $mux $procmux$1699.
    dead port 1/2 on $mux $procmux$1702.
    dead port 2/2 on $mux $procmux$17045.
    dead port 2/2 on $mux $procmux$17047.
    dead port 2/2 on $mux $procmux$17052.
    dead port 2/2 on $mux $procmux$17054.
    dead port 1/2 on $mux $procmux$17063.
    dead port 2/2 on $mux $procmux$17066.
    dead port 2/2 on $mux $procmux$17068.
    dead port 2/2 on $mux $procmux$1707.
    dead port 2/2 on $mux $procmux$17070.
    dead port 2/2 on $mux $procmux$17082.
    dead port 2/2 on $mux $procmux$17084.
    dead port 2/2 on $mux $procmux$17086.
    dead port 2/2 on $mux $procmux$17096.
    dead port 2/2 on $mux $procmux$17099.
    dead port 1/2 on $mux $procmux$1710.
    dead port 2/2 on $mux $procmux$17101.
    dead port 2/2 on $mux $procmux$17103.
    dead port 2/2 on $mux $procmux$17114.
    dead port 2/2 on $mux $procmux$17116.
    dead port 1/2 on $mux $procmux$17126.
    dead port 1/2 on $mux $procmux$17128.
    dead port 1/2 on $mux $procmux$1713.
    dead port 2/2 on $mux $procmux$17130.
    dead port 2/2 on $mux $procmux$17132.
    dead port 1/2 on $mux $procmux$17144.
    dead port 2/2 on $mux $procmux$17146.
    dead port 2/2 on $mux $procmux$17148.
    dead port 2/2 on $mux $procmux$17158.
    dead port 1/2 on $mux $procmux$17160.
    dead port 2/2 on $mux $procmux$17162.
    dead port 2/2 on $mux $procmux$17164.
    dead port 1/2 on $mux $procmux$17175.
    dead port 2/2 on $mux $procmux$17177.
    dead port 2/2 on $mux $procmux$17179.
    dead port 2/2 on $mux $procmux$1718.
    dead port 2/2 on $mux $procmux$17189.
    dead port 2/2 on $mux $procmux$17191.
    dead port 2/2 on $mux $procmux$17198.
    dead port 2/2 on $mux $procmux$17200.
    dead port 1/2 on $mux $procmux$1721.
    dead port 2/2 on $mux $procmux$17210.
    dead port 2/2 on $mux $procmux$17212.
    dead port 2/2 on $mux $procmux$17221.
    dead port 2/2 on $mux $procmux$17223.
    dead port 1/2 on $mux $procmux$17236.
    dead port 2/2 on $mux $procmux$17238.
    dead port 1/2 on $mux $procmux$1724.
    dead port 2/2 on $mux $procmux$17240.
    dead port 2/2 on $mux $procmux$17254.
    dead port 2/2 on $mux $procmux$17256.
    dead port 2/2 on $mux $procmux$17269.
    dead port 2/2 on $mux $procmux$17271.
    dead port 2/2 on $mux $procmux$17285.
    dead port 2/2 on $mux $procmux$1729.
    dead port 2/2 on $mux $procmux$17297.
    dead port 2/2 on $mux $procmux$17304.
    dead port 2/2 on $mux $procmux$17306.
    dead port 2/2 on $mux $procmux$17308.
    dead port 2/2 on $mux $procmux$17319.
    dead port 1/2 on $mux $procmux$1732.
    dead port 2/2 on $mux $procmux$17321.
    dead port 2/2 on $mux $procmux$17323.
    dead port 2/2 on $mux $procmux$17334.
    dead port 2/2 on $mux $procmux$17336.
    dead port 1/2 on $mux $procmux$17346.
    dead port 2/2 on $mux $procmux$17348.
    dead port 1/2 on $mux $procmux$1735.
    dead port 2/2 on $mux $procmux$17350.
    dead port 2/2 on $mux $procmux$17352.
    dead port 2/2 on $mux $procmux$17363.
    dead port 2/2 on $mux $procmux$12225.
    dead port 2/2 on $mux $procmux$17365.
    dead port 2/2 on $mux $procmux$17367.
    dead port 2/2 on $mux $procmux$17377.
    dead port 2/2 on $mux $procmux$17379.
    dead port 2/2 on $mux $procmux$17381.
    dead port 2/2 on $mux $procmux$17391.
    dead port 2/2 on $mux $procmux$17393.
    dead port 2/2 on $mux $procmux$1740.
    dead port 1/2 on $mux $procmux$17402.
    dead port 1/2 on $mux $procmux$17405.
    dead port 2/2 on $mux $procmux$17407.
    dead port 2/2 on $mux $procmux$17409.
    dead port 1/2 on $mux $procmux$17420.
    dead port 2/2 on $mux $procmux$17422.
    dead port 2/2 on $mux $procmux$17424.
    dead port 1/2 on $mux $procmux$1743.
    dead port 2/2 on $mux $procmux$17433.
    dead port 2/2 on $mux $procmux$17435.
    dead port 2/2 on $mux $procmux$17445.
    dead port 2/2 on $mux $procmux$17447.
    dead port 2/2 on $mux $procmux$17456.
    dead port 2/2 on $mux $procmux$17458.
    dead port 1/2 on $mux $procmux$1746.
    dead port 2/2 on $mux $procmux$17472.
    dead port 2/2 on $mux $procmux$17482.
    dead port 2/2 on $mux $procmux$17496.
    dead port 2/2 on $mux $procmux$17498.
    dead port 1/2 on $mux $procmux$175.
    dead port 2/2 on $mux $procmux$17506.
    dead port 2/2 on $mux $procmux$17508.
    dead port 2/2 on $mux $procmux$1751.
    dead port 2/2 on $mux $procmux$17517.
    dead port 2/2 on $mux $procmux$17519.
    dead port 2/2 on $mux $procmux$17530.
    dead port 2/2 on $mux $procmux$17532.
    dead port 1/2 on $mux $procmux$1754.
    dead port 2/2 on $mux $procmux$17546.
    dead port 2/2 on $mux $procmux$17548.
    dead port 2/2 on $mux $procmux$17563.
    dead port 1/2 on $mux $procmux$1757.
    dead port 2/2 on $mux $procmux$17575.
    dead port 2/2 on $mux $procmux$17597.
    dead port 2/2 on $mux $procmux$17602.
    dead port 2/2 on $mux $procmux$17607.
    dead port 2/2 on $mux $procmux$17612.
    dead port 1/2 on $mux $procmux$1002.
    dead port 2/2 on $mux $procmux$17617.
    dead port 1/2 on $mux $procmux$1005.
    dead port 2/2 on $mux $procmux$17623.
    dead port 2/2 on $mux $procmux$17629.
    dead port 2/2 on $mux $procmux$17635.
    dead port 1/2 on $mux $procmux$10082.
    dead port 2/2 on $mux $procmux$17640.
    dead port 2/2 on $mux $procmux$10084.
    dead port 2/2 on $mux $procmux$17647.
    dead port 2/2 on $mux $procmux$17654.
    dead port 2/2 on $mux $procmux$17661.
    dead port 2/2 on $mux $procmux$17668.
    dead port 2/2 on $mux $procmux$17675.
    dead port 1/2 on $mux $procmux$10105.
    dead port 2/2 on $mux $procmux$17682.
    dead port 2/2 on $mux $procmux$10107.
    dead port 2/2 on $mux $procmux$17691.
    dead port 2/2 on $mux $procmux$177.
    dead port 2/2 on $mux $procmux$17700.
    dead port 2/2 on $mux $procmux$17709.
    dead port 1/2 on $mux $procmux$1012.
    dead port 2/2 on $mux $procmux$17717.
    dead port 2/2 on $mux $procmux$17725.
    dead port 2/2 on $mux $procmux$17727.
    dead port 1/2 on $mux $procmux$10128.
    dead port 2/2 on $mux $procmux$10130.
    dead port 1/2 on $mux $procmux$10151.
    dead port 1/2 on $mux $procmux$1774.
    dead port 2/2 on $mux $procmux$10153.
    dead port 1/2 on $mux $procmux$10197.
    dead port 2/2 on $mux $procmux$10199.
    dead port 2/2 on $mux $procmux$102.
    dead port 1/2 on $mux $procmux$1021.
    dead port 1/2 on $mux $procmux$10220.
    dead port 2/2 on $mux $procmux$10222.
    dead port 1/2 on $mux $procmux$1777.
    dead port 1/2 on $mux $procmux$1024.
    dead port 1/2 on $mux $procmux$17780.
    dead port 1/2 on $mux $procmux$17785.
    dead port 1/2 on $mux $procmux$17810.
    dead port 1/2 on $mux $procmux$17815.
    dead port 2/2 on $mux $procmux$17839.
    dead port 1/2 on $mux $procmux$1784.
    dead port 1/2 on $mux $procmux$17842.
    dead port 1/2 on $mux $procmux$17848.
    dead port 1/2 on $mux $procmux$1787.
    dead port 2/2 on $mux $procmux$17887.
    dead port 1/2 on $mux $procmux$10243.
    dead port 1/2 on $mux $procmux$17897.
    dead port 2/2 on $mux $procmux$10245.
    dead port 1/3 on $pmux $procmux$17902.
    dead port 1/3 on $pmux $procmux$17906.
    dead port 1/3 on $pmux $procmux$17910.
    dead port 2/2 on $mux $procmux$17919.
    dead port 2/2 on $mux $procmux$17932.
    dead port 2/2 on $mux $procmux$17935.
    dead port 1/2 on $mux $procmux$1794.
    dead port 1/2 on $mux $procmux$17954.
    dead port 1/2 on $mux $procmux$17961.
    dead port 1/2 on $mux $procmux$1797.
    dead port 2/2 on $mux $procmux$17971.
    dead port 2/2 on $mux $procmux$17980.
    dead port 1/2 on $mux $procmux$17996.
    dead port 1/2 on $mux $procmux$18003.
    dead port 1/2 on $mux $procmux$18005.
    dead port 1/2 on $mux $procmux$18012.
    dead port 1/2 on $mux $procmux$1804.
    dead port 2/2 on $mux $procmux$18056.
    dead port 2/2 on $mux $procmux$18065.
    dead port 1/2 on $mux $procmux$1807.
    dead port 2/2 on $mux $procmux$18074.
    dead port 2/2 on $mux $procmux$18083.
    dead port 2/2 on $mux $procmux$18092.
    dead port 2/2 on $mux $procmux$18101.
    dead port 2/2 on $mux $procmux$18110.
    dead port 2/2 on $mux $procmux$18119.
    dead port 1/2 on $mux $procmux$1814.
    dead port 1/2 on $mux $procmux$1817.
    dead port 2/2 on $mux $procmux$18185.
    dead port 1/2 on $mux $procmux$10266.
    dead port 2/2 on $mux $procmux$18190.
    dead port 2/2 on $mux $procmux$10268.
    dead port 2/2 on $mux $procmux$18196.
    dead port 2/2 on $mux $procmux$18203.
    dead port 2/2 on $mux $procmux$18210.
    dead port 1/2 on $mux $procmux$1027.
    dead port 2/2 on $mux $procmux$18217.
    dead port 1/2 on $mux $procmux$1030.
    dead port 2/2 on $mux $procmux$18224.
    dead port 1/2 on $mux $procmux$10309.
    dead port 2/2 on $mux $procmux$18232.
    dead port 1/2 on $mux $procmux$1824.
    dead port 2/2 on $mux $procmux$18241.
    dead port 2/2 on $mux $procmux$18251.
    dead port 2/2 on $mux $procmux$18262.
    dead port 1/2 on $mux $procmux$1827.
    dead port 2/2 on $mux $procmux$18273.
    dead port 2/2 on $mux $procmux$10311.
    dead port 2/2 on $mux $procmux$18285.
    dead port 2/2 on $mux $procmux$18298.
    dead port 1/2 on $mux $procmux$10329.
    dead port 2/2 on $mux $procmux$10331.
    dead port 1/2 on $mux $procmux$10349.
    dead port 2/2 on $mux $procmux$10351.
    dead port 1/2 on $mux $procmux$10369.
    dead port 1/2 on $mux $procmux$1037.
    dead port 2/2 on $mux $procmux$10371.
    dead port 1/2 on $mux $procmux$1844.
    dead port 1/2 on $mux $procmux$10389.
    dead port 2/2 on $mux $procmux$10391.
    dead port 1/2 on $mux $procmux$1847.
    dead port 2/2 on $mux $procmux$186.
    dead port 1/2 on $mux $procmux$1864.
    dead port 1/2 on $mux $procmux$1867.
    dead port 1/2 on $mux $procmux$1040.
    dead port 1/2 on $mux $procmux$1884.
    dead port 1/2 on $mux $procmux$1887.
    dead port 1/2 on $mux $procmux$1894.
    dead port 1/2 on $mux $procmux$1897.
    dead port 1/2 on $mux $procmux$10409.
    dead port 1/2 on $mux $procmux$1904.
    dead port 1/2 on $mux $procmux$1907.
    dead port 1/2 on $mux $procmux$1914.
    dead port 1/2 on $mux $procmux$1917.
    dead port 1/2 on $mux $procmux$192.
    dead port 1/2 on $mux $procmux$1924.
    dead port 1/2 on $mux $procmux$1927.
    dead port 1/2 on $mux $procmux$1934.
    dead port 1/2 on $mux $procmux$1937.
    dead port 2/2 on $mux $procmux$194.
    dead port 1/2 on $mux $procmux$1944.
    dead port 1/2 on $mux $procmux$1947.
    dead port 1/2 on $mux $procmux$1954.
    dead port 1/2 on $mux $procmux$1957.
    dead port 2/2 on $mux $procmux$10411.
    dead port 1/2 on $mux $procmux$1964.
    dead port 1/2 on $mux $procmux$1967.
    dead port 1/2 on $mux $procmux$1974.
    dead port 1/2 on $mux $procmux$1977.
    dead port 1/2 on $mux $procmux$1984.
    dead port 1/2 on $mux $procmux$1987.
    dead port 1/2 on $mux $procmux$1994.
    dead port 1/2 on $mux $procmux$1997.
    dead port 2/2 on $mux $procmux$200.
    dead port 1/2 on $mux $procmux$2004.
    dead port 1/2 on $mux $procmux$2007.
    dead port 1/2 on $mux $procmux$2014.
    dead port 1/2 on $mux $procmux$2017.
    dead port 1/2 on $mux $procmux$2024.
    dead port 1/2 on $mux $procmux$2027.
    dead port 1/2 on $mux $procmux$2034.
    dead port 1/2 on $mux $procmux$2037.
    dead port 1/2 on $mux $procmux$2044.
    dead port 1/2 on $mux $procmux$2047.
    dead port 1/2 on $mux $procmux$2054.
    dead port 1/2 on $mux $procmux$2057.
    dead port 1/2 on $mux $procmux$2064.
    dead port 1/2 on $mux $procmux$2067.
    dead port 1/2 on $mux $procmux$207.
    dead port 1/2 on $mux $procmux$2074.
    dead port 1/2 on $mux $procmux$2077.
    dead port 1/2 on $mux $procmux$2084.
    dead port 1/2 on $mux $procmux$2087.
    dead port 2/2 on $mux $procmux$209.
    dead port 1/2 on $mux $procmux$2094.
    dead port 1/2 on $mux $procmux$2097.
    dead port 1/2 on $mux $procmux$10429.
    dead port 1/2 on $mux $procmux$2104.
    dead port 1/2 on $mux $procmux$2107.
    dead port 1/2 on $mux $procmux$1043.
    dead port 1/2 on $mux $procmux$2114.
    dead port 1/2 on $mux $procmux$2117.
    dead port 1/2 on $mux $procmux$2124.
    dead port 1/2 on $mux $procmux$2127.
    dead port 1/2 on $mux $procmux$2134.
    dead port 1/2 on $mux $procmux$2137.
    dead port 1/2 on $mux $procmux$2144.
    dead port 1/2 on $mux $procmux$2147.
    dead port 1/2 on $mux $procmux$2154.
    dead port 2/2 on $mux $procmux$216.
    dead port 1/2 on $mux $procmux$2168.
    dead port 1/2 on $mux $procmux$2175.
    dead port 2/2 on $mux $procmux$10431.
    dead port 1/2 on $mux $procmux$2189.
    dead port 1/2 on $mux $procmux$2196.
    dead port 1/2 on $mux $procmux$2203.
    dead port 1/2 on $mux $procmux$2210.
    dead port 1/2 on $mux $procmux$2217.
    dead port 1/2 on $mux $procmux$2224.
    dead port 1/2 on $mux $procmux$2231.
    dead port 1/2 on $mux $procmux$224.
    dead port 1/2 on $mux $procmux$2245.
    dead port 1/2 on $mux $procmux$2259.
    dead port 2/2 on $mux $procmux$226.
    dead port 1/2 on $mux $procmux$2273.
    dead port 1/2 on $mux $procmux$10449.
    dead port 1/2 on $mux $procmux$2280.
    dead port 1/2 on $mux $procmux$2287.
    dead port 1/2 on $mux $procmux$2294.
    dead port 1/2 on $mux $procmux$2301.
    dead port 1/2 on $mux $procmux$2308.
    dead port 1/2 on $mux $procmux$2315.
    dead port 1/2 on $mux $procmux$2322.
    dead port 1/2 on $mux $procmux$2329.
    dead port 1/2 on $mux $procmux$2336.
    dead port 2/2 on $mux $procmux$234.
    dead port 1/2 on $mux $procmux$2343.
    dead port 1/2 on $mux $procmux$2350.
    dead port 1/2 on $mux $procmux$2357.
    dead port 2/2 on $mux $procmux$10451.
    dead port 1/2 on $mux $procmux$2364.
    dead port 1/2 on $mux $procmux$2371.
    dead port 1/2 on $mux $procmux$2378.
    dead port 1/2 on $mux $procmux$2385.
    dead port 1/2 on $mux $procmux$2392.
    dead port 1/2 on $mux $procmux$2399.
    dead port 1/2 on $mux $procmux$2406.
    dead port 1/2 on $mux $procmux$2413.
    dead port 1/2 on $mux $procmux$2420.
    dead port 1/2 on $mux $procmux$2427.
    dead port 1/2 on $mux $procmux$10489.
    dead port 1/2 on $mux $procmux$2434.
    dead port 1/2 on $mux $procmux$2441.
    dead port 1/2 on $mux $procmux$2448.
    dead port 1/2 on $mux $procmux$1049.
    dead port 1/2 on $mux $procmux$2455.
    dead port 1/2 on $mux $procmux$2462.
    dead port 1/2 on $mux $procmux$2469.
    dead port 1/2 on $mux $procmux$2476.
    dead port 1/2 on $mux $procmux$2483.
    dead port 1/2 on $mux $procmux$2490.
    dead port 1/2 on $mux $procmux$2497.
    dead port 1/2 on $mux $procmux$252.
    dead port 2/2 on $mux $procmux$2527.
    dead port 2/2 on $mux $procmux$2529.
    dead port 2/2 on $mux $procmux$2535.
    dead port 2/2 on $mux $procmux$254.
    dead port 2/2 on $mux $procmux$2541.
    dead port 2/2 on $mux $procmux$2547.
    dead port 2/2 on $mux $procmux$2553.
    dead port 2/2 on $mux $procmux$2559.
    dead port 2/2 on $mux $procmux$10491.
    dead port 2/2 on $mux $procmux$263.
    dead port 1/2 on $mux $procmux$1052.
    dead port 1/2 on $mux $procmux$10548.
    dead port 1/2 on $mux $procmux$1055.
    dead port 2/2 on $mux $procmux$10550.
    dead port 1/2 on $mux $procmux$2745.
    dead port 1/2 on $mux $procmux$2748.
    dead port 1/2 on $mux $procmux$2751.
    dead port 1/2 on $mux $procmux$2754.
    dead port 1/2 on $mux $procmux$2757.
    dead port 1/2 on $mux $procmux$2760.
    dead port 1/2 on $mux $procmux$2763.
    dead port 1/2 on $mux $procmux$2766.
    dead port 1/2 on $mux $procmux$2769.
    dead port 1/2 on $mux $procmux$2772.
    dead port 1/2 on $mux $procmux$2775.
    dead port 1/2 on $mux $procmux$2778.
    dead port 1/2 on $mux $procmux$2781.
    dead port 1/2 on $mux $procmux$2784.
    dead port 1/2 on $mux $procmux$2787.
    dead port 1/2 on $mux $procmux$2790.
    dead port 1/2 on $mux $procmux$2793.
    dead port 1/2 on $mux $procmux$2796.
    dead port 1/2 on $mux $procmux$2799.
    dead port 1/2 on $mux $procmux$2802.
    dead port 1/2 on $mux $procmux$2805.
    dead port 1/2 on $mux $procmux$2808.
    dead port 1/2 on $mux $procmux$2811.
    dead port 1/2 on $mux $procmux$2814.
    dead port 1/2 on $mux $procmux$2817.
    dead port 1/2 on $mux $procmux$2820.
    dead port 1/2 on $mux $procmux$2823.
    dead port 1/2 on $mux $procmux$2826.
    dead port 1/2 on $mux $procmux$2829.
    dead port 1/2 on $mux $procmux$2832.
    dead port 1/2 on $mux $procmux$2835.
    dead port 1/2 on $mux $procmux$2842.
    dead port 1/2 on $mux $procmux$2845.
    dead port 1/2 on $mux $procmux$2848.
    dead port 1/2 on $mux $procmux$2851.
    dead port 1/2 on $mux $procmux$2854.
    dead port 1/2 on $mux $procmux$2857.
    dead port 1/2 on $mux $procmux$2860.
    dead port 1/2 on $mux $procmux$2863.
    dead port 1/2 on $mux $procmux$2866.
    dead port 1/2 on $mux $procmux$2869.
    dead port 1/2 on $mux $procmux$10588.
    dead port 1/2 on $mux $procmux$2872.
    dead port 1/2 on $mux $procmux$2875.
    dead port 1/2 on $mux $procmux$2878.
    dead port 1/2 on $mux $procmux$2881.
    dead port 1/2 on $mux $procmux$2884.
    dead port 1/2 on $mux $procmux$2887.
    dead port 1/2 on $mux $procmux$2890.
    dead port 1/2 on $mux $procmux$2893.
    dead port 1/2 on $mux $procmux$2896.
    dead port 1/2 on $mux $procmux$2899.
    dead port 2/2 on $mux $procmux$10590.
    dead port 2/2 on $mux $procmux$290.
    dead port 1/2 on $mux $procmux$2902.
    dead port 1/2 on $mux $procmux$2905.
    dead port 1/2 on $mux $procmux$2908.
    dead port 1/2 on $mux $procmux$2911.
    dead port 1/2 on $mux $procmux$2914.
    dead port 1/2 on $mux $procmux$2917.
    dead port 1/2 on $mux $procmux$2920.
    dead port 1/2 on $mux $procmux$2923.
    dead port 1/2 on $mux $procmux$2926.
    dead port 1/2 on $mux $procmux$2929.
    dead port 1/2 on $mux $procmux$2936.
    dead port 1/2 on $mux $procmux$2939.
    dead port 1/2 on $mux $procmux$2942.
    dead port 1/2 on $mux $procmux$2945.
    dead port 1/2 on $mux $procmux$2948.
    dead port 1/2 on $mux $procmux$2951.
    dead port 1/2 on $mux $procmux$2954.
    dead port 1/2 on $mux $procmux$2957.
    dead port 1/2 on $mux $procmux$2960.
    dead port 1/2 on $mux $procmux$2963.
    dead port 1/2 on $mux $procmux$2966.
    dead port 1/2 on $mux $procmux$2969.
    dead port 2/2 on $mux $procmux$297.
    dead port 1/2 on $mux $procmux$2972.
    dead port 1/2 on $mux $procmux$2975.
    dead port 1/2 on $mux $procmux$2978.
    dead port 1/2 on $mux $procmux$2981.
    dead port 1/2 on $mux $procmux$2984.
    dead port 1/2 on $mux $procmux$2987.
    dead port 1/2 on $mux $procmux$2990.
    dead port 1/2 on $mux $procmux$2993.
    dead port 1/2 on $mux $procmux$2996.
    dead port 1/2 on $mux $procmux$2999.
    dead port 1/2 on $mux $procmux$3002.
    dead port 1/2 on $mux $procmux$3005.
    dead port 1/2 on $mux $procmux$3008.
    dead port 1/2 on $mux $procmux$3011.
    dead port 1/2 on $mux $procmux$3014.
    dead port 1/2 on $mux $procmux$3017.
    dead port 1/2 on $mux $procmux$3020.
    dead port 1/2 on $mux $procmux$3027.
    dead port 1/2 on $mux $procmux$10608.
    dead port 1/2 on $mux $procmux$3030.
    dead port 1/2 on $mux $procmux$3033.
    dead port 1/2 on $mux $procmux$3036.
    dead port 1/2 on $mux $procmux$3039.
    dead port 2/2 on $mux $procmux$10610.
    dead port 1/2 on $mux $procmux$3042.
    dead port 1/2 on $mux $procmux$3045.
    dead port 1/2 on $mux $procmux$3048.
    dead port 1/2 on $mux $procmux$3051.
    dead port 1/2 on $mux $procmux$3054.
    dead port 1/2 on $mux $procmux$3057.
    dead port 1/2 on $mux $procmux$10628.
    dead port 1/2 on $mux $procmux$306.
    dead port 1/2 on $mux $procmux$3060.
    dead port 1/2 on $mux $procmux$3063.
    dead port 1/2 on $mux $procmux$3066.
    dead port 1/2 on $mux $procmux$3069.
    dead port 1/2 on $mux $procmux$3072.
    dead port 1/2 on $mux $procmux$3075.
    dead port 1/2 on $mux $procmux$3078.
    dead port 2/2 on $mux $procmux$308.
    dead port 1/2 on $mux $procmux$3081.
    dead port 1/2 on $mux $procmux$3084.
    dead port 1/2 on $mux $procmux$3087.
    dead port 1/2 on $mux $procmux$3090.
    dead port 1/2 on $mux $procmux$3093.
    dead port 1/2 on $mux $procmux$3096.
    dead port 1/2 on $mux $procmux$3099.
    dead port 2/2 on $mux $procmux$10630.
    dead port 1/2 on $mux $procmux$3102.
    dead port 1/2 on $mux $procmux$3105.
    dead port 1/2 on $mux $procmux$3108.
    dead port 1/2 on $mux $procmux$3115.
    dead port 1/2 on $mux $procmux$3118.
    dead port 1/2 on $mux $procmux$3121.
    dead port 1/2 on $mux $procmux$3124.
    dead port 1/2 on $mux $procmux$3127.
    dead port 1/2 on $mux $procmux$10648.
    dead port 2/2 on $mux $procmux$10650.
    dead port 1/2 on $mux $procmux$3130.
    dead port 1/2 on $mux $procmux$3133.
    dead port 1/2 on $mux $procmux$3136.
    dead port 1/2 on $mux $procmux$3139.
    dead port 1/2 on $mux $procmux$3142.
    dead port 1/2 on $mux $procmux$3145.
    dead port 1/2 on $mux $procmux$3148.
    dead port 1/2 on $mux $procmux$3151.
    dead port 1/2 on $mux $procmux$3154.
    dead port 1/2 on $mux $procmux$3157.
    dead port 1/2 on $mux $procmux$3160.
    dead port 1/2 on $mux $procmux$3163.
    dead port 1/2 on $mux $procmux$3166.
    dead port 1/2 on $mux $procmux$3169.
    dead port 1/2 on $mux $procmux$3172.
    dead port 1/2 on $mux $procmux$3175.
    dead port 1/2 on $mux $procmux$3178.
    dead port 1/2 on $mux $procmux$3181.
    dead port 1/2 on $mux $procmux$3184.
    dead port 1/2 on $mux $procmux$3187.
    dead port 1/2 on $mux $procmux$3190.
    dead port 1/2 on $mux $procmux$3193.
    dead port 1/2 on $mux $procmux$3200.
    dead port 1/2 on $mux $procmux$3203.
    dead port 1/2 on $mux $procmux$3206.
    dead port 1/2 on $mux $procmux$3209.
    dead port 1/2 on $mux $procmux$3212.
    dead port 1/2 on $mux $procmux$3215.
    dead port 1/2 on $mux $procmux$3218.
    dead port 1/2 on $mux $procmux$3221.
    dead port 1/2 on $mux $procmux$3224.
    dead port 1/2 on $mux $procmux$3227.
    dead port 1/2 on $mux $procmux$10707.
    dead port 1/2 on $mux $procmux$3230.
    dead port 1/2 on $mux $procmux$3233.
    dead port 1/2 on $mux $procmux$3236.
    dead port 1/2 on $mux $procmux$3239.
    dead port 2/2 on $mux $procmux$10709.
    dead port 1/2 on $mux $procmux$3242.
    dead port 1/2 on $mux $procmux$3245.
    dead port 1/2 on $mux $procmux$3248.
    dead port 2/2 on $mux $procmux$325.
    dead port 1/2 on $mux $procmux$3251.
    dead port 1/2 on $mux $procmux$3254.
    dead port 1/2 on $mux $procmux$3257.
    dead port 1/2 on $mux $procmux$3260.
    dead port 1/2 on $mux $procmux$3263.
    dead port 1/2 on $mux $procmux$3266.
    dead port 1/2 on $mux $procmux$3269.
    dead port 2/2 on $mux $procmux$327.
    dead port 1/2 on $mux $procmux$3272.
    dead port 1/2 on $mux $procmux$3275.
    dead port 1/2 on $mux $procmux$3282.
    dead port 1/2 on $mux $procmux$3285.
    dead port 1/2 on $mux $procmux$3288.
    dead port 1/2 on $mux $procmux$3291.
    dead port 1/2 on $mux $procmux$3294.
    dead port 1/2 on $mux $procmux$3297.
    dead port 1/2 on $mux $procmux$10727.
    dead port 1/2 on $mux $procmux$3300.
    dead port 1/2 on $mux $procmux$3303.
    dead port 1/2 on $mux $procmux$3306.
    dead port 1/2 on $mux $procmux$3309.
    dead port 1/2 on $mux $procmux$3312.
    dead port 1/2 on $mux $procmux$3315.
    dead port 1/2 on $mux $procmux$3318.
    dead port 1/2 on $mux $procmux$3321.
    dead port 1/2 on $mux $procmux$3324.
    dead port 1/2 on $mux $procmux$3327.
    dead port 1/2 on $mux $procmux$3330.
    dead port 1/2 on $mux $procmux$3333.
    dead port 1/2 on $mux $procmux$3336.
    dead port 1/2 on $mux $procmux$3339.
    dead port 1/2 on $mux $procmux$3342.
    dead port 1/2 on $mux $procmux$3345.
    dead port 1/2 on $mux $procmux$3348.
    dead port 1/2 on $mux $procmux$3351.
    dead port 1/2 on $mux $procmux$3354.
    dead port 2/2 on $mux $procmux$336.
    dead port 1/2 on $mux $procmux$3361.
    dead port 1/2 on $mux $procmux$3364.
    dead port 1/2 on $mux $procmux$3367.
    dead port 1/2 on $mux $procmux$3370.
    dead port 1/2 on $mux $procmux$3373.
    dead port 1/2 on $mux $procmux$3376.
    dead port 1/2 on $mux $procmux$3379.
    dead port 2/2 on $mux $procmux$10729.
    dead port 1/2 on $mux $procmux$3382.
    dead port 1/2 on $mux $procmux$3385.
    dead port 1/2 on $mux $procmux$3388.
    dead port 1/2 on $mux $procmux$3391.
    dead port 1/2 on $mux $procmux$3394.
    dead port 1/2 on $mux $procmux$3397.
    dead port 1/2 on $mux $procmux$3400.
    dead port 1/2 on $mux $procmux$3403.
    dead port 1/2 on $mux $procmux$3406.
    dead port 1/2 on $mux $procmux$3409.
    dead port 1/2 on $mux $procmux$3412.
    dead port 1/2 on $mux $procmux$3415.
    dead port 1/2 on $mux $procmux$3418.
    dead port 1/2 on $mux $procmux$3421.
    dead port 1/2 on $mux $procmux$3424.
    dead port 1/2 on $mux $procmux$3427.
    dead port 1/2 on $mux $procmux$1073.
    dead port 1/2 on $mux $procmux$3430.
    dead port 1/2 on $mux $procmux$3437.
    dead port 1/2 on $mux $procmux$3440.
    dead port 1/2 on $mux $procmux$3443.
    dead port 1/2 on $mux $procmux$3446.
    dead port 1/2 on $mux $procmux$3449.
    dead port 1/2 on $mux $procmux$10747.
    dead port 1/2 on $mux $procmux$3452.
    dead port 1/2 on $mux $procmux$3455.
    dead port 1/2 on $mux $procmux$3458.
    dead port 2/2 on $mux $procmux$10749.
    dead port 1/2 on $mux $procmux$346.
    dead port 1/2 on $mux $procmux$3461.
    dead port 1/2 on $mux $procmux$3464.
    dead port 1/2 on $mux $procmux$3467.
    dead port 1/2 on $mux $procmux$3470.
    dead port 1/2 on $mux $procmux$3473.
    dead port 1/2 on $mux $procmux$3476.
    dead port 1/2 on $mux $procmux$3479.
    dead port 2/2 on $mux $procmux$348.
    dead port 1/2 on $mux $procmux$3482.
    dead port 1/2 on $mux $procmux$3485.
    dead port 1/2 on $mux $procmux$3488.
    dead port 1/2 on $mux $procmux$3491.
    dead port 1/2 on $mux $procmux$3494.
    dead port 1/2 on $mux $procmux$3497.
    dead port 1/2 on $mux $procmux$1076.
    dead port 1/2 on $mux $procmux$3500.
    dead port 1/2 on $mux $procmux$3503.
    dead port 1/2 on $mux $procmux$3510.
    dead port 1/2 on $mux $procmux$3513.
    dead port 1/2 on $mux $procmux$3516.
    dead port 1/2 on $mux $procmux$3519.
    dead port 1/2 on $mux $procmux$3522.
    dead port 1/2 on $mux $procmux$3525.
    dead port 1/2 on $mux $procmux$3528.
    dead port 1/2 on $mux $procmux$353.
    dead port 1/2 on $mux $procmux$3531.
    dead port 1/2 on $mux $procmux$3534.
    dead port 1/2 on $mux $procmux$3537.
    dead port 1/2 on $mux $procmux$3540.
    dead port 1/2 on $mux $procmux$3543.
    dead port 1/2 on $mux $procmux$3546.
    dead port 1/2 on $mux $procmux$3549.
    dead port 1/2 on $mux $procmux$3552.
    dead port 1/2 on $mux $procmux$3555.
    dead port 1/2 on $mux $procmux$3558.
    dead port 1/2 on $mux $procmux$3561.
    dead port 1/2 on $mux $procmux$3564.
    dead port 1/2 on $mux $procmux$3567.
    dead port 1/2 on $mux $procmux$3570.
    dead port 1/2 on $mux $procmux$3573.
    dead port 1/2 on $mux $procmux$3580.
    dead port 1/2 on $mux $procmux$3583.
    dead port 1/2 on $mux $procmux$3586.
    dead port 1/2 on $mux $procmux$3589.
    dead port 1/2 on $mux $procmux$3592.
    dead port 1/2 on $mux $procmux$3595.
    dead port 1/2 on $mux $procmux$3598.
    dead port 1/2 on $mux $procmux$10767.
    dead port 1/2 on $mux $procmux$3601.
    dead port 1/2 on $mux $procmux$3604.
    dead port 1/2 on $mux $procmux$3607.
    dead port 1/2 on $mux $procmux$3610.
    dead port 1/2 on $mux $procmux$3613.
    dead port 1/2 on $mux $procmux$3616.
    dead port 1/2 on $mux $procmux$3619.
    dead port 1/2 on $mux $procmux$3622.
    dead port 1/2 on $mux $procmux$3625.
    dead port 1/2 on $mux $procmux$3628.
    dead port 2/2 on $mux $procmux$363.
    dead port 1/2 on $mux $procmux$3631.
    dead port 1/2 on $mux $procmux$3634.
    dead port 1/2 on $mux $procmux$3637.
    dead port 1/2 on $mux $procmux$3640.
    dead port 1/2 on $mux $procmux$3647.
    dead port 1/2 on $mux $procmux$3650.
    dead port 1/2 on $mux $procmux$3653.
    dead port 1/2 on $mux $procmux$3656.
    dead port 1/2 on $mux $procmux$3659.
    dead port 1/2 on $mux $procmux$3662.
    dead port 1/2 on $mux $procmux$3665.
    dead port 1/2 on $mux $procmux$3668.
    dead port 1/2 on $mux $procmux$3671.
    dead port 1/2 on $mux $procmux$3674.
    dead port 1/2 on $mux $procmux$3677.
    dead port 1/2 on $mux $procmux$3680.
    dead port 1/2 on $mux $procmux$3683.
    dead port 1/2 on $mux $procmux$3686.
    dead port 1/2 on $mux $procmux$3689.
    dead port 1/2 on $mux $procmux$3692.
    dead port 1/2 on $mux $procmux$3695.
    dead port 1/2 on $mux $procmux$3698.
    dead port 2/2 on $mux $procmux$10769.
    dead port 1/2 on $mux $procmux$3701.
    dead port 1/2 on $mux $procmux$3704.
    dead port 1/2 on $mux $procmux$3711.
    dead port 1/2 on $mux $procmux$3714.
    dead port 1/2 on $mux $procmux$3717.
    dead port 1/2 on $mux $procmux$3720.
    dead port 1/2 on $mux $procmux$3723.
    dead port 1/2 on $mux $procmux$3726.
    dead port 1/2 on $mux $procmux$3729.
    dead port 1/2 on $mux $procmux$3732.
    dead port 1/2 on $mux $procmux$3735.
    dead port 1/2 on $mux $procmux$3738.
    dead port 2/2 on $mux $procmux$374.
    dead port 1/2 on $mux $procmux$3741.
    dead port 1/2 on $mux $procmux$3744.
    dead port 1/2 on $mux $procmux$3747.
    dead port 1/2 on $mux $procmux$3750.
    dead port 1/2 on $mux $procmux$3753.
    dead port 1/2 on $mux $procmux$3756.
    dead port 1/2 on $mux $procmux$3759.
    dead port 1/2 on $mux $procmux$3762.
    dead port 1/2 on $mux $procmux$3765.
    dead port 1/2 on $mux $procmux$3772.
    dead port 1/2 on $mux $procmux$3775.
    dead port 1/2 on $mux $procmux$3778.
    dead port 1/2 on $mux $procmux$3781.
    dead port 1/2 on $mux $procmux$3784.
    dead port 1/2 on $mux $procmux$3787.
    dead port 1/2 on $mux $procmux$3790.
    dead port 1/2 on $mux $procmux$3793.
    dead port 1/2 on $mux $procmux$3796.
    dead port 1/2 on $mux $procmux$3799.
    dead port 1/2 on $mux $procmux$3802.
    dead port 1/2 on $mux $procmux$3805.
    dead port 1/2 on $mux $procmux$3808.
    dead port 2/2 on $mux $procmux$381.
    dead port 1/2 on $mux $procmux$3811.
    dead port 1/2 on $mux $procmux$3814.
    dead port 1/2 on $mux $procmux$3817.
    dead port 1/2 on $mux $procmux$3820.
    dead port 1/2 on $mux $procmux$3823.
    dead port 2/2 on $mux $procmux$383.
    dead port 1/2 on $mux $procmux$3830.
    dead port 1/2 on $mux $procmux$3833.
    dead port 1/2 on $mux $procmux$3836.
    dead port 1/2 on $mux $procmux$3839.
    dead port 1/2 on $mux $procmux$3842.
    dead port 1/2 on $mux $procmux$3845.
    dead port 1/2 on $mux $procmux$3848.
    dead port 1/2 on $mux $procmux$1079.
    dead port 1/2 on $mux $procmux$3851.
    dead port 1/2 on $mux $procmux$3854.
    dead port 1/2 on $mux $procmux$3857.
    dead port 1/2 on $mux $procmux$3860.
    dead port 1/2 on $mux $procmux$3863.
    dead port 1/2 on $mux $procmux$3866.
    dead port 1/2 on $mux $procmux$3869.
    dead port 1/2 on $mux $procmux$3872.
    dead port 1/2 on $mux $procmux$3875.
    dead port 1/2 on $mux $procmux$3878.
    dead port 1/2 on $mux $procmux$3885.
    dead port 1/2 on $mux $procmux$3888.
    dead port 1/2 on $mux $procmux$3891.
    dead port 1/2 on $mux $procmux$3894.
    dead port 1/2 on $mux $procmux$3897.
    dead port 1/2 on $mux $procmux$3900.
    dead port 1/2 on $mux $procmux$3903.
    dead port 1/2 on $mux $procmux$3906.
    dead port 1/2 on $mux $procmux$3909.
    dead port 2/2 on $mux $procmux$10806.
    dead port 1/2 on $mux $procmux$3912.
    dead port 1/2 on $mux $procmux$3915.
    dead port 1/2 on $mux $procmux$3918.
    dead port 1/2 on $mux $procmux$3921.
    dead port 1/2 on $mux $procmux$3924.
    dead port 1/2 on $mux $procmux$3927.
    dead port 1/2 on $mux $procmux$3930.
    dead port 1/2 on $mux $procmux$3937.
    dead port 1/2 on $mux $procmux$3940.
    dead port 1/2 on $mux $procmux$3943.
    dead port 1/2 on $mux $procmux$3946.
    dead port 1/2 on $mux $procmux$3949.
    dead port 1/2 on $mux $procmux$395.
    dead port 1/2 on $mux $procmux$3952.
    dead port 1/2 on $mux $procmux$3955.
    dead port 1/2 on $mux $procmux$3958.
    dead port 1/2 on $mux $procmux$3961.
    dead port 1/2 on $mux $procmux$3964.
    dead port 1/2 on $mux $procmux$3967.
    dead port 1/2 on $mux $procmux$3970.
    dead port 1/2 on $mux $procmux$3973.
    dead port 1/2 on $mux $procmux$3976.
    dead port 1/2 on $mux $procmux$3979.
    dead port 1/2 on $mux $procmux$3986.
    dead port 1/2 on $mux $procmux$3989.
    dead port 1/2 on $mux $procmux$3992.
    dead port 1/2 on $mux $procmux$3995.
    dead port 1/2 on $mux $procmux$3998.
    dead port 1/2 on $mux $procmux$4001.
    dead port 1/2 on $mux $procmux$4004.
    dead port 1/2 on $mux $procmux$4007.
    dead port 1/2 on $mux $procmux$4010.
    dead port 1/2 on $mux $procmux$4013.
    dead port 1/2 on $mux $procmux$4016.
    dead port 1/2 on $mux $procmux$4019.
    dead port 1/2 on $mux $procmux$4022.
    dead port 1/2 on $mux $procmux$4025.
    dead port 2/2 on $mux $procmux$403.
    dead port 1/2 on $mux $procmux$4032.
    dead port 1/2 on $mux $procmux$4035.
    dead port 1/2 on $mux $procmux$4038.
    dead port 1/2 on $mux $procmux$4041.
    dead port 1/2 on $mux $procmux$4044.
    dead port 1/2 on $mux $procmux$4047.
    dead port 1/2 on $mux $procmux$4050.
    dead port 1/2 on $mux $procmux$4053.
    dead port 1/2 on $mux $procmux$4056.
    dead port 1/2 on $mux $procmux$4059.
    dead port 1/2 on $mux $procmux$4062.
    dead port 1/2 on $mux $procmux$4065.
    dead port 1/2 on $mux $procmux$4068.
    dead port 1/2 on $mux $procmux$4075.
    dead port 1/2 on $mux $procmux$4078.
    dead port 1/2 on $mux $procmux$4081.
    dead port 1/2 on $mux $procmux$4084.
    dead port 1/2 on $mux $procmux$4087.
    dead port 1/2 on $mux $procmux$4090.
    dead port 1/2 on $mux $procmux$4093.
    dead port 1/2 on $mux $procmux$4096.
    dead port 1/2 on $mux $procmux$4099.
    dead port 1/2 on $mux $procmux$4102.
    dead port 1/2 on $mux $procmux$4105.
    dead port 1/2 on $mux $procmux$4108.
    dead port 2/2 on $mux $procmux$411.
    dead port 1/2 on $mux $procmux$4115.
    dead port 1/2 on $mux $procmux$4118.
    dead port 1/2 on $mux $procmux$4121.
    dead port 1/2 on $mux $procmux$4124.
    dead port 1/2 on $mux $procmux$4127.
    dead port 1/2 on $mux $procmux$4130.
    dead port 1/2 on $mux $procmux$4133.
    dead port 1/2 on $mux $procmux$4136.
    dead port 1/2 on $mux $procmux$4139.
    dead port 1/2 on $mux $procmux$4142.
    dead port 1/2 on $mux $procmux$4145.
    dead port 1/2 on $mux $procmux$4152.
    dead port 1/2 on $mux $procmux$4155.
    dead port 1/2 on $mux $procmux$4158.
    dead port 1/2 on $mux $procmux$4161.
    dead port 1/2 on $mux $procmux$4164.
    dead port 1/2 on $mux $procmux$4167.
    dead port 1/2 on $mux $procmux$4170.
    dead port 1/2 on $mux $procmux$4173.
    dead port 1/2 on $mux $procmux$4176.
    dead port 1/2 on $mux $procmux$4179.
    dead port 1/2 on $mux $procmux$4186.
    dead port 1/2 on $mux $procmux$4189.
    dead port 2/2 on $mux $procmux$419.
    dead port 1/2 on $mux $procmux$4192.
    dead port 1/2 on $mux $procmux$4195.
    dead port 1/2 on $mux $procmux$4198.
    dead port 1/2 on $mux $procmux$4201.
    dead port 1/2 on $mux $procmux$4204.
    dead port 1/2 on $mux $procmux$4207.
    dead port 2/2 on $mux $procmux$10823.
    dead port 1/2 on $mux $procmux$4210.
    dead port 1/2 on $mux $procmux$4217.
    dead port 1/2 on $mux $procmux$4220.
    dead port 1/2 on $mux $procmux$4223.
    dead port 1/2 on $mux $procmux$4226.
    dead port 1/2 on $mux $procmux$4229.
    dead port 1/2 on $mux $procmux$4232.
    dead port 1/2 on $mux $procmux$4235.
    dead port 1/2 on $mux $procmux$4238.
    dead port 1/2 on $mux $procmux$4245.
    dead port 1/2 on $mux $procmux$4248.
    dead port 1/2 on $mux $procmux$4251.
    dead port 1/2 on $mux $procmux$4254.
    dead port 1/2 on $mux $procmux$4257.
    dead port 1/2 on $mux $procmux$4260.
    dead port 1/2 on $mux $procmux$4263.
    dead port 1/2 on $mux $procmux$4270.
    dead port 1/2 on $mux $procmux$4273.
    dead port 1/2 on $mux $procmux$4276.
    dead port 1/2 on $mux $procmux$4279.
    dead port 1/2 on $mux $procmux$4282.
    dead port 1/2 on $mux $procmux$4285.
    dead port 1/2 on $mux $procmux$4292.
    dead port 1/2 on $mux $procmux$4295.
    dead port 1/2 on $mux $procmux$4298.
    dead port 1/2 on $mux $procmux$4301.
    dead port 1/2 on $mux $procmux$4304.
    dead port 1/2 on $mux $procmux$4311.
    dead port 1/2 on $mux $procmux$4314.
    dead port 1/2 on $mux $procmux$4317.
    dead port 2/2 on $mux $procmux$10840.
    dead port 1/2 on $mux $procmux$4320.
    dead port 1/2 on $mux $procmux$4327.
    dead port 1/2 on $mux $procmux$4330.
    dead port 1/2 on $mux $procmux$4333.
    dead port 1/2 on $mux $procmux$4340.
    dead port 1/2 on $mux $procmux$4343.
    dead port 1/2 on $mux $procmux$4350.
    dead port 2/2 on $mux $procmux$4364.
    dead port 1/2 on $mux $procmux$1085.
    dead port 2/2 on $mux $procmux$4370.
    dead port 2/2 on $mux $procmux$10857.
    dead port 2/2 on $mux $procmux$4386.
    dead port 2/2 on $mux $procmux$4388.
    dead port 2/2 on $mux $procmux$4396.
    dead port 2/2 on $mux $procmux$10874.
    dead port 1/2 on $mux $procmux$4406.
    dead port 1/2 on $mux $procmux$4415.
    dead port 2/2 on $mux $procmux$4433.
    dead port 2/2 on $mux $procmux$4438.
    dead port 2/2 on $mux $procmux$4442.
    dead port 2/2 on $mux $procmux$4459.
    dead port 2/2 on $mux $procmux$4464.
    dead port 2/2 on $mux $procmux$4468.
    dead port 1/2 on $mux $procmux$1088.
    dead port 2/2 on $mux $procmux$4504.
    dead port 2/2 on $mux $procmux$4511.
    dead port 2/2 on $mux $procmux$4517.
    dead port 2/2 on $mux $procmux$4523.
    dead port 2/2 on $mux $procmux$10908.
    dead port 2/2 on $mux $procmux$4529.
    dead port 1/2 on $mux $procmux$1091.
    dead port 1/2 on $mux $procmux$4542.
    dead port 2/2 on $mux $procmux$4544.
    dead port 2/2 on $mux $procmux$4552.
    dead port 2/2 on $mux $procmux$10925.
    dead port 1/2 on $mux $procmux$4560.
    dead port 1/2 on $mux $procmux$4563.
    dead port 1/2 on $mux $procmux$4565.
    dead port 2/2 on $mux $procmux$4567.
    dead port 1/2 on $mux $procmux$4577.
    dead port 1/2 on $mux $procmux$4579.
    dead port 2/2 on $mux $procmux$10959.
    dead port 2/2 on $mux $procmux$4581.
    dead port 1/2 on $mux $procmux$4590.
    dead port 2/2 on $mux $procmux$4592.
    dead port 1/2 on $mux $procmux$1097.
    dead port 2/2 on $mux $procmux$4600.
    dead port 2/2 on $mux $procmux$10976.
    dead port 2/2 on $mux $procmux$4616.
    dead port 2/2 on $mux $procmux$4624.
    dead port 2/2 on $mux $procmux$10993.
    dead port 2/2 on $mux $procmux$4632.
    dead port 2/2 on $mux $procmux$4640.
    dead port 1/2 on $mux $procmux$1100.
    dead port 2/2 on $mux $procmux$4650.
    dead port 2/2 on $mux $procmux$11027.
    dead port 2/2 on $mux $procmux$4660.
    dead port 1/2 on $mux $procmux$1103.
    dead port 2/2 on $mux $procmux$4672.
    dead port 2/2 on $mux $procmux$4684.
    dead port 2/2 on $mux $procmux$11044.
    dead port 2/2 on $mux $procmux$4696.
    dead port 2/2 on $mux $procmux$4709.
    dead port 1/2 on $mux $procmux$4712.
    dead port 1/2 on $mux $procmux$4715.
    dead port 1/2 on $mux $procmux$4718.
    dead port 2/2 on $mux $procmux$11078.
    dead port 2/2 on $mux $procmux$4720.
    dead port 2/2 on $mux $procmux$4733.
    dead port 1/2 on $mux $procmux$4736.
    dead port 1/2 on $mux $procmux$4739.
    dead port 1/2 on $mux $procmux$4742.
    dead port 2/2 on $mux $procmux$4744.
    dead port 1/2 on $mux $procmux$1109.
    dead port 2/2 on $mux $procmux$11095.
    dead port 2/2 on $mux $procmux$11112.
    dead port 2/2 on $mux $procmux$4783.
    dead port 1/2 on $mux $procmux$4786.
    dead port 1/2 on $mux $procmux$4789.
    dead port 1/2 on $mux $procmux$1112.
    dead port 1/2 on $mux $procmux$4792.
    dead port 2/2 on $mux $procmux$4794.
    dead port 2/2 on $mux $procmux$11129.
    dead port 2/2 on $mux $procmux$4808.
    dead port 1/2 on $mux $procmux$1115.
    dead port 1/2 on $mux $procmux$4811.
    dead port 1/2 on $mux $procmux$4814.
    dead port 1/2 on $mux $procmux$4817.
    dead port 2/2 on $mux $procmux$4819.
    dead port 2/2 on $mux $procmux$11180.
    dead port 2/2 on $mux $procmux$4856.
    dead port 1/2 on $mux $procmux$4859.
    dead port 1/2 on $mux $procmux$4862.
    dead port 1/2 on $mux $procmux$4865.
    dead port 2/2 on $mux $procmux$4867.
    dead port 2/2 on $mux $procmux$11197.
    dead port 1/2 on $mux $procmux$1121.
    dead port 2/2 on $mux $procmux$11231.
    dead port 2/2 on $mux $procmux$11233.
    dead port 1/2 on $mux $procmux$1124.
    dead port 2/2 on $mux $procmux$11250.
    dead port 2/2 on $mux $procmux$4880.
    dead port 1/2 on $mux $procmux$4883.
    dead port 1/2 on $mux $procmux$4886.
    dead port 1/2 on $mux $procmux$4889.
    dead port 2/2 on $mux $procmux$4891.
    dead port 2/2 on $mux $procmux$11267.
    dead port 2/2 on $mux $procmux$4908.
    dead port 1/2 on $mux $procmux$4911.
    dead port 1/2 on $mux $procmux$4914.
    dead port 1/2 on $mux $procmux$4917.
    dead port 2/2 on $mux $procmux$4919.
    dead port 2/2 on $mux $procmux$4937.
    dead port 1/2 on $mux $procmux$4940.
    dead port 1/2 on $mux $procmux$4943.
    dead port 1/2 on $mux $procmux$4946.
    dead port 2/2 on $mux $procmux$4948.
    dead port 1/2 on $mux $procmux$1127.
    dead port 1/2 on $mux $procmux$4962.
    dead port 1/2 on $mux $procmux$4965.
    dead port 1/2 on $mux $procmux$4968.
    dead port 2/2 on $mux $procmux$4970.
    dead port 1/2 on $mux $procmux$4991.
    dead port 1/2 on $mux $procmux$4994.
    dead port 1/2 on $mux $procmux$4997.
    dead port 2/2 on $mux $procmux$4999.
    dead port 1/2 on $mux $procmux$50.
    dead port 1/2 on $mux $procmux$500.
    dead port 2/2 on $mux $procmux$11284.
    dead port 1/2 on $mux $procmux$505.
    dead port 1/2 on $mux $procmux$5063.
    dead port 1/2 on $mux $procmux$5066.
    dead port 1/2 on $mux $procmux$5069.
    dead port 2/2 on $mux $procmux$5071.
    dead port 1/2 on $mux $procmux$508.
    dead port 1/2 on $mux $procmux$5114.
    dead port 1/2 on $mux $procmux$5117.
    dead port 1/2 on $mux $procmux$5120.
    dead port 2/2 on $mux $procmux$5122.
    dead port 1/2 on $mux $procmux$5143.
    dead port 1/2 on $mux $procmux$5146.
    dead port 1/2 on $mux $procmux$5149.
    dead port 1/2 on $mux $procmux$515.
    dead port 2/2 on $mux $procmux$5151.
    dead port 1/2 on $mux $procmux$5169.
    dead port 1/2 on $mux $procmux$5172.
    dead port 1/2 on $mux $procmux$5175.
    dead port 2/2 on $mux $procmux$5177.
    dead port 2/2 on $mux $procmux$11318.
    dead port 1/2 on $mux $procmux$5195.
    dead port 1/2 on $mux $procmux$5198.
    dead port 1/2 on $mux $procmux$5201.
    dead port 2/2 on $mux $procmux$5203.
    dead port 1/2 on $mux $procmux$5217.
    dead port 1/2 on $mux $procmux$5220.
    dead port 2/2 on $mux $procmux$5222.
    dead port 1/2 on $mux $procmux$1133.
    dead port 2/2 on $mux $procmux$523.
    dead port 1/2 on $mux $procmux$5236.
    dead port 1/2 on $mux $procmux$5239.
    dead port 2/2 on $mux $procmux$5241.
    dead port 1/2 on $mux $procmux$5255.
    dead port 1/2 on $mux $procmux$5258.
    dead port 2/2 on $mux $procmux$5260.
    dead port 2/2 on $mux $procmux$11335.
    dead port 1/2 on $mux $procmux$5274.
    dead port 1/2 on $mux $procmux$5277.
    dead port 2/2 on $mux $procmux$5279.
    dead port 2/2 on $mux $procmux$528.
    dead port 1/2 on $mux $procmux$5293.
    dead port 1/2 on $mux $procmux$5296.
    dead port 2/2 on $mux $procmux$5298.
    dead port 2/2 on $mux $procmux$5309.
    dead port 1/2 on $mux $procmux$5312.
    dead port 1/2 on $mux $procmux$5315.
    dead port 2/2 on $mux $procmux$5317.
    dead port 2/2 on $mux $procmux$11352.
    dead port 1/2 on $mux $procmux$5330.
    dead port 1/2 on $mux $procmux$5333.
    dead port 2/2 on $mux $procmux$5335.
    dead port 2/2 on $mux $procmux$534.
    dead port 1/2 on $mux $procmux$5348.
    dead port 1/2 on $mux $procmux$5351.
    dead port 2/2 on $mux $procmux$5353.
    dead port 1/2 on $mux $procmux$1136.
    dead port 2/2 on $mux $procmux$540.
    dead port 1/2 on $mux $procmux$5402.
    dead port 1/2 on $mux $procmux$5405.
    dead port 2/2 on $mux $procmux$5407.
    dead port 2/2 on $mux $procmux$11369.
    dead port 1/2 on $mux $procmux$5438.
    dead port 2/2 on $mux $procmux$5440.
    dead port 1/2 on $mux $procmux$5453.
    dead port 2/2 on $mux $procmux$5455.
    dead port 2/2 on $mux $procmux$546.
    dead port 1/2 on $mux $procmux$5468.
    dead port 2/2 on $mux $procmux$5470.
    dead port 2/2 on $mux $procmux$11386.
    dead port 1/2 on $mux $procmux$5483.
    dead port 2/2 on $mux $procmux$5485.
    dead port 1/2 on $mux $procmux$1139.
    dead port 1/2 on $mux $procmux$5498.
    dead port 1/2 on $mux $procmux$55.
    dead port 2/2 on $mux $procmux$5500.
    dead port 1/2 on $mux $procmux$5513.
    dead port 2/2 on $mux $procmux$5515.
    dead port 2/2 on $mux $procmux$11403.
    dead port 2/2 on $mux $procmux$552.
    dead port 1/2 on $mux $procmux$5528.
    dead port 2/2 on $mux $procmux$5530.
    dead port 2/2 on $mux $procmux$11419.
    dead port 1/2 on $mux $procmux$5573.
    dead port 2/2 on $mux $procmux$5575.
    dead port 2/2 on $mux $procmux$558.
    dead port 1/2 on $mux $procmux$5587.
    dead port 2/2 on $mux $procmux$5589.
    dead port 2/2 on $mux $procmux$5616.
    dead port 2/2 on $mux $procmux$11436.
    dead port 2/2 on $mux $procmux$5628.
    dead port 1/2 on $mux $procmux$1145.
    dead port 2/2 on $mux $procmux$5640.
    dead port 2/2 on $mux $procmux$11453.
    dead port 2/2 on $mux $procmux$5652.
    dead port 2/2 on $mux $procmux$5664.
    dead port 2/2 on $mux $procmux$11472.
    dead port 2/2 on $mux $procmux$5676.
    dead port 2/2 on $mux $procmux$11474.
    dead port 2/2 on $mux $procmux$5688.
    dead port 2/2 on $mux $procmux$5700.
    dead port 1/2 on $mux $procmux$1148.
    dead port 2/2 on $mux $procmux$5736.
    dead port 2/2 on $mux $procmux$11493.
    dead port 2/2 on $mux $procmux$11495.
    dead port 1/2 on $mux $procmux$5764.
    dead port 2/2 on $mux $procmux$5766.
    dead port 2/2 on $mux $procmux$5771.
    dead port 1/2 on $mux $procmux$5787.
    dead port 2/2 on $mux $procmux$5789.
    dead port 2/2 on $mux $procmux$5794.
    dead port 1/2 on $mux $procmux$115.
    dead port 1/2 on $mux $procmux$1151.
    dead port 1/2 on $mux $procmux$58.
    dead port 2/2 on $mux $procmux$5832.
    dead port 2/2 on $mux $procmux$5837.
    dead port 2/2 on $mux $procmux$11514.
    dead port 2/2 on $mux $procmux$5852.
    dead port 2/2 on $mux $procmux$5857.
    dead port 2/2 on $mux $procmux$11533.
    dead port 2/2 on $mux $procmux$5894.
    dead port 2/2 on $mux $procmux$5911.
    dead port 2/2 on $mux $procmux$5928.
    dead port 2/2 on $mux $procmux$11551.
    dead port 2/2 on $mux $procmux$5960.
    dead port 2/2 on $mux $procmux$5975.
    dead port 1/2 on $mux $procmux$1157.
    dead port 2/2 on $mux $procmux$5990.
    dead port 2/2 on $mux $procmux$11571.
    dead port 2/2 on $mux $procmux$6004.
    dead port 2/2 on $mux $procmux$601.
    dead port 2/2 on $mux $procmux$6018.
    dead port 2/2 on $mux $procmux$11591.
    dead port 1/2 on $mux $procmux$6065.
    dead port 1/2 on $mux $procmux$607.
    dead port 1/2 on $mux $procmux$6071.
    dead port 2/2 on $mux $procmux$6073.
    dead port 2/2 on $mux $procmux$609.
    dead port 2/2 on $mux $procmux$6093.
    dead port 2/2 on $mux $procmux$6095.
    dead port 1/2 on $mux $procmux$6098.
    dead port 1/2 on $mux $procmux$6101.
    dead port 2/2 on $mux $procmux$6103.
    dead port 1/2 on $mux $procmux$6106.
    dead port 1/2 on $mux $procmux$1160.
    dead port 1/2 on $mux $procmux$6112.
    dead port 2/2 on $mux $procmux$6114.
    dead port 2/2 on $mux $procmux$6131.
    dead port 1/2 on $mux $procmux$6134.
    dead port 1/2 on $mux $procmux$6137.
    dead port 2/2 on $mux $procmux$6139.
    dead port 2/2 on $mux $procmux$11611.
    dead port 1/2 on $mux $procmux$6142.
    dead port 1/2 on $mux $procmux$6148.
    dead port 2/2 on $mux $procmux$6150.
    dead port 1/2 on $mux $procmux$6169.
    dead port 1/2 on $mux $procmux$6172.
    dead port 2/2 on $mux $procmux$6174.
    dead port 1/2 on $mux $procmux$6177.
    dead port 1/2 on $mux $procmux$6183.
    dead port 2/2 on $mux $procmux$6185.
    dead port 2/2 on $mux $procmux$620.
    dead port 1/2 on $mux $procmux$6204.
    dead port 1/2 on $mux $procmux$6207.
    dead port 2/2 on $mux $procmux$6209.
    dead port 1/2 on $mux $procmux$6212.
    dead port 1/2 on $mux $procmux$6218.
    dead port 2/2 on $mux $procmux$6220.
    dead port 1/2 on $mux $procmux$1163.
    dead port 2/2 on $mux $procmux$633.
    dead port 2/2 on $mux $procmux$641.
    dead port 1/2 on $mux $procmux$65.
    dead port 2/2 on $mux $procmux$650.
    dead port 2/2 on $mux $procmux$661.
    dead port 2/2 on $mux $procmux$117.
    dead port 2/2 on $mux $procmux$682.
    dead port 2/2 on $mux $procmux$684.
    dead port 2/2 on $mux $procmux$692.
    dead port 1/9 on $pmux $procmux$6934.
    dead port 2/9 on $pmux $procmux$6934.
    dead port 3/9 on $pmux $procmux$6934.
    dead port 4/9 on $pmux $procmux$6934.
    dead port 5/9 on $pmux $procmux$6934.
    dead port 6/9 on $pmux $procmux$6934.
    dead port 7/9 on $pmux $procmux$6934.
    dead port 8/9 on $pmux $procmux$6934.
    dead port 1/2 on $mux $procmux$1171.
    dead port 1/2 on $mux $procmux$6944.
    dead port 1/2 on $mux $procmux$6947.
    dead port 1/2 on $mux $procmux$6950.
    dead port 2/2 on $mux $procmux$6952.
    dead port 1/2 on $mux $procmux$6955.
    dead port 1/2 on $mux $procmux$6961.
    dead port 2/2 on $mux $procmux$6963.
    dead port 1/9 on $pmux $procmux$6981.
    dead port 2/9 on $pmux $procmux$6981.
    dead port 3/9 on $pmux $procmux$6981.
    dead port 4/9 on $pmux $procmux$6981.
    dead port 5/9 on $pmux $procmux$6981.
    dead port 6/9 on $pmux $procmux$6981.
    dead port 7/9 on $pmux $procmux$6981.
    dead port 8/9 on $pmux $procmux$6981.
    dead port 1/2 on $mux $procmux$6991.
    dead port 1/2 on $mux $procmux$6994.
    dead port 1/2 on $mux $procmux$6997.
    dead port 2/2 on $mux $procmux$6999.
    dead port 2/2 on $mux $procmux$700.
    dead port 1/2 on $mux $procmux$7002.
    dead port 1/2 on $mux $procmux$7008.
    dead port 2/2 on $mux $procmux$7010.
    dead port 1/9 on $pmux $procmux$7075.
    dead port 2/9 on $pmux $procmux$7075.
    dead port 3/9 on $pmux $procmux$7075.
    dead port 4/9 on $pmux $procmux$7075.
    dead port 5/9 on $pmux $procmux$7075.
    dead port 6/9 on $pmux $procmux$7075.
    dead port 7/9 on $pmux $procmux$7075.
    dead port 8/9 on $pmux $procmux$7075.
    dead port 2/2 on $mux $procmux$708.
    dead port 1/2 on $mux $procmux$7085.
    dead port 1/2 on $mux $procmux$7088.
    dead port 1/2 on $mux $procmux$7091.
    dead port 2/2 on $mux $procmux$7093.
    dead port 1/2 on $mux $procmux$7096.
    dead port 1/2 on $mux $procmux$1174.
    dead port 1/2 on $mux $procmux$7102.
    dead port 2/2 on $mux $procmux$7104.
    dead port 1/9 on $pmux $procmux$7122.
    dead port 2/9 on $pmux $procmux$7122.
    dead port 3/9 on $pmux $procmux$7122.
    dead port 4/9 on $pmux $procmux$7122.
    dead port 5/9 on $pmux $procmux$7122.
    dead port 6/9 on $pmux $procmux$7122.
    dead port 7/9 on $pmux $procmux$7122.
    dead port 8/9 on $pmux $procmux$7122.
    dead port 1/2 on $mux $procmux$7132.
    dead port 1/2 on $mux $procmux$7135.
    dead port 1/2 on $mux $procmux$7138.
    dead port 2/2 on $mux $procmux$7140.
    dead port 1/2 on $mux $procmux$7143.
    dead port 1/2 on $mux $procmux$7149.
    dead port 2/2 on $mux $procmux$7151.
    dead port 2/2 on $mux $procmux$716.
    dead port 1/2 on $mux $procmux$7176.
    dead port 2/2 on $mux $procmux$7178.
    dead port 1/2 on $mux $procmux$7181.
    dead port 1/2 on $mux $procmux$7184.
    dead port 1/2 on $mux $procmux$7187.
    dead port 2/2 on $mux $procmux$7189.
    dead port 1/2 on $mux $procmux$7192.
    dead port 1/2 on $mux $procmux$7198.
    dead port 2/2 on $mux $procmux$7200.
    dead port 2/2 on $mux $procmux$7225.
    dead port 1/2 on $mux $procmux$7228.
    dead port 1/2 on $mux $procmux$7231.
    dead port 1/2 on $mux $procmux$7234.
    dead port 2/2 on $mux $procmux$7236.
    dead port 1/2 on $mux $procmux$7239.
    dead port 2/2 on $mux $procmux$724.
    dead port 1/2 on $mux $procmux$7245.
    dead port 2/2 on $mux $procmux$7247.
    dead port 2/2 on $mux $procmux$7271.
    dead port 1/2 on $mux $procmux$7274.
    dead port 1/2 on $mux $procmux$7277.
    dead port 1/2 on $mux $procmux$7280.
    dead port 2/2 on $mux $procmux$7282.
    dead port 1/2 on $mux $procmux$7285.
    dead port 1/2 on $mux $procmux$7291.
    dead port 2/2 on $mux $procmux$7293.
    dead port 2/2 on $mux $procmux$7317.
    dead port 1/2 on $mux $procmux$7320.
    dead port 1/2 on $mux $procmux$7323.
    dead port 1/2 on $mux $procmux$7326.
    dead port 2/2 on $mux $procmux$7328.
    dead port 2/2 on $mux $procmux$733.
    dead port 1/2 on $mux $procmux$7331.
    dead port 1/2 on $mux $procmux$7337.
    dead port 2/2 on $mux $procmux$7339.
    dead port 1/9 on $pmux $procmux$7355.
    dead port 1/2 on $mux $procmux$7366.
    dead port 1/2 on $mux $procmux$7369.
    dead port 1/2 on $mux $procmux$7372.
    dead port 2/2 on $mux $procmux$7374.
    dead port 1/2 on $mux $procmux$7377.
    dead port 1/2 on $mux $procmux$7383.
    dead port 2/2 on $mux $procmux$7385.
    dead port 1/9 on $pmux $procmux$7401.
    dead port 1/2 on $mux $procmux$7412.
    dead port 1/2 on $mux $procmux$7415.
    dead port 1/2 on $mux $procmux$7418.
    dead port 2/2 on $mux $procmux$742.
    dead port 2/2 on $mux $procmux$7420.
    dead port 1/2 on $mux $procmux$7423.
    dead port 1/2 on $mux $procmux$7429.
    dead port 2/2 on $mux $procmux$7431.
    dead port 1/2 on $mux $procmux$7456.
    dead port 1/2 on $mux $procmux$7459.
    dead port 1/2 on $mux $procmux$7462.
    dead port 2/2 on $mux $procmux$7464.
    dead port 1/2 on $mux $procmux$7467.
    dead port 1/2 on $mux $procmux$7473.
    dead port 2/2 on $mux $procmux$7475.
    dead port 1/8 on $pmux $procmux$7490.
    dead port 1/2 on $mux $procmux$7500.
    dead port 1/2 on $mux $procmux$7503.
    dead port 1/2 on $mux $procmux$7506.
    dead port 2/2 on $mux $procmux$7508.
    dead port 1/2 on $mux $procmux$7511.
    dead port 1/2 on $mux $procmux$7517.
    dead port 2/2 on $mux $procmux$7519.
    dead port 2/2 on $mux $procmux$752.
    dead port 1/9 on $pmux $procmux$7580.
    dead port 1/2 on $mux $procmux$7591.
    dead port 1/2 on $mux $procmux$7594.
    dead port 1/2 on $mux $procmux$7597.
    dead port 2/2 on $mux $procmux$7599.
    dead port 1/2 on $mux $procmux$7602.
    dead port 1/2 on $mux $procmux$7608.
    dead port 2/2 on $mux $procmux$761.
    dead port 2/2 on $mux $procmux$7610.
    dead port 1/9 on $pmux $procmux$7626.
    dead port 1/2 on $mux $procmux$7637.
    dead port 1/2 on $mux $procmux$7640.
    dead port 1/2 on $mux $procmux$7643.
    dead port 2/2 on $mux $procmux$7645.
    dead port 1/2 on $mux $procmux$7648.
    dead port 1/2 on $mux $procmux$7654.
    dead port 2/2 on $mux $procmux$7656.
    dead port 1/2 on $mux $procmux$7675.
    dead port 1/2 on $mux $procmux$7678.
    dead port 2/2 on $mux $procmux$7680.
    dead port 1/2 on $mux $procmux$7683.
    dead port 1/2 on $mux $procmux$7689.
    dead port 2/2 on $mux $procmux$7691.
    dead port 1/2 on $mux $procmux$7710.
    dead port 1/2 on $mux $procmux$7713.
    dead port 2/2 on $mux $procmux$7715.
    dead port 1/2 on $mux $procmux$7718.
    dead port 1/2 on $mux $procmux$7724.
    dead port 2/2 on $mux $procmux$7726.
    dead port 1/2 on $mux $procmux$7745.
    dead port 1/2 on $mux $procmux$7748.
    dead port 2/2 on $mux $procmux$7750.
    dead port 1/2 on $mux $procmux$7753.
    dead port 1/2 on $mux $procmux$7759.
    dead port 2/2 on $mux $procmux$7761.
    dead port 1/2 on $mux $procmux$7779.
    dead port 1/2 on $mux $procmux$7782.
    dead port 2/2 on $mux $procmux$7784.
    dead port 1/2 on $mux $procmux$7787.
    dead port 1/2 on $mux $procmux$7793.
    dead port 2/2 on $mux $procmux$7795.
    dead port 2/2 on $mux $procmux$78.
    dead port 1/2 on $mux $procmux$7814.
    dead port 1/2 on $mux $procmux$7817.
    dead port 2/2 on $mux $procmux$7819.
    dead port 1/2 on $mux $procmux$7822.
    dead port 1/2 on $mux $procmux$7828.
    dead port 2/2 on $mux $procmux$7830.
    dead port 1/2 on $mux $procmux$7884.
    dead port 1/2 on $mux $procmux$7887.
    dead port 2/2 on $mux $procmux$7889.
    dead port 1/2 on $mux $procmux$7892.
    dead port 1/2 on $mux $procmux$7898.
    dead port 2/2 on $mux $procmux$7900.
    dead port 1/2 on $mux $procmux$7919.
    dead port 1/2 on $mux $procmux$7922.
    dead port 2/2 on $mux $procmux$7924.
    dead port 1/2 on $mux $procmux$7927.
    dead port 1/2 on $mux $procmux$7933.
    dead port 2/2 on $mux $procmux$7935.
    dead port 1/2 on $mux $procmux$7955.
    dead port 2/2 on $mux $procmux$7957.
    dead port 1/2 on $mux $procmux$7960.
    dead port 1/2 on $mux $procmux$7966.
    dead port 2/2 on $mux $procmux$7968.
    dead port 1/2 on $mux $procmux$7988.
    dead port 2/2 on $mux $procmux$7990.
    dead port 1/2 on $mux $procmux$7993.
    dead port 1/2 on $mux $procmux$7999.
    dead port 2/2 on $mux $procmux$80.
    dead port 2/2 on $mux $procmux$8001.
    dead port 1/2 on $mux $procmux$801.
    dead port 1/2 on $mux $procmux$8021.
    dead port 2/2 on $mux $procmux$8023.
    dead port 1/2 on $mux $procmux$8026.
    dead port 1/2 on $mux $procmux$8032.
    dead port 2/2 on $mux $procmux$8034.
    dead port 1/2 on $mux $procmux$8054.
    dead port 2/2 on $mux $procmux$8056.
    dead port 1/2 on $mux $procmux$8059.
    dead port 1/2 on $mux $procmux$8065.
    dead port 2/2 on $mux $procmux$8067.
    dead port 2/2 on $mux $procmux$8085.
    dead port 1/2 on $mux $procmux$8088.
    dead port 2/2 on $mux $procmux$8090.
    dead port 1/2 on $mux $procmux$8093.
    dead port 1/2 on $mux $procmux$8099.
    dead port 2/2 on $mux $procmux$8101.
    dead port 2/2 on $mux $procmux$812.
    dead port 1/2 on $mux $procmux$8120.
    dead port 2/2 on $mux $procmux$8122.
    dead port 1/2 on $mux $procmux$8125.
    dead port 1/2 on $mux $procmux$8131.
    dead port 2/2 on $mux $procmux$8133.
    dead port 1/2 on $mux $procmux$1193.
    dead port 1/2 on $mux $procmux$8184.
    dead port 2/2 on $mux $procmux$8186.
    dead port 1/2 on $mux $procmux$8189.
    dead port 1/2 on $mux $procmux$8195.
    dead port 2/2 on $mux $procmux$8197.
    dead port 1/2 on $mux $procmux$8216.
    dead port 2/2 on $mux $procmux$8218.
    dead port 1/2 on $mux $procmux$8221.
    dead port 1/2 on $mux $procmux$8227.
    dead port 2/2 on $mux $procmux$8229.
    dead port 1/2 on $mux $procmux$1196.
    dead port 1/2 on $mux $procmux$8248.
    dead port 2/2 on $mux $procmux$8250.
    dead port 1/2 on $mux $procmux$8253.
    dead port 1/2 on $mux $procmux$8259.
    dead port 2/2 on $mux $procmux$8261.
    dead port 1/2 on $mux $procmux$8312.
    dead port 2/2 on $mux $procmux$8314.
    dead port 1/2 on $mux $procmux$8317.
    dead port 2/2 on $mux $procmux$832.
    dead port 1/2 on $mux $procmux$8323.
    dead port 2/2 on $mux $procmux$8325.
    dead port 1/2 on $mux $procmux$8376.
    dead port 2/2 on $mux $procmux$8378.
    dead port 1/2 on $mux $procmux$8381.
    dead port 1/2 on $mux $procmux$8387.
    dead port 2/2 on $mux $procmux$8389.
    dead port 1/2 on $mux $procmux$8408.
    dead port 2/2 on $mux $procmux$8410.
    dead port 1/2 on $mux $procmux$8413.
    dead port 1/2 on $mux $procmux$8419.
    dead port 2/2 on $mux $procmux$8421.
    dead port 1/2 on $mux $procmux$8440.
    dead port 2/2 on $mux $procmux$8442.
    dead port 1/2 on $mux $procmux$8445.
    dead port 1/2 on $mux $procmux$8451.
    dead port 2/2 on $mux $procmux$8453.
    dead port 2/2 on $mux $procmux$85.
    dead port 1/2 on $mux $procmux$8504.
    dead port 2/2 on $mux $procmux$8506.
    dead port 1/2 on $mux $procmux$8509.
    dead port 1/2 on $mux $procmux$8515.
    dead port 2/2 on $mux $procmux$8517.
    dead port 1/2 on $mux $procmux$852.
    dead port 1/2 on $mux $procmux$8535.
    dead port 2/2 on $mux $procmux$8537.
    dead port 1/2 on $mux $procmux$8540.
    dead port 1/2 on $mux $procmux$8546.
    dead port 2/2 on $mux $procmux$8548.
    dead port 1/2 on $mux $procmux$858.
    dead port 1/2 on $mux $procmux$8598.
    dead port 2/2 on $mux $procmux$8600.
    dead port 1/2 on $mux $procmux$8603.
    dead port 1/2 on $mux $procmux$8609.
    dead port 2/2 on $mux $procmux$8611.
    dead port 2/2 on $mux $procmux$8629.
    dead port 1/2 on $mux $procmux$863.
    dead port 1/2 on $mux $procmux$8632.
    dead port 1/2 on $mux $procmux$8638.
    dead port 2/2 on $mux $procmux$8640.
    dead port 2/2 on $mux $procmux$8658.
    dead port 1/2 on $mux $procmux$8661.
    dead port 1/2 on $mux $procmux$8667.
    dead port 2/2 on $mux $procmux$8669.
    dead port 2/2 on $mux $procmux$868.
    dead port 2/2 on $mux $procmux$8687.
    dead port 1/2 on $mux $procmux$8690.
    dead port 1/2 on $mux $procmux$8696.
    dead port 2/2 on $mux $procmux$8698.
    dead port 2/2 on $mux $procmux$87.
    dead port 2/2 on $mux $procmux$8715.
    dead port 1/2 on $mux $procmux$8718.
    dead port 1/2 on $mux $procmux$8724.
    dead port 2/2 on $mux $procmux$8726.
    dead port 2/2 on $mux $procmux$874.
    dead port 2/2 on $mux $procmux$8744.
    dead port 1/2 on $mux $procmux$8747.
    dead port 1/2 on $mux $procmux$8753.
    dead port 2/2 on $mux $procmux$8755.
    dead port 1/2 on $mux $1159.
    dead port 2/2 on $mux $1159.
    dead port 2/2 on $mux $procmux$879.
    dead port 2/2 on $mux $procmux$8802.
    dead port 1/2 on $mux $procmux$8805.
    dead port 1/2 on $mux $procmux$8811.
    dead port 2/2 on $mux $procmux$8813.
    dead port 2/2 on $mux $procmux$8831.
    dead port 1/2 on $mux $procmux$8834.
    dead port 1/2 on $mux $procmux$8840.
    dead port 2/2 on $mux $procmux$8842.
    dead port 2/2 on $mux $procmux$8889.
    dead port 1/2 on $mux $procmux$8892.
    dead port 1/2 on $mux $procmux$8898.
    dead port 2/2 on $mux $procmux$8900.
    dead port 2/2 on $mux $procmux$8947.
    dead port 1/2 on $mux $procmux$8950.
    dead port 1/2 on $mux $procmux$8956.
    dead port 2/2 on $mux $procmux$8958.
    dead port 2/2 on $mux $procmux$8976.
    dead port 1/2 on $mux $procmux$8979.
    dead port 1/2 on $mux $procmux$8985.
    dead port 2/2 on $mux $procmux$8987.
    dead port 2/2 on $mux $procmux$9005.
    dead port 1/2 on $mux $procmux$9008.
    dead port 1/2 on $mux $procmux$9014.
    dead port 2/2 on $mux $procmux$9016.
    dead port 2/2 on $mux $procmux$9063.
    dead port 1/2 on $mux $procmux$9066.
    dead port 1/2 on $mux $procmux$9072.
    dead port 2/2 on $mux $procmux$9074.
    dead port 2/2 on $mux $procmux$9092.
    dead port 1/2 on $mux $procmux$9095.
    dead port 1/2 on $mux $procmux$9101.
    dead port 2/2 on $mux $procmux$9103.
    dead port 1/2 on $mux $procmux$912.
    dead port 2/2 on $mux $procmux$9121.
    dead port 1/2 on $mux $procmux$9124.
    dead port 1/2 on $mux $procmux$9130.
    dead port 2/2 on $mux $procmux$9132.
    dead port 2/2 on $mux $procmux$9150.
    dead port 1/2 on $mux $procmux$9153.
    dead port 1/2 on $mux $procmux$9159.
    dead port 2/2 on $mux $procmux$9161.
    dead port 1/2 on $mux $procmux$917.
    dead port 1/2 on $mux $procmux$1204.
    dead port 2/2 on $mux $procmux$9208.
    dead port 1/2 on $mux $procmux$9211.
    dead port 1/2 on $mux $procmux$9217.
    dead port 2/2 on $mux $procmux$9219.
    dead port 1/2 on $mux $procmux$922.
    dead port 1/2 on $mux $procmux$9237.
    dead port 1/2 on $mux $procmux$9243.
    dead port 2/2 on $mux $procmux$9245.
    dead port 1/2 on $mux $procmux$9263.
    dead port 1/2 on $mux $procmux$9269.
    dead port 2/2 on $mux $procmux$9271.
    dead port 1/2 on $mux $procmux$9315.
    dead port 1/2 on $mux $procmux$9321.
    dead port 2/2 on $mux $procmux$9323.
    dead port 1/2 on $mux $procmux$9341.
    dead port 1/2 on $mux $procmux$9347.
    dead port 2/2 on $mux $procmux$9349.
    dead port 1/2 on $mux $procmux$9391.
    dead port 1/2 on $mux $procmux$9397.
    dead port 2/2 on $mux $procmux$9399.
    dead port 1/2 on $mux $procmux$1207.
    dead port 2/2 on $mux $procmux$94.
    dead port 1/2 on $mux $procmux$9417.
    dead port 1/2 on $mux $procmux$9423.
    dead port 2/2 on $mux $procmux$9425.
    dead port 2/2 on $mux $procmux$12074.
    dead port 1/2 on $mux $procmux$9443.
    dead port 1/2 on $mux $procmux$9449.
    dead port 2/2 on $mux $procmux$9451.
    dead port 1/2 on $mux $procmux$9495.
    dead port 1/2 on $mux $procmux$9501.
    dead port 2/2 on $mux $procmux$9503.
    dead port 2/2 on $mux $procmux$12079.
    dead port 1/2 on $mux $procmux$9547.
    dead port 1/2 on $mux $procmux$9553.
    dead port 2/2 on $mux $procmux$9555.
    dead port 1/2 on $mux $procmux$9573.
    dead port 1/2 on $mux $procmux$9579.
    dead port 2/2 on $mux $procmux$9581.
    dead port 1/2 on $mux $procmux$9599.
    dead port 1/2 on $mux $procmux$9605.
    dead port 2/2 on $mux $procmux$9607.
    dead port 1/2 on $mux $procmux$9651.
    dead port 1/2 on $mux $procmux$9657.
    dead port 2/2 on $mux $procmux$9659.
    dead port 1/2 on $mux $procmux$9677.
    dead port 1/2 on $mux $procmux$9683.
    dead port 2/2 on $mux $procmux$9685.
    dead port 1/2 on $mux $procmux$9703.
    dead port 1/2 on $mux $procmux$9709.
    dead port 2/2 on $mux $procmux$9711.
    dead port 1/2 on $mux $procmux$12082.
    dead port 1/2 on $mux $procmux$9729.
    dead port 1/2 on $mux $procmux$9735.
    dead port 2/2 on $mux $procmux$9737.
    dead port 2/2 on $mux $procmux$12084.
    dead port 1/2 on $mux $procmux$9784.
    dead port 2/2 on $mux $procmux$9786.
    dead port 1/2 on $mux $procmux$9807.
    dead port 2/2 on $mux $procmux$9809.
    dead port 2/2 on $mux $procmux$12089.
    dead port 1/2 on $mux $procmux$9830.
    dead port 2/2 on $mux $procmux$9832.
    dead port 1/2 on $mux $procmux$9853.
    dead port 2/2 on $mux $procmux$9855.
    dead port 1/2 on $mux $procmux$9876.
    dead port 2/2 on $mux $procmux$9878.
    dead port 1/2 on $mux $procmux$9899.
    dead port 2/2 on $mux $procmux$9901.
    dead port 1/2 on $mux $procmux$9922.
    dead port 2/2 on $mux $procmux$9924.
    dead port 1/2 on $mux $procmux$9945.
    dead port 2/2 on $mux $procmux$9947.
    dead port 1/2 on $mux $procmux$12092.
    dead port 1/2 on $mux $procmux$997.
    dead port 1/2 on $mux $procmux$9991.
    dead port 2/2 on $mux $procmux$9993.
    dead port 2/2 on $mux $procmux$12094.
Removed 2210 multiplexer ports.
<suppressed ~18001 debug messages>

3.7.4. Executing OPT_REDUCE pass (consolidate $*mux and $reduce_* inputs).
  Optimizing cells in module \cv32e40p_core.
    New ctrl vector for $pmux cell $procmux$17274: { $procmux$17239_CMP $procmux$17211_CMP $procmux$17069_CMP $auto$opt_reduce.cc:137:opt_pmux$18493 }
    New ctrl vector for $pmux cell $procmux$17554: { $procmux$17239_CMP $auto$opt_reduce.cc:137:opt_pmux$18495 }
    New ctrl vector for $pmux cell $procmux$10: { $procmux$18299_CMP $procmux$31_CMP $2664y $procmux$18263_CMP $procmux$18252_CMP $procmux$18242_CMP $procmux$18233_CMP $procmux$25_CMP $procmux$24_CMP $procmux$23_CMP $2757y $2760y $auto$opt_reduce.cc:137:opt_pmux$18497 $procmux$18204_CMP $procmux$17_CMP $procmux$16_CMP $procmux$15_CMP $procmux$14_CTRL $procmux$13_CTRL $2771y $procmux$11_CTRL }
    New ctrl vector for $pmux cell $procmux$12668: { $procmux$12156_CMP [2] $auto$opt_reduce.cc:137:opt_pmux$18499 }
    New ctrl vector for $pmux cell $procmux$17730: { $procmux$17648_CMP $procmux$17624_CMP $auto$opt_reduce.cc:137:opt_pmux$18501 }
    New ctrl vector for $pmux cell $procmux$17764: { $procmux$17648_CMP $procmux$17598_CMP }
    New ctrl vector for $pmux cell $procmux$17973: { $procmux$17976_CMP $procmux$17975_CMP $auto$opt_reduce.cc:137:opt_pmux$18503 }
    New ctrl vector for $pmux cell $procmux$18015: { $procmux$18023_CMP $procmux$18022_CMP $procmux$18021_CMP $procmux$18020_CMP $procmux$18018_CMP $procmux$18017_CMP $auto$opt_reduce.cc:137:opt_pmux$18505 }
    New ctrl vector for $pmux cell $procmux$12960: $auto$opt_reduce.cc:137:opt_pmux$18507
    New ctrl vector for $pmux cell $procmux$12969: $auto$opt_reduce.cc:137:opt_pmux$18509
    New ctrl vector for $pmux cell $procmux$12301: { $procmux$12269_CTRL $procmux$12226_CTRL $procmux$12156_CTRL $auto$opt_reduce.cc:137:opt_pmux$18511 }
    New ctrl vector for $pmux cell $procmux$13756: $auto$opt_reduce.cc:137:opt_pmux$18513
    New ctrl vector for $pmux cell $procmux$13807: $auto$opt_reduce.cc:137:opt_pmux$18515
    New ctrl vector for $pmux cell $procmux$13908: { $procmux$13760_CMP $auto$opt_reduce.cc:137:opt_pmux$18517 }
    New ctrl vector for $pmux cell $procmux$14015: $auto$opt_reduce.cc:137:opt_pmux$18519
    New ctrl vector for $pmux cell $procmux$14062: $auto$opt_reduce.cc:137:opt_pmux$18521
    New ctrl vector for $pmux cell $procmux$33: { $procmux$16958_CMP $procmux$16957_CMP $auto$opt_reduce.cc:137:opt_pmux$18523 }
    New ctrl vector for $pmux cell $procmux$14169: $auto$opt_reduce.cc:137:opt_pmux$18525
    New ctrl vector for $pmux cell $procmux$14215: $auto$opt_reduce.cc:137:opt_pmux$18527
    New ctrl vector for $pmux cell $procmux$14240: $auto$opt_reduce.cc:137:opt_pmux$18529
    New ctrl vector for $pmux cell $procmux$12327: { $auto$opt_reduce.cc:137:opt_pmux$18531 $procmux$12226_CTRL $procmux$12156_CTRL }
    New ctrl vector for $pmux cell $procmux$438: $auto$opt_reduce.cc:137:opt_pmux$18533
    New ctrl vector for $pmux cell $procmux$450: $auto$opt_reduce.cc:137:opt_pmux$18535
    New ctrl vector for $pmux cell $procmux$464: $auto$opt_reduce.cc:137:opt_pmux$18537
    New ctrl vector for $pmux cell $procmux$4669: $auto$opt_reduce.cc:137:opt_pmux$18539
    New ctrl vector for $pmux cell $procmux$468: $auto$opt_reduce.cc:137:opt_pmux$18541
    New ctrl vector for $pmux cell $procmux$4692: $auto$opt_reduce.cc:137:opt_pmux$18543
    New ctrl vector for $pmux cell $procmux$15495: $auto$opt_reduce.cc:137:opt_pmux$18545
    New ctrl vector for $pmux cell $procmux$4981: { \id_stage_i.controller_i.ebrk_insn_i \id_stage_i.controller_i.ecall_insn_i $auto$opt_reduce.cc:137:opt_pmux$18547 \id_stage_i.controller_i.wfi_i }
    New ctrl vector for $pmux cell $procmux$15549: $auto$opt_reduce.cc:137:opt_pmux$18549
    New ctrl vector for $pmux cell $procmux$15576: $auto$opt_reduce.cc:137:opt_pmux$18551
    New ctrl vector for $pmux cell $procmux$5160: { $auto$opt_reduce.cc:137:opt_pmux$18553 \id_stage_i.controller_i.fencei_insn_i }
    New ctrl vector for $pmux cell $procmux$5186: $auto$opt_reduce.cc:137:opt_pmux$18555
    New ctrl vector for $pmux cell $procmux$6088: { $auto$opt_reduce.cc:137:opt_pmux$18557 \id_stage_i.controller_i.branch_in_id }
    New ctrl vector for $pmux cell $procmux$16104: $auto$opt_reduce.cc:137:opt_pmux$18559
    New ctrl vector for $pmux cell $procmux$11639: { $procmux$10085_CMP $procmux$11619_CMP }
    New ctrl vector for $pmux cell $procmux$11662: { $procmux$11667_CMP $auto$opt_reduce.cc:137:opt_pmux$18561 }
    New ctrl vector for $pmux cell $procmux$11684: { $procmux$11612_CMP $procmux$11572_CMP $procmux$11707_CMP $procmux$11475_CMP $procmux$10085_CMP $procmux$11642_CMP $auto$opt_reduce.cc:137:opt_pmux$18565 $procmux$11619_CMP $procmux$11667_CMP $procmux$11691_CMP $auto$opt_reduce.cc:137:opt_pmux$18563 $procmux$11685_CMP }
    New ctrl vector for $pmux cell $procmux$11729: { $procmux$11234_CMP $procmux$10085_CMP $auto$opt_reduce.cc:137:opt_pmux$18567 }
    New ctrl vector for $pmux cell $procmux$16257: { $procmux$16130_CMP $procmux$15475_CTRL $procmux$15019_CTRL $auto$opt_reduce.cc:137:opt_pmux$18569 $procmux$13045_CMP $procmux$12085_CMP }
    New ctrl vector for $pmux cell $procmux$71: { $procmux$74_CMP $procmux$73_CMP $auto$opt_reduce.cc:137:opt_pmux$18571 }
    New ctrl vector for $pmux cell $procmux$11744: { $procmux$11234_CMP $procmux$10085_CMP $auto$opt_reduce.cc:137:opt_pmux$18573 }
    New ctrl vector for $pmux cell $procmux$7355: \id_stage_i.controller_i.jump_in_dec
    New ctrl vector for $pmux cell $procmux$7401: { \id_stage_i.controller_i.ebrk_insn_i \id_stage_i.controller_i.wfi_active \id_stage_i.controller_i.ecall_insn_i \id_stage_i.controller_i.fencei_insn_i $1156y \id_stage_i.controller_i.csr_status_i }
    New ctrl vector for $pmux cell $procmux$11761: { $procmux$11234_CMP $procmux$10085_CMP $procmux$11642_CMP $procmux$11629_CMP $procmux$11617_CMP }
    New ctrl vector for $pmux cell $procmux$16461: { $auto$opt_reduce.cc:137:opt_pmux$18577 $procmux$15475_CTRL $auto$opt_reduce.cc:137:opt_pmux$18575 $procmux$12085_CMP }
    New ctrl vector for $pmux cell $procmux$7490: $auto$opt_reduce.cc:137:opt_pmux$18579
    New ctrl vector for $pmux cell $procmux$7580: \id_stage_i.controller_i.jump_in_dec
    New ctrl vector for $pmux cell $procmux$7626: \id_stage_i.controller_i.jump_in_dec
    New ctrl vector for $pmux cell $procmux$16502: { $procmux$15475_CTRL $procmux$15019_CTRL $auto$opt_reduce.cc:137:opt_pmux$18581 $procmux$13045_CMP $procmux$12085_CMP }
    New ctrl vector for $pmux cell $procmux$11818: { $procmux$11234_CMP $procmux$10085_CMP $procmux$11642_CMP }
    New ctrl vector for $pmux cell $procmux$16520: { $procmux$16264_CMP $auto$opt_reduce.cc:137:opt_pmux$18583 $procmux$13045_CMP $procmux$12085_CMP }
    New ctrl vector for $pmux cell $procmux$16532: { $procmux$16036_CMP $procmux$15475_CTRL $procmux$15019_CTRL $auto$opt_reduce.cc:137:opt_pmux$18585 $procmux$14863_CMP $procmux$13045_CMP $procmux$12085_CMP }
    New ctrl vector for $pmux cell $procmux$779: { $procmux$662_CTRL $auto$opt_reduce.cc:137:opt_pmux$18587 }
    New ctrl vector for $pmux cell $procmux$16582: { $procmux$15475_CTRL $procmux$15019_CTRL $auto$opt_reduce.cc:137:opt_pmux$18589 $procmux$13045_CMP $procmux$12085_CMP }
    New ctrl vector for $pmux cell $procmux$16648: { $procmux$16130_CMP $procmux$16036_CMP $procmux$15475_CTRL $procmux$15019_CTRL $auto$opt_reduce.cc:137:opt_pmux$18591 $procmux$14863_CMP $procmux$13045_CMP $procmux$12964_CMP $procmux$12085_CMP }
    New ctrl vector for $pmux cell $procmux$11938: $procmux$10085_CMP
    New ctrl vector for $pmux cell $procmux$11947: { $procmux$10085_CMP $procmux$11619_CMP $procmux$11667_CMP $auto$opt_reduce.cc:137:opt_pmux$18593 }
    New ctrl vector for $pmux cell $procmux$11962: { $procmux$11234_CMP $procmux$10085_CMP $procmux$11619_CMP $procmux$11667_CMP $procmux$11691_CMP $auto$opt_reduce.cc:137:opt_pmux$18595 }
    New ctrl vector for $pmux cell $procmux$11980: { $procmux$11234_CMP $procmux$10085_CMP $procmux$11619_CMP $procmux$11667_CMP $procmux$11691_CMP $auto$opt_reduce.cc:137:opt_pmux$18597 }
    New ctrl vector for $pmux cell $procmux$11997: $auto$opt_reduce.cc:137:opt_pmux$18599
    New ctrl vector for $pmux cell $procmux$854: $auto$opt_reduce.cc:137:opt_pmux$18601
    New ctrl vector for $pmux cell $procmux$871: $auto$opt_reduce.cc:137:opt_pmux$18603
    New ctrl vector for $pmux cell $procmux$12369: $auto$opt_reduce.cc:137:opt_pmux$18605
    New ctrl vector for $pmux cell $procmux$16955: { $procmux$16958_CMP $procmux$16957_CMP $auto$opt_reduce.cc:137:opt_pmux$18607 }
    New ctrl vector for $pmux cell $procmux$17035: { $procmux$17038_CMP $procmux$17037_CMP }
    New input vector for $reduce_or cell $auto$opt_reduce.cc:131:opt_pmux$18546: { \id_stage_i.controller_i.dret_insn_i \id_stage_i.controller_i.mret_insn_i }
    New input vector for $reduce_or cell $auto$opt_reduce.cc:131:opt_pmux$18510: { $procmux$12314_CMP $procmux$12313_CMP $procmux$12312_CMP $procmux$12306_CMP }
    New input vector for $reduce_or cell $auto$opt_reduce.cc:131:opt_pmux$18530: { $procmux$12314_CMP $procmux$12312_CMP }
    New ctrl vector for $pmux cell $procmux$16461: { $auto$opt_reduce.cc:137:opt_pmux$18577 $procmux$15475_CTRL $auto$opt_reduce.cc:137:opt_pmux$18575 }
    New ctrl vector for $pmux cell $procmux$11947: { $procmux$11619_CMP $procmux$11667_CMP $auto$opt_reduce.cc:137:opt_pmux$18593 }
  Optimizing cells in module \cv32e40p_core.
Performed a total of 135 changes.

3.7.5. Executing OPT_MERGE pass (detect identical cells).
Finding identical cells in module `\cv32e40p_core'.
<suppressed ~228 debug messages>
Removed a total of 76 cells.

3.7.6. Executing OPT_DFF pass (perform DFF optimizations).
Changing const-value async load to async reset on $driver$id_stage_i.controller_i.debug_fsm_cs ($aldff) from module cv32e40p_core.
Changing const-value async load to async reset on $driver$id_stage_i.mhpmevent_jr_stall_o ($aldff) from module cv32e40p_core.
Changing const-value async load to async reset on $driver$id_stage_i.controller_i.debug_force_wakeup_q ($aldff) from module cv32e40p_core.
Changing const-value async load to async reset on $driver$id_stage_i.mhpmevent_imiss_o ($aldff) from module cv32e40p_core.
Changing const-value async load to async reset on $driver$id_stage_i.mhpmevent_compressed_o ($aldff) from module cv32e40p_core.
Changing const-value async load to async reset on $driver$id_stage_i.controller_i.ctrl_fsm_cs ($aldff) from module cv32e40p_core.
Changing const-value async load to async reset on $driver$id_stage_i.branch_in_ex_o ($aldff) from module cv32e40p_core.
Changing const-value async load to async reset on $driver$id_stage_i.bmask_b_ex_o ($aldff) from module cv32e40p_core.
Changing const-value async load to async reset on $driver$id_stage_i.bmask_a_ex_o ($aldff) from module cv32e40p_core.
Changing const-value async load to async reset on $driver$id_stage_i.apu_lat_ex_o ($aldff) from module cv32e40p_core.
Changing const-value async load to async reset on $driver$id_stage_i.apu_flags_ex_o ($aldff) from module cv32e40p_core.
Changing const-value async load to async reset on $driver$id_stage_i.apu_en_ex_o ($aldff) from module cv32e40p_core.
Changing const-value async load to async reset on $driver$id_stage_i.mhpmevent_branch_taken_o ($aldff) from module cv32e40p_core.
Changing const-value async load to async reset on $driver$id_stage_i.alu_vec_mode_ex_o ($aldff) from module cv32e40p_core.
Changing const-value async load to async reset on $driver$id_stage_i.alu_operator_ex_o ($aldff) from module cv32e40p_core.
Changing const-value async load to async reset on $driver$id_stage_i.alu_operand_c_ex_o ($aldff) from module cv32e40p_core.
Changing const-value async load to async reset on $driver$id_stage_i.alu_operand_b_ex_o ($aldff) from module cv32e40p_core.
Changing const-value async load to async reset on $driver$id_stage_i.alu_operand_a_ex_o ($aldff) from module cv32e40p_core.
Changing const-value async load to async reset on $driver$id_stage_i.alu_is_subrot_ex_o ($aldff) from module cv32e40p_core.
Changing const-value async load to async reset on $driver$id_stage_i.alu_is_clpx_ex_o ($aldff) from module cv32e40p_core.
Changing const-value async load to async reset on $driver$id_stage_i.alu_en_ex_o ($aldff) from module cv32e40p_core.
Changing const-value async load to async reset on $driver$id_stage_i.alu_clpx_shift_ex_o ($aldff) from module cv32e40p_core.
Changing const-value async load to async reset on $driver$ex_stage_i.regfile_we_lsu ($aldff) from module cv32e40p_core.
Changing const-value async load to async reset on $driver$ex_stage_i.regfile_waddr_lsu ($aldff) from module cv32e40p_core.
Changing const-value async load to async reset on $driver$ex_stage_i.mult_i.mulh_carry_q ($aldff) from module cv32e40p_core.
Changing const-value async load to async reset on $driver$ex_stage_i.mult_i.mulh_CS ($aldff) from module cv32e40p_core.
Changing const-value async load to async reset on $driver$ex_stage_i.alu_i.alu_div_i.State_SP ($aldff) from module cv32e40p_core.
Changing const-value async load to async reset on $driver$ex_stage_i.alu_i.alu_div_i.ResReg_DP ($aldff) from module cv32e40p_core.
Changing const-value async load to async reset on $driver$ex_stage_i.alu_i.alu_div_i.ResInv_SP ($aldff) from module cv32e40p_core.
Changing const-value async load to async reset on $driver$ex_stage_i.alu_i.alu_div_i.RemSel_SP ($aldff) from module cv32e40p_core.
Changing const-value async load to async reset on $driver$ex_stage_i.alu_i.alu_div_i.CompInv_SP ($aldff) from module cv32e40p_core.
Changing const-value async load to async reset on $driver$id_stage_i.mhpmevent_branch_o ($aldff) from module cv32e40p_core.
Changing const-value async load to async reset on $driver$ex_stage_i.alu_i.alu_div_i.Cnt_DP ($aldff) from module cv32e40p_core.
Changing const-value async load to async reset on $driver$ex_stage_i.alu_i.alu_div_i.BReg_DP ($aldff) from module cv32e40p_core.
Changing const-value async load to async reset on $driver$ex_stage_i.alu_i.alu_div_i.AReg_DP ($aldff) from module cv32e40p_core.
Changing const-value async load to async reset on $driver$cs_registers_i.mtvec_q ($aldff) from module cv32e40p_core.
Changing const-value async load to async reset on $driver$cs_registers_i.mtvec_mode_q ($aldff) from module cv32e40p_core.
Changing const-value async load to async reset on $driver$cs_registers_i.mstatus_q.mprv ($aldff) from module cv32e40p_core.
Changing const-value async load to async reset on $driver$cs_registers_i.mstatus_q.mpp ($aldff) from module cv32e40p_core.
Changing const-value async load to async reset on $driver$cs_registers_i.mstatus_q.mpie ($aldff) from module cv32e40p_core.
Changing const-value async load to async reset on $driver$cs_registers_i.mstatus_q.mie ($aldff) from module cv32e40p_core.
Changing const-value async load to async reset on $driver$cs_registers_i.mscratch_q ($aldff) from module cv32e40p_core.
Changing const-value async load to async reset on $driver$cs_registers_i.mie_q ($aldff) from module cv32e40p_core.
Changing const-value async load to async reset on $driver$cs_registers_i.mhpmevent_q[3][15:0] ($aldff) from module cv32e40p_core.
Changing const-value async load to async reset on $driver$cs_registers_i.mhpmcounter_q[3] ($aldff) from module cv32e40p_core.
Changing const-value async load to async reset on $driver$cs_registers_i.mhpmcounter_q[2] ($aldff) from module cv32e40p_core.
Changing const-value async load to async reset on $driver$cs_registers_i.mhpmcounter_q[0] ($aldff) from module cv32e40p_core.
Changing const-value async load to async reset on $driver$cs_registers_i.mepc_q ($aldff) from module cv32e40p_core.
Changing const-value async load to async reset on $driver$cs_registers_i.mcountinhibit_q[3:3] ($aldff) from module cv32e40p_core.
Changing const-value async load to async reset on $driver$cs_registers_i.mcountinhibit_q[2:2] ($aldff) from module cv32e40p_core.
Changing const-value async load to async reset on $driver$cs_registers_i.mcountinhibit_q[0:0] ($aldff) from module cv32e40p_core.
Changing const-value async load to async reset on $driver$cs_registers_i.mcause_q ($aldff) from module cv32e40p_core.
Changing const-value async load to async reset on $driver$cs_registers_i.gen_trigger_regs.tmatch_value_q ($aldff) from module cv32e40p_core.
Changing const-value async load to async reset on $driver$cs_registers_i.gen_trigger_regs.tmatch_control_exec_q ($aldff) from module cv32e40p_core.
Changing const-value async load to async reset on $driver$cs_registers_i.dscratch1_q ($aldff) from module cv32e40p_core.
Changing const-value async load to async reset on $driver$cs_registers_i.dscratch0_q ($aldff) from module cv32e40p_core.
Changing const-value async load to async reset on $driver$cs_registers_i.depc_q ($aldff) from module cv32e40p_core.
Changing const-value async load to async reset on $driver$cs_registers_i.dcsr_q.zero2 ($aldff) from module cv32e40p_core.
Handling D = Q on $driver$cs_registers_i.dcsr_q.zero2 ($aldff) from module cv32e40p_core (removing D path).
Changing const-value async load to async reset on $driver$cs_registers_i.dcsr_q.zero1 ($aldff) from module cv32e40p_core.
Handling D = Q on $driver$cs_registers_i.dcsr_q.zero1 ($aldff) from module cv32e40p_core (removing D path).
Changing const-value async load to async reset on $driver$cs_registers_i.dcsr_q.zero0 ($aldff) from module cv32e40p_core.
Handling D = Q on $driver$cs_registers_i.dcsr_q.zero0 ($aldff) from module cv32e40p_core (removing D path).
Changing const-value async load to async reset on $driver$cs_registers_i.dcsr_q.xdebugver ($aldff) from module cv32e40p_core.
Handling D = Q on $driver$cs_registers_i.dcsr_q.xdebugver ($aldff) from module cv32e40p_core (removing D path).
Changing const-value async load to async reset on $driver$cs_registers_i.dcsr_q.stoptime ($aldff) from module cv32e40p_core.
Changing const-value async load to async reset on $driver$cs_registers_i.dcsr_q.stopcount ($aldff) from module cv32e40p_core.
Changing const-value async load to async reset on $driver$cs_registers_i.dcsr_q.stepie ($aldff) from module cv32e40p_core.
Changing const-value async load to async reset on $driver$cs_registers_i.dcsr_q.step ($aldff) from module cv32e40p_core.
Changing const-value async load to async reset on $driver$cs_registers_i.dcsr_q.prv ($aldff) from module cv32e40p_core.
Changing const-value async load to async reset on $driver$cs_registers_i.dcsr_q.nmip ($aldff) from module cv32e40p_core.
Handling D = Q on $driver$cs_registers_i.dcsr_q.nmip ($aldff) from module cv32e40p_core (removing D path).
Changing const-value async load to async reset on $driver$cs_registers_i.dcsr_q.mprven ($aldff) from module cv32e40p_core.
Changing const-value async load to async reset on $driver$cs_registers_i.dcsr_q.ebreaku ($aldff) from module cv32e40p_core.
Changing const-value async load to async reset on $driver$cs_registers_i.dcsr_q.ebreaks ($aldff) from module cv32e40p_core.
Changing const-value async load to async reset on $driver$cs_registers_i.dcsr_q.ebreakm ($aldff) from module cv32e40p_core.
Changing const-value async load to async reset on $driver$cs_registers_i.dcsr_q.cause ($aldff) from module cv32e40p_core.
Changing const-value async load to async reset on $driver$id_stage_i.int_controller_i.irq_q ($aldff) from module cv32e40p_core.
Changing const-value async load to async reset on $driver$id_stage_i.imm_vec_ext_ex_o ($aldff) from module cv32e40p_core.
Changing const-value async load to async reset on $driver$id_stage_i.id_valid_q ($aldff) from module cv32e40p_core.
Changing const-value async load to async reset on $driver$id_stage_i.data_we_ex_o ($aldff) from module cv32e40p_core.
Changing const-value async load to async reset on $driver$id_stage_i.data_type_ex_o ($aldff) from module cv32e40p_core.
Changing const-value async load to async reset on $driver$id_stage_i.mhpmevent_jump_o ($aldff) from module cv32e40p_core.
Changing const-value async load to async reset on $driver$id_stage_i.data_sign_ext_ex_o ($aldff) from module cv32e40p_core.
Changing const-value async load to async reset on $driver$id_stage_i.data_req_ex_o ($aldff) from module cv32e40p_core.
Changing const-value async load to async reset on $driver$id_stage_i.data_reg_offset_ex_o ($aldff) from module cv32e40p_core.
Changing const-value async load to async reset on $driver$id_stage_i.data_misaligned_ex_o ($aldff) from module cv32e40p_core.
Changing const-value async load to async reset on $driver$id_stage_i.csr_op_ex_o ($aldff) from module cv32e40p_core.
Changing const-value async load to async reset on $driver$id_stage_i.csr_access_ex_o ($aldff) from module cv32e40p_core.
Changing const-value async load to async reset on $driver$id_stage_i.controller_i.jump_done_q ($aldff) from module cv32e40p_core.
Changing const-value async load to async reset on $driver$id_stage_i.controller_i.illegal_insn_q ($aldff) from module cv32e40p_core.
Changing const-value async load to async reset on $driver$id_stage_i.controller_i.debug_req_q ($aldff) from module cv32e40p_core.
Changing const-value async load to async reset on $driver$id_stage_i.controller_i.debug_req_entry_q ($aldff) from module cv32e40p_core.
Changing const-value async load to async reset on $driver$id_stage_i.controller_i.debug_mode_q ($aldff) from module cv32e40p_core.
Changing const-value async load to async reset on $driver$sleep_unit_i.fetch_enable_q ($aldff) from module cv32e40p_core.
Changing const-value async load to async reset on $driver$sleep_unit_i.core_busy_q ($aldff) from module cv32e40p_core.
Changing const-value async load to async reset on $driver$load_store_unit_i.rdata_q ($aldff) from module cv32e40p_core.
Changing const-value async load to async reset on $driver$load_store_unit_i.rdata_offset_q ($aldff) from module cv32e40p_core.
Changing const-value async load to async reset on $driver$load_store_unit_i.data_we_q ($aldff) from module cv32e40p_core.
Changing const-value async load to async reset on $driver$load_store_unit_i.data_type_q ($aldff) from module cv32e40p_core.
Changing const-value async load to async reset on $driver$load_store_unit_i.data_sign_ext_q ($aldff) from module cv32e40p_core.
Changing const-value async load to async reset on $driver$load_store_unit_i.cnt_q ($aldff) from module cv32e40p_core.
Changing const-value async load to async reset on $driver$if_stage_i.prefetch_buffer_i.prefetch_controller_i.trans_addr_q ($aldff) from module cv32e40p_core.
Changing const-value async load to async reset on $driver$if_stage_i.prefetch_buffer_i.prefetch_controller_i.state_q ($aldff) from module cv32e40p_core.
Changing const-value async load to async reset on $driver$if_stage_i.prefetch_buffer_i.prefetch_controller_i.flush_cnt_q ($aldff) from module cv32e40p_core.
Changing const-value async load to async reset on $driver$if_stage_i.prefetch_buffer_i.prefetch_controller_i.cnt_q ($aldff) from module cv32e40p_core.
Changing const-value async load to async reset on $driver$if_stage_i.prefetch_buffer_i.instruction_obi_i.state_q ($aldff) from module cv32e40p_core.
Changing const-value async load to async reset on $driver$if_stage_i.prefetch_buffer_i.instruction_obi_i.gen_no_trans_stable.obi_addr_q ($aldff) from module cv32e40p_core.
Changing const-value async load to async reset on $driver$if_stage_i.prefetch_buffer_i.fifo_i.write_pointer_q ($aldff) from module cv32e40p_core.
Changing const-value async load to async reset on $driver$if_stage_i.prefetch_buffer_i.fifo_i.status_cnt_q ($aldff) from module cv32e40p_core.
Changing const-value async load to async reset on $driver$if_stage_i.prefetch_buffer_i.fifo_i.read_pointer_q ($aldff) from module cv32e40p_core.
Changing const-value async load to async reset on $driver$if_stage_i.prefetch_buffer_i.fifo_i.mem_q[1] ($aldff) from module cv32e40p_core.
Changing const-value async load to async reset on $driver$if_stage_i.prefetch_buffer_i.fifo_i.mem_q[0] ($aldff) from module cv32e40p_core.
Changing const-value async load to async reset on $driver$if_stage_i.pc_id_o ($aldff) from module cv32e40p_core.
Changing const-value async load to async reset on $driver$if_stage_i.is_fetch_failed_o ($aldff) from module cv32e40p_core.
Changing const-value async load to async reset on $driver$if_stage_i.is_compressed_id_o ($aldff) from module cv32e40p_core.
Changing const-value async load to async reset on $driver$if_stage_i.instr_valid_id_o ($aldff) from module cv32e40p_core.
Changing const-value async load to async reset on $driver$if_stage_i.instr_rdata_id_o ($aldff) from module cv32e40p_core.
Changing const-value async load to async reset on $driver$if_stage_i.illegal_c_insn_id_o ($aldff) from module cv32e40p_core.
Changing const-value async load to async reset on $driver$if_stage_i.aligner_i.state ($aldff) from module cv32e40p_core.
Changing const-value async load to async reset on $driver$if_stage_i.aligner_i.r_instr_h ($aldff) from module cv32e40p_core.
Changing const-value async load to async reset on $driver$if_stage_i.aligner_i.pc_q ($aldff) from module cv32e40p_core.
Changing const-value async load to async reset on $driver$if_stage_i.aligner_i.hwlp_update_pc_q ($aldff) from module cv32e40p_core.
Changing const-value async load to async reset on $driver$if_stage_i.aligner_i.hwlp_addr_q ($aldff) from module cv32e40p_core.
Changing const-value async load to async reset on $driver$if_stage_i.aligner_i.aligner_ready_q ($aldff) from module cv32e40p_core.
Changing const-value async load to async reset on $driver$id_stage_i.register_file_i.mem[9] ($aldff) from module cv32e40p_core.
Changing const-value async load to async reset on $driver$id_stage_i.register_file_i.mem[8] ($aldff) from module cv32e40p_core.
Changing const-value async load to async reset on $driver$id_stage_i.register_file_i.mem[7] ($aldff) from module cv32e40p_core.
Changing const-value async load to async reset on $driver$id_stage_i.register_file_i.mem[6] ($aldff) from module cv32e40p_core.
Changing const-value async load to async reset on $driver$id_stage_i.register_file_i.mem[5] ($aldff) from module cv32e40p_core.
Changing const-value async load to async reset on $driver$id_stage_i.register_file_i.mem[4] ($aldff) from module cv32e40p_core.
Changing const-value async load to async reset on $driver$id_stage_i.register_file_i.mem[3] ($aldff) from module cv32e40p_core.
Changing const-value async load to async reset on $driver$id_stage_i.register_file_i.mem[31] ($aldff) from module cv32e40p_core.
Changing const-value async load to async reset on $driver$id_stage_i.register_file_i.mem[30] ($aldff) from module cv32e40p_core.
Changing const-value async load to async reset on $driver$id_stage_i.register_file_i.mem[2] ($aldff) from module cv32e40p_core.
Changing const-value async load to async reset on $driver$id_stage_i.register_file_i.mem[29] ($aldff) from module cv32e40p_core.
Changing const-value async load to async reset on $driver$id_stage_i.register_file_i.mem[28] ($aldff) from module cv32e40p_core.
Changing const-value async load to async reset on $driver$id_stage_i.register_file_i.mem[27] ($aldff) from module cv32e40p_core.
Changing const-value async load to async reset on $driver$id_stage_i.register_file_i.mem[26] ($aldff) from module cv32e40p_core.
Changing const-value async load to async reset on $driver$id_stage_i.register_file_i.mem[25] ($aldff) from module cv32e40p_core.
Changing const-value async load to async reset on $driver$id_stage_i.register_file_i.mem[24] ($aldff) from module cv32e40p_core.
Changing const-value async load to async reset on $driver$id_stage_i.register_file_i.mem[23] ($aldff) from module cv32e40p_core.
Changing const-value async load to async reset on $driver$id_stage_i.register_file_i.mem[22] ($aldff) from module cv32e40p_core.
Changing const-value async load to async reset on $driver$id_stage_i.register_file_i.mem[21] ($aldff) from module cv32e40p_core.
Changing const-value async load to async reset on $driver$id_stage_i.register_file_i.mem[20] ($aldff) from module cv32e40p_core.
Changing const-value async load to async reset on $driver$id_stage_i.register_file_i.mem[1] ($aldff) from module cv32e40p_core.
Changing const-value async load to async reset on $driver$id_stage_i.register_file_i.mem[19] ($aldff) from module cv32e40p_core.
Changing const-value async load to async reset on $driver$id_stage_i.register_file_i.mem[18] ($aldff) from module cv32e40p_core.
Changing const-value async load to async reset on $driver$id_stage_i.register_file_i.mem[17] ($aldff) from module cv32e40p_core.
Changing const-value async load to async reset on $driver$id_stage_i.register_file_i.mem[16] ($aldff) from module cv32e40p_core.
Changing const-value async load to async reset on $driver$id_stage_i.register_file_i.mem[15] ($aldff) from module cv32e40p_core.
Changing const-value async load to async reset on $driver$id_stage_i.register_file_i.mem[14] ($aldff) from module cv32e40p_core.
Changing const-value async load to async reset on $driver$id_stage_i.register_file_i.mem[13] ($aldff) from module cv32e40p_core.
Changing const-value async load to async reset on $driver$id_stage_i.register_file_i.mem[12] ($aldff) from module cv32e40p_core.
Changing const-value async load to async reset on $driver$id_stage_i.register_file_i.mem[11] ($aldff) from module cv32e40p_core.
Changing const-value async load to async reset on $driver$id_stage_i.register_file_i.mem[10] ($aldff) from module cv32e40p_core.
Changing const-value async load to async reset on $driver$id_stage_i.register_file_i.mem[0] ($aldff) from module cv32e40p_core.
Changing const-value async load to async reset on $driver$id_stage_i.regfile_we_ex_o ($aldff) from module cv32e40p_core.
Changing const-value async load to async reset on $driver$id_stage_i.regfile_waddr_ex_o ($aldff) from module cv32e40p_core.
Changing const-value async load to async reset on $driver$id_stage_i.regfile_alu_we_ex_o ($aldff) from module cv32e40p_core.
Changing const-value async load to async reset on $driver$id_stage_i.regfile_alu_waddr_ex_o ($aldff) from module cv32e40p_core.
Changing const-value async load to async reset on $driver$id_stage_i.prepost_useincr_ex_o ($aldff) from module cv32e40p_core.
Changing const-value async load to async reset on $driver$id_stage_i.pc_ex_o ($aldff) from module cv32e40p_core.
Changing const-value async load to async reset on $driver$id_stage_i.mult_signed_mode_ex_o ($aldff) from module cv32e40p_core.
Changing const-value async load to async reset on $driver$id_stage_i.mult_sel_subword_ex_o ($aldff) from module cv32e40p_core.
Changing const-value async load to async reset on $driver$id_stage_i.mult_operator_ex_o ($aldff) from module cv32e40p_core.
Changing const-value async load to async reset on $driver$id_stage_i.mult_operand_c_ex_o ($aldff) from module cv32e40p_core.
Changing const-value async load to async reset on $driver$id_stage_i.mult_operand_b_ex_o ($aldff) from module cv32e40p_core.
Changing const-value async load to async reset on $driver$id_stage_i.mult_operand_a_ex_o ($aldff) from module cv32e40p_core.
Changing const-value async load to async reset on $driver$id_stage_i.mult_is_clpx_ex_o ($aldff) from module cv32e40p_core.
Changing const-value async load to async reset on $driver$id_stage_i.mult_imm_ex_o ($aldff) from module cv32e40p_core.
Changing const-value async load to async reset on $driver$id_stage_i.mult_en_ex_o ($aldff) from module cv32e40p_core.
Changing const-value async load to async reset on $driver$id_stage_i.mult_dot_signed_ex_o ($aldff) from module cv32e40p_core.
Changing const-value async load to async reset on $driver$id_stage_i.mult_dot_op_c_ex_o ($aldff) from module cv32e40p_core.
Changing const-value async load to async reset on $driver$id_stage_i.mult_dot_op_b_ex_o ($aldff) from module cv32e40p_core.
Changing const-value async load to async reset on $driver$id_stage_i.mult_dot_op_a_ex_o ($aldff) from module cv32e40p_core.
Changing const-value async load to async reset on $driver$id_stage_i.mult_clpx_shift_ex_o ($aldff) from module cv32e40p_core.
Changing const-value async load to async reset on $driver$id_stage_i.mult_clpx_img_ex_o ($aldff) from module cv32e40p_core.
Changing const-value async load to async reset on $driver$id_stage_i.mhpmevent_store_o ($aldff) from module cv32e40p_core.
Changing const-value async load to async reset on $driver$id_stage_i.mhpmevent_minstret_o ($aldff) from module cv32e40p_core.
Changing const-value async load to async reset on $driver$id_stage_i.mhpmevent_load_o ($aldff) from module cv32e40p_core.
Changing const-value async load to async reset on $driver$id_stage_i.mhpmevent_ld_stall_o ($aldff) from module cv32e40p_core.
Setting constant 0-bit at position 0 on $driver$id_stage_i.register_file_i.mem[0] ($adff) from module cv32e40p_core.
Setting constant 0-bit at position 1 on $driver$id_stage_i.register_file_i.mem[0] ($adff) from module cv32e40p_core.
Setting constant 0-bit at position 2 on $driver$id_stage_i.register_file_i.mem[0] ($adff) from module cv32e40p_core.
Setting constant 0-bit at position 3 on $driver$id_stage_i.register_file_i.mem[0] ($adff) from module cv32e40p_core.
Setting constant 0-bit at position 4 on $driver$id_stage_i.register_file_i.mem[0] ($adff) from module cv32e40p_core.
Setting constant 0-bit at position 5 on $driver$id_stage_i.register_file_i.mem[0] ($adff) from module cv32e40p_core.
Setting constant 0-bit at position 6 on $driver$id_stage_i.register_file_i.mem[0] ($adff) from module cv32e40p_core.
Setting constant 0-bit at position 7 on $driver$id_stage_i.register_file_i.mem[0] ($adff) from module cv32e40p_core.
Setting constant 0-bit at position 8 on $driver$id_stage_i.register_file_i.mem[0] ($adff) from module cv32e40p_core.
Setting constant 0-bit at position 9 on $driver$id_stage_i.register_file_i.mem[0] ($adff) from module cv32e40p_core.
Setting constant 0-bit at position 10 on $driver$id_stage_i.register_file_i.mem[0] ($adff) from module cv32e40p_core.
Setting constant 0-bit at position 11 on $driver$id_stage_i.register_file_i.mem[0] ($adff) from module cv32e40p_core.
Setting constant 0-bit at position 12 on $driver$id_stage_i.register_file_i.mem[0] ($adff) from module cv32e40p_core.
Setting constant 0-bit at position 13 on $driver$id_stage_i.register_file_i.mem[0] ($adff) from module cv32e40p_core.
Setting constant 0-bit at position 14 on $driver$id_stage_i.register_file_i.mem[0] ($adff) from module cv32e40p_core.
Setting constant 0-bit at position 15 on $driver$id_stage_i.register_file_i.mem[0] ($adff) from module cv32e40p_core.
Setting constant 0-bit at position 16 on $driver$id_stage_i.register_file_i.mem[0] ($adff) from module cv32e40p_core.
Setting constant 0-bit at position 17 on $driver$id_stage_i.register_file_i.mem[0] ($adff) from module cv32e40p_core.
Setting constant 0-bit at position 18 on $driver$id_stage_i.register_file_i.mem[0] ($adff) from module cv32e40p_core.
Setting constant 0-bit at position 19 on $driver$id_stage_i.register_file_i.mem[0] ($adff) from module cv32e40p_core.
Setting constant 0-bit at position 20 on $driver$id_stage_i.register_file_i.mem[0] ($adff) from module cv32e40p_core.
Setting constant 0-bit at position 21 on $driver$id_stage_i.register_file_i.mem[0] ($adff) from module cv32e40p_core.
Setting constant 0-bit at position 22 on $driver$id_stage_i.register_file_i.mem[0] ($adff) from module cv32e40p_core.
Setting constant 0-bit at position 23 on $driver$id_stage_i.register_file_i.mem[0] ($adff) from module cv32e40p_core.
Setting constant 0-bit at position 24 on $driver$id_stage_i.register_file_i.mem[0] ($adff) from module cv32e40p_core.
Setting constant 0-bit at position 25 on $driver$id_stage_i.register_file_i.mem[0] ($adff) from module cv32e40p_core.
Setting constant 0-bit at position 26 on $driver$id_stage_i.register_file_i.mem[0] ($adff) from module cv32e40p_core.
Setting constant 0-bit at position 27 on $driver$id_stage_i.register_file_i.mem[0] ($adff) from module cv32e40p_core.
Setting constant 0-bit at position 28 on $driver$id_stage_i.register_file_i.mem[0] ($adff) from module cv32e40p_core.
Setting constant 0-bit at position 29 on $driver$id_stage_i.register_file_i.mem[0] ($adff) from module cv32e40p_core.
Setting constant 0-bit at position 30 on $driver$id_stage_i.register_file_i.mem[0] ($adff) from module cv32e40p_core.
Setting constant 0-bit at position 31 on $driver$id_stage_i.register_file_i.mem[0] ($adff) from module cv32e40p_core.
Setting constant 0-bit at position 0 on $driver$cs_registers_i.dcsr_q.nmip ($dlatch) from module cv32e40p_core.
Setting constant 0-bit at position 0 on $driver$cs_registers_i.dcsr_q.xdebugver ($dlatch) from module cv32e40p_core.
Setting constant 0-bit at position 1 on $driver$cs_registers_i.dcsr_q.xdebugver ($dlatch) from module cv32e40p_core.
Setting constant 1-bit at position 2 on $driver$cs_registers_i.dcsr_q.xdebugver ($dlatch) from module cv32e40p_core.
Setting constant 0-bit at position 3 on $driver$cs_registers_i.dcsr_q.xdebugver ($dlatch) from module cv32e40p_core.
Setting constant 0-bit at position 0 on $driver$cs_registers_i.dcsr_q.zero0 ($dlatch) from module cv32e40p_core.
Setting constant 0-bit at position 0 on $driver$cs_registers_i.dcsr_q.zero1 ($dlatch) from module cv32e40p_core.
Setting constant 0-bit at position 0 on $driver$cs_registers_i.dcsr_q.zero2 ($dlatch) from module cv32e40p_core.
Setting constant 0-bit at position 1 on $driver$cs_registers_i.dcsr_q.zero2 ($dlatch) from module cv32e40p_core.
Setting constant 0-bit at position 2 on $driver$cs_registers_i.dcsr_q.zero2 ($dlatch) from module cv32e40p_core.
Setting constant 0-bit at position 3 on $driver$cs_registers_i.dcsr_q.zero2 ($dlatch) from module cv32e40p_core.
Setting constant 0-bit at position 4 on $driver$cs_registers_i.dcsr_q.zero2 ($dlatch) from module cv32e40p_core.
Setting constant 0-bit at position 5 on $driver$cs_registers_i.dcsr_q.zero2 ($dlatch) from module cv32e40p_core.
Setting constant 0-bit at position 6 on $driver$cs_registers_i.dcsr_q.zero2 ($dlatch) from module cv32e40p_core.
Setting constant 0-bit at position 7 on $driver$cs_registers_i.dcsr_q.zero2 ($dlatch) from module cv32e40p_core.
Setting constant 0-bit at position 8 on $driver$cs_registers_i.dcsr_q.zero2 ($dlatch) from module cv32e40p_core.
Setting constant 0-bit at position 9 on $driver$cs_registers_i.dcsr_q.zero2 ($dlatch) from module cv32e40p_core.
Setting constant 0-bit at position 10 on $driver$cs_registers_i.dcsr_q.zero2 ($dlatch) from module cv32e40p_core.
Setting constant 0-bit at position 11 on $driver$cs_registers_i.dcsr_q.zero2 ($dlatch) from module cv32e40p_core.
Setting constant 1-bit at position 0 on $driver$cs_registers_i.mstatus_q.mpp ($adff) from module cv32e40p_core.
Setting constant 1-bit at position 1 on $driver$cs_registers_i.mstatus_q.mpp ($adff) from module cv32e40p_core.
Setting constant 0-bit at position 0 on $driver$cs_registers_i.mstatus_q.mprv ($adff) from module cv32e40p_core.

3.7.7. Executing OPT_CLEAN pass (remove unused cells and wires).
Finding unused cells or wires in module \cv32e40p_core..
Removed 78 unused cells and 3698 unused wires.
<suppressed ~112 debug messages>

3.7.8. Executing OPT_EXPR pass (perform const folding).
Optimizing module cv32e40p_core.
<suppressed ~16 debug messages>

3.7.9. Rerunning OPT passes. (Maybe there is more to do..)

3.7.10. Executing OPT_MUXTREE pass (detect dead branches in mux trees).
Running muxtree optimizer on module \cv32e40p_core..
  Creating internal representation of mux trees.
  Evaluating internal representation of mux trees.
  Analyzing evaluation results.
    dead port 1/2 on $mux $1368.
    dead port 2/2 on $mux $1368.
    dead port 1/5 on $pmux $procmux$17039.
    dead port 2/5 on $pmux $procmux$17039.
    dead port 3/5 on $pmux $procmux$17039.
    dead port 5/5 on $pmux $procmux$17039.
    dead port 1/3 on $pmux $procmux$18116.
Removed 7 multiplexer ports.
<suppressed ~10114 debug messages>

3.7.11. Executing OPT_REDUCE pass (consolidate $*mux and $reduce_* inputs).
  Optimizing cells in module \cv32e40p_core.
    New ctrl vector for $pmux cell $procmux$12301: { $auto$opt_reduce.cc:137:opt_pmux$18609 $procmux$12156_CTRL $auto$opt_reduce.cc:137:opt_pmux$18511 }
    New ctrl vector for $pmux cell $procmux$17748: { $procmux$17648_CMP $auto$opt_reduce.cc:137:opt_pmux$18611 $procmux$17598_CMP }
    New ctrl vector for $pmux cell $procmux$4981: { $auto$opt_reduce.cc:137:opt_pmux$18613 $auto$opt_reduce.cc:137:opt_pmux$18547 \id_stage_i.controller_i.wfi_i }
    New ctrl vector for $pmux cell $procmux$7401: { \id_stage_i.controller_i.ebrk_insn_i $auto$opt_reduce.cc:137:opt_pmux$18615 }
    New input vector for $reduce_or cell $auto$opt_reduce.cc:131:opt_pmux$18608: { $procmux$12269_CMP $procmux$12226_CMP }
  Optimizing cells in module \cv32e40p_core.
Performed a total of 6 changes.

3.7.12. Executing OPT_MERGE pass (detect identical cells).
Finding identical cells in module `\cv32e40p_core'.
<suppressed ~3 debug messages>
Removed a total of 1 cells.

3.7.13. Executing OPT_DFF pass (perform DFF optimizations).
Handling D = Q on $driver$if_stage_i.aligner_i.hwlp_addr_q ($adff) from module cv32e40p_core (removing D path).
Handling D = Q on $driver$id_stage_i.mult_is_clpx_ex_o ($adff) from module cv32e40p_core (removing D path).
Handling D = Q on $driver$id_stage_i.mult_dot_signed_ex_o ($adff) from module cv32e40p_core (removing D path).
Handling D = Q on $driver$id_stage_i.mult_dot_op_c_ex_o ($adff) from module cv32e40p_core (removing D path).
Handling D = Q on $driver$id_stage_i.mult_dot_op_b_ex_o ($adff) from module cv32e40p_core (removing D path).
Handling D = Q on $driver$id_stage_i.mult_dot_op_a_ex_o ($adff) from module cv32e40p_core (removing D path).
Handling D = Q on $driver$id_stage_i.mult_clpx_shift_ex_o ($adff) from module cv32e40p_core (removing D path).
Handling D = Q on $driver$id_stage_i.mult_clpx_img_ex_o ($adff) from module cv32e40p_core (removing D path).
Handling D = Q on $driver$id_stage_i.apu_lat_ex_o ($adff) from module cv32e40p_core (removing D path).
Handling D = Q on $driver$id_stage_i.apu_flags_ex_o ($adff) from module cv32e40p_core (removing D path).
Setting constant 0-bit at position 0 on $driver$id_stage_i.apu_flags_ex_o ($dlatch) from module cv32e40p_core.
Setting constant 0-bit at position 1 on $driver$id_stage_i.apu_flags_ex_o ($dlatch) from module cv32e40p_core.
Setting constant 0-bit at position 2 on $driver$id_stage_i.apu_flags_ex_o ($dlatch) from module cv32e40p_core.
Setting constant 0-bit at position 3 on $driver$id_stage_i.apu_flags_ex_o ($dlatch) from module cv32e40p_core.
Setting constant 0-bit at position 4 on $driver$id_stage_i.apu_flags_ex_o ($dlatch) from module cv32e40p_core.
Setting constant 0-bit at position 5 on $driver$id_stage_i.apu_flags_ex_o ($dlatch) from module cv32e40p_core.
Setting constant 0-bit at position 6 on $driver$id_stage_i.apu_flags_ex_o ($dlatch) from module cv32e40p_core.
Setting constant 0-bit at position 7 on $driver$id_stage_i.apu_flags_ex_o ($dlatch) from module cv32e40p_core.
Setting constant 0-bit at position 8 on $driver$id_stage_i.apu_flags_ex_o ($dlatch) from module cv32e40p_core.
Setting constant 0-bit at position 9 on $driver$id_stage_i.apu_flags_ex_o ($dlatch) from module cv32e40p_core.
Setting constant 0-bit at position 10 on $driver$id_stage_i.apu_flags_ex_o ($dlatch) from module cv32e40p_core.
Setting constant 0-bit at position 11 on $driver$id_stage_i.apu_flags_ex_o ($dlatch) from module cv32e40p_core.
Setting constant 0-bit at position 12 on $driver$id_stage_i.apu_flags_ex_o ($dlatch) from module cv32e40p_core.
Setting constant 0-bit at position 13 on $driver$id_stage_i.apu_flags_ex_o ($dlatch) from module cv32e40p_core.
Setting constant 0-bit at position 14 on $driver$id_stage_i.apu_flags_ex_o ($dlatch) from module cv32e40p_core.
Setting constant 0-bit at position 0 on $driver$id_stage_i.apu_lat_ex_o ($dlatch) from module cv32e40p_core.
Setting constant 0-bit at position 1 on $driver$id_stage_i.apu_lat_ex_o ($dlatch) from module cv32e40p_core.
Setting constant 0-bit at position 0 on $driver$id_stage_i.mult_clpx_img_ex_o ($dlatch) from module cv32e40p_core.
Setting constant 0-bit at position 0 on $driver$id_stage_i.mult_clpx_shift_ex_o ($dlatch) from module cv32e40p_core.
Setting constant 0-bit at position 1 on $driver$id_stage_i.mult_clpx_shift_ex_o ($dlatch) from module cv32e40p_core.
Setting constant 0-bit at position 0 on $driver$id_stage_i.mult_dot_op_a_ex_o ($dlatch) from module cv32e40p_core.
Setting constant 0-bit at position 1 on $driver$id_stage_i.mult_dot_op_a_ex_o ($dlatch) from module cv32e40p_core.
Setting constant 0-bit at position 2 on $driver$id_stage_i.mult_dot_op_a_ex_o ($dlatch) from module cv32e40p_core.
Setting constant 0-bit at position 3 on $driver$id_stage_i.mult_dot_op_a_ex_o ($dlatch) from module cv32e40p_core.
Setting constant 0-bit at position 4 on $driver$id_stage_i.mult_dot_op_a_ex_o ($dlatch) from module cv32e40p_core.
Setting constant 0-bit at position 5 on $driver$id_stage_i.mult_dot_op_a_ex_o ($dlatch) from module cv32e40p_core.
Setting constant 0-bit at position 6 on $driver$id_stage_i.mult_dot_op_a_ex_o ($dlatch) from module cv32e40p_core.
Setting constant 0-bit at position 7 on $driver$id_stage_i.mult_dot_op_a_ex_o ($dlatch) from module cv32e40p_core.
Setting constant 0-bit at position 8 on $driver$id_stage_i.mult_dot_op_a_ex_o ($dlatch) from module cv32e40p_core.
Setting constant 0-bit at position 9 on $driver$id_stage_i.mult_dot_op_a_ex_o ($dlatch) from module cv32e40p_core.
Setting constant 0-bit at position 10 on $driver$id_stage_i.mult_dot_op_a_ex_o ($dlatch) from module cv32e40p_core.
Setting constant 0-bit at position 11 on $driver$id_stage_i.mult_dot_op_a_ex_o ($dlatch) from module cv32e40p_core.
Setting constant 0-bit at position 12 on $driver$id_stage_i.mult_dot_op_a_ex_o ($dlatch) from module cv32e40p_core.
Setting constant 0-bit at position 13 on $driver$id_stage_i.mult_dot_op_a_ex_o ($dlatch) from module cv32e40p_core.
Setting constant 0-bit at position 14 on $driver$id_stage_i.mult_dot_op_a_ex_o ($dlatch) from module cv32e40p_core.
Setting constant 0-bit at position 15 on $driver$id_stage_i.mult_dot_op_a_ex_o ($dlatch) from module cv32e40p_core.
Setting constant 0-bit at position 16 on $driver$id_stage_i.mult_dot_op_a_ex_o ($dlatch) from module cv32e40p_core.
Setting constant 0-bit at position 17 on $driver$id_stage_i.mult_dot_op_a_ex_o ($dlatch) from module cv32e40p_core.
Setting constant 0-bit at position 18 on $driver$id_stage_i.mult_dot_op_a_ex_o ($dlatch) from module cv32e40p_core.
Setting constant 0-bit at position 19 on $driver$id_stage_i.mult_dot_op_a_ex_o ($dlatch) from module cv32e40p_core.
Setting constant 0-bit at position 20 on $driver$id_stage_i.mult_dot_op_a_ex_o ($dlatch) from module cv32e40p_core.
Setting constant 0-bit at position 21 on $driver$id_stage_i.mult_dot_op_a_ex_o ($dlatch) from module cv32e40p_core.
Setting constant 0-bit at position 22 on $driver$id_stage_i.mult_dot_op_a_ex_o ($dlatch) from module cv32e40p_core.
Setting constant 0-bit at position 23 on $driver$id_stage_i.mult_dot_op_a_ex_o ($dlatch) from module cv32e40p_core.
Setting constant 0-bit at position 24 on $driver$id_stage_i.mult_dot_op_a_ex_o ($dlatch) from module cv32e40p_core.
Setting constant 0-bit at position 25 on $driver$id_stage_i.mult_dot_op_a_ex_o ($dlatch) from module cv32e40p_core.
Setting constant 0-bit at position 26 on $driver$id_stage_i.mult_dot_op_a_ex_o ($dlatch) from module cv32e40p_core.
Setting constant 0-bit at position 27 on $driver$id_stage_i.mult_dot_op_a_ex_o ($dlatch) from module cv32e40p_core.
Setting constant 0-bit at position 28 on $driver$id_stage_i.mult_dot_op_a_ex_o ($dlatch) from module cv32e40p_core.
Setting constant 0-bit at position 29 on $driver$id_stage_i.mult_dot_op_a_ex_o ($dlatch) from module cv32e40p_core.
Setting constant 0-bit at position 30 on $driver$id_stage_i.mult_dot_op_a_ex_o ($dlatch) from module cv32e40p_core.
Setting constant 0-bit at position 31 on $driver$id_stage_i.mult_dot_op_a_ex_o ($dlatch) from module cv32e40p_core.
Setting constant 0-bit at position 0 on $driver$id_stage_i.mult_dot_op_b_ex_o ($dlatch) from module cv32e40p_core.
Setting constant 0-bit at position 1 on $driver$id_stage_i.mult_dot_op_b_ex_o ($dlatch) from module cv32e40p_core.
Setting constant 0-bit at position 2 on $driver$id_stage_i.mult_dot_op_b_ex_o ($dlatch) from module cv32e40p_core.
Setting constant 0-bit at position 3 on $driver$id_stage_i.mult_dot_op_b_ex_o ($dlatch) from module cv32e40p_core.
Setting constant 0-bit at position 4 on $driver$id_stage_i.mult_dot_op_b_ex_o ($dlatch) from module cv32e40p_core.
Setting constant 0-bit at position 5 on $driver$id_stage_i.mult_dot_op_b_ex_o ($dlatch) from module cv32e40p_core.
Setting constant 0-bit at position 6 on $driver$id_stage_i.mult_dot_op_b_ex_o ($dlatch) from module cv32e40p_core.
Setting constant 0-bit at position 7 on $driver$id_stage_i.mult_dot_op_b_ex_o ($dlatch) from module cv32e40p_core.
Setting constant 0-bit at position 8 on $driver$id_stage_i.mult_dot_op_b_ex_o ($dlatch) from module cv32e40p_core.
Setting constant 0-bit at position 9 on $driver$id_stage_i.mult_dot_op_b_ex_o ($dlatch) from module cv32e40p_core.
Setting constant 0-bit at position 10 on $driver$id_stage_i.mult_dot_op_b_ex_o ($dlatch) from module cv32e40p_core.
Setting constant 0-bit at position 11 on $driver$id_stage_i.mult_dot_op_b_ex_o ($dlatch) from module cv32e40p_core.
Setting constant 0-bit at position 12 on $driver$id_stage_i.mult_dot_op_b_ex_o ($dlatch) from module cv32e40p_core.
Setting constant 0-bit at position 13 on $driver$id_stage_i.mult_dot_op_b_ex_o ($dlatch) from module cv32e40p_core.
Setting constant 0-bit at position 14 on $driver$id_stage_i.mult_dot_op_b_ex_o ($dlatch) from module cv32e40p_core.
Setting constant 0-bit at position 15 on $driver$id_stage_i.mult_dot_op_b_ex_o ($dlatch) from module cv32e40p_core.
Setting constant 0-bit at position 16 on $driver$id_stage_i.mult_dot_op_b_ex_o ($dlatch) from module cv32e40p_core.
Setting constant 0-bit at position 17 on $driver$id_stage_i.mult_dot_op_b_ex_o ($dlatch) from module cv32e40p_core.
Setting constant 0-bit at position 18 on $driver$id_stage_i.mult_dot_op_b_ex_o ($dlatch) from module cv32e40p_core.
Setting constant 0-bit at position 19 on $driver$id_stage_i.mult_dot_op_b_ex_o ($dlatch) from module cv32e40p_core.
Setting constant 0-bit at position 20 on $driver$id_stage_i.mult_dot_op_b_ex_o ($dlatch) from module cv32e40p_core.
Setting constant 0-bit at position 21 on $driver$id_stage_i.mult_dot_op_b_ex_o ($dlatch) from module cv32e40p_core.
Setting constant 0-bit at position 22 on $driver$id_stage_i.mult_dot_op_b_ex_o ($dlatch) from module cv32e40p_core.
Setting constant 0-bit at position 23 on $driver$id_stage_i.mult_dot_op_b_ex_o ($dlatch) from module cv32e40p_core.
Setting constant 0-bit at position 24 on $driver$id_stage_i.mult_dot_op_b_ex_o ($dlatch) from module cv32e40p_core.
Setting constant 0-bit at position 25 on $driver$id_stage_i.mult_dot_op_b_ex_o ($dlatch) from module cv32e40p_core.
Setting constant 0-bit at position 26 on $driver$id_stage_i.mult_dot_op_b_ex_o ($dlatch) from module cv32e40p_core.
Setting constant 0-bit at position 27 on $driver$id_stage_i.mult_dot_op_b_ex_o ($dlatch) from module cv32e40p_core.
Setting constant 0-bit at position 28 on $driver$id_stage_i.mult_dot_op_b_ex_o ($dlatch) from module cv32e40p_core.
Setting constant 0-bit at position 29 on $driver$id_stage_i.mult_dot_op_b_ex_o ($dlatch) from module cv32e40p_core.
Setting constant 0-bit at position 30 on $driver$id_stage_i.mult_dot_op_b_ex_o ($dlatch) from module cv32e40p_core.
Setting constant 0-bit at position 31 on $driver$id_stage_i.mult_dot_op_b_ex_o ($dlatch) from module cv32e40p_core.
Setting constant 0-bit at position 0 on $driver$id_stage_i.mult_dot_op_c_ex_o ($dlatch) from module cv32e40p_core.
Setting constant 0-bit at position 1 on $driver$id_stage_i.mult_dot_op_c_ex_o ($dlatch) from module cv32e40p_core.
Setting constant 0-bit at position 2 on $driver$id_stage_i.mult_dot_op_c_ex_o ($dlatch) from module cv32e40p_core.
Setting constant 0-bit at position 3 on $driver$id_stage_i.mult_dot_op_c_ex_o ($dlatch) from module cv32e40p_core.
Setting constant 0-bit at position 4 on $driver$id_stage_i.mult_dot_op_c_ex_o ($dlatch) from module cv32e40p_core.
Setting constant 0-bit at position 5 on $driver$id_stage_i.mult_dot_op_c_ex_o ($dlatch) from module cv32e40p_core.
Setting constant 0-bit at position 6 on $driver$id_stage_i.mult_dot_op_c_ex_o ($dlatch) from module cv32e40p_core.
Setting constant 0-bit at position 7 on $driver$id_stage_i.mult_dot_op_c_ex_o ($dlatch) from module cv32e40p_core.
Setting constant 0-bit at position 8 on $driver$id_stage_i.mult_dot_op_c_ex_o ($dlatch) from module cv32e40p_core.
Setting constant 0-bit at position 9 on $driver$id_stage_i.mult_dot_op_c_ex_o ($dlatch) from module cv32e40p_core.
Setting constant 0-bit at position 10 on $driver$id_stage_i.mult_dot_op_c_ex_o ($dlatch) from module cv32e40p_core.
Setting constant 0-bit at position 11 on $driver$id_stage_i.mult_dot_op_c_ex_o ($dlatch) from module cv32e40p_core.
Setting constant 0-bit at position 12 on $driver$id_stage_i.mult_dot_op_c_ex_o ($dlatch) from module cv32e40p_core.
Setting constant 0-bit at position 13 on $driver$id_stage_i.mult_dot_op_c_ex_o ($dlatch) from module cv32e40p_core.
Setting constant 0-bit at position 14 on $driver$id_stage_i.mult_dot_op_c_ex_o ($dlatch) from module cv32e40p_core.
Setting constant 0-bit at position 15 on $driver$id_stage_i.mult_dot_op_c_ex_o ($dlatch) from module cv32e40p_core.
Setting constant 0-bit at position 16 on $driver$id_stage_i.mult_dot_op_c_ex_o ($dlatch) from module cv32e40p_core.
Setting constant 0-bit at position 17 on $driver$id_stage_i.mult_dot_op_c_ex_o ($dlatch) from module cv32e40p_core.
Setting constant 0-bit at position 18 on $driver$id_stage_i.mult_dot_op_c_ex_o ($dlatch) from module cv32e40p_core.
Setting constant 0-bit at position 19 on $driver$id_stage_i.mult_dot_op_c_ex_o ($dlatch) from module cv32e40p_core.
Setting constant 0-bit at position 20 on $driver$id_stage_i.mult_dot_op_c_ex_o ($dlatch) from module cv32e40p_core.
Setting constant 0-bit at position 21 on $driver$id_stage_i.mult_dot_op_c_ex_o ($dlatch) from module cv32e40p_core.
Setting constant 0-bit at position 22 on $driver$id_stage_i.mult_dot_op_c_ex_o ($dlatch) from module cv32e40p_core.
Setting constant 0-bit at position 23 on $driver$id_stage_i.mult_dot_op_c_ex_o ($dlatch) from module cv32e40p_core.
Setting constant 0-bit at position 24 on $driver$id_stage_i.mult_dot_op_c_ex_o ($dlatch) from module cv32e40p_core.
Setting constant 0-bit at position 25 on $driver$id_stage_i.mult_dot_op_c_ex_o ($dlatch) from module cv32e40p_core.
Setting constant 0-bit at position 26 on $driver$id_stage_i.mult_dot_op_c_ex_o ($dlatch) from module cv32e40p_core.
Setting constant 0-bit at position 27 on $driver$id_stage_i.mult_dot_op_c_ex_o ($dlatch) from module cv32e40p_core.
Setting constant 0-bit at position 28 on $driver$id_stage_i.mult_dot_op_c_ex_o ($dlatch) from module cv32e40p_core.
Setting constant 0-bit at position 29 on $driver$id_stage_i.mult_dot_op_c_ex_o ($dlatch) from module cv32e40p_core.
Setting constant 0-bit at position 30 on $driver$id_stage_i.mult_dot_op_c_ex_o ($dlatch) from module cv32e40p_core.
Setting constant 0-bit at position 31 on $driver$id_stage_i.mult_dot_op_c_ex_o ($dlatch) from module cv32e40p_core.
Setting constant 0-bit at position 0 on $driver$id_stage_i.mult_dot_signed_ex_o ($dlatch) from module cv32e40p_core.
Setting constant 0-bit at position 1 on $driver$id_stage_i.mult_dot_signed_ex_o ($dlatch) from module cv32e40p_core.
Setting constant 0-bit at position 0 on $driver$id_stage_i.mult_is_clpx_ex_o ($dlatch) from module cv32e40p_core.
Setting constant 0-bit at position 0 on $driver$if_stage_i.aligner_i.hwlp_addr_q ($dlatch) from module cv32e40p_core.
Setting constant 0-bit at position 1 on $driver$if_stage_i.aligner_i.hwlp_addr_q ($dlatch) from module cv32e40p_core.
Setting constant 0-bit at position 2 on $driver$if_stage_i.aligner_i.hwlp_addr_q ($dlatch) from module cv32e40p_core.
Setting constant 0-bit at position 3 on $driver$if_stage_i.aligner_i.hwlp_addr_q ($dlatch) from module cv32e40p_core.
Setting constant 0-bit at position 4 on $driver$if_stage_i.aligner_i.hwlp_addr_q ($dlatch) from module cv32e40p_core.
Setting constant 0-bit at position 5 on $driver$if_stage_i.aligner_i.hwlp_addr_q ($dlatch) from module cv32e40p_core.
Setting constant 0-bit at position 6 on $driver$if_stage_i.aligner_i.hwlp_addr_q ($dlatch) from module cv32e40p_core.
Setting constant 0-bit at position 7 on $driver$if_stage_i.aligner_i.hwlp_addr_q ($dlatch) from module cv32e40p_core.
Setting constant 0-bit at position 8 on $driver$if_stage_i.aligner_i.hwlp_addr_q ($dlatch) from module cv32e40p_core.
Setting constant 0-bit at position 9 on $driver$if_stage_i.aligner_i.hwlp_addr_q ($dlatch) from module cv32e40p_core.
Setting constant 0-bit at position 10 on $driver$if_stage_i.aligner_i.hwlp_addr_q ($dlatch) from module cv32e40p_core.
Setting constant 0-bit at position 11 on $driver$if_stage_i.aligner_i.hwlp_addr_q ($dlatch) from module cv32e40p_core.
Setting constant 0-bit at position 12 on $driver$if_stage_i.aligner_i.hwlp_addr_q ($dlatch) from module cv32e40p_core.
Setting constant 0-bit at position 13 on $driver$if_stage_i.aligner_i.hwlp_addr_q ($dlatch) from module cv32e40p_core.
Setting constant 0-bit at position 14 on $driver$if_stage_i.aligner_i.hwlp_addr_q ($dlatch) from module cv32e40p_core.
Setting constant 0-bit at position 15 on $driver$if_stage_i.aligner_i.hwlp_addr_q ($dlatch) from module cv32e40p_core.
Setting constant 0-bit at position 16 on $driver$if_stage_i.aligner_i.hwlp_addr_q ($dlatch) from module cv32e40p_core.
Setting constant 0-bit at position 17 on $driver$if_stage_i.aligner_i.hwlp_addr_q ($dlatch) from module cv32e40p_core.
Setting constant 0-bit at position 18 on $driver$if_stage_i.aligner_i.hwlp_addr_q ($dlatch) from module cv32e40p_core.
Setting constant 0-bit at position 19 on $driver$if_stage_i.aligner_i.hwlp_addr_q ($dlatch) from module cv32e40p_core.
Setting constant 0-bit at position 20 on $driver$if_stage_i.aligner_i.hwlp_addr_q ($dlatch) from module cv32e40p_core.
Setting constant 0-bit at position 21 on $driver$if_stage_i.aligner_i.hwlp_addr_q ($dlatch) from module cv32e40p_core.
Setting constant 0-bit at position 22 on $driver$if_stage_i.aligner_i.hwlp_addr_q ($dlatch) from module cv32e40p_core.
Setting constant 0-bit at position 23 on $driver$if_stage_i.aligner_i.hwlp_addr_q ($dlatch) from module cv32e40p_core.
Setting constant 0-bit at position 24 on $driver$if_stage_i.aligner_i.hwlp_addr_q ($dlatch) from module cv32e40p_core.
Setting constant 0-bit at position 25 on $driver$if_stage_i.aligner_i.hwlp_addr_q ($dlatch) from module cv32e40p_core.
Setting constant 0-bit at position 26 on $driver$if_stage_i.aligner_i.hwlp_addr_q ($dlatch) from module cv32e40p_core.
Setting constant 0-bit at position 27 on $driver$if_stage_i.aligner_i.hwlp_addr_q ($dlatch) from module cv32e40p_core.
Setting constant 0-bit at position 28 on $driver$if_stage_i.aligner_i.hwlp_addr_q ($dlatch) from module cv32e40p_core.
Setting constant 0-bit at position 29 on $driver$if_stage_i.aligner_i.hwlp_addr_q ($dlatch) from module cv32e40p_core.
Setting constant 0-bit at position 30 on $driver$if_stage_i.aligner_i.hwlp_addr_q ($dlatch) from module cv32e40p_core.
Setting constant 0-bit at position 31 on $driver$if_stage_i.aligner_i.hwlp_addr_q ($dlatch) from module cv32e40p_core.

3.7.14. Executing OPT_CLEAN pass (remove unused cells and wires).
Finding unused cells or wires in module \cv32e40p_core..
Removed 7 unused cells and 26 unused wires.
<suppressed ~11 debug messages>

3.7.15. Executing OPT_EXPR pass (perform const folding).
Optimizing module cv32e40p_core.
<suppressed ~49 debug messages>

3.7.16. Rerunning OPT passes. (Maybe there is more to do..)

3.7.17. Executing OPT_MUXTREE pass (detect dead branches in mux trees).
Running muxtree optimizer on module \cv32e40p_core..
  Creating internal representation of mux trees.
  Evaluating internal representation of mux trees.
  Analyzing evaluation results.
Removed 0 multiplexer ports.
<suppressed ~9922 debug messages>

3.7.18. Executing OPT_REDUCE pass (consolidate $*mux and $reduce_* inputs).
  Optimizing cells in module \cv32e40p_core.
    New ctrl vector for $pmux cell $procmux$387: { $procmux$391_CTRL $procmux$390_CTRL }
  Optimizing cells in module \cv32e40p_core.
Performed a total of 1 changes.

3.7.19. Executing OPT_MERGE pass (detect identical cells).
Finding identical cells in module `\cv32e40p_core'.
Removed a total of 0 cells.

3.7.20. Executing OPT_DFF pass (perform DFF optimizations).

3.7.21. Executing OPT_CLEAN pass (remove unused cells and wires).
Finding unused cells or wires in module \cv32e40p_core..
Removed 12 unused cells and 34 unused wires.
<suppressed ~15 debug messages>

3.7.22. Executing OPT_EXPR pass (perform const folding).
Optimizing module cv32e40p_core.

3.7.23. Rerunning OPT passes. (Maybe there is more to do..)

3.7.24. Executing OPT_MUXTREE pass (detect dead branches in mux trees).
Running muxtree optimizer on module \cv32e40p_core..
  Creating internal representation of mux trees.
  Evaluating internal representation of mux trees.
  Analyzing evaluation results.
Removed 0 multiplexer ports.
<suppressed ~9917 debug messages>

3.7.25. Executing OPT_REDUCE pass (consolidate $*mux and $reduce_* inputs).
  Optimizing cells in module \cv32e40p_core.
Performed a total of 0 changes.

3.7.26. Executing OPT_MERGE pass (detect identical cells).
Finding identical cells in module `\cv32e40p_core'.
Removed a total of 0 cells.

3.7.27. Executing OPT_DFF pass (perform DFF optimizations).

3.7.28. Executing OPT_CLEAN pass (remove unused cells and wires).
Finding unused cells or wires in module \cv32e40p_core..

3.7.29. Executing OPT_EXPR pass (perform const folding).
Optimizing module cv32e40p_core.

3.7.30. Finished fast OPT passes. (There is nothing left to do.)

3.8. Executing FSM pass (extract and optimize FSM).

3.8.1. Executing FSM_DETECT pass (finding FSMs in design).
Found FSM state register cv32e40p_core.ex_stage_i.alu_i.alu_div_i.State_SP.
Found FSM state register cv32e40p_core.ex_stage_i.mult_i.mulh_CS.
Not marking cv32e40p_core.id_stage_i.alu_operator_ex_o as FSM state register:
    Users of register don't seem to benefit from recoding.
Found FSM state register cv32e40p_core.id_stage_i.alu_vec_mode_ex_o.
Not marking cv32e40p_core.id_stage_i.bmask_a_ex_o as FSM state register:
    Users of register don't seem to benefit from recoding.
Not marking cv32e40p_core.id_stage_i.bmask_b_ex_o as FSM state register:
    Users of register don't seem to benefit from recoding.
Found FSM state register cv32e40p_core.id_stage_i.controller_i.ctrl_fsm_cs.
Not marking cv32e40p_core.id_stage_i.controller_i.debug_fsm_cs as FSM state register:
    Register is connected to module port.
    Users of register don't seem to benefit from recoding.
Found FSM state register cv32e40p_core.id_stage_i.csr_op_ex_o.
Not marking cv32e40p_core.id_stage_i.data_reg_offset_ex_o as FSM state register:
    Users of register don't seem to benefit from recoding.
Not marking cv32e40p_core.id_stage_i.data_type_ex_o as FSM state register:
    Users of register don't seem to benefit from recoding.
Not marking cv32e40p_core.id_stage_i.mult_imm_ex_o as FSM state register:
    Users of register don't seem to benefit from recoding.
Found FSM state register cv32e40p_core.id_stage_i.mult_operator_ex_o.
Not marking cv32e40p_core.id_stage_i.mult_signed_mode_ex_o as FSM state register:
    Users of register don't seem to benefit from recoding.
Found FSM state register cv32e40p_core.if_stage_i.aligner_i.state.

3.8.2. Executing FSM_EXTRACT pass (extracting FSM from design).
Extracting FSM `\ex_stage_i.alu_i.alu_div_i.State_SP' from module `\cv32e40p_core'.
  found $adff cell for state register: $driver$ex_stage_i.alu_i.alu_div_i.State_SP
  root of input selection tree: \ex_stage_i.alu_i.alu_div_i.State_SN
  found reset state: 2'00 (from async reset)
  found ctrl input: $procmux$524_CMP
  found ctrl input: $procmux$529_CMP
  found ctrl input: $procmux$535_CMP
  found ctrl input: \id_stage_i.ex_ready_i
  found ctrl input: $2380y
  found state code: 2'10
  found ctrl input: \ex_stage_i.alu_i.div_valid
  found state code: 2'01
  found ctrl output: $procmux$524_CMP
  found ctrl output: $procmux$529_CMP
  found ctrl output: $procmux$535_CMP
  ctrl inputs: { $2380y \ex_stage_i.alu_i.div_valid \id_stage_i.ex_ready_i }
  ctrl outputs: { $procmux$535_CMP $procmux$529_CMP $procmux$524_CMP \ex_stage_i.alu_i.alu_div_i.State_SN }
  transition:       2'00 3'-0- ->       2'00 5'10000
  transition:       2'00 3'-1- ->       2'01 5'10001
  transition:       2'10 3'--0 ->       2'10 5'00110
  transition:       2'10 3'--1 ->       2'00 5'00100
  transition:       2'01 3'0-- ->       2'10 5'01010
  transition:       2'01 3'1-- ->       2'01 5'01001
Extracting FSM `\ex_stage_i.mult_i.mulh_CS' from module `\cv32e40p_core'.
  found $adff cell for state register: $driver$ex_stage_i.mult_i.mulh_CS
  root of input selection tree: \ex_stage_i.mult_i.mulh_NS
  found reset state: 3'000 (from async reset)
  found ctrl input: $procmux$404_CMP
  found ctrl input: $procmux$424_CMP
  found ctrl input: $procmux$425_CMP
  found ctrl input: $procmux$426_CMP
  found ctrl input: $procmux$412_CMP
  found ctrl input: \id_stage_i.ex_ready_i
  found state code: 3'100
  found state code: 3'011
  found state code: 3'010
  found ctrl input: $2444y
  found state code: 3'001
  found ctrl output: $procmux$404_CMP
  found ctrl output: $procmux$412_CMP
  found ctrl output: $procmux$424_CMP
  found ctrl output: $procmux$425_CMP
  found ctrl output: $procmux$426_CMP
  ctrl inputs: { $2444y \id_stage_i.ex_ready_i }
  ctrl outputs: { $procmux$426_CMP $procmux$425_CMP $procmux$424_CMP $procmux$412_CMP $procmux$404_CMP \ex_stage_i.mult_i.mulh_NS }
  transition:      3'000 2'0- ->      3'000 8'00010000
  transition:      3'000 2'1- ->      3'001 8'00010001
  transition:      3'100 2'-0 ->      3'100 8'00001100
  transition:      3'100 2'-1 ->      3'000 8'00001000
  transition:      3'010 2'-- ->      3'011 8'01000011
  transition:      3'001 2'-- ->      3'010 8'10000010
  transition:      3'011 2'-- ->      3'100 8'00100100
Extracting FSM `\id_stage_i.alu_vec_mode_ex_o' from module `\cv32e40p_core'.
  found $adff cell for state register: $driver$id_stage_i.alu_vec_mode_ex_o
  root of input selection tree: $id_stage_i.alu_vec_mode_ex_o$1823
  found reset state: 2'00 (from async reset)
  found ctrl input: \id_stage_i.controller_i.data_misaligned_i
  found ctrl input: \ex_stage_i.mult_i.multicycle_o
  found ctrl input: \id_stage_i.id_valid_o
  found ctrl input: \id_stage_i.alu_en
  fsm extraction failed: at least two states are required.
Extracting FSM `\id_stage_i.controller_i.ctrl_fsm_cs' from module `\cv32e40p_core'.
  found $adff cell for state register: $driver$id_stage_i.controller_i.ctrl_fsm_cs
  root of input selection tree: \id_stage_i.controller_i.ctrl_fsm_ns
  found reset state: 5'00000 (from async reset)
  found ctrl input: $procmux$11685_CMP
  found ctrl input: $auto$opt_reduce.cc:137:opt_pmux$18563
  found ctrl input: $procmux$11691_CMP
  found ctrl input: $procmux$11667_CMP
  found ctrl input: $procmux$11619_CMP
  found ctrl input: $auto$opt_reduce.cc:137:opt_pmux$18565
  found ctrl input: $procmux$11642_CMP
  found ctrl input: $procmux$10085_CMP
  found ctrl input: $procmux$11475_CMP
  found ctrl input: $procmux$11707_CMP
  found ctrl input: $procmux$11572_CMP
  found ctrl input: $procmux$11612_CMP
  found ctrl input: $1465y
  found state code: 5'01100
  found state code: 5'01011
  found state code: 5'00101
  found state code: 5'01101
  found ctrl input: $1372y
  found ctrl input: \if_stage_i.is_fetch_failed_o
  found ctrl input: \id_stage_i.controller_i.illegal_insn_q
  found ctrl input: \id_stage_i.controller_i.wfi_i
  found ctrl input: $auto$opt_reduce.cc:137:opt_pmux$18547
  found ctrl input: $auto$opt_reduce.cc:137:opt_pmux$18553
  found ctrl input: \id_stage_i.controller_i.debug_req_pending
  found state code: 5'00011
  found state code: 5'01010
  found ctrl input: \ex_stage_i.ex_valid_o
  found state code: 5'01001
  found ctrl input: \id_stage_i.branch_taken_ex
  found ctrl input: \if_stage_i.instr_valid_id_o
  found ctrl input: $1128y
  found ctrl input: $1130y
  found ctrl input: $1201y
  found ctrl input: \id_stage_i.controller_i.illegal_insn_i
  found ctrl input: $auto$opt_reduce.cc:137:opt_pmux$18615
  found ctrl input: \id_stage_i.controller_i.ebrk_insn_i
  found ctrl input: \id_stage_i.controller_i.id_ready_i
  found state code: 5'01000
  found ctrl input: \id_stage_i.controller_i.debug_mode_q
  found ctrl input: \cs_registers_i.dcsr_q [15]
  found ctrl input: \id_stage_i.controller_i.branch_in_id
  found ctrl input: $auto$opt_reduce.cc:137:opt_pmux$18557
  found state code: 5'01110
  found ctrl input: \sleep_unit_i.wake_from_sleep_i
  found state code: 5'00100
  found state code: 5'00010
  found ctrl input: \sleep_unit_i.fetch_enable_q
  found state code: 5'00001
  found ctrl output: $procmux$10085_CMP
  found ctrl output: $procmux$11234_CMP
  found ctrl output: $procmux$11475_CMP
  found ctrl output: $procmux$11572_CMP
  found ctrl output: $procmux$11612_CMP
  found ctrl output: $procmux$11617_CMP
  found ctrl output: $procmux$11619_CMP
  found ctrl output: $procmux$11629_CMP
  found ctrl output: $procmux$11642_CMP
  found ctrl output: $procmux$11667_CMP
  found ctrl output: $procmux$11685_CMP
  found ctrl output: $procmux$11691_CMP
  found ctrl output: $procmux$11696_CMP
  found ctrl output: $procmux$11697_CMP
  found ctrl output: $procmux$11700_CMP
  found ctrl output: $procmux$11707_CMP
  ctrl inputs: { $1465y $1372y $1201y $1130y $1128y \cs_registers_i.dcsr_q [15] \ex_stage_i.ex_valid_o \id_stage_i.controller_i.debug_req_pending \id_stage_i.controller_i.illegal_insn_q \id_stage_i.controller_i.debug_mode_q \id_stage_i.controller_i.branch_in_id \id_stage_i.controller_i.id_ready_i \id_stage_i.controller_i.ebrk_insn_i \id_stage_i.controller_i.wfi_i \id_stage_i.controller_i.illegal_insn_i \id_stage_i.branch_taken_ex \if_stage_i.is_fetch_failed_o \if_stage_i.instr_valid_id_o \sleep_unit_i.fetch_enable_q \sleep_unit_i.wake_from_sleep_i $auto$opt_reduce.cc:137:opt_pmux$18547 $auto$opt_reduce.cc:137:opt_pmux$18553 $auto$opt_reduce.cc:137:opt_pmux$18557 $auto$opt_reduce.cc:137:opt_pmux$18563 $auto$opt_reduce.cc:137:opt_pmux$18565 $auto$opt_reduce.cc:137:opt_pmux$18615 }
  ctrl outputs: { $procmux$11707_CMP $procmux$11700_CMP $procmux$11697_CMP $procmux$11696_CMP $procmux$11691_CMP $procmux$11685_CMP $procmux$11667_CMP $procmux$11642_CMP $procmux$11629_CMP $procmux$11619_CMP $procmux$11617_CMP $procmux$11612_CMP $procmux$11572_CMP $procmux$11475_CMP $procmux$11234_CMP $procmux$10085_CMP \id_stage_i.controller_i.ctrl_fsm_ns }
  transition:    5'00000 26'------------------0------- ->    5'00000 21'000000000001000000000
  transition:    5'00000 26'------------------1------- ->    5'00001 21'000000000001000000001
  transition:    5'01000 26'------0------------------- ->    5'01000 21'000000010000000001000
  transition:    5'01000 26'------1------------------- ->    5'01001 21'000000010000000001001
  transition:    5'00100 26'------------------------0- ->    5'00101 21'000000000000001000101
  transition:    5'01100 26'------------------------0- ->    5'00101 21'000000000010000000101
  transition:    5'00010 26'-------------------0------ ->    5'00010 21'000000000000010000010
  transition:    5'00010 26'-------0-----------1------ ->    5'00100 21'000000000000010000100
  transition:    5'00010 26'-------1-----------1------ ->    5'01100 21'000000000000010001100
  transition:    5'01010 26'-0------------------------ ->    5'00101 21'000000100000000000101
  transition:    5'01010 26'-1------------------------ ->    5'01100 21'000000100000000001100
  transition:    5'01110 26'-------------------------- ->    5'01101 21'000010000000000001101
  transition:    5'00001 26'-------0------------------ ->    5'00100 21'000000000000100000100
  transition:    5'00001 26'-------1------------------ ->    5'01100 21'000000000000100001100
  transition:    5'01001 26'--------0----0--0---00---- ->    5'00101 21'000000000100000000101
  transition:    5'01001 26'-0------0-------0----1---- ->    5'00101 21'000000000100000000101
  transition:    5'01001 26'-1------0-------0----1---- ->    5'01100 21'000000000100000001100
  transition:    5'01001 26'--------0-------0---1----- ->    5'01010 21'000000000100000001010
  transition:    5'01001 26'-------00----1--0--------- ->    5'00011 21'000000000100000000011
  transition:    5'01001 26'-------10----1--0--------- ->    5'01100 21'000000000100000001100
  transition:    5'01001 26'-0------1-------0--------- ->    5'00101 21'000000000100000000101
  transition:    5'01001 26'-1------1-------0--------- ->    5'01100 21'000000000100000001100
  transition:    5'01001 26'----------------1--------- ->    5'00101 21'000000000100000000101
  transition:    5'00101 26'---------------000-------- ->    5'00101 21'000000000000000100101
  transition:    5'00101 26'--000-------0-0001-------0 ->    5'00101 21'000000000000000100101
  transition:    5'00101 26'--0000---0-01-0001-------- ->    5'00101 21'000000000000000100101
  transition:    5'00101 26'--0000---0-11-0001-------- ->    5'01000 21'000000000000000101000
  transition:    5'00101 26'--0001---0--1-0001-------- ->    5'01101 21'000000000000000101101
  transition:    5'00101 26'--000----1--1-0001-------- ->    5'01101 21'000000000000000101101
  transition:    5'00101 26'--000------0--0001-------1 ->    5'00101 21'000000000000000100101
  transition:    5'00101 26'--000------1--0001-------1 ->    5'01000 21'000000000000000101000
  transition:    5'00101 26'--000------0--1001-------- ->    5'00101 21'000000000000000100101
  transition:    5'00101 26'--000------1--1001-------- ->    5'01000 21'000000000000000101000
  transition:    5'00101 26'--100------00-0001-------0 ->    5'00101 21'000000000000000100101
  transition:    5'00101 26'--1000---0-01-0001-------- ->    5'00101 21'000000000000000100101
  transition:    5'00101 26'--1001---0-01-0001-------- ->    5'01101 21'000000000000000101101
  transition:    5'00101 26'--100----1-01-0001-------- ->    5'01101 21'000000000000000101101
  transition:    5'00101 26'--100------0--0001-------1 ->    5'00101 21'000000000000000100101
  transition:    5'00101 26'--100------0--1001-------- ->    5'00101 21'000000000000000100101
  transition:    5'00101 26'--100-----01---001----0--- ->    5'01101 21'000000000000000101101
  transition:    5'00101 26'--100------1---001----1--- ->    5'01000 21'000000000000000101000
  transition:    5'00101 26'--100-----11---001-------- ->    5'01110 21'000000000000000101110
  transition:    5'00101 26'---10----------001-------- ->    5'00101 21'000000000000000100101
  transition:    5'00101 26'----1----------001-------- ->    5'01101 21'000000000000000101101
  transition:    5'00101 26'---------------01--------- ->    5'01001 21'000000000000000101001
  transition:    5'00101 26'---------------1---------- ->    5'00101 21'000000000000000100101
  transition:    5'01101 26'0------------------------- ->    5'01100 21'000001000000000001100
  transition:    5'01101 26'1------------------------- ->    5'01011 21'000001000000000001011
  transition:    5'00011 26'-------------------------- ->    5'00010 21'100000000000000000010
  transition:    5'01011 26'------------------------0- ->    5'00101 21'000000001000000000101
Extracting FSM `\id_stage_i.csr_op_ex_o' from module `\cv32e40p_core'.
  found $adff cell for state register: $driver$id_stage_i.csr_op_ex_o
  root of input selection tree: $id_stage_i.csr_op_ex_o$1855
  found reset state: 2'00 (from async reset)
  found ctrl input: \id_stage_i.controller_i.data_misaligned_i
  found ctrl input: \ex_stage_i.mult_i.multicycle_o
  found ctrl input: \id_stage_i.id_valid_o
  found ctrl input: \id_stage_i.ex_ready_i
  found ctrl input: \id_stage_i.decoder_i.deassert_we_i
  found ctrl input: $procmux$12085_CMP
  found ctrl input: $945y
  found ctrl input: $procmux$12357_CMP
  found ctrl input: $procmux$12358_CMP
  found ctrl input: $procmux$12359_CMP
  found ctrl input: $980y
  found state code: 2'11
  found state code: 2'10
  found state code: 2'01
  found ctrl output: $procmux$16956_CMP
  found ctrl output: $procmux$16957_CMP
  found ctrl output: $procmux$16958_CMP
  found ctrl output: $procmux$16959_CMP
  ctrl inputs: { $procmux$12359_CMP $procmux$12358_CMP $procmux$12357_CMP $procmux$12085_CMP $980y $945y \ex_stage_i.mult_i.multicycle_o \id_stage_i.controller_i.data_misaligned_i \id_stage_i.decoder_i.deassert_we_i \id_stage_i.id_valid_o \id_stage_i.ex_ready_i }
  ctrl outputs: { $procmux$16959_CMP $procmux$16958_CMP $procmux$16957_CMP $procmux$16956_CMP $id_stage_i.csr_op_ex_o$1855 }
  transition:       2'00 11'------00-00 ->       2'00 6'000100
  transition:       2'00 11'------00-01 ->       2'00 6'000100
  transition:       2'00 11'---0--0001- ->       2'00 6'000100
  transition:       2'00 11'0001-00001- ->       2'00 6'000100
  transition:       2'00 11'1--1-00001- ->       2'01 6'000101
  transition:       2'00 11'-1-1000001- ->       2'10 6'000110
  transition:       2'00 11'-1-1100001- ->       2'00 6'000100
  transition:       2'00 11'--11000001- ->       2'11 6'000111
  transition:       2'00 11'--11100001- ->       2'00 6'000100
  transition:       2'00 11'---1-10001- ->       2'00 6'000100
  transition:       2'00 11'------0011- ->       2'00 6'000100
  transition:       2'00 11'------10--- ->       2'00 6'000100
  transition:       2'00 11'-------1--- ->       2'00 6'000100
  transition:       2'10 11'------00-00 ->       2'10 6'010010
  transition:       2'10 11'------00-01 ->       2'00 6'010000
  transition:       2'10 11'---0--0001- ->       2'00 6'010000
  transition:       2'10 11'0001-00001- ->       2'00 6'010000
  transition:       2'10 11'1--1-00001- ->       2'01 6'010001
  transition:       2'10 11'-1-1000001- ->       2'10 6'010010
  transition:       2'10 11'-1-1100001- ->       2'00 6'010000
  transition:       2'10 11'--11000001- ->       2'11 6'010011
  transition:       2'10 11'--11100001- ->       2'00 6'010000
  transition:       2'10 11'---1-10001- ->       2'00 6'010000
  transition:       2'10 11'------0011- ->       2'00 6'010000
  transition:       2'10 11'------10--- ->       2'10 6'010010
  transition:       2'10 11'-------1--- ->       2'10 6'010010
  transition:       2'01 11'------00-00 ->       2'01 6'100001
  transition:       2'01 11'------00-01 ->       2'00 6'100000
  transition:       2'01 11'---0--0001- ->       2'00 6'100000
  transition:       2'01 11'0001-00001- ->       2'00 6'100000
  transition:       2'01 11'1--1-00001- ->       2'01 6'100001
  transition:       2'01 11'-1-1000001- ->       2'10 6'100010
  transition:       2'01 11'-1-1100001- ->       2'00 6'100000
  transition:       2'01 11'--11000001- ->       2'11 6'100011
  transition:       2'01 11'--11100001- ->       2'00 6'100000
  transition:       2'01 11'---1-10001- ->       2'00 6'100000
  transition:       2'01 11'------0011- ->       2'00 6'100000
  transition:       2'01 11'------10--- ->       2'01 6'100001
  transition:       2'01 11'-------1--- ->       2'01 6'100001
  transition:       2'11 11'------00-00 ->       2'11 6'001011
  transition:       2'11 11'------00-01 ->       2'00 6'001000
  transition:       2'11 11'---0--0001- ->       2'00 6'001000
  transition:       2'11 11'0001-00001- ->       2'00 6'001000
  transition:       2'11 11'1--1-00001- ->       2'01 6'001001
  transition:       2'11 11'-1-1000001- ->       2'10 6'001010
  transition:       2'11 11'-1-1100001- ->       2'00 6'001000
  transition:       2'11 11'--11000001- ->       2'11 6'001011
  transition:       2'11 11'--11100001- ->       2'00 6'001000
  transition:       2'11 11'---1-10001- ->       2'00 6'001000
  transition:       2'11 11'------0011- ->       2'00 6'001000
  transition:       2'11 11'------10--- ->       2'11 6'001011
  transition:       2'11 11'-------1--- ->       2'11 6'001011
Extracting FSM `\id_stage_i.mult_operator_ex_o' from module `\cv32e40p_core'.
  found $adff cell for state register: $driver$id_stage_i.mult_operator_ex_o
  root of input selection tree: $id_stage_i.mult_operator_ex_o$1833
  found reset state: 3'000 (from async reset)
  found ctrl input: \id_stage_i.controller_i.data_misaligned_i
  found ctrl input: \ex_stage_i.mult_i.multicycle_o
  found ctrl input: \id_stage_i.id_valid_o
  found ctrl input: \id_stage_i.decoder_i.mult_int_en_o
  found ctrl input: $procmux$13045_CMP
  found state code: 3'010
  found ctrl input: $869y
  found ctrl input: $871y
  found ctrl input: $auto$opt_reduce.cc:137:opt_pmux$18517
  found ctrl input: $procmux$13760_CMP
  found state code: 3'110
  found ctrl output: $2423y
  found ctrl output: $2443y
  found ctrl output: \ex_stage_i.mult_i.int_is_msu
  found ctrl output: $procmux$390_CMP [0]
  found ctrl output: $procmux$391_CMP [0]
  ctrl inputs: { $procmux$13760_CMP $procmux$13045_CMP $871y $869y \ex_stage_i.mult_i.multicycle_o \id_stage_i.controller_i.data_misaligned_i \id_stage_i.decoder_i.mult_int_en_o \id_stage_i.id_valid_o $auto$opt_reduce.cc:137:opt_pmux$18517 }
  ctrl outputs: { $procmux$391_CMP [0] $procmux$390_CMP [0] $2443y $2423y $id_stage_i.mult_operator_ex_o$1833 \ex_stage_i.mult_i.int_is_msu }
  transition:      3'000 9'----00-0- ->      3'000 8'10000000
  transition:      3'000 9'----0001- ->      3'000 8'10000000
  transition:      3'000 9'-0--0011- ->      3'010 8'10000100
  transition:      3'000 9'010000110 ->      3'010 8'10000100
  transition:      3'000 9'11000011- ->      3'000 8'10000000
  transition:      3'000 9'-10000111 ->      3'110 8'10001100
  transition:      3'000 9'-1100011- ->      3'010 8'10000100
  transition:      3'000 9'-1-10011- ->      3'010 8'10000100
  transition:      3'000 9'----10--- ->      3'000 8'10000000
  transition:      3'000 9'-----1--- ->      3'000 8'10000000
  transition:      3'010 9'----00-0- ->      3'010 8'01000100
  transition:      3'010 9'----0001- ->      3'010 8'01000100
  transition:      3'010 9'-0--0011- ->      3'010 8'01000100
  transition:      3'010 9'010000110 ->      3'010 8'01000100
  transition:      3'010 9'11000011- ->      3'000 8'01000000
  transition:      3'010 9'-10000111 ->      3'110 8'01001100
  transition:      3'010 9'-1100011- ->      3'010 8'01000100
  transition:      3'010 9'-1-10011- ->      3'010 8'01000100
  transition:      3'010 9'----10--- ->      3'010 8'01000100
  transition:      3'010 9'-----1--- ->      3'010 8'01000100
  transition:      3'110 9'----00-0- ->      3'110 8'00101100
  transition:      3'110 9'----0001- ->      3'110 8'00101100
  transition:      3'110 9'-0--0011- ->      3'010 8'00100100
  transition:      3'110 9'010000110 ->      3'010 8'00100100
  transition:      3'110 9'11000011- ->      3'000 8'00100000
  transition:      3'110 9'-10000111 ->      3'110 8'00101100
  transition:      3'110 9'-1100011- ->      3'010 8'00100100
  transition:      3'110 9'-1-10011- ->      3'010 8'00100100
  transition:      3'110 9'----10--- ->      3'110 8'00101100
  transition:      3'110 9'-----1--- ->      3'110 8'00101100
Extracting FSM `\if_stage_i.aligner_i.state' from module `\cv32e40p_core'.
  found $adff cell for state register: $driver$if_stage_i.aligner_i.state
  root of input selection tree: $if_stage_i.aligner_i.state$207
  found reset state: 3'000 (from async reset)
  found ctrl input: \if_stage_i.aligner_i.update_state
  found ctrl input: \if_stage_i.branch_req
  found ctrl input: $procmux$17598_CMP
  found ctrl input: $auto$opt_reduce.cc:137:opt_pmux$18611
  found ctrl input: $procmux$17648_CMP
  found ctrl input: $246y
  found state code: 3'001
  found ctrl input: $214y
  found ctrl input: $224y
  found state code: 3'010
  found ctrl input: \if_stage_i.branch_addr_n [1]
  found state code: 3'011
  found ctrl output: $procmux$17598_CMP
  found ctrl output: $procmux$17624_CMP
  found ctrl output: $procmux$17648_CMP
  found ctrl output: $procmux$17692_CMP
  ctrl inputs: { $246y $224y $214y \if_stage_i.aligner_i.update_state \if_stage_i.branch_addr_n [1] \if_stage_i.branch_req $auto$opt_reduce.cc:137:opt_pmux$18611 }
  ctrl outputs: { $procmux$17692_CMP $procmux$17648_CMP $procmux$17624_CMP $procmux$17598_CMP $if_stage_i.aligner_i.state$207 }
  transition:      3'000 7'---0--- ->      3'000 7'1000000
  transition:      3'000 7'--01-0- ->      3'001 7'1000001
  transition:      3'000 7'--11-0- ->      3'000 7'1000000
  transition:      3'000 7'---101- ->      3'000 7'1000000
  transition:      3'000 7'---111- ->      3'011 7'1000011
  transition:      3'010 7'---0--- ->      3'010 7'0010010
  transition:      3'010 7'--01-0- ->      3'001 7'0010001
  transition:      3'010 7'--11-0- ->      3'000 7'0010000
  transition:      3'010 7'---101- ->      3'000 7'0010000
  transition:      3'010 7'---111- ->      3'011 7'0010011
  transition:      3'001 7'---0--- ->      3'001 7'0100001
  transition:      3'001 7'-0-1-0- ->      3'010 7'0100010
  transition:      3'001 7'-1-1-0- ->      3'001 7'0100001
  transition:      3'001 7'---101- ->      3'000 7'0100000
  transition:      3'001 7'---111- ->      3'011 7'0100011
  transition:      3'011 7'---0--- ->      3'011 7'0001011
  transition:      3'011 7'0--1-0- ->      3'000 7'0001000
  transition:      3'011 7'1--1-0- ->      3'001 7'0001001
  transition:      3'011 7'---101- ->      3'000 7'0001000
  transition:      3'011 7'---111- ->      3'011 7'0001011

3.8.3. Executing FSM_OPT pass (simple optimizations of FSMs).
Optimizing FSM `$fsm$\if_stage_i.aligner_i.state$18659' from module `\cv32e40p_core'.
  Removing unused input signal $auto$opt_reduce.cc:137:opt_pmux$18611.
Optimizing FSM `$fsm$\id_stage_i.mult_operator_ex_o$18652' from module `\cv32e40p_core'.
Optimizing FSM `$fsm$\id_stage_i.csr_op_ex_o$18646' from module `\cv32e40p_core'.
  Merging pattern 11'------00-00 and 11'------00-01 from group (0 0 6'000100).
  Merging pattern 11'------00-01 and 11'------00-00 from group (0 0 6'000100).
Optimizing FSM `$fsm$\id_stage_i.controller_i.ctrl_fsm_cs$18628' from module `\cv32e40p_core'.
  Merging pattern 26'--000------0--0001-------1 and 26'--100------0--0001-------1 from group (9 9 21'000000000000000100101).
  Merging pattern 26'--100------0--0001-------1 and 26'--000------0--0001-------1 from group (9 9 21'000000000000000100101).
  Merging pattern 26'--0000---0-01-0001-------- and 26'--1000---0-01-0001-------- from group (9 9 21'000000000000000100101).
  Merging pattern 26'--1000---0-01-0001-------- and 26'--0000---0-01-0001-------- from group (9 9 21'000000000000000100101).
  Merging pattern 26'--000------0--1001-------- and 26'--100------0--1001-------- from group (9 9 21'000000000000000100101).
  Merging pattern 26'--100------0--1001-------- and 26'--000------0--1001-------- from group (9 9 21'000000000000000100101).
  Removing unused input signal $auto$opt_reduce.cc:137:opt_pmux$18563.
Optimizing FSM `$fsm$\ex_stage_i.mult_i.mulh_CS$18621' from module `\cv32e40p_core'.
Optimizing FSM `$fsm$\ex_stage_i.alu_i.alu_div_i.State_SP$18616' from module `\cv32e40p_core'.

3.8.4. Executing OPT_CLEAN pass (remove unused cells and wires).
Finding unused cells or wires in module \cv32e40p_core..
Removed 98 unused cells and 106 unused wires.
<suppressed ~111 debug messages>

3.8.5. Executing FSM_OPT pass (simple optimizations of FSMs).
Optimizing FSM `$fsm$\ex_stage_i.alu_i.alu_div_i.State_SP$18616' from module `\cv32e40p_core'.
  Removing unused output signal \ex_stage_i.alu_i.alu_div_i.State_SN [0].
  Removing unused output signal \ex_stage_i.alu_i.alu_div_i.State_SN [1].
Optimizing FSM `$fsm$\ex_stage_i.mult_i.mulh_CS$18621' from module `\cv32e40p_core'.
  Removing unused output signal \ex_stage_i.mult_i.mulh_NS [0].
  Removing unused output signal \ex_stage_i.mult_i.mulh_NS [1].
  Removing unused output signal \ex_stage_i.mult_i.mulh_NS [2].
Optimizing FSM `$fsm$\id_stage_i.controller_i.ctrl_fsm_cs$18628' from module `\cv32e40p_core'.
  Removing unused output signal $procmux$11612_CMP.
Optimizing FSM `$fsm$\id_stage_i.csr_op_ex_o$18646' from module `\cv32e40p_core'.
  Removing unused output signal $id_stage_i.csr_op_ex_o$1855 [0].
  Removing unused output signal $id_stage_i.csr_op_ex_o$1855 [1].
Optimizing FSM `$fsm$\id_stage_i.mult_operator_ex_o$18652' from module `\cv32e40p_core'.
  Removing unused output signal $id_stage_i.mult_operator_ex_o$1833 [0].
  Removing unused output signal $id_stage_i.mult_operator_ex_o$1833 [1].
  Removing unused output signal $id_stage_i.mult_operator_ex_o$1833 [2].
Optimizing FSM `$fsm$\if_stage_i.aligner_i.state$18659' from module `\cv32e40p_core'.
  Removing unused output signal $if_stage_i.aligner_i.state$207 [0].
  Removing unused output signal $if_stage_i.aligner_i.state$207 [1].
  Removing unused output signal $if_stage_i.aligner_i.state$207 [2].

3.8.6. Executing FSM_RECODE pass (re-assigning FSM state encoding).
Recoding FSM `$fsm$\ex_stage_i.alu_i.alu_div_i.State_SP$18616' from module `\cv32e40p_core' using `auto' encoding:
  mapping auto encoding to `one-hot` for this FSM.
  00 -> --1
  10 -> -1-
  01 -> 1--
Recoding FSM `$fsm$\ex_stage_i.mult_i.mulh_CS$18621' from module `\cv32e40p_core' using `auto' encoding:
  mapping auto encoding to `one-hot` for this FSM.
  000 -> ----1
  100 -> ---1-
  010 -> --1--
  001 -> -1---
  011 -> 1----
Recoding FSM `$fsm$\id_stage_i.controller_i.ctrl_fsm_cs$18628' from module `\cv32e40p_core' using `auto' encoding:
  mapping auto encoding to `one-hot` for this FSM.
  00000 -> ------------1
  01000 -> -----------1-
  00100 -> ----------1--
  01100 -> ---------1---
  00010 -> --------1----
  01010 -> -------1-----
  01110 -> ------1------
  00001 -> -----1-------
  01001 -> ----1--------
  00101 -> ---1---------
  01101 -> --1----------
  00011 -> -1-----------
  01011 -> 1------------
Recoding FSM `$fsm$\id_stage_i.csr_op_ex_o$18646' from module `\cv32e40p_core' using `auto' encoding:
  mapping auto encoding to `one-hot` for this FSM.
  00 -> ---1
  10 -> --1-
  01 -> -1--
  11 -> 1---
Recoding FSM `$fsm$\id_stage_i.mult_operator_ex_o$18652' from module `\cv32e40p_core' using `auto' encoding:
  mapping auto encoding to `one-hot` for this FSM.
  000 -> --1
  010 -> -1-
  110 -> 1--
Recoding FSM `$fsm$\if_stage_i.aligner_i.state$18659' from module `\cv32e40p_core' using `auto' encoding:
  mapping auto encoding to `one-hot` for this FSM.
  000 -> ---1
  010 -> --1-
  001 -> -1--
  011 -> 1---

3.8.7. Executing FSM_INFO pass (dumping all available information on FSM cells).

FSM `$fsm$\ex_stage_i.alu_i.alu_div_i.State_SP$18616' from module `cv32e40p_core':
-------------------------------------

  Information on FSM $fsm$\ex_stage_i.alu_i.alu_div_i.State_SP$18616 (\ex_stage_i.alu_i.alu_div_i.State_SP):

  Number of input signals:    3
  Number of output signals:   3
  Number of state bits:       3

  Input signals:
    0: \id_stage_i.ex_ready_i
    1: \ex_stage_i.alu_i.div_valid
    2: $2380y

  Output signals:
    0: $procmux$524_CMP
    1: $procmux$529_CMP
    2: $procmux$535_CMP

  State encoding:
    0:      3'--1  <RESET STATE>
    1:      3'-1-
    2:      3'1--

  Transition Table (state_in, ctrl_in, state_out, ctrl_out):
      0:     0 3'-0-   ->     0 3'100
      1:     0 3'-1-   ->     2 3'100
      2:     1 3'--1   ->     0 3'001
      3:     1 3'--0   ->     1 3'001
      4:     2 3'0--   ->     1 3'010
      5:     2 3'1--   ->     2 3'010

-------------------------------------

FSM `$fsm$\ex_stage_i.mult_i.mulh_CS$18621' from module `cv32e40p_core':
-------------------------------------

  Information on FSM $fsm$\ex_stage_i.mult_i.mulh_CS$18621 (\ex_stage_i.mult_i.mulh_CS):

  Number of input signals:    2
  Number of output signals:   5
  Number of state bits:       5

  Input signals:
    0: \id_stage_i.ex_ready_i
    1: $2444y

  Output signals:
    0: $procmux$404_CMP
    1: $procmux$412_CMP
    2: $procmux$424_CMP
    3: $procmux$425_CMP
    4: $procmux$426_CMP

  State encoding:
    0:    5'----1  <RESET STATE>
    1:    5'---1-
    2:    5'--1--
    3:    5'-1---
    4:    5'1----

  Transition Table (state_in, ctrl_in, state_out, ctrl_out):
      0:     0 2'0-   ->     0 5'00010
      1:     0 2'1-   ->     3 5'00010
      2:     1 2'-1   ->     0 5'00001
      3:     1 2'-0   ->     1 5'00001
      4:     2 2'--   ->     4 5'01000
      5:     3 2'--   ->     2 5'10000
      6:     4 2'--   ->     1 5'00100

-------------------------------------

FSM `$fsm$\id_stage_i.controller_i.ctrl_fsm_cs$18628' from module `cv32e40p_core':
-------------------------------------

  Information on FSM $fsm$\id_stage_i.controller_i.ctrl_fsm_cs$18628 (\id_stage_i.controller_i.ctrl_fsm_cs):

  Number of input signals:   25
  Number of output signals:  20
  Number of state bits:      13

  Input signals:
    0: $auto$opt_reduce.cc:137:opt_pmux$18615
    1: $auto$opt_reduce.cc:137:opt_pmux$18565
    2: $auto$opt_reduce.cc:137:opt_pmux$18557
    3: $auto$opt_reduce.cc:137:opt_pmux$18553
    4: $auto$opt_reduce.cc:137:opt_pmux$18547
    5: \sleep_unit_i.wake_from_sleep_i
    6: \sleep_unit_i.fetch_enable_q
    7: \if_stage_i.instr_valid_id_o
    8: \if_stage_i.is_fetch_failed_o
    9: \id_stage_i.branch_taken_ex
   10: \id_stage_i.controller_i.illegal_insn_i
   11: \id_stage_i.controller_i.wfi_i
   12: \id_stage_i.controller_i.ebrk_insn_i
   13: \id_stage_i.controller_i.id_ready_i
   14: \id_stage_i.controller_i.branch_in_id
   15: \id_stage_i.controller_i.debug_mode_q
   16: \id_stage_i.controller_i.illegal_insn_q
   17: \id_stage_i.controller_i.debug_req_pending
   18: \ex_stage_i.ex_valid_o
   19: \cs_registers_i.dcsr_q [15]
   20: $1128y
   21: $1130y
   22: $1201y
   23: $1372y
   24: $1465y

  Output signals:
    0: \id_stage_i.controller_i.ctrl_fsm_ns [0]
    1: \id_stage_i.controller_i.ctrl_fsm_ns [1]
    2: \id_stage_i.controller_i.ctrl_fsm_ns [2]
    3: \id_stage_i.controller_i.ctrl_fsm_ns [3]
    4: \id_stage_i.controller_i.ctrl_fsm_ns [4]
    5: $procmux$10085_CMP
    6: $procmux$11234_CMP
    7: $procmux$11475_CMP
    8: $procmux$11572_CMP
    9: $procmux$11617_CMP
   10: $procmux$11619_CMP
   11: $procmux$11629_CMP
   12: $procmux$11642_CMP
   13: $procmux$11667_CMP
   14: $procmux$11685_CMP
   15: $procmux$11691_CMP
   16: $procmux$11696_CMP
   17: $procmux$11697_CMP
   18: $procmux$11700_CMP
   19: $procmux$11707_CMP

  State encoding:
    0: 13'------------1  <RESET STATE>
    1: 13'-----------1-
    2: 13'----------1--
    3: 13'---------1---
    4: 13'--------1----
    5: 13'-------1-----
    6: 13'------1------
    7: 13'-----1-------
    8: 13'----1--------
    9: 13'---1---------
   10: 13'--1----------
   11: 13'-1-----------
   12: 13'1------------

  Transition Table (state_in, ctrl_in, state_out, ctrl_out):
      0:     0 25'------------------0------   ->     0 20'00000000000000000000
      1:     0 25'------------------1------   ->     7 20'00000000000000000001
      2:     1 25'------0------------------   ->     1 20'00000001000000001000
      3:     1 25'------1------------------   ->     8 20'00000001000000001001
      4:     2 25'-----------------------0-   ->     9 20'00000000000001000101
      5:     3 25'-----------------------0-   ->     9 20'00000000001000000101
      6:     4 25'-------0-----------1-----   ->     2 20'00000000000010000100
      7:     4 25'-------1-----------1-----   ->     3 20'00000000000010001100
      8:     4 25'-------------------0-----   ->     4 20'00000000000010000010
      9:     5 25'-1-----------------------   ->     3 20'00000010000000001100
     10:     5 25'-0-----------------------   ->     9 20'00000010000000000101
     11:     6 25'-------------------------   ->    10 20'00001000000000001101
     12:     7 25'-------0-----------------   ->     2 20'00000000000100000100
     13:     7 25'-------1-----------------   ->     3 20'00000000000100001100
     14:     8 25'-1------0-------0----1---   ->     3 20'00000000010000001100
     15:     8 25'-------10----1--0--------   ->     3 20'00000000010000001100
     16:     8 25'-1------1-------0--------   ->     3 20'00000000010000001100
     17:     8 25'--------0-------0---1----   ->     5 20'00000000010000001010
     18:     8 25'--------0----0--0---00---   ->     9 20'00000000010000000101
     19:     8 25'-0------0-------0----1---   ->     9 20'00000000010000000101
     20:     8 25'-0------1-------0--------   ->     9 20'00000000010000000101
     21:     8 25'----------------1--------   ->     9 20'00000000010000000101
     22:     8 25'-------00----1--0--------   ->    11 20'00000000010000000011
     23:     9 25'--000------1--0001------1   ->     1 20'00000000000000101000
     24:     9 25'--100------1---001----1--   ->     1 20'00000000000000101000
     25:     9 25'--0000---0-11-0001-------   ->     1 20'00000000000000101000
     26:     9 25'--000------1--1001-------   ->     1 20'00000000000000101000
     27:     9 25'--100-----11---001-------   ->     6 20'00000000000000101110
     28:     9 25'---------------01--------   ->     8 20'00000000000000101001
     29:     9 25'--100------00-0001------0   ->     9 20'00000000000000100101
     30:     9 25'--000-------0-0001------0   ->     9 20'00000000000000100101
     31:     9 25'---00------0--0001------1   ->     9 20'00000000000000100101
     32:     9 25'---------------000-------   ->     9 20'00000000000000100101
     33:     9 25'---000---0-01-0001-------   ->     9 20'00000000000000100101
     34:     9 25'---00------0--1001-------   ->     9 20'00000000000000100101
     35:     9 25'---10----------001-------   ->     9 20'00000000000000100101
     36:     9 25'---------------1---------   ->     9 20'00000000000000100101
     37:     9 25'--100-----01---001----0--   ->    10 20'00000000000000101101
     38:     9 25'--1001---0-01-0001-------   ->    10 20'00000000000000101101
     39:     9 25'--100----1-01-0001-------   ->    10 20'00000000000000101101
     40:     9 25'--0001---0--1-0001-------   ->    10 20'00000000000000101101
     41:     9 25'--000----1--1-0001-------   ->    10 20'00000000000000101101
     42:     9 25'----1----------001-------   ->    10 20'00000000000000101101
     43:    10 25'0------------------------   ->     3 20'00000100000000001100
     44:    10 25'1------------------------   ->    12 20'00000100000000001011
     45:    11 25'-------------------------   ->     4 20'10000000000000000010
     46:    12 25'-----------------------0-   ->     9 20'00000000100000000101

-------------------------------------

FSM `$fsm$\id_stage_i.csr_op_ex_o$18646' from module `cv32e40p_core':
-------------------------------------

  Information on FSM $fsm$\id_stage_i.csr_op_ex_o$18646 (\id_stage_i.csr_op_ex_o):

  Number of input signals:   11
  Number of output signals:   4
  Number of state bits:       4

  Input signals:
    0: \id_stage_i.ex_ready_i
    1: \id_stage_i.id_valid_o
    2: \id_stage_i.decoder_i.deassert_we_i
    3: \id_stage_i.controller_i.data_misaligned_i
    4: \ex_stage_i.mult_i.multicycle_o
    5: $945y
    6: $980y
    7: $procmux$12085_CMP
    8: $procmux$12357_CMP
    9: $procmux$12358_CMP
   10: $procmux$12359_CMP

  Output signals:
    0: $procmux$16956_CMP
    1: $procmux$16957_CMP
    2: $procmux$16958_CMP
    3: $procmux$16959_CMP

  State encoding:
    0:     4'---1  <RESET STATE>
    1:     4'--1-
    2:     4'-1--
    3:     4'1---

  Transition Table (state_in, ctrl_in, state_out, ctrl_out):
      0:     0 11'------00-0-   ->     0 4'0001
      1:     0 11'--11100001-   ->     0 4'0001
      2:     0 11'-1-1100001-   ->     0 4'0001
      3:     0 11'0001-00001-   ->     0 4'0001
      4:     0 11'---1-10001-   ->     0 4'0001
      5:     0 11'---0--0001-   ->     0 4'0001
      6:     0 11'------0011-   ->     0 4'0001
      7:     0 11'------10---   ->     0 4'0001
      8:     0 11'-------1---   ->     0 4'0001
      9:     0 11'-1-1000001-   ->     1 4'0001
     10:     0 11'1--1-00001-   ->     2 4'0001
     11:     0 11'--11000001-   ->     3 4'0001
     12:     1 11'------00-01   ->     0 4'0100
     13:     1 11'--11100001-   ->     0 4'0100
     14:     1 11'-1-1100001-   ->     0 4'0100
     15:     1 11'0001-00001-   ->     0 4'0100
     16:     1 11'---1-10001-   ->     0 4'0100
     17:     1 11'---0--0001-   ->     0 4'0100
     18:     1 11'------0011-   ->     0 4'0100
     19:     1 11'------00-00   ->     1 4'0100
     20:     1 11'-1-1000001-   ->     1 4'0100
     21:     1 11'------10---   ->     1 4'0100
     22:     1 11'-------1---   ->     1 4'0100
     23:     1 11'1--1-00001-   ->     2 4'0100
     24:     1 11'--11000001-   ->     3 4'0100
     25:     2 11'------00-01   ->     0 4'1000
     26:     2 11'--11100001-   ->     0 4'1000
     27:     2 11'-1-1100001-   ->     0 4'1000
     28:     2 11'0001-00001-   ->     0 4'1000
     29:     2 11'---1-10001-   ->     0 4'1000
     30:     2 11'---0--0001-   ->     0 4'1000
     31:     2 11'------0011-   ->     0 4'1000
     32:     2 11'-1-1000001-   ->     1 4'1000
     33:     2 11'------00-00   ->     2 4'1000
     34:     2 11'1--1-00001-   ->     2 4'1000
     35:     2 11'------10---   ->     2 4'1000
     36:     2 11'-------1---   ->     2 4'1000
     37:     2 11'--11000001-   ->     3 4'1000
     38:     3 11'------00-01   ->     0 4'0010
     39:     3 11'--11100001-   ->     0 4'0010
     40:     3 11'-1-1100001-   ->     0 4'0010
     41:     3 11'0001-00001-   ->     0 4'0010
     42:     3 11'---1-10001-   ->     0 4'0010
     43:     3 11'---0--0001-   ->     0 4'0010
     44:     3 11'------0011-   ->     0 4'0010
     45:     3 11'-1-1000001-   ->     1 4'0010
     46:     3 11'1--1-00001-   ->     2 4'0010
     47:     3 11'------00-00   ->     3 4'0010
     48:     3 11'--11000001-   ->     3 4'0010
     49:     3 11'------10---   ->     3 4'0010
     50:     3 11'-------1---   ->     3 4'0010

-------------------------------------

FSM `$fsm$\id_stage_i.mult_operator_ex_o$18652' from module `cv32e40p_core':
-------------------------------------

  Information on FSM $fsm$\id_stage_i.mult_operator_ex_o$18652 (\id_stage_i.mult_operator_ex_o):

  Number of input signals:    9
  Number of output signals:   5
  Number of state bits:       3

  Input signals:
    0: $auto$opt_reduce.cc:137:opt_pmux$18517
    1: \id_stage_i.id_valid_o
    2: \id_stage_i.decoder_i.mult_int_en_o
    3: \id_stage_i.controller_i.data_misaligned_i
    4: \ex_stage_i.mult_i.multicycle_o
    5: $869y
    6: $871y
    7: $procmux$13045_CMP
    8: $procmux$13760_CMP

  Output signals:
    0: \ex_stage_i.mult_i.int_is_msu
    1: $2423y
    2: $2443y
    3: $procmux$390_CMP [0]
    4: $procmux$391_CMP [0]

  State encoding:
    0:      3'--1  <RESET STATE>
    1:      3'-1-
    2:      3'1--

  Transition Table (state_in, ctrl_in, state_out, ctrl_out):
      0:     0 9'----00-0-   ->     0 5'10000
      1:     0 9'----0001-   ->     0 5'10000
      2:     0 9'11000011-   ->     0 5'10000
      3:     0 9'----10---   ->     0 5'10000
      4:     0 9'-----1---   ->     0 5'10000
      5:     0 9'010000110   ->     1 5'10000
      6:     0 9'-1100011-   ->     1 5'10000
      7:     0 9'-1-10011-   ->     1 5'10000
      8:     0 9'-0--0011-   ->     1 5'10000
      9:     0 9'-10000111   ->     2 5'10000
     10:     1 9'11000011-   ->     0 5'01000
     11:     1 9'010000110   ->     1 5'01000
     12:     1 9'----00-0-   ->     1 5'01000
     13:     1 9'----0001-   ->     1 5'01000
     14:     1 9'-1100011-   ->     1 5'01000
     15:     1 9'-1-10011-   ->     1 5'01000
     16:     1 9'-0--0011-   ->     1 5'01000
     17:     1 9'----10---   ->     1 5'01000
     18:     1 9'-----1---   ->     1 5'01000
     19:     1 9'-10000111   ->     2 5'01000
     20:     2 9'11000011-   ->     0 5'00100
     21:     2 9'010000110   ->     1 5'00100
     22:     2 9'-1100011-   ->     1 5'00100
     23:     2 9'-1-10011-   ->     1 5'00100
     24:     2 9'-0--0011-   ->     1 5'00100
     25:     2 9'-10000111   ->     2 5'00100
     26:     2 9'----00-0-   ->     2 5'00100
     27:     2 9'----0001-   ->     2 5'00100
     28:     2 9'----10---   ->     2 5'00100
     29:     2 9'-----1---   ->     2 5'00100

-------------------------------------

FSM `$fsm$\if_stage_i.aligner_i.state$18659' from module `cv32e40p_core':
-------------------------------------

  Information on FSM $fsm$\if_stage_i.aligner_i.state$18659 (\if_stage_i.aligner_i.state):

  Number of input signals:    6
  Number of output signals:   4
  Number of state bits:       4

  Input signals:
    0: \if_stage_i.branch_req
    1: \if_stage_i.branch_addr_n [1]
    2: \if_stage_i.aligner_i.update_state
    3: $214y
    4: $224y
    5: $246y

  Output signals:
    0: $procmux$17598_CMP
    1: $procmux$17624_CMP
    2: $procmux$17648_CMP
    3: $procmux$17692_CMP

  State encoding:
    0:     4'---1  <RESET STATE>
    1:     4'--1-
    2:     4'-1--
    3:     4'1---

  Transition Table (state_in, ctrl_in, state_out, ctrl_out):
      0:     0 6'--11-0   ->     0 4'1000
      1:     0 6'---101   ->     0 4'1000
      2:     0 6'---0--   ->     0 4'1000
      3:     0 6'--01-0   ->     2 4'1000
      4:     0 6'---111   ->     3 4'1000
      5:     1 6'--11-0   ->     0 4'0010
      6:     1 6'---101   ->     0 4'0010
      7:     1 6'---0--   ->     1 4'0010
      8:     1 6'--01-0   ->     2 4'0010
      9:     1 6'---111   ->     3 4'0010
     10:     2 6'---101   ->     0 4'0100
     11:     2 6'-0-1-0   ->     1 4'0100
     12:     2 6'-1-1-0   ->     2 4'0100
     13:     2 6'---0--   ->     2 4'0100
     14:     2 6'---111   ->     3 4'0100
     15:     3 6'0--1-0   ->     0 4'0001
     16:     3 6'---101   ->     0 4'0001
     17:     3 6'1--1-0   ->     2 4'0001
     18:     3 6'---111   ->     3 4'0001
     19:     3 6'---0--   ->     3 4'0001

-------------------------------------

3.8.8. Executing FSM_MAP pass (mapping FSMs to basic logic).
Mapping FSM `$fsm$\ex_stage_i.alu_i.alu_div_i.State_SP$18616' from module `\cv32e40p_core'.
Mapping FSM `$fsm$\ex_stage_i.mult_i.mulh_CS$18621' from module `\cv32e40p_core'.
Mapping FSM `$fsm$\id_stage_i.controller_i.ctrl_fsm_cs$18628' from module `\cv32e40p_core'.
Mapping FSM `$fsm$\id_stage_i.csr_op_ex_o$18646' from module `\cv32e40p_core'.
Mapping FSM `$fsm$\id_stage_i.mult_operator_ex_o$18652' from module `\cv32e40p_core'.
Mapping FSM `$fsm$\if_stage_i.aligner_i.state$18659' from module `\cv32e40p_core'.

3.9. Executing OPT pass (performing simple optimizations).

3.9.1. Executing OPT_EXPR pass (perform const folding).
Optimizing module cv32e40p_core.
<suppressed ~67 debug messages>

3.9.2. Executing OPT_MERGE pass (detect identical cells).
Finding identical cells in module `\cv32e40p_core'.
<suppressed ~462 debug messages>
Removed a total of 154 cells.

3.9.3. Executing OPT_MUXTREE pass (detect dead branches in mux trees).
Running muxtree optimizer on module \cv32e40p_core..
  Creating internal representation of mux trees.
  Evaluating internal representation of mux trees.
  Analyzing evaluation results.
Removed 0 multiplexer ports.
<suppressed ~9830 debug messages>

3.9.4. Executing OPT_REDUCE pass (consolidate $*mux and $reduce_* inputs).
  Optimizing cells in module \cv32e40p_core.
    New input vector for $reduce_or cell $procmux$390_ANY: \id_stage_i.mult_operator_ex_o [2:1]
    New input vector for $reduce_or cell $auto$opt_reduce.cc:131:opt_pmux$18598: { \id_stage_i.controller_i.ctrl_fsm_cs [12] \id_stage_i.controller_i.ctrl_fsm_cs [10:5] \id_stage_i.controller_i.ctrl_fsm_cs [3:1] }
  Optimizing cells in module \cv32e40p_core.
Performed a total of 2 changes.

3.9.5. Executing OPT_MERGE pass (detect identical cells).
Finding identical cells in module `\cv32e40p_core'.
Removed a total of 0 cells.

3.9.6. Executing OPT_DFF pass (perform DFF optimizations).
Adding EN signal on $driver$sleep_unit_i.fetch_enable_q ($adff) from module cv32e40p_core (D = 1'1, Q = \sleep_unit_i.fetch_enable_q).
Adding EN signal on $driver$load_store_unit_i.rdata_q ($adff) from module cv32e40p_core (D = $load_store_unit_i.rdata_q$2612, Q = \load_store_unit_i.rdata_q).
Adding EN signal on $driver$load_store_unit_i.rdata_offset_q ($adff) from module cv32e40p_core (D = \load_store_unit_i.data_addr_int [1:0], Q = \load_store_unit_i.rdata_offset_q).
Adding EN signal on $driver$load_store_unit_i.data_we_q ($adff) from module cv32e40p_core (D = \id_stage_i.data_we_ex_o, Q = \load_store_unit_i.data_we_q).
Adding EN signal on $driver$load_store_unit_i.data_type_q ($adff) from module cv32e40p_core (D = \id_stage_i.data_type_ex_o, Q = \load_store_unit_i.data_type_q).
Adding EN signal on $driver$load_store_unit_i.data_sign_ext_q ($adff) from module cv32e40p_core (D = \id_stage_i.data_sign_ext_ex_o, Q = \load_store_unit_i.data_sign_ext_q).
Adding EN signal on $driver$load_store_unit_i.cnt_q ($adff) from module cv32e40p_core (D = \load_store_unit_i.next_cnt, Q = \load_store_unit_i.cnt_q).
Adding EN signal on $driver$if_stage_i.prefetch_buffer_i.prefetch_controller_i.trans_addr_q ($adff) from module cv32e40p_core (D = \if_stage_i.prefetch_buffer_i.prefetch_controller_i.trans_addr_o [31:2], Q = \if_stage_i.prefetch_buffer_i.prefetch_controller_i.trans_addr_q [31:2]).
Adding EN signal on $driver$if_stage_i.prefetch_buffer_i.prefetch_controller_i.trans_addr_q ($adff) from module cv32e40p_core (D = \if_stage_i.prefetch_buffer_i.prefetch_controller_i.trans_addr_o [1:0], Q = \if_stage_i.prefetch_buffer_i.prefetch_controller_i.trans_addr_q [1:0]).
Adding EN signal on $driver$if_stage_i.prefetch_buffer_i.prefetch_controller_i.flush_cnt_q ($adff) from module cv32e40p_core (D = \if_stage_i.prefetch_buffer_i.prefetch_controller_i.next_flush_cnt, Q = \if_stage_i.prefetch_buffer_i.prefetch_controller_i.flush_cnt_q).
Adding EN signal on $driver$if_stage_i.prefetch_buffer_i.prefetch_controller_i.cnt_q ($adff) from module cv32e40p_core (D = \if_stage_i.prefetch_buffer_i.prefetch_controller_i.next_cnt, Q = \if_stage_i.prefetch_buffer_i.prefetch_controller_i.cnt_q).
Adding EN signal on $driver$if_stage_i.prefetch_buffer_i.instruction_obi_i.gen_no_trans_stable.obi_addr_q ($adff) from module cv32e40p_core (D = \instr_addr_o, Q = \if_stage_i.prefetch_buffer_i.instruction_obi_i.gen_no_trans_stable.obi_addr_q).
Adding EN signal on $driver$if_stage_i.prefetch_buffer_i.fifo_i.write_pointer_q ($adff) from module cv32e40p_core (D = $if_stage_i.prefetch_buffer_i.fifo_i.write_pointer_q$142, Q = \if_stage_i.prefetch_buffer_i.fifo_i.write_pointer_q).
Adding EN signal on $driver$if_stage_i.prefetch_buffer_i.fifo_i.status_cnt_q ($adff) from module cv32e40p_core (D = $if_stage_i.prefetch_buffer_i.fifo_i.status_cnt_q$143, Q = \if_stage_i.prefetch_buffer_i.fifo_i.status_cnt_q).
Adding EN signal on $driver$if_stage_i.prefetch_buffer_i.fifo_i.read_pointer_q ($adff) from module cv32e40p_core (D = $if_stage_i.prefetch_buffer_i.fifo_i.read_pointer_q$141, Q = \if_stage_i.prefetch_buffer_i.fifo_i.read_pointer_q).
Adding EN signal on $driver$if_stage_i.prefetch_buffer_i.fifo_i.mem_q[1] ($adff) from module cv32e40p_core (D = \if_stage_i.prefetch_buffer_i.fifo_i.mem_n [63:32], Q = \if_stage_i.prefetch_buffer_i.fifo_i.mem_q [63:32]).
Adding EN signal on $driver$if_stage_i.prefetch_buffer_i.fifo_i.mem_q[0] ($adff) from module cv32e40p_core (D = \if_stage_i.prefetch_buffer_i.fifo_i.mem_n [31:0], Q = \if_stage_i.prefetch_buffer_i.fifo_i.mem_q [31:0]).
Adding EN signal on $driver$if_stage_i.pc_id_o ($adff) from module cv32e40p_core (D = \if_stage_i.aligner_i.pc_q, Q = \if_stage_i.pc_id_o).
Adding EN signal on $driver$if_stage_i.is_fetch_failed_o ($adff) from module cv32e40p_core (D = $if_stage_i.is_fetch_failed_o$196, Q = \if_stage_i.is_fetch_failed_o).
Adding EN signal on $driver$if_stage_i.is_compressed_id_o ($adff) from module cv32e40p_core (D = \if_stage_i.compressed_decoder_i.is_compressed_o, Q = \if_stage_i.is_compressed_id_o).
Adding EN signal on $driver$if_stage_i.instr_valid_id_o ($adff) from module cv32e40p_core (D = $if_stage_i.instr_valid_id_o$191, Q = \if_stage_i.instr_valid_id_o).
Adding EN signal on $driver$if_stage_i.instr_rdata_id_o ($adff) from module cv32e40p_core (D = \if_stage_i.compressed_decoder_i.instr_o, Q = \if_stage_i.instr_rdata_id_o).
Adding EN signal on $driver$if_stage_i.illegal_c_insn_id_o ($adff) from module cv32e40p_core (D = \if_stage_i.compressed_decoder_i.illegal_instr_o, Q = \if_stage_i.illegal_c_insn_id_o).
Adding EN signal on $driver$if_stage_i.aligner_i.r_instr_h ($adff) from module cv32e40p_core (D = \if_stage_i.aligner_i.fetch_rdata_i [31:16], Q = \if_stage_i.aligner_i.r_instr_h).
Adding EN signal on $driver$if_stage_i.aligner_i.pc_q ($adff) from module cv32e40p_core (D = \if_stage_i.aligner_i.pc_n, Q = \if_stage_i.aligner_i.pc_q).
Adding EN signal on $driver$if_stage_i.aligner_i.hwlp_update_pc_q ($adff) from module cv32e40p_core (D = 1'0, Q = \if_stage_i.aligner_i.hwlp_update_pc_q).
Adding EN signal on $driver$if_stage_i.aligner_i.aligner_ready_q ($adff) from module cv32e40p_core (D = \if_stage_i.aligner_i.aligner_ready_o, Q = \if_stage_i.aligner_i.aligner_ready_q).
Adding EN signal on $driver$id_stage_i.register_file_i.mem[9] ($adff) from module cv32e40p_core (D = $id_stage_i.register_file_i.mem[319:288]$638, Q = \id_stage_i.register_file_i.mem [319:288]).
Adding EN signal on $driver$id_stage_i.register_file_i.mem[8] ($adff) from module cv32e40p_core (D = $id_stage_i.register_file_i.mem[287:256]$631, Q = \id_stage_i.register_file_i.mem [287:256]).
Adding EN signal on $driver$id_stage_i.register_file_i.mem[7] ($adff) from module cv32e40p_core (D = $id_stage_i.register_file_i.mem[255:224]$624, Q = \id_stage_i.register_file_i.mem [255:224]).
Adding EN signal on $driver$id_stage_i.register_file_i.mem[6] ($adff) from module cv32e40p_core (D = $id_stage_i.register_file_i.mem[223:192]$617, Q = \id_stage_i.register_file_i.mem [223:192]).
Adding EN signal on $driver$id_stage_i.register_file_i.mem[5] ($adff) from module cv32e40p_core (D = $id_stage_i.register_file_i.mem[191:160]$610, Q = \id_stage_i.register_file_i.mem [191:160]).
Adding EN signal on $driver$id_stage_i.register_file_i.mem[4] ($adff) from module cv32e40p_core (D = $id_stage_i.register_file_i.mem[159:128]$603, Q = \id_stage_i.register_file_i.mem [159:128]).
Adding EN signal on $driver$id_stage_i.register_file_i.mem[3] ($adff) from module cv32e40p_core (D = $id_stage_i.register_file_i.mem[127:96]$596, Q = \id_stage_i.register_file_i.mem [127:96]).
Adding EN signal on $driver$id_stage_i.register_file_i.mem[31] ($adff) from module cv32e40p_core (D = $id_stage_i.register_file_i.mem[1023:992]$792, Q = \id_stage_i.register_file_i.mem [1023:992]).
Adding EN signal on $driver$id_stage_i.register_file_i.mem[30] ($adff) from module cv32e40p_core (D = $id_stage_i.register_file_i.mem[991:960]$785, Q = \id_stage_i.register_file_i.mem [991:960]).
Adding EN signal on $driver$id_stage_i.register_file_i.mem[2] ($adff) from module cv32e40p_core (D = $id_stage_i.register_file_i.mem[95:64]$589, Q = \id_stage_i.register_file_i.mem [95:64]).
Adding EN signal on $driver$id_stage_i.register_file_i.mem[29] ($adff) from module cv32e40p_core (D = $id_stage_i.register_file_i.mem[959:928]$778, Q = \id_stage_i.register_file_i.mem [959:928]).
Adding EN signal on $driver$id_stage_i.register_file_i.mem[28] ($adff) from module cv32e40p_core (D = $id_stage_i.register_file_i.mem[927:896]$771, Q = \id_stage_i.register_file_i.mem [927:896]).
Adding EN signal on $driver$id_stage_i.register_file_i.mem[27] ($adff) from module cv32e40p_core (D = $id_stage_i.register_file_i.mem[895:864]$764, Q = \id_stage_i.register_file_i.mem [895:864]).
Adding EN signal on $driver$id_stage_i.register_file_i.mem[26] ($adff) from module cv32e40p_core (D = $id_stage_i.register_file_i.mem[863:832]$757, Q = \id_stage_i.register_file_i.mem [863:832]).
Adding EN signal on $driver$id_stage_i.register_file_i.mem[25] ($adff) from module cv32e40p_core (D = $id_stage_i.register_file_i.mem[831:800]$750, Q = \id_stage_i.register_file_i.mem [831:800]).
Adding EN signal on $driver$id_stage_i.register_file_i.mem[24] ($adff) from module cv32e40p_core (D = $id_stage_i.register_file_i.mem[799:768]$743, Q = \id_stage_i.register_file_i.mem [799:768]).
Adding EN signal on $driver$id_stage_i.register_file_i.mem[23] ($adff) from module cv32e40p_core (D = $id_stage_i.register_file_i.mem[767:736]$736, Q = \id_stage_i.register_file_i.mem [767:736]).
Adding EN signal on $driver$id_stage_i.register_file_i.mem[22] ($adff) from module cv32e40p_core (D = $id_stage_i.register_file_i.mem[735:704]$729, Q = \id_stage_i.register_file_i.mem [735:704]).
Adding EN signal on $driver$id_stage_i.register_file_i.mem[21] ($adff) from module cv32e40p_core (D = $id_stage_i.register_file_i.mem[703:672]$722, Q = \id_stage_i.register_file_i.mem [703:672]).
Adding EN signal on $driver$id_stage_i.register_file_i.mem[20] ($adff) from module cv32e40p_core (D = $id_stage_i.register_file_i.mem[671:640]$715, Q = \id_stage_i.register_file_i.mem [671:640]).
Adding EN signal on $driver$id_stage_i.register_file_i.mem[1] ($adff) from module cv32e40p_core (D = $id_stage_i.register_file_i.mem[63:32]$582, Q = \id_stage_i.register_file_i.mem [63:32]).
Adding EN signal on $driver$id_stage_i.register_file_i.mem[19] ($adff) from module cv32e40p_core (D = $id_stage_i.register_file_i.mem[639:608]$708, Q = \id_stage_i.register_file_i.mem [639:608]).
Adding EN signal on $driver$id_stage_i.register_file_i.mem[18] ($adff) from module cv32e40p_core (D = $id_stage_i.register_file_i.mem[607:576]$701, Q = \id_stage_i.register_file_i.mem [607:576]).
Adding EN signal on $driver$id_stage_i.register_file_i.mem[17] ($adff) from module cv32e40p_core (D = $id_stage_i.register_file_i.mem[575:544]$694, Q = \id_stage_i.register_file_i.mem [575:544]).
Adding EN signal on $driver$id_stage_i.register_file_i.mem[16] ($adff) from module cv32e40p_core (D = $id_stage_i.register_file_i.mem[543:512]$687, Q = \id_stage_i.register_file_i.mem [543:512]).
Adding EN signal on $driver$id_stage_i.register_file_i.mem[15] ($adff) from module cv32e40p_core (D = $id_stage_i.register_file_i.mem[511:480]$680, Q = \id_stage_i.register_file_i.mem [511:480]).
Adding EN signal on $driver$id_stage_i.register_file_i.mem[14] ($adff) from module cv32e40p_core (D = $id_stage_i.register_file_i.mem[479:448]$673, Q = \id_stage_i.register_file_i.mem [479:448]).
Adding EN signal on $driver$id_stage_i.register_file_i.mem[13] ($adff) from module cv32e40p_core (D = $id_stage_i.register_file_i.mem[447:416]$666, Q = \id_stage_i.register_file_i.mem [447:416]).
Adding EN signal on $driver$id_stage_i.register_file_i.mem[12] ($adff) from module cv32e40p_core (D = $id_stage_i.register_file_i.mem[415:384]$659, Q = \id_stage_i.register_file_i.mem [415:384]).
Adding EN signal on $driver$id_stage_i.register_file_i.mem[11] ($adff) from module cv32e40p_core (D = $id_stage_i.register_file_i.mem[383:352]$652, Q = \id_stage_i.register_file_i.mem [383:352]).
Adding EN signal on $driver$id_stage_i.register_file_i.mem[10] ($adff) from module cv32e40p_core (D = $id_stage_i.register_file_i.mem[351:320]$645, Q = \id_stage_i.register_file_i.mem [351:320]).
Adding EN signal on $driver$id_stage_i.regfile_we_ex_o ($adff) from module cv32e40p_core (D = $id_stage_i.regfile_we_ex_o$1725, Q = \id_stage_i.regfile_we_ex_o).
Adding EN signal on $driver$id_stage_i.regfile_waddr_ex_o ($adff) from module cv32e40p_core (D = { 1'0 \if_stage_i.instr_rdata_id_o [11:7] }, Q = \id_stage_i.regfile_waddr_ex_o).
Adding EN signal on $driver$id_stage_i.regfile_alu_we_ex_o ($adff) from module cv32e40p_core (D = $id_stage_i.regfile_alu_we_ex_o$1827, Q = \id_stage_i.regfile_alu_we_ex_o).
Adding EN signal on $driver$id_stage_i.regfile_alu_waddr_ex_o ($adff) from module cv32e40p_core (D = \id_stage_i.controller_i.regfile_alu_waddr_id_i, Q = \id_stage_i.regfile_alu_waddr_ex_o).
Adding EN signal on $driver$id_stage_i.prepost_useincr_ex_o ($adff) from module cv32e40p_core (D = $id_stage_i.prepost_useincr_ex_o$1863, Q = \id_stage_i.prepost_useincr_ex_o).
Adding EN signal on $driver$id_stage_i.mult_signed_mode_ex_o ($adff) from module cv32e40p_core (D = \id_stage_i.decoder_i.mult_signed_mode_o, Q = \id_stage_i.mult_signed_mode_ex_o).
Adding EN signal on $driver$id_stage_i.mult_sel_subword_ex_o ($adff) from module cv32e40p_core (D = 1'0, Q = \id_stage_i.mult_sel_subword_ex_o).
Adding EN signal on $driver$id_stage_i.mult_operand_c_ex_o ($adff) from module cv32e40p_core (D = $id_stage_i.mult_operand_c_ex_o$1786, Q = \id_stage_i.mult_operand_c_ex_o).
Adding EN signal on $driver$id_stage_i.mult_operand_b_ex_o ($adff) from module cv32e40p_core (D = \id_stage_i.alu_operand_b, Q = \id_stage_i.mult_operand_b_ex_o).
Adding EN signal on $driver$id_stage_i.mult_operand_a_ex_o ($adff) from module cv32e40p_core (D = \id_stage_i.alu_operand_a, Q = \id_stage_i.mult_operand_a_ex_o).
Adding EN signal on $driver$id_stage_i.mult_imm_ex_o ($adff) from module cv32e40p_core (D = 5'00000, Q = \id_stage_i.mult_imm_ex_o).
Adding EN signal on $driver$id_stage_i.mult_en_ex_o ($adff) from module cv32e40p_core (D = $id_stage_i.mult_en_ex_o$1737, Q = \id_stage_i.mult_en_ex_o).
Adding EN signal on $driver$id_stage_i.imm_vec_ext_ex_o ($adff) from module cv32e40p_core (D = { \if_stage_i.instr_rdata_id_o [20] \if_stage_i.instr_rdata_id_o [25] }, Q = \id_stage_i.imm_vec_ext_ex_o).
Adding EN signal on $driver$id_stage_i.data_we_ex_o ($adff) from module cv32e40p_core (D = \id_stage_i.data_we_id, Q = \id_stage_i.data_we_ex_o).
Adding EN signal on $driver$id_stage_i.data_type_ex_o ($adff) from module cv32e40p_core (D = \id_stage_i.data_type_id, Q = \id_stage_i.data_type_ex_o).
Adding EN signal on $driver$id_stage_i.data_sign_ext_ex_o ($adff) from module cv32e40p_core (D = \id_stage_i.data_sign_ext_id, Q = \id_stage_i.data_sign_ext_ex_o).
Adding EN signal on $driver$id_stage_i.data_req_ex_o ($adff) from module cv32e40p_core (D = $id_stage_i.data_req_ex_o$1756, Q = \id_stage_i.data_req_ex_o).
Adding EN signal on $driver$id_stage_i.data_reg_offset_ex_o ($adff) from module cv32e40p_core (D = 2'00, Q = \id_stage_i.data_reg_offset_ex_o).
Adding EN signal on $driver$id_stage_i.data_misaligned_ex_o ($adff) from module cv32e40p_core (D = $id_stage_i.data_misaligned_ex_o$1862, Q = \id_stage_i.data_misaligned_ex_o).
Adding EN signal on $driver$id_stage_i.csr_access_ex_o ($adff) from module cv32e40p_core (D = \id_stage_i.csr_access, Q = \id_stage_i.csr_access_ex_o).
Adding EN signal on $driver$id_stage_i.controller_i.illegal_insn_q ($adff) from module cv32e40p_core (D = \id_stage_i.controller_i.illegal_insn_n, Q = \id_stage_i.controller_i.illegal_insn_q).
Adding EN signal on $driver$id_stage_i.controller_i.debug_req_q ($adff) from module cv32e40p_core (D = $id_stage_i.controller_i.debug_req_q$1595, Q = \id_stage_i.controller_i.debug_req_q).
Adding EN signal on $driver$id_stage_i.controller_i.debug_req_entry_q ($adff) from module cv32e40p_core (D = \id_stage_i.controller_i.debug_req_entry_n, Q = \id_stage_i.controller_i.debug_req_entry_q).
Adding EN signal on $driver$id_stage_i.controller_i.debug_fsm_cs ($adff) from module cv32e40p_core (D = \id_stage_i.controller_i.debug_fsm_ns, Q = \id_stage_i.controller_i.debug_fsm_cs).
Adding EN signal on $driver$id_stage_i.controller_i.debug_force_wakeup_q ($adff) from module cv32e40p_core (D = \id_stage_i.controller_i.debug_force_wakeup_n, Q = \id_stage_i.controller_i.debug_force_wakeup_q).
Adding EN signal on $driver$id_stage_i.branch_in_ex_o ($adff) from module cv32e40p_core (D = $id_stage_i.branch_in_ex_o$1715, Q = \id_stage_i.branch_in_ex_o).
Adding EN signal on $driver$id_stage_i.bmask_b_ex_o ($adff) from module cv32e40p_core (D = 5'00000, Q = \id_stage_i.bmask_b_ex_o).
Adding EN signal on $driver$id_stage_i.bmask_a_ex_o ($adff) from module cv32e40p_core (D = 5'00000, Q = \id_stage_i.bmask_a_ex_o).
Adding EN signal on $driver$id_stage_i.apu_en_ex_o ($adff) from module cv32e40p_core (D = $id_stage_i.apu_en_ex_o$1748, Q = \id_stage_i.apu_en_ex_o).
Adding EN signal on $driver$id_stage_i.alu_vec_mode_ex_o ($adff) from module cv32e40p_core (D = 2'00, Q = \id_stage_i.alu_vec_mode_ex_o).
Adding EN signal on $driver$id_stage_i.alu_operator_ex_o ($adff) from module cv32e40p_core (D = $id_stage_i.alu_operator_ex_o$1729, Q = \id_stage_i.alu_operator_ex_o).
Adding EN signal on $driver$id_stage_i.alu_operand_c_ex_o ($adff) from module cv32e40p_core (D = \id_stage_i.alu_operand_c, Q = \id_stage_i.alu_operand_c_ex_o).
Adding EN signal on $driver$id_stage_i.alu_operand_b_ex_o ($adff) from module cv32e40p_core (D = $id_stage_i.alu_operand_b_ex_o$1818, Q = \id_stage_i.alu_operand_b_ex_o).
Adding EN signal on $driver$id_stage_i.alu_operand_a_ex_o ($adff) from module cv32e40p_core (D = $id_stage_i.alu_operand_a_ex_o$1817, Q = \id_stage_i.alu_operand_a_ex_o).
Adding EN signal on $driver$id_stage_i.alu_is_subrot_ex_o ($adff) from module cv32e40p_core (D = 1'0, Q = \id_stage_i.alu_is_subrot_ex_o).
Adding EN signal on $driver$id_stage_i.alu_is_clpx_ex_o ($adff) from module cv32e40p_core (D = 1'0, Q = \id_stage_i.alu_is_clpx_ex_o).
Adding EN signal on $driver$id_stage_i.alu_en_ex_o ($adff) from module cv32e40p_core (D = $id_stage_i.alu_en_ex_o$1728, Q = \id_stage_i.alu_en_ex_o).
Adding EN signal on $driver$id_stage_i.alu_clpx_shift_ex_o ($adff) from module cv32e40p_core (D = \if_stage_i.instr_rdata_id_o [14:13], Q = \id_stage_i.alu_clpx_shift_ex_o).
Adding EN signal on $driver$ex_stage_i.regfile_we_lsu ($adff) from module cv32e40p_core (D = $ex_stage_i.regfile_we_lsu$2521, Q = \ex_stage_i.regfile_we_lsu).
Adding EN signal on $driver$ex_stage_i.regfile_waddr_lsu ($adff) from module cv32e40p_core (D = \id_stage_i.regfile_waddr_ex_o, Q = \ex_stage_i.regfile_waddr_lsu).
Adding EN signal on $driver$ex_stage_i.mult_i.mulh_carry_q ($adff) from module cv32e40p_core (D = $ex_stage_i.mult_i.mulh_carry_q$2464, Q = \ex_stage_i.mult_i.mulh_carry_q).
Adding EN signal on $driver$ex_stage_i.alu_i.alu_div_i.ResReg_DP ($adff) from module cv32e40p_core (D = \ex_stage_i.alu_i.alu_div_i.ResReg_DN, Q = \ex_stage_i.alu_i.alu_div_i.ResReg_DP).
Adding EN signal on $driver$ex_stage_i.alu_i.alu_div_i.ResInv_SP ($adff) from module cv32e40p_core (D = $2406y, Q = \ex_stage_i.alu_i.alu_div_i.ResInv_SP).
Adding EN signal on $driver$ex_stage_i.alu_i.alu_div_i.RemSel_SP ($adff) from module cv32e40p_core (D = \id_stage_i.alu_operator_ex_o [1], Q = \ex_stage_i.alu_i.alu_div_i.RemSel_SP).
Adding EN signal on $driver$ex_stage_i.alu_i.alu_div_i.CompInv_SP ($adff) from module cv32e40p_core (D = \ex_stage_i.alu_i.alu_div_i.OpBSign_SI, Q = \ex_stage_i.alu_i.alu_div_i.CompInv_SP).
Adding EN signal on $driver$ex_stage_i.alu_i.alu_div_i.Cnt_DP ($adff) from module cv32e40p_core (D = \ex_stage_i.alu_i.alu_div_i.Cnt_DN, Q = \ex_stage_i.alu_i.alu_div_i.Cnt_DP).
Adding EN signal on $driver$ex_stage_i.alu_i.alu_div_i.BReg_DP ($adff) from module cv32e40p_core (D = \ex_stage_i.alu_i.alu_div_i.BMux_D, Q = \ex_stage_i.alu_i.alu_div_i.BReg_DP).
Adding EN signal on $driver$ex_stage_i.alu_i.alu_div_i.AReg_DP ($adff) from module cv32e40p_core (D = \ex_stage_i.alu_i.alu_div_i.AddOut_D, Q = \ex_stage_i.alu_i.alu_div_i.AReg_DP).
Adding EN signal on $driver$cs_registers_i.mtvec_mode_q ($adff) from module cv32e40p_core (D = { 1'0 \cs_registers_i.csr_wdata_int [0] }, Q = \cs_registers_i.mtvec_mode_q).
Adding EN signal on $driver$cs_registers_i.mscratch_q ($adff) from module cv32e40p_core (D = \cs_registers_i.csr_wdata_int, Q = \cs_registers_i.mscratch_q).
Adding EN signal on $driver$cs_registers_i.mie_q ($adff) from module cv32e40p_core (D = \cs_registers_i.csr_wdata_int, Q = \cs_registers_i.mie_q).
Adding EN signal on $driver$cs_registers_i.mhpmevent_q[3][15:0] ($adff) from module cv32e40p_core (D = $2871y [111:96], Q = \cs_registers_i.mhpmevent_q [111:96]).
Adding EN signal on $driver$cs_registers_i.mhpmcounter_q[3] ($adff) from module cv32e40p_core (D = $cs_registers_i.mhpmcounter_q[255:192]$3135 [31:0], Q = \cs_registers_i.mhpmcounter_q [223:192]).
Adding EN signal on $driver$cs_registers_i.mhpmcounter_q[3] ($adff) from module cv32e40p_core (D = $cs_registers_i.mhpmcounter_q[255:192]$3134 [63:32], Q = \cs_registers_i.mhpmcounter_q [255:224]).
Adding EN signal on $driver$cs_registers_i.mhpmcounter_q[2] ($adff) from module cv32e40p_core (D = $cs_registers_i.mhpmcounter_q[191:128]$3128 [31:0], Q = \cs_registers_i.mhpmcounter_q [159:128]).
Adding EN signal on $driver$cs_registers_i.mhpmcounter_q[2] ($adff) from module cv32e40p_core (D = $cs_registers_i.mhpmcounter_q[191:128]$3127 [63:32], Q = \cs_registers_i.mhpmcounter_q [191:160]).
Adding EN signal on $driver$cs_registers_i.mhpmcounter_q[0] ($adff) from module cv32e40p_core (D = $cs_registers_i.mhpmcounter_q[63:0]$3121 [31:0], Q = \cs_registers_i.mhpmcounter_q [31:0]).
Adding EN signal on $driver$cs_registers_i.mhpmcounter_q[0] ($adff) from module cv32e40p_core (D = $cs_registers_i.mhpmcounter_q[63:0]$3120 [63:32], Q = \cs_registers_i.mhpmcounter_q [63:32]).
Adding EN signal on $driver$cs_registers_i.mcountinhibit_q[3:3] ($adff) from module cv32e40p_core (D = \cs_registers_i.csr_wdata_int [3], Q = \cs_registers_i.mcountinhibit_q [3]).
Adding EN signal on $driver$cs_registers_i.mcountinhibit_q[2:2] ($adff) from module cv32e40p_core (D = \cs_registers_i.csr_wdata_int [2], Q = \cs_registers_i.mcountinhibit_q [2]).
Adding EN signal on $driver$cs_registers_i.mcountinhibit_q[0:0] ($adff) from module cv32e40p_core (D = \cs_registers_i.csr_wdata_int [0], Q = \cs_registers_i.mcountinhibit_q [0]).
Adding EN signal on $driver$cs_registers_i.gen_trigger_regs.tmatch_value_q ($adff) from module cv32e40p_core (D = \cs_registers_i.csr_wdata_int, Q = \cs_registers_i.gen_trigger_regs.tmatch_value_q).
Adding EN signal on $driver$cs_registers_i.gen_trigger_regs.tmatch_control_exec_q ($adff) from module cv32e40p_core (D = \cs_registers_i.csr_wdata_int [2], Q = \cs_registers_i.gen_trigger_regs.tmatch_control_exec_q).
Adding EN signal on $driver$cs_registers_i.dscratch1_q ($adff) from module cv32e40p_core (D = \cs_registers_i.csr_wdata_int, Q = \cs_registers_i.dscratch1_q).
Adding EN signal on $driver$cs_registers_i.dscratch0_q ($adff) from module cv32e40p_core (D = \cs_registers_i.csr_wdata_int, Q = \cs_registers_i.dscratch0_q).
Adding EN signal on $driver$cs_registers_i.dcsr_q.stoptime ($adff) from module cv32e40p_core (D = 1'0, Q = \cs_registers_i.dcsr_q [9]).
Adding EN signal on $driver$cs_registers_i.dcsr_q.stopcount ($adff) from module cv32e40p_core (D = 1'0, Q = \cs_registers_i.dcsr_q [10]).
Adding EN signal on $driver$cs_registers_i.dcsr_q.stepie ($adff) from module cv32e40p_core (D = \cs_registers_i.csr_wdata_int [11], Q = \cs_registers_i.dcsr_q [11]).
Adding EN signal on $driver$cs_registers_i.dcsr_q.step ($adff) from module cv32e40p_core (D = \cs_registers_i.csr_wdata_int [2], Q = \cs_registers_i.dcsr_q [2]).
Adding EN signal on $driver$cs_registers_i.dcsr_q.mprven ($adff) from module cv32e40p_core (D = 1'0, Q = \cs_registers_i.dcsr_q [4]).
Adding EN signal on $driver$cs_registers_i.dcsr_q.ebreaku ($adff) from module cv32e40p_core (D = 1'0, Q = \cs_registers_i.dcsr_q [12]).
Adding EN signal on $driver$cs_registers_i.dcsr_q.ebreaks ($adff) from module cv32e40p_core (D = 1'0, Q = \cs_registers_i.dcsr_q [13]).
Adding EN signal on $driver$cs_registers_i.dcsr_q.ebreakm ($adff) from module cv32e40p_core (D = \cs_registers_i.csr_wdata_int [15], Q = \cs_registers_i.dcsr_q [15]).
Adding EN signal on $driver$cs_registers_i.dcsr_q.cause ($adff) from module cv32e40p_core (D = \cs_registers_i.debug_cause_i, Q = \cs_registers_i.dcsr_q [8:6]).
Setting constant 0-bit at position 0 on $auto$ff.cc:337:slice$19981 ($adffe) from module cv32e40p_core.
Setting constant 0-bit at position 0 on $auto$ff.cc:337:slice$19976 ($adffe) from module cv32e40p_core.
Setting constant 0-bit at position 0 on $auto$ff.cc:337:slice$19971 ($adffe) from module cv32e40p_core.
Setting constant 0-bit at position 0 on $auto$ff.cc:337:slice$19956 ($adffe) from module cv32e40p_core.
Setting constant 0-bit at position 0 on $auto$ff.cc:337:slice$19951 ($adffe) from module cv32e40p_core.
Setting constant 0-bit at position 1 on $auto$ff.cc:337:slice$19878 ($adffe) from module cv32e40p_core.
Setting constant 0-bit at position 0 on $auto$ff.cc:337:slice$19835 ($adffe) from module cv32e40p_core.
Setting constant 0-bit at position 0 on $auto$ff.cc:337:slice$19828 ($adffe) from module cv32e40p_core.
Setting constant 0-bit at position 0 on $auto$ff.cc:337:slice$19779 ($adffe) from module cv32e40p_core.
Setting constant 0-bit at position 1 on $auto$ff.cc:337:slice$19779 ($adffe) from module cv32e40p_core.
Setting constant 0-bit at position 0 on $auto$ff.cc:337:slice$19763 ($adffe) from module cv32e40p_core.
Setting constant 0-bit at position 1 on $auto$ff.cc:337:slice$19763 ($adffe) from module cv32e40p_core.
Setting constant 0-bit at position 2 on $auto$ff.cc:337:slice$19763 ($adffe) from module cv32e40p_core.
Setting constant 0-bit at position 3 on $auto$ff.cc:337:slice$19763 ($adffe) from module cv32e40p_core.
Setting constant 0-bit at position 4 on $auto$ff.cc:337:slice$19763 ($adffe) from module cv32e40p_core.
Setting constant 0-bit at position 0 on $auto$ff.cc:337:slice$19756 ($adffe) from module cv32e40p_core.
Setting constant 0-bit at position 1 on $auto$ff.cc:337:slice$19756 ($adffe) from module cv32e40p_core.
Setting constant 0-bit at position 2 on $auto$ff.cc:337:slice$19756 ($adffe) from module cv32e40p_core.
Setting constant 0-bit at position 3 on $auto$ff.cc:337:slice$19756 ($adffe) from module cv32e40p_core.
Setting constant 0-bit at position 4 on $auto$ff.cc:337:slice$19756 ($adffe) from module cv32e40p_core.
Setting constant 0-bit at position 0 on $auto$ff.cc:337:slice$19673 ($adffe) from module cv32e40p_core.
Setting constant 0-bit at position 1 on $auto$ff.cc:337:slice$19673 ($adffe) from module cv32e40p_core.
Setting constant 0-bit at position 0 on $auto$ff.cc:337:slice$19620 ($adffe) from module cv32e40p_core.
Setting constant 0-bit at position 1 on $auto$ff.cc:337:slice$19620 ($adffe) from module cv32e40p_core.
Setting constant 0-bit at position 2 on $auto$ff.cc:337:slice$19620 ($adffe) from module cv32e40p_core.
Setting constant 0-bit at position 3 on $auto$ff.cc:337:slice$19620 ($adffe) from module cv32e40p_core.
Setting constant 0-bit at position 4 on $auto$ff.cc:337:slice$19620 ($adffe) from module cv32e40p_core.
Setting constant 0-bit at position 0 on $auto$ff.cc:337:slice$19590 ($adffe) from module cv32e40p_core.
Setting constant 0-bit at position 5 on $auto$ff.cc:337:slice$19551 ($adffe) from module cv32e40p_core.
Setting constant 0-bit at position 0 on $auto$ff.cc:337:slice$19447 ($adffe) from module cv32e40p_core.

3.9.7. Executing OPT_CLEAN pass (remove unused cells and wires).
Finding unused cells or wires in module \cv32e40p_core..
Removed 181 unused cells and 413 unused wires.
<suppressed ~200 debug messages>

3.9.8. Executing OPT_EXPR pass (perform const folding).
Optimizing module cv32e40p_core.
<suppressed ~116 debug messages>

3.9.9. Rerunning OPT passes. (Maybe there is more to do..)

3.9.10. Executing OPT_MUXTREE pass (detect dead branches in mux trees).
Running muxtree optimizer on module \cv32e40p_core..
  Creating internal representation of mux trees.
  Evaluating internal representation of mux trees.
  Analyzing evaluation results.
    dead port 1/3 on $pmux $procmux$594.
    dead port 2/3 on $pmux $procmux$594.
    dead port 1/3 on $pmux $procmux$630.
    dead port 2/3 on $pmux $procmux$630.
    dead port 1/3 on $pmux $procmux$658.
    dead port 2/3 on $pmux $procmux$658.
    dead port 1/5 on $pmux $procmux$677.
    dead port 2/5 on $pmux $procmux$677.
    dead port 3/5 on $pmux $procmux$677.
    dead port 4/5 on $pmux $procmux$677.
    dead port 5/5 on $pmux $procmux$677.
    dead port 1/3 on $pmux $procmux$696.
    dead port 2/3 on $pmux $procmux$696.
    dead port 1/3 on $pmux $procmux$705.
    dead port 2/3 on $pmux $procmux$705.
    dead port 1/3 on $pmux $procmux$821.
    dead port 2/3 on $pmux $procmux$821.
    dead port 1/3 on $pmux $procmux$824.
    dead port 2/3 on $pmux $procmux$824.
    dead port 1/3 on $pmux $procmux$842.
    dead port 2/3 on $pmux $procmux$842.
    dead port 1/3 on $pmux $procmux$846.
    dead port 2/3 on $pmux $procmux$846.
Removed 23 multiplexer ports.
<suppressed ~7397 debug messages>

3.9.11. Executing OPT_REDUCE pass (consolidate $*mux and $reduce_* inputs).
  Optimizing cells in module \cv32e40p_core.
    New ctrl vector for $pmux cell $procmux$17973: { $procmux$17976_CMP $procmux$17975_CMP }
    New ctrl vector for $pmux cell $procmux$473: { $procmux$489_CMP $procmux$488_CMP $procmux$487_CMP $procmux$486_CTRL $procmux$485_CTRL $procmux$484_CMP $procmux$483_CMP $1998y $procmux$481_CTRL $auto$opt_reduce.cc:137:opt_pmux$19997 $procmux$478_CTRL $procmux$477_CTRL $procmux$476_CTRL $procmux$475_CTRL $procmux$474_CTRL }
    New ctrl vector for $pmux cell $procmux$664: $procmux$481_CMP [6]
    New ctrl vector for $pmux cell $procmux$71: { $procmux$74_CMP $procmux$73_CMP }
    New ctrl vector for $pmux cell $procmux$787: { $procmux$662_CTRL $auto$opt_reduce.cc:137:opt_pmux$19999 }
    New input vector for $reduce_or cell $auto$opt_reduce.cc:131:opt_pmux$19996: { $procmux$480_CMP [3:2] $2101y $2100y $1946y }
  Optimizing cells in module \cv32e40p_core.
Performed a total of 9 changes.

3.9.12. Executing OPT_MERGE pass (detect identical cells).
Finding identical cells in module `\cv32e40p_core'.
<suppressed ~279 debug messages>
Removed a total of 93 cells.

3.9.13. Executing OPT_DFF pass (perform DFF optimizations).
Setting constant 0-bit at position 5 on $auto$ff.cc:337:slice$19861 ($adffe) from module cv32e40p_core.

3.9.14. Executing OPT_CLEAN pass (remove unused cells and wires).
Finding unused cells or wires in module \cv32e40p_core..
Removed 33 unused cells and 170 unused wires.
<suppressed ~44 debug messages>

3.9.15. Executing OPT_EXPR pass (perform const folding).
Optimizing module cv32e40p_core.
<suppressed ~4 debug messages>

3.9.16. Rerunning OPT passes. (Maybe there is more to do..)

3.9.17. Executing OPT_MUXTREE pass (detect dead branches in mux trees).
Running muxtree optimizer on module \cv32e40p_core..
  Creating internal representation of mux trees.
  Evaluating internal representation of mux trees.
  Analyzing evaluation results.
Removed 0 multiplexer ports.
<suppressed ~6839 debug messages>

3.9.18. Executing OPT_REDUCE pass (consolidate $*mux and $reduce_* inputs).
  Optimizing cells in module \cv32e40p_core.
    New ctrl vector for $pmux cell $procmux$17739: { \if_stage_i.aligner_i.state [2] $auto$opt_reduce.cc:137:opt_pmux$20002 \if_stage_i.aligner_i.state [3] }
  Optimizing cells in module \cv32e40p_core.
Performed a total of 1 changes.

3.9.19. Executing OPT_MERGE pass (detect identical cells).
Finding identical cells in module `\cv32e40p_core'.
<suppressed ~15 debug messages>
Removed a total of 5 cells.

3.9.20. Executing OPT_DFF pass (perform DFF optimizations).

3.9.21. Executing OPT_CLEAN pass (remove unused cells and wires).
Finding unused cells or wires in module \cv32e40p_core..
Removed 0 unused cells and 5 unused wires.
<suppressed ~1 debug messages>

3.9.22. Executing OPT_EXPR pass (perform const folding).
Optimizing module cv32e40p_core.

3.9.23. Rerunning OPT passes. (Maybe there is more to do..)

3.9.24. Executing OPT_MUXTREE pass (detect dead branches in mux trees).
Running muxtree optimizer on module \cv32e40p_core..
  Creating internal representation of mux trees.
  Evaluating internal representation of mux trees.
  Analyzing evaluation results.
Removed 0 multiplexer ports.
<suppressed ~6838 debug messages>

3.9.25. Executing OPT_REDUCE pass (consolidate $*mux and $reduce_* inputs).
  Optimizing cells in module \cv32e40p_core.
Performed a total of 0 changes.

3.9.26. Executing OPT_MERGE pass (detect identical cells).
Finding identical cells in module `\cv32e40p_core'.
Removed a total of 0 cells.

3.9.27. Executing OPT_DFF pass (perform DFF optimizations).

3.9.28. Executing OPT_CLEAN pass (remove unused cells and wires).
Finding unused cells or wires in module \cv32e40p_core..

3.9.29. Executing OPT_EXPR pass (perform const folding).
Optimizing module cv32e40p_core.

3.9.30. Finished fast OPT passes. (There is nothing left to do.)

3.10. Executing WREDUCE pass (reducing word size of cells).
Removed top 1 bits (of 2) from port B of cell cv32e40p_core.$auto$opt_dff.cc:248:make_patterns_logic$19790 ($ne).
Removed top 1 bits (of 2) from port B of cell cv32e40p_core.$auto$opt_dff.cc:248:make_patterns_logic$19722 ($ne).
Removed top 1 bits (of 3) from port B of cell cv32e40p_core.$auto$fsm_map.cc:77:implement_pattern_cache$19367 ($eq).
Removed top 1 bits (of 3) from port B of cell cv32e40p_core.$auto$fsm_map.cc:77:implement_pattern_cache$19358 ($eq).
Removed top 1 bits (of 3) from port B of cell cv32e40p_core.$auto$fsm_map.cc:77:implement_pattern_cache$19347 ($eq).
Removed top 3 bits (of 5) from port B of cell cv32e40p_core.$auto$fsm_map.cc:77:implement_pattern_cache$19307 ($eq).
Removed top 3 bits (of 4) from port B of cell cv32e40p_core.$auto$fsm_map.cc:77:implement_pattern_cache$19299 ($eq).
Removed top 1 bits (of 9) from port B of cell cv32e40p_core.$auto$fsm_map.cc:77:implement_pattern_cache$19293 ($eq).
Removed top 2 bits (of 4) from port B of cell cv32e40p_core.$auto$fsm_map.cc:77:implement_pattern_cache$19214 ($eq).
Removed top 4 bits (of 5) from port B of cell cv32e40p_core.$auto$fsm_map.cc:77:implement_pattern_cache$19212 ($eq).
Removed top 3 bits (of 9) from port B of cell cv32e40p_core.$auto$fsm_map.cc:77:implement_pattern_cache$19208 ($eq).
Removed top 3 bits (of 4) from port B of cell cv32e40p_core.$auto$fsm_map.cc:77:implement_pattern_cache$19198 ($eq).
Removed top 1 bits (of 2) from port B of cell cv32e40p_core.$auto$fsm_map.cc:77:implement_pattern_cache$19181 ($eq).
Removed top 3 bits (of 8) from port B of cell cv32e40p_core.$auto$fsm_map.cc:77:implement_pattern_cache$19161 ($eq).
Removed top 3 bits (of 9) from port B of cell cv32e40p_core.$auto$fsm_map.cc:77:implement_pattern_cache$19157 ($eq).
Removed top 3 bits (of 10) from port B of cell cv32e40p_core.$auto$fsm_map.cc:77:implement_pattern_cache$19153 ($eq).
Removed top 5 bits (of 11) from port B of cell cv32e40p_core.$auto$fsm_map.cc:77:implement_pattern_cache$19149 ($eq).
Removed top 2 bits (of 3) from port B of cell cv32e40p_core.$auto$fsm_map.cc:77:implement_pattern_cache$19133 ($eq).
Removed top 3 bits (of 9) from port B of cell cv32e40p_core.$auto$fsm_map.cc:77:implement_pattern_cache$19117 ($eq).
Removed top 1 bits (of 3) from port B of cell cv32e40p_core.$auto$fsm_map.cc:77:implement_pattern_cache$19096 ($eq).
Removed top 3 bits (of 7) from port B of cell cv32e40p_core.$auto$fsm_map.cc:77:implement_pattern_cache$19076 ($eq).
Removed top 5 bits (of 10) from port B of cell cv32e40p_core.$auto$fsm_map.cc:77:implement_pattern_cache$19056 ($eq).
Removed top 1 bits (of 2) from port B of cell cv32e40p_core.$auto$fsm_map.cc:77:implement_pattern_cache$19044 ($eq).
Removed top 3 bits (of 4) from port B of cell cv32e40p_core.$auto$fsm_map.cc:77:implement_pattern_cache$19036 ($eq).
Removed top 6 bits (of 8) from port B of cell cv32e40p_core.$auto$fsm_map.cc:77:implement_pattern_cache$19024 ($eq).
Removed top 7 bits (of 9) from port B of cell cv32e40p_core.$auto$fsm_map.cc:77:implement_pattern_cache$19020 ($eq).
Removed top 2 bits (of 4) from port B of cell cv32e40p_core.$auto$fsm_map.cc:77:implement_pattern_cache$19007 ($eq).
Removed top 29 bits (of 32) from port B of cell cv32e40p_core.$28 ($add).
Removed top 30 bits (of 32) from port A of cell cv32e40p_core.$35 ($gt).
Removed top 31 bits (of 32) from port B of cell cv32e40p_core.$35 ($gt).
Removed top 29 bits (of 32) from port B of cell cv32e40p_core.$39 ($add).
Removed top 30 bits (of 32) from port A of cell cv32e40p_core.$40 ($add).
Removed top 30 bits (of 32) from port B of cell cv32e40p_core.$40 ($add).
Removed top 29 bits (of 32) from port Y of cell cv32e40p_core.$40 ($add).
Removed top 29 bits (of 32) from port A of cell cv32e40p_core.$41 ($lt).
Removed top 30 bits (of 32) from port B of cell cv32e40p_core.$41 ($lt).
Removed top 1 bits (of 2) from port B of cell cv32e40p_core.$69 ($sub).
Removed top 1 bits (of 2) from port B of cell cv32e40p_core.$70 ($add).
Removed top 30 bits (of 32) from port A of cell cv32e40p_core.$74 ($gt).
Removed top 31 bits (of 32) from port B of cell cv32e40p_core.$74 ($gt).
Removed top 1 bits (of 2) from port B of cell cv32e40p_core.$80 ($sub).
Converting cell cv32e40p_core.$97 ($lt) from signed to unsigned.
Removed top 1 bits (of 2) from port A of cell cv32e40p_core.$97 ($lt).
Removed top 1 bits (of 3) from port B of cell cv32e40p_core.$97 ($lt).
Converting cell cv32e40p_core.$102 ($lt) from signed to unsigned.
Removed top 1 bits (of 2) from port A of cell cv32e40p_core.$102 ($lt).
Removed top 1 bits (of 3) from port B of cell cv32e40p_core.$102 ($lt).
Converting cell cv32e40p_core.$103 ($ge) from signed to unsigned.
Removed top 1 bits (of 2) from port A of cell cv32e40p_core.$103 ($ge).
Removed top 31 bits (of 32) from port A of cell cv32e40p_core.$110 ($add).
Removed top 31 bits (of 32) from port B of cell cv32e40p_core.$110 ($add).
Removed top 31 bits (of 32) from port Y of cell cv32e40p_core.$110 ($add).
Removed top 30 bits (of 32) from port A of cell cv32e40p_core.$112 ($add).
Removed top 31 bits (of 32) from port B of cell cv32e40p_core.$112 ($add).
Removed top 30 bits (of 32) from port Y of cell cv32e40p_core.$112 ($add).
Removed top 31 bits (of 32) from port A of cell cv32e40p_core.$120 ($add).
Removed top 31 bits (of 32) from port B of cell cv32e40p_core.$120 ($add).
Removed top 31 bits (of 32) from port Y of cell cv32e40p_core.$120 ($add).
Removed top 30 bits (of 32) from port A of cell cv32e40p_core.$122 ($sub).
Removed top 31 bits (of 32) from port B of cell cv32e40p_core.$122 ($sub).
Removed top 30 bits (of 32) from port Y of cell cv32e40p_core.$122 ($sub).
Removed top 30 bits (of 32) from port B of cell cv32e40p_core.$200 ($add).
Removed top 29 bits (of 32) from port B of cell cv32e40p_core.$201 ($add).
Removed top 3 bits (of 5) from port B of cell cv32e40p_core.$277 ($eq).
Removed top 31 bits (of 32) from port A of cell cv32e40p_core.$328 ($shl).
Removed top 31 bits (of 32) from port B of cell cv32e40p_core.$329 ($sub).
Removed top 1 bits (of 6) from mux cell cv32e40p_core.$338 ($mux).
Removed top 1 bits (of 6) from port B of cell cv32e40p_core.$369 ($eq).
Removed top 1 bits (of 6) from port B of cell cv32e40p_core.$374 ($eq).
Removed top 29 bits (of 32) from mux cell cv32e40p_core.$401 ($mux).
Converting cell cv32e40p_core.$436 ($lt) from signed to unsigned.
Removed top 1 bits (of 6) from port A of cell cv32e40p_core.$436 ($lt).
Removed top 1 bits (of 7) from port B of cell cv32e40p_core.$436 ($lt).
Converting cell cv32e40p_core.$439 ($lt) from signed to unsigned.
Removed top 1 bits (of 6) from port A of cell cv32e40p_core.$439 ($lt).
Removed top 1 bits (of 7) from port B of cell cv32e40p_core.$439 ($lt).
Removed top 4 bits (of 5) from port B of cell cv32e40p_core.$449 ($eq).
Removed top 5 bits (of 6) from port B of cell cv32e40p_core.$451 ($eq).
Removed top 3 bits (of 5) from port B of cell cv32e40p_core.$453 ($eq).
Removed top 4 bits (of 6) from port B of cell cv32e40p_core.$455 ($eq).
Removed top 3 bits (of 5) from port B of cell cv32e40p_core.$457 ($eq).
Removed top 4 bits (of 6) from port B of cell cv32e40p_core.$459 ($eq).
Removed top 2 bits (of 5) from port B of cell cv32e40p_core.$461 ($eq).
Removed top 3 bits (of 6) from port B of cell cv32e40p_core.$463 ($eq).
Removed top 2 bits (of 5) from port B of cell cv32e40p_core.$465 ($eq).
Removed top 3 bits (of 6) from port B of cell cv32e40p_core.$467 ($eq).
Removed top 2 bits (of 5) from port B of cell cv32e40p_core.$469 ($eq).
Removed top 3 bits (of 6) from port B of cell cv32e40p_core.$471 ($eq).
Removed top 2 bits (of 5) from port B of cell cv32e40p_core.$473 ($eq).
Removed top 3 bits (of 6) from port B of cell cv32e40p_core.$475 ($eq).
Removed top 1 bits (of 5) from port B of cell cv32e40p_core.$477 ($eq).
Removed top 2 bits (of 6) from port B of cell cv32e40p_core.$479 ($eq).
Removed top 1 bits (of 5) from port B of cell cv32e40p_core.$481 ($eq).
Removed top 2 bits (of 6) from port B of cell cv32e40p_core.$483 ($eq).
Removed top 1 bits (of 5) from port B of cell cv32e40p_core.$485 ($eq).
Removed top 2 bits (of 6) from port B of cell cv32e40p_core.$487 ($eq).
Removed top 1 bits (of 5) from port B of cell cv32e40p_core.$489 ($eq).
Removed top 2 bits (of 6) from port B of cell cv32e40p_core.$491 ($eq).
Removed top 1 bits (of 5) from port B of cell cv32e40p_core.$493 ($eq).
Removed top 2 bits (of 6) from port B of cell cv32e40p_core.$495 ($eq).
Removed top 1 bits (of 5) from port B of cell cv32e40p_core.$497 ($eq).
Removed top 2 bits (of 6) from port B of cell cv32e40p_core.$499 ($eq).
Removed top 1 bits (of 5) from port B of cell cv32e40p_core.$501 ($eq).
Removed top 2 bits (of 6) from port B of cell cv32e40p_core.$503 ($eq).
Removed top 1 bits (of 5) from port B of cell cv32e40p_core.$505 ($eq).
Removed top 2 bits (of 6) from port B of cell cv32e40p_core.$507 ($eq).
Removed top 1 bits (of 6) from port B of cell cv32e40p_core.$511 ($eq).
Removed top 1 bits (of 6) from port B of cell cv32e40p_core.$515 ($eq).
Removed top 1 bits (of 6) from port B of cell cv32e40p_core.$519 ($eq).
Removed top 1 bits (of 6) from port B of cell cv32e40p_core.$523 ($eq).
Removed top 1 bits (of 6) from port B of cell cv32e40p_core.$527 ($eq).
Removed top 1 bits (of 6) from port B of cell cv32e40p_core.$531 ($eq).
Removed top 1 bits (of 6) from port B of cell cv32e40p_core.$535 ($eq).
Removed top 1 bits (of 6) from port B of cell cv32e40p_core.$539 ($eq).
Removed top 1 bits (of 6) from port B of cell cv32e40p_core.$543 ($eq).
Removed top 1 bits (of 6) from port B of cell cv32e40p_core.$547 ($eq).
Removed top 1 bits (of 6) from port B of cell cv32e40p_core.$551 ($eq).
Removed top 1 bits (of 6) from port B of cell cv32e40p_core.$555 ($eq).
Removed top 1 bits (of 6) from port B of cell cv32e40p_core.$559 ($eq).
Removed top 1 bits (of 6) from port B of cell cv32e40p_core.$563 ($eq).
Removed top 1 bits (of 6) from port B of cell cv32e40p_core.$567 ($eq).
Removed top 1 bits (of 6) from port B of cell cv32e40p_core.$571 ($eq).
Removed top 1 bits (of 7) from port B of cell cv32e40p_core.$802 ($eq).
Removed top 1 bits (of 7) from port B of cell cv32e40p_core.$804 ($eq).
Removed top 5 bits (of 7) from port B of cell cv32e40p_core.$830 ($eq).
Removed top 3 bits (of 7) from port B of cell cv32e40p_core.$832 ($eq).
Removed top 1 bits (of 3) from port B of cell cv32e40p_core.$844 ($eq).
Removed top 1 bits (of 7) from port B of cell cv32e40p_core.$862 ($eq).
Removed top 1 bits (of 2) from port B of cell cv32e40p_core.$1082 ($eq).
Removed top 1 bits (of 3) from mux cell cv32e40p_core.$1369 ($mux).
Removed top 3 bits (of 4) from mux cell cv32e40p_core.$1438 ($mux).
Removed top 2 bits (of 4) from mux cell cv32e40p_core.$1439 ($mux).
Removed top 1 bits (of 6) from port A of cell cv32e40p_core.$1525 ($eq).
Removed top 1 bits (of 6) from port B of cell cv32e40p_core.$1525 ($eq).
Removed top 1 bits (of 4) from port B of cell cv32e40p_core.$1600 ($eq).
Removed top 1 bits (of 2) from port B of cell cv32e40p_core.$1878 ($eq).
Removed top 2 bits (of 7) from port B of cell cv32e40p_core.$1938 ($eq).
Removed top 2 bits (of 7) from port B of cell cv32e40p_core.$1939 ($eq).
Removed top 2 bits (of 7) from port B of cell cv32e40p_core.$1941 ($eq).
Removed top 2 bits (of 7) from port B of cell cv32e40p_core.$1943 ($eq).
Removed top 2 bits (of 7) from port B of cell cv32e40p_core.$1946 ($eq).
Removed top 2 bits (of 7) from port B of cell cv32e40p_core.$1954 ($eq).
Converting cell cv32e40p_core.$1970 ($add) from unsigned to signed.
Removed top 1 bits (of 37) from port A of cell cv32e40p_core.$1970 ($add).
Removed top 1 bits (of 37) from port B of cell cv32e40p_core.$1970 ($add).
Removed top 2 bits (of 7) from port B of cell cv32e40p_core.$1971 ($eq).
Removed top 2 bits (of 7) from port B of cell cv32e40p_core.$1974 ($eq).
Removed top 1 bits (of 7) from port B of cell cv32e40p_core.$1983 ($eq).
Removed top 1 bits (of 7) from port B of cell cv32e40p_core.$1984 ($eq).
Removed top 1 bits (of 7) from port B of cell cv32e40p_core.$1986 ($eq).
Removed top 1 bits (of 7) from port B of cell cv32e40p_core.$1988 ($eq).
Removed top 1 bits (of 7) from port B of cell cv32e40p_core.$1990 ($eq).
Removed top 1 bits (of 7) from port B of cell cv32e40p_core.$1992 ($eq).
Removed top 1 bits (of 7) from port B of cell cv32e40p_core.$1994 ($eq).
Removed top 1 bits (of 7) from port B of cell cv32e40p_core.$1996 ($eq).
Removed top 2 bits (of 7) from port B of cell cv32e40p_core.$2000 ($eq).
Removed top 2 bits (of 7) from port B of cell cv32e40p_core.$2007 ($eq).
Removed top 1 bits (of 7) from port B of cell cv32e40p_core.$2015 ($eq).
Removed top 1 bits (of 7) from port B of cell cv32e40p_core.$2016 ($eq).
Removed top 27 bits (of 32) from mux cell cv32e40p_core.$2029 ($mux).
Removed top 1 bits (of 7) from port B of cell cv32e40p_core.$2031 ($eq).
Removed top 32 bits (of 64) from port Y of cell cv32e40p_core.$2047 ($shr).
Removed top 2 bits (of 7) from port B of cell cv32e40p_core.$2051 ($eq).
Removed top 2 bits (of 7) from port B of cell cv32e40p_core.$2100 ($eq).
Removed top 2 bits (of 7) from port B of cell cv32e40p_core.$2101 ($eq).
Removed top 1 bits (of 7) from port B of cell cv32e40p_core.$2124 ($eq).
Removed top 1 bits (of 2) from port A of cell cv32e40p_core.$2194 ($add).
Removed top 1 bits (of 2) from port B of cell cv32e40p_core.$2194 ($add).
Removed top 1 bits (of 2) from port A of cell cv32e40p_core.$2195 ($add).
Removed top 1 bits (of 2) from port B of cell cv32e40p_core.$2195 ($add).
Removed top 1 bits (of 2) from port A of cell cv32e40p_core.$2196 ($add).
Removed top 1 bits (of 2) from port B of cell cv32e40p_core.$2196 ($add).
Removed top 1 bits (of 2) from port A of cell cv32e40p_core.$2197 ($add).
Removed top 1 bits (of 2) from port B of cell cv32e40p_core.$2197 ($add).
Removed top 1 bits (of 2) from port A of cell cv32e40p_core.$2198 ($add).
Removed top 1 bits (of 2) from port B of cell cv32e40p_core.$2198 ($add).
Removed top 1 bits (of 2) from port A of cell cv32e40p_core.$2199 ($add).
Removed top 1 bits (of 2) from port B of cell cv32e40p_core.$2199 ($add).
Removed top 1 bits (of 2) from port A of cell cv32e40p_core.$2200 ($add).
Removed top 1 bits (of 2) from port B of cell cv32e40p_core.$2200 ($add).
Removed top 1 bits (of 2) from port A of cell cv32e40p_core.$2201 ($add).
Removed top 1 bits (of 2) from port B of cell cv32e40p_core.$2201 ($add).
Removed top 1 bits (of 2) from port A of cell cv32e40p_core.$2202 ($add).
Removed top 1 bits (of 2) from port B of cell cv32e40p_core.$2202 ($add).
Removed top 1 bits (of 2) from port A of cell cv32e40p_core.$2203 ($add).
Removed top 1 bits (of 2) from port B of cell cv32e40p_core.$2203 ($add).
Removed top 1 bits (of 2) from port A of cell cv32e40p_core.$2204 ($add).
Removed top 1 bits (of 2) from port B of cell cv32e40p_core.$2204 ($add).
Removed top 1 bits (of 2) from port A of cell cv32e40p_core.$2205 ($add).
Removed top 1 bits (of 2) from port B of cell cv32e40p_core.$2205 ($add).
Removed top 1 bits (of 2) from port A of cell cv32e40p_core.$2206 ($add).
Removed top 1 bits (of 2) from port B of cell cv32e40p_core.$2206 ($add).
Removed top 1 bits (of 2) from port A of cell cv32e40p_core.$2207 ($add).
Removed top 1 bits (of 2) from port B of cell cv32e40p_core.$2207 ($add).
Removed top 1 bits (of 2) from port A of cell cv32e40p_core.$2208 ($add).
Removed top 1 bits (of 2) from port B of cell cv32e40p_core.$2208 ($add).
Removed top 1 bits (of 2) from port A of cell cv32e40p_core.$2209 ($add).
Removed top 1 bits (of 2) from port B of cell cv32e40p_core.$2209 ($add).
Removed top 1 bits (of 3) from port A of cell cv32e40p_core.$2210 ($add).
Removed top 1 bits (of 3) from port B of cell cv32e40p_core.$2210 ($add).
Removed top 1 bits (of 3) from port A of cell cv32e40p_core.$2211 ($add).
Removed top 1 bits (of 3) from port B of cell cv32e40p_core.$2211 ($add).
Removed top 1 bits (of 3) from port A of cell cv32e40p_core.$2212 ($add).
Removed top 1 bits (of 3) from port B of cell cv32e40p_core.$2212 ($add).
Removed top 1 bits (of 3) from port A of cell cv32e40p_core.$2213 ($add).
Removed top 1 bits (of 3) from port B of cell cv32e40p_core.$2213 ($add).
Removed top 1 bits (of 3) from port A of cell cv32e40p_core.$2214 ($add).
Removed top 1 bits (of 3) from port B of cell cv32e40p_core.$2214 ($add).
Removed top 1 bits (of 3) from port A of cell cv32e40p_core.$2215 ($add).
Removed top 1 bits (of 3) from port B of cell cv32e40p_core.$2215 ($add).
Removed top 1 bits (of 3) from port A of cell cv32e40p_core.$2216 ($add).
Removed top 1 bits (of 3) from port B of cell cv32e40p_core.$2216 ($add).
Removed top 1 bits (of 3) from port A of cell cv32e40p_core.$2217 ($add).
Removed top 1 bits (of 3) from port B of cell cv32e40p_core.$2217 ($add).
Removed top 1 bits (of 4) from port A of cell cv32e40p_core.$2218 ($add).
Removed top 1 bits (of 4) from port B of cell cv32e40p_core.$2218 ($add).
Removed top 1 bits (of 4) from port A of cell cv32e40p_core.$2219 ($add).
Removed top 1 bits (of 4) from port B of cell cv32e40p_core.$2219 ($add).
Removed top 1 bits (of 4) from port A of cell cv32e40p_core.$2220 ($add).
Removed top 1 bits (of 4) from port B of cell cv32e40p_core.$2220 ($add).
Removed top 1 bits (of 4) from port A of cell cv32e40p_core.$2221 ($add).
Removed top 1 bits (of 4) from port B of cell cv32e40p_core.$2221 ($add).
Removed top 1 bits (of 5) from port A of cell cv32e40p_core.$2222 ($add).
Removed top 1 bits (of 5) from port B of cell cv32e40p_core.$2222 ($add).
Removed top 1 bits (of 5) from port A of cell cv32e40p_core.$2223 ($add).
Removed top 1 bits (of 5) from port B of cell cv32e40p_core.$2223 ($add).
Removed top 1 bits (of 6) from port A of cell cv32e40p_core.$2224 ($add).
Removed top 1 bits (of 6) from port B of cell cv32e40p_core.$2224 ($add).
Removed top 4 bits (of 5) from mux cell cv32e40p_core.$2275 ($mux).
Removed top 4 bits (of 5) from mux cell cv32e40p_core.$2278 ($mux).
Removed top 4 bits (of 5) from mux cell cv32e40p_core.$2281 ($mux).
Removed top 4 bits (of 5) from mux cell cv32e40p_core.$2284 ($mux).
Removed top 4 bits (of 5) from mux cell cv32e40p_core.$2287 ($mux).
Removed top 4 bits (of 5) from mux cell cv32e40p_core.$2290 ($mux).
Removed top 4 bits (of 5) from mux cell cv32e40p_core.$2293 ($mux).
Removed top 4 bits (of 5) from mux cell cv32e40p_core.$2296 ($mux).
Removed top 4 bits (of 5) from mux cell cv32e40p_core.$2299 ($mux).
Removed top 4 bits (of 5) from mux cell cv32e40p_core.$2302 ($mux).
Removed top 4 bits (of 5) from mux cell cv32e40p_core.$2305 ($mux).
Removed top 4 bits (of 5) from mux cell cv32e40p_core.$2308 ($mux).
Removed top 4 bits (of 5) from mux cell cv32e40p_core.$2311 ($mux).
Removed top 4 bits (of 5) from mux cell cv32e40p_core.$2314 ($mux).
Removed top 4 bits (of 5) from mux cell cv32e40p_core.$2317 ($mux).
Removed top 4 bits (of 5) from mux cell cv32e40p_core.$2320 ($mux).
Removed top 1 bits (of 6) from port A of cell cv32e40p_core.$2323 ($sub).
Removed top 5 bits (of 6) from port B of cell cv32e40p_core.$2323 ($sub).
Removed top 31 bits (of 32) from port A of cell cv32e40p_core.$2343 ($or).
Removed top 5 bits (of 6) from mux cell cv32e40p_core.$2350 ($mux).
Removed top 5 bits (of 6) from port B of cell cv32e40p_core.$2351 ($add).
Removed top 26 bits (of 32) from port A of cell cv32e40p_core.$2381 ($sub).
Removed top 31 bits (of 32) from port B of cell cv32e40p_core.$2381 ($sub).
Removed top 25 bits (of 32) from port Y of cell cv32e40p_core.$2381 ($sub).
Removed top 26 bits (of 32) from mux cell cv32e40p_core.$2383 ($mux).
Converting cell cv32e40p_core.$2430 ($mul) from unsigned to signed.
Removed top 17 bits (of 34) from port A of cell cv32e40p_core.$2430 ($mul).
Removed top 17 bits (of 34) from port B of cell cv32e40p_core.$2430 ($mul).
Removed top 1 bits (of 34) from port A of cell cv32e40p_core.$2431 ($add).
Removed top 2 bits (of 34) from port Y of cell cv32e40p_core.$2435 ($sshr).
Removed top 30 bits (of 32) from mux cell cv32e40p_core.$2635 ($mux).
Removed top 30 bits (of 32) from port A of cell cv32e40p_core.$2636 ($lt).
Removed top 30 bits (of 32) from port B of cell cv32e40p_core.$2636 ($lt).
Removed top 1 bits (of 2) from port B of cell cv32e40p_core.$2643 ($eq).
Removed top 1 bits (of 2) from port B of cell cv32e40p_core.$2652 ($sub).
Removed top 1 bits (of 2) from port B of cell cv32e40p_core.$2653 ($add).
Removed top 2 bits (of 12) from port B of cell cv32e40p_core.$2664 ($eq).
Converting cell cv32e40p_core.$2669 ($lt) from signed to unsigned.
Removed top 1 bits (of 6) from port A of cell cv32e40p_core.$2669 ($lt).
Removed top 1 bits (of 7) from port B of cell cv32e40p_core.$2669 ($lt).
Removed top 1 bits (of 12) from port B of cell cv32e40p_core.$2757 ($eq).
Removed top 1 bits (of 12) from port B of cell cv32e40p_core.$2760 ($eq).
Removed top 2 bits (of 12) from port B of cell cv32e40p_core.$2771 ($eq).
Removed top 2 bits (of 12) from port B of cell cv32e40p_core.$2773 ($eq).
Removed top 2 bits (of 12) from port B of cell cv32e40p_core.$2774 ($eq).
Removed top 2 bits (of 12) from port B of cell cv32e40p_core.$2776 ($eq).
Removed top 2 bits (of 12) from port B of cell cv32e40p_core.$2778 ($eq).
Removed top 2 bits (of 12) from port B of cell cv32e40p_core.$2780 ($eq).
Removed top 2 bits (of 12) from port B of cell cv32e40p_core.$2782 ($eq).
Removed top 2 bits (of 12) from port B of cell cv32e40p_core.$2784 ($eq).
Removed top 2 bits (of 12) from port B of cell cv32e40p_core.$2786 ($eq).
Removed top 2 bits (of 12) from port B of cell cv32e40p_core.$2788 ($eq).
Removed top 2 bits (of 12) from port B of cell cv32e40p_core.$2790 ($eq).
Removed top 2 bits (of 12) from port B of cell cv32e40p_core.$2792 ($eq).
Removed top 2 bits (of 12) from port B of cell cv32e40p_core.$2794 ($eq).
Removed top 2 bits (of 12) from port B of cell cv32e40p_core.$2796 ($eq).
Removed top 2 bits (of 12) from port B of cell cv32e40p_core.$2798 ($eq).
Removed top 2 bits (of 12) from port B of cell cv32e40p_core.$2800 ($eq).
Removed top 2 bits (of 12) from port B of cell cv32e40p_core.$2802 ($eq).
Removed top 2 bits (of 12) from port B of cell cv32e40p_core.$2804 ($eq).
Removed top 2 bits (of 12) from port B of cell cv32e40p_core.$2806 ($eq).
Removed top 2 bits (of 12) from port B of cell cv32e40p_core.$2808 ($eq).
Removed top 2 bits (of 12) from port B of cell cv32e40p_core.$2810 ($eq).
Removed top 2 bits (of 12) from port B of cell cv32e40p_core.$2812 ($eq).
Removed top 2 bits (of 12) from port B of cell cv32e40p_core.$2814 ($eq).
Removed top 2 bits (of 12) from port B of cell cv32e40p_core.$2816 ($eq).
Removed top 2 bits (of 12) from port B of cell cv32e40p_core.$2818 ($eq).
Removed top 2 bits (of 12) from port B of cell cv32e40p_core.$2820 ($eq).
Removed top 2 bits (of 12) from port B of cell cv32e40p_core.$2822 ($eq).
Removed top 2 bits (of 12) from port B of cell cv32e40p_core.$2824 ($eq).
Removed top 2 bits (of 12) from port B of cell cv32e40p_core.$2826 ($eq).
Removed top 2 bits (of 12) from port B of cell cv32e40p_core.$2828 ($eq).
Removed top 63 bits (of 64) from port B of cell cv32e40p_core.$2831 ($add).
Removed top 63 bits (of 64) from port B of cell cv32e40p_core.$2833 ($add).
Removed top 63 bits (of 64) from port B of cell cv32e40p_core.$2834 ($add).
Converting cell cv32e40p_core.$2866 ($ge) from signed to unsigned.
Removed top 1 bits (of 6) from port A of cell cv32e40p_core.$2866 ($ge).
Removed top 5 bits (of 16) from port A of cell cv32e40p_core.$2917 ($and).
Removed top 1 bits (of 12) from port B of cell cv32e40p_core.$procmux$15_CMP0 ($eq).
Removed top 1 bits (of 12) from port B of cell cv32e40p_core.$procmux$16_CMP0 ($eq).
Removed top 1 bits (of 12) from port B of cell cv32e40p_core.$procmux$17_CMP0 ($eq).
Removed top 1 bits (of 12) from port B of cell cv32e40p_core.$procmux$19_CMP0 ($eq).
Removed top 2 bits (of 12) from port B of cell cv32e40p_core.$procmux$25_CMP0 ($eq).
Removed top 2 bits (of 12) from port B of cell cv32e40p_core.$procmux$31_CMP0 ($eq).
Removed top 1 bits (of 2) from port B of cell cv32e40p_core.$procmux$74_CMP0 ($eq).
Removed top 1 bits (of 2) from port B of cell cv32e40p_core.$procmux$109_CMP0 ($eq).
Removed top 1 bits (of 2) from port B of cell cv32e40p_core.$procmux$150_CMP0 ($eq).
Removed top 1 bits (of 2) from port B of cell cv32e40p_core.$procmux$283_CMP0 ($eq).
Removed top 1 bits (of 2) from port B of cell cv32e40p_core.$procmux$298_CMP0 ($eq).
Removed top 1 bits (of 7) from port B of cell cv32e40p_core.$procmux$475_CMP0 ($eq).
Removed top 1 bits (of 7) from port B of cell cv32e40p_core.$procmux$475_CMP3 ($eq).
Removed top 5 bits (of 7) from port B of cell cv32e40p_core.$procmux$476_CMP0 ($eq).
Removed top 5 bits (of 7) from port B of cell cv32e40p_core.$procmux$476_CMP1 ($eq).
Removed top 4 bits (of 7) from port B of cell cv32e40p_core.$procmux$476_CMP2 ($eq).
Removed top 4 bits (of 7) from port B of cell cv32e40p_core.$procmux$476_CMP3 ($eq).
Removed top 3 bits (of 7) from port B of cell cv32e40p_core.$procmux$477_CMP0 ($eq).
Removed top 3 bits (of 7) from port B of cell cv32e40p_core.$procmux$477_CMP1 ($eq).
Removed top 3 bits (of 7) from port B of cell cv32e40p_core.$procmux$477_CMP2 ($eq).
Removed top 3 bits (of 7) from port B of cell cv32e40p_core.$procmux$477_CMP3 ($eq).
Removed top 6 bits (of 7) from port B of cell cv32e40p_core.$procmux$477_CMP4 ($eq).
Removed top 4 bits (of 7) from port B of cell cv32e40p_core.$procmux$477_CMP5 ($eq).
Removed top 3 bits (of 7) from port B of cell cv32e40p_core.$procmux$477_CMP6 ($eq).
Removed top 3 bits (of 7) from port B of cell cv32e40p_core.$procmux$477_CMP7 ($eq).
Removed top 4 bits (of 7) from port B of cell cv32e40p_core.$procmux$477_CMP9 ($eq).
Removed top 2 bits (of 7) from port B of cell cv32e40p_core.$procmux$480_CMP2 ($eq).
Removed top 2 bits (of 7) from port B of cell cv32e40p_core.$procmux$480_CMP3 ($eq).
Removed top 1 bits (of 7) from port B of cell cv32e40p_core.$procmux$481_CMP0 ($eq).
Removed top 1 bits (of 7) from port B of cell cv32e40p_core.$procmux$481_CMP1 ($eq).
Removed top 1 bits (of 7) from port B of cell cv32e40p_core.$procmux$481_CMP2 ($eq).
Removed top 1 bits (of 7) from port B of cell cv32e40p_core.$procmux$481_CMP3 ($eq).
Removed top 1 bits (of 7) from port B of cell cv32e40p_core.$procmux$481_CMP4 ($eq).
Removed top 1 bits (of 7) from port B of cell cv32e40p_core.$procmux$481_CMP6 ($eq).
Removed top 1 bits (of 7) from port B of cell cv32e40p_core.$procmux$483_CMP0 ($eq).
Removed top 1 bits (of 7) from port B of cell cv32e40p_core.$procmux$484_CMP0 ($eq).
Removed top 1 bits (of 7) from port B of cell cv32e40p_core.$procmux$485_CMP2 ($eq).
Removed top 1 bits (of 7) from port B of cell cv32e40p_core.$procmux$486_CMP9 ($eq).
Removed top 1 bits (of 7) from port B of cell cv32e40p_core.$procmux$487_CMP0 ($eq).
Removed top 1 bits (of 7) from port B of cell cv32e40p_core.$procmux$488_CMP0 ($eq).
Removed top 2 bits (of 7) from port B of cell cv32e40p_core.$procmux$489_CMP0 ($eq).
Removed top 1 bits (of 6) from mux cell cv32e40p_core.$procmux$605 ($mux).
Removed top 3 bits (of 5) from mux cell cv32e40p_core.$procmux$2742 ($mux).
Removed top 2 bits (of 5) from mux cell cv32e40p_core.$procmux$2839 ($mux).
Removed top 1 bits (of 5) from mux cell cv32e40p_core.$procmux$2933 ($mux).
Removed top 1 bits (of 5) from mux cell cv32e40p_core.$procmux$3024 ($mux).
Removed top 1 bits (of 5) from mux cell cv32e40p_core.$procmux$3112 ($mux).
Removed top 1 bits (of 5) from mux cell cv32e40p_core.$procmux$3197 ($mux).
Removed top 1 bits (of 5) from mux cell cv32e40p_core.$procmux$3279 ($mux).
Removed top 1 bits (of 5) from mux cell cv32e40p_core.$procmux$3358 ($mux).
Removed top 1 bits (of 5) from mux cell cv32e40p_core.$procmux$3434 ($mux).
Removed top 1 bits (of 5) from mux cell cv32e40p_core.$procmux$3507 ($mux).
Removed top 1 bits (of 5) from mux cell cv32e40p_core.$procmux$3577 ($mux).
Removed top 1 bits (of 5) from mux cell cv32e40p_core.$procmux$3644 ($mux).
Removed top 1 bits (of 5) from mux cell cv32e40p_core.$procmux$3708 ($mux).
Removed top 1 bits (of 5) from mux cell cv32e40p_core.$procmux$3769 ($mux).
Removed top 1 bits (of 5) from mux cell cv32e40p_core.$procmux$3827 ($mux).
Removed top 1 bits (of 5) from mux cell cv32e40p_core.$procmux$3882 ($mux).
Removed top 1 bits (of 3) from port B of cell cv32e40p_core.$procmux$4371_CMP0 ($eq).
Removed top 2 bits (of 3) from port B of cell cv32e40p_core.$procmux$4379_CMP0 ($eq).
Removed top 1 bits (of 2) from mux cell cv32e40p_core.$procmux$4412 ($mux).
Removed top 1 bits (of 2) from mux cell cv32e40p_core.$procmux$4420 ($mux).
Removed top 1 bits (of 3) from mux cell cv32e40p_core.$procmux$4557 ($mux).
Removed top 1 bits (of 3) from mux cell cv32e40p_core.$procmux$4574 ($mux).
Removed top 1 bits (of 3) from mux cell cv32e40p_core.$procmux$4588 ($mux).
Removed top 1 bits (of 3) from mux cell cv32e40p_core.$procmux$4622 ($mux).
Removed top 2 bits (of 4) from mux cell cv32e40p_core.$procmux$4630 ($mux).
Removed top 1 bits (of 3) from mux cell cv32e40p_core.$procmux$4669 ($mux).
Removed top 1 bits (of 4) from mux cell cv32e40p_core.$procmux$4680 ($pmux).
Removed top 1 bits (of 3) from mux cell cv32e40p_core.$procmux$5138 ($pmux).
Removed top 1 bits (of 4) from mux cell cv32e40p_core.$procmux$5160 ($pmux).
Removed top 1 bits (of 3) from mux cell cv32e40p_core.$procmux$5252 ($mux).
Removed top 1 bits (of 4) from mux cell cv32e40p_core.$procmux$5271 ($mux).
Removed top 1 bits (of 3) from mux cell cv32e40p_core.$procmux$5450 ($mux).
Removed top 1 bits (of 4) from mux cell cv32e40p_core.$procmux$5465 ($mux).
Removed top 4 bits (of 5) from mux cell cv32e40p_core.$procmux$5584 ($mux).
Removed top 2 bits (of 6) from mux cell cv32e40p_core.$procmux$5783 ($pmux).
Removed top 2 bits (of 6) from mux cell cv32e40p_core.$procmux$5850 ($mux).
Removed top 2 bits (of 6) from mux cell cv32e40p_core.$procmux$5923 ($mux).
Removed top 2 bits (of 4) from mux cell cv32e40p_core.$procmux$7580 ($mux).
Removed top 2 bits (of 4) from mux cell cv32e40p_core.$procmux$7881 ($mux).
Removed top 1 bits (of 4) from mux cell cv32e40p_core.$procmux$8018 ($mux).
Removed top 1 bits (of 4) from mux cell cv32e40p_core.$procmux$9119 ($mux).
Removed top 1 bits (of 4) from mux cell cv32e40p_core.$procmux$9700 ($mux).
Removed top 1 bits (of 4) from mux cell cv32e40p_core.$procmux$10237 ($mux).
Removed top 1 bits (of 4) from mux cell cv32e40p_core.$procmux$10804 ($mux).
Removed top 1 bits (of 4) from mux cell cv32e40p_core.$procmux$11434 ($mux).
Removed top 1 bits (of 3) from mux cell cv32e40p_core.$procmux$11947 ($pmux).
Removed top 1 bits (of 4) from mux cell cv32e40p_core.$procmux$11962 ($pmux).
Removed top 1 bits (of 12) from port B of cell cv32e40p_core.$procmux$12156_CMP0 ($eq).
Removed top 1 bits (of 12) from port B of cell cv32e40p_core.$procmux$12156_CMP1 ($eq).
Removed top 1 bits (of 12) from port B of cell cv32e40p_core.$procmux$12156_CMP2 ($eq).
Removed top 1 bits (of 12) from port B of cell cv32e40p_core.$procmux$12156_CMP3 ($eq).
Removed top 11 bits (of 12) from port B of cell cv32e40p_core.$procmux$12291_CMP0 ($eq).
Removed top 10 bits (of 12) from port B of cell cv32e40p_core.$procmux$12291_CMP1 ($eq).
Removed top 1 bits (of 12) from port B of cell cv32e40p_core.$procmux$12306_CMP0 ($eq).
Removed top 1 bits (of 12) from port B of cell cv32e40p_core.$procmux$12306_CMP1 ($eq).
Removed top 1 bits (of 12) from port B of cell cv32e40p_core.$procmux$12306_CMP2 ($eq).
Removed top 1 bits (of 12) from port B of cell cv32e40p_core.$procmux$12306_CMP3 ($eq).
Removed top 1 bits (of 12) from port B of cell cv32e40p_core.$procmux$12306_CMP4 ($eq).
Removed top 1 bits (of 12) from port B of cell cv32e40p_core.$procmux$12306_CMP5 ($eq).
Removed top 1 bits (of 12) from port B of cell cv32e40p_core.$procmux$12306_CMP6 ($eq).
Removed top 2 bits (of 12) from port B of cell cv32e40p_core.$procmux$12312_CMP62 ($eq).
Removed top 2 bits (of 12) from port B of cell cv32e40p_core.$procmux$12312_CMP63 ($eq).
Removed top 2 bits (of 12) from port B of cell cv32e40p_core.$procmux$12312_CMP64 ($eq).
Removed top 2 bits (of 12) from port B of cell cv32e40p_core.$procmux$12312_CMP65 ($eq).
Removed top 2 bits (of 12) from port B of cell cv32e40p_core.$procmux$12312_CMP66 ($eq).
Removed top 2 bits (of 12) from port B of cell cv32e40p_core.$procmux$12312_CMP67 ($eq).
Removed top 2 bits (of 12) from port B of cell cv32e40p_core.$procmux$12312_CMP68 ($eq).
Removed top 2 bits (of 12) from port B of cell cv32e40p_core.$procmux$12312_CMP69 ($eq).
Removed top 2 bits (of 12) from port B of cell cv32e40p_core.$procmux$12312_CMP70 ($eq).
Removed top 2 bits (of 12) from port B of cell cv32e40p_core.$procmux$12312_CMP71 ($eq).
Removed top 2 bits (of 12) from port B of cell cv32e40p_core.$procmux$12312_CMP72 ($eq).
Removed top 2 bits (of 12) from port B of cell cv32e40p_core.$procmux$12312_CMP73 ($eq).
Removed top 2 bits (of 12) from port B of cell cv32e40p_core.$procmux$12312_CMP74 ($eq).
Removed top 2 bits (of 12) from port B of cell cv32e40p_core.$procmux$12312_CMP75 ($eq).
Removed top 2 bits (of 12) from port B of cell cv32e40p_core.$procmux$12312_CMP76 ($eq).
Removed top 2 bits (of 12) from port B of cell cv32e40p_core.$procmux$12312_CMP77 ($eq).
Removed top 2 bits (of 12) from port B of cell cv32e40p_core.$procmux$12312_CMP78 ($eq).
Removed top 2 bits (of 12) from port B of cell cv32e40p_core.$procmux$12312_CMP79 ($eq).
Removed top 2 bits (of 12) from port B of cell cv32e40p_core.$procmux$12312_CMP80 ($eq).
Removed top 2 bits (of 12) from port B of cell cv32e40p_core.$procmux$12312_CMP81 ($eq).
Removed top 2 bits (of 12) from port B of cell cv32e40p_core.$procmux$12312_CMP82 ($eq).
Removed top 2 bits (of 12) from port B of cell cv32e40p_core.$procmux$12312_CMP83 ($eq).
Removed top 2 bits (of 12) from port B of cell cv32e40p_core.$procmux$12312_CMP84 ($eq).
Removed top 2 bits (of 12) from port B of cell cv32e40p_core.$procmux$12312_CMP85 ($eq).
Removed top 2 bits (of 12) from port B of cell cv32e40p_core.$procmux$12312_CMP86 ($eq).
Removed top 2 bits (of 12) from port B of cell cv32e40p_core.$procmux$12312_CMP87 ($eq).
Removed top 2 bits (of 12) from port B of cell cv32e40p_core.$procmux$12312_CMP88 ($eq).
Removed top 2 bits (of 12) from port B of cell cv32e40p_core.$procmux$12312_CMP89 ($eq).
Removed top 2 bits (of 12) from port B of cell cv32e40p_core.$procmux$12312_CMP90 ($eq).
Removed top 2 bits (of 12) from port B of cell cv32e40p_core.$procmux$12312_CMP91 ($eq).
Removed top 2 bits (of 12) from port B of cell cv32e40p_core.$procmux$12313_CMP0 ($eq).
Removed top 2 bits (of 12) from port B of cell cv32e40p_core.$procmux$12313_CMP1 ($eq).
Removed top 2 bits (of 12) from port B of cell cv32e40p_core.$procmux$12313_CMP2 ($eq).
Removed top 2 bits (of 12) from port B of cell cv32e40p_core.$procmux$12313_CMP3 ($eq).
Removed top 2 bits (of 12) from port B of cell cv32e40p_core.$procmux$12313_CMP4 ($eq).
Removed top 2 bits (of 12) from port B of cell cv32e40p_core.$procmux$12314_CMP0 ($eq).
Removed top 2 bits (of 12) from port B of cell cv32e40p_core.$procmux$12314_CMP1 ($eq).
Removed top 2 bits (of 12) from port B of cell cv32e40p_core.$procmux$12314_CMP2 ($eq).
Removed top 2 bits (of 12) from port B of cell cv32e40p_core.$procmux$12314_CMP3 ($eq).
Removed top 1 bits (of 2) from port B of cell cv32e40p_core.$procmux$12359_CMP0 ($eq).
Removed top 1 bits (of 3) from mux cell cv32e40p_core.$procmux$12381 ($mux).
Removed top 3 bits (of 12) from port B of cell cv32e40p_core.$procmux$12443_CMP0 ($eq).
Removed top 1 bits (of 3) from mux cell cv32e40p_core.$procmux$12455 ($mux).
Removed top 2 bits (of 7) from mux cell cv32e40p_core.$procmux$12470 ($mux).
Removed top 1 bits (of 3) from mux cell cv32e40p_core.$procmux$12500 ($mux).
Removed top 2 bits (of 7) from mux cell cv32e40p_core.$procmux$12514 ($mux).
Removed top 2 bits (of 12) from port B of cell cv32e40p_core.$procmux$12592_CMP0 ($eq).
Removed top 1 bits (of 3) from mux cell cv32e40p_core.$procmux$12696 ($mux).
Removed top 2 bits (of 7) from mux cell cv32e40p_core.$procmux$12707 ($mux).
Removed top 1 bits (of 3) from mux cell cv32e40p_core.$procmux$12864 ($mux).
Removed top 2 bits (of 7) from mux cell cv32e40p_core.$procmux$12872 ($mux).
Removed top 2 bits (of 3) from port B of cell cv32e40p_core.$procmux$12961_CMP0 ($eq).
Removed top 3 bits (of 7) from port B of cell cv32e40p_core.$procmux$12964_CMP0 ($eq).
Removed top 1 bits (of 7) from port B of cell cv32e40p_core.$procmux$13045_CMP0 ($eq).
Removed top 5 bits (of 9) from port B of cell cv32e40p_core.$procmux$13757_CMP0 ($eq).
Removed top 5 bits (of 9) from port B of cell cv32e40p_core.$procmux$13758_CMP0 ($eq).
Removed top 5 bits (of 9) from port B of cell cv32e40p_core.$procmux$13759_CMP0 ($eq).
Removed top 5 bits (of 9) from port B of cell cv32e40p_core.$procmux$13760_CMP0 ($eq).
Removed top 5 bits (of 9) from port B of cell cv32e40p_core.$procmux$14016_CMP0 ($eq).
Removed top 1 bits (of 3) from mux cell cv32e40p_core.$procmux$14015 ($mux).
Removed top 5 bits (of 9) from port B of cell cv32e40p_core.$procmux$14017_CMP0 ($eq).
Removed top 5 bits (of 9) from port B of cell cv32e40p_core.$procmux$14018_CMP0 ($eq).
Removed top 5 bits (of 9) from port B of cell cv32e40p_core.$procmux$14019_CMP0 ($eq).
Removed top 1 bits (of 7) from mux cell cv32e40p_core.$procmux$14109 ($pmux).
Removed top 6 bits (of 9) from port B of cell cv32e40p_core.$procmux$14115_CMP0 ($eq).
Removed top 8 bits (of 9) from port B of cell cv32e40p_core.$procmux$14116_CMP0 ($eq).
Removed top 6 bits (of 9) from port B of cell cv32e40p_core.$procmux$14117_CMP0 ($eq).
Removed top 6 bits (of 9) from port B of cell cv32e40p_core.$procmux$14118_CMP0 ($eq).
Removed top 6 bits (of 9) from port B of cell cv32e40p_core.$procmux$14119_CMP0 ($eq).
Removed top 7 bits (of 9) from port B of cell cv32e40p_core.$procmux$14120_CMP0 ($eq).
Removed top 7 bits (of 9) from port B of cell cv32e40p_core.$procmux$14277_CMP0 ($eq).
Removed top 1 bits (of 3) from mux cell cv32e40p_core.$procmux$14518 ($mux).
Removed top 1 bits (of 7) from mux cell cv32e40p_core.$procmux$14556 ($mux).
Removed top 1 bits (of 3) from mux cell cv32e40p_core.$procmux$14759 ($mux).
Removed top 1 bits (of 7) from mux cell cv32e40p_core.$procmux$14791 ($mux).
Removed top 1 bits (of 7) from mux cell cv32e40p_core.$procmux$14855 ($mux).
Removed top 2 bits (of 7) from port B of cell cv32e40p_core.$procmux$14863_CMP0 ($eq).
Removed top 1 bits (of 7) from mux cell cv32e40p_core.$procmux$14898 ($mux).
Removed top 1 bits (of 3) from port B of cell cv32e40p_core.$procmux$14961_CMP0 ($eq).
Removed top 1 bits (of 2) from mux cell cv32e40p_core.$procmux$15304 ($mux).
Removed top 1 bits (of 3) from mux cell cv32e40p_core.$procmux$15408 ($mux).
Removed top 2 bits (of 7) from mux cell cv32e40p_core.$procmux$15429 ($mux).
Removed top 3 bits (of 4) from mux cell cv32e40p_core.$procmux$15627 ($mux).
Removed top 1 bits (of 3) from mux cell cv32e40p_core.$procmux$15652 ($mux).
Removed top 3 bits (of 4) from mux cell cv32e40p_core.$procmux$15902 ($mux).
Removed top 1 bits (of 2) from mux cell cv32e40p_core.$procmux$15924 ($mux).
Removed top 1 bits (of 3) from mux cell cv32e40p_core.$procmux$15946 ($mux).
Removed top 2 bits (of 7) from mux cell cv32e40p_core.$procmux$15968 ($mux).
Removed top 3 bits (of 7) from mux cell cv32e40p_core.$procmux$16078 ($pmux).
Removed top 2 bits (of 7) from port B of cell cv32e40p_core.$procmux$16263_CMP0 ($eq).
Removed top 1 bits (of 7) from port B of cell cv32e40p_core.$procmux$16264_CMP0 ($eq).
Removed top 1 bits (of 2) from mux cell cv32e40p_core.$procmux$16328 ($mux).
Removed top 2 bits (of 4) from mux cell cv32e40p_core.$procmux$16461 ($pmux).
Removed top 1 bits (of 3) from mux cell cv32e40p_core.$procmux$16520 ($pmux).
Removed top 1 bits (of 2) from port A of cell cv32e40p_core.$procmux$16982_CMP0 ($eq).
Removed top 1 bits (of 2) from port A of cell cv32e40p_core.$procmux$16983_CMP0 ($eq).
Removed top 1 bits (of 2) from port B of cell cv32e40p_core.$procmux$16983_CMP0 ($eq).
Removed top 1 bits (of 2) from port B of cell cv32e40p_core.$procmux$16990_CMP0 ($eq).
Removed top 1 bits (of 2) from port B of cell cv32e40p_core.$procmux$16995_CMP0 ($eq).
Removed top 1 bits (of 3) from port B of cell cv32e40p_core.$procmux$17005_CMP0 ($eq).
Removed top 2 bits (of 3) from port B of cell cv32e40p_core.$procmux$17006_CMP0 ($eq).
Removed top 1 bits (of 3) from port B of cell cv32e40p_core.$procmux$17007_CMP0 ($eq).
Removed top 2 bits (of 4) from port A of cell cv32e40p_core.$procmux$17010_CMP0 ($eq).
Removed top 2 bits (of 4) from port A of cell cv32e40p_core.$procmux$17011_CMP0 ($eq).
Removed top 2 bits (of 4) from port A of cell cv32e40p_core.$procmux$17012_CMP0 ($eq).
Removed top 1 bits (of 4) from port B of cell cv32e40p_core.$procmux$17012_CMP0 ($eq).
Removed top 2 bits (of 4) from port A of cell cv32e40p_core.$procmux$17013_CMP0 ($eq).
Removed top 1 bits (of 4) from port B of cell cv32e40p_core.$procmux$17013_CMP0 ($eq).
Removed top 2 bits (of 4) from port A of cell cv32e40p_core.$procmux$17014_CMP0 ($eq).
Removed top 1 bits (of 4) from port B of cell cv32e40p_core.$procmux$17014_CMP0 ($eq).
Removed top 2 bits (of 4) from port A of cell cv32e40p_core.$procmux$17015_CMP0 ($eq).
Removed top 2 bits (of 4) from port A of cell cv32e40p_core.$procmux$17016_CMP0 ($eq).
Removed top 1 bits (of 4) from port B of cell cv32e40p_core.$procmux$17016_CMP0 ($eq).
Removed top 2 bits (of 4) from port A of cell cv32e40p_core.$procmux$17017_CMP0 ($eq).
Removed top 2 bits (of 4) from port B of cell cv32e40p_core.$procmux$17017_CMP0 ($eq).
Removed top 2 bits (of 4) from port A of cell cv32e40p_core.$procmux$17018_CMP0 ($eq).
Removed top 2 bits (of 4) from port B of cell cv32e40p_core.$procmux$17018_CMP0 ($eq).
Removed top 2 bits (of 4) from port A of cell cv32e40p_core.$procmux$17019_CMP0 ($eq).
Removed top 3 bits (of 4) from port B of cell cv32e40p_core.$procmux$17019_CMP0 ($eq).
Removed top 1 bits (of 2) from port B of cell cv32e40p_core.$procmux$17024_CMP0 ($eq).
Removed top 1 bits (of 3) from port A of cell cv32e40p_core.$procmux$17030_CMP0 ($eq).
Removed top 1 bits (of 3) from port B of cell cv32e40p_core.$procmux$17030_CMP0 ($eq).
Removed top 1 bits (of 3) from port A of cell cv32e40p_core.$procmux$17031_CMP0 ($eq).
Removed top 2 bits (of 3) from port B of cell cv32e40p_core.$procmux$17031_CMP0 ($eq).
Removed top 1 bits (of 3) from port A of cell cv32e40p_core.$procmux$17032_CMP0 ($eq).
Removed top 1 bits (of 3) from port A of cell cv32e40p_core.$procmux$17033_CMP0 ($eq).
Removed top 1 bits (of 3) from port B of cell cv32e40p_core.$procmux$17033_CMP0 ($eq).
Removed top 1 bits (of 2) from port B of cell cv32e40p_core.$procmux$17038_CMP0 ($eq).
Removed top 11 bits (of 32) from mux cell cv32e40p_core.$procmux$17094 ($mux).
Removed top 7 bits (of 32) from mux cell cv32e40p_core.$procmux$17142 ($mux).
Removed top 1 bits (of 3) from port B of cell cv32e40p_core.$procmux$17199_CMP0 ($eq).
Removed top 1 bits (of 3) from port B of cell cv32e40p_core.$procmux$17211_CMP0 ($eq).
Removed top 2 bits (of 3) from port B of cell cv32e40p_core.$procmux$17222_CMP0 ($eq).
Removed top 1 bits (of 2) from port B of cell cv32e40p_core.$procmux$17309_CMP0 ($eq).
Removed top 1 bits (of 3) from port B of cell cv32e40p_core.$procmux$17315_CMP0 ($eq).
Removed top 1 bits (of 32) from mux cell cv32e40p_core.$procmux$17314 ($pmux).
Removed top 1 bits (of 3) from port B of cell cv32e40p_core.$procmux$17316_CMP0 ($eq).
Removed top 2 bits (of 3) from port B of cell cv32e40p_core.$procmux$17317_CMP0 ($eq).
Removed top 1 bits (of 2) from port B of cell cv32e40p_core.$procmux$17333_CMP1 ($eq).
Removed top 3 bits (of 32) from mux cell cv32e40p_core.$procmux$17417 ($mux).
Removed top 2 bits (of 32) from mux cell cv32e40p_core.$procmux$17570 ($pmux).
Removed top 16 bits (of 32) from mux cell cv32e40p_core.$procmux$17610 ($mux).
Removed top 1 bits (of 2) from port B of cell cv32e40p_core.$procmux$17976_CMP0 ($eq).
Removed top 1 bits (of 4) from port A of cell cv32e40p_core.$procmux$18016_CMP0 ($eq).
Removed top 1 bits (of 4) from port A of cell cv32e40p_core.$procmux$18017_CMP0 ($eq).
Removed top 3 bits (of 4) from port B of cell cv32e40p_core.$procmux$18017_CMP0 ($eq).
Removed top 1 bits (of 4) from port A of cell cv32e40p_core.$procmux$18018_CMP0 ($eq).
Removed top 1 bits (of 4) from port B of cell cv32e40p_core.$procmux$18018_CMP0 ($eq).
Removed top 1 bits (of 4) from port A of cell cv32e40p_core.$procmux$18019_CMP0 ($eq).
Removed top 1 bits (of 4) from port B of cell cv32e40p_core.$procmux$18019_CMP0 ($eq).
Removed top 1 bits (of 4) from port A of cell cv32e40p_core.$procmux$18020_CMP0 ($eq).
Removed top 1 bits (of 4) from port B of cell cv32e40p_core.$procmux$18020_CMP0 ($eq).
Removed top 1 bits (of 4) from port A of cell cv32e40p_core.$procmux$18021_CMP0 ($eq).
Removed top 1 bits (of 4) from port B of cell cv32e40p_core.$procmux$18021_CMP0 ($eq).
Removed top 1 bits (of 4) from port A of cell cv32e40p_core.$procmux$18022_CMP0 ($eq).
Removed top 2 bits (of 4) from port B of cell cv32e40p_core.$procmux$18022_CMP0 ($eq).
Removed top 1 bits (of 4) from port A of cell cv32e40p_core.$procmux$18023_CMP0 ($eq).
Removed top 2 bits (of 4) from port B of cell cv32e40p_core.$procmux$18023_CMP0 ($eq).
Removed top 1 bits (of 3) from port A of cell cv32e40p_core.$procmux$18026_CMP0 ($eq).
Removed top 1 bits (of 3) from port B of cell cv32e40p_core.$procmux$18026_CMP0 ($eq).
Removed top 1 bits (of 3) from port A of cell cv32e40p_core.$procmux$18027_CMP0 ($eq).
Removed top 1 bits (of 3) from port B of cell cv32e40p_core.$procmux$18027_CMP0 ($eq).
Removed top 1 bits (of 3) from port A of cell cv32e40p_core.$procmux$18028_CMP0 ($eq).
Removed top 2 bits (of 3) from port B of cell cv32e40p_core.$procmux$18028_CMP0 ($eq).
Removed top 1 bits (of 12) from port B of cell cv32e40p_core.$procmux$18204_CMP0 ($eq).
Removed top 2 bits (of 12) from port B of cell cv32e40p_core.$procmux$18233_CMP0 ($eq).
Removed top 2 bits (of 12) from port B of cell cv32e40p_core.$procmux$18242_CMP0 ($eq).
Removed top 2 bits (of 12) from port B of cell cv32e40p_core.$procmux$18252_CMP0 ($eq).
Removed top 2 bits (of 12) from port B of cell cv32e40p_core.$procmux$18263_CMP0 ($eq).
Removed top 2 bits (of 12) from port B of cell cv32e40p_core.$procmux$18299_CMP0 ($eq).
Removed top 1 bits (of 7) from mux cell cv32e40p_core.$procmux$18407 ($mux).
Removed top 1 bits (of 3) from mux cell cv32e40p_core.$procmux$18452 ($mux).
Removed top 27 bits (of 32) from mux cell cv32e40p_core.$1980 ($mux).
Removed top 26 bits (of 32) from mux cell cv32e40p_core.$2382 ($mux).
Removed top 1 bits (of 3) from mux cell cv32e40p_core.$procmux$18222 ($mux).
Removed top 1 bits (of 7) from mux cell cv32e40p_core.$procmux$18296 ($mux).
Removed top 1 bits (of 7) from port Y of cell cv32e40p_core.$2381 ($sub).
Removed top 31 bits (of 32) from wire cv32e40p_core.$110y.
Removed top 30 bits (of 32) from wire cv32e40p_core.$112y.
Removed top 31 bits (of 32) from wire cv32e40p_core.$120y.
Removed top 30 bits (of 32) from wire cv32e40p_core.$122y.
Removed top 1 bits (of 3) from wire cv32e40p_core.$1369y.
Removed top 3 bits (of 4) from wire cv32e40p_core.$1438y.
Removed top 2 bits (of 4) from wire cv32e40p_core.$1439y.
Removed top 5 bits (of 6) from wire cv32e40p_core.$2350y.
Removed top 26 bits (of 32) from wire cv32e40p_core.$2381y.
Removed top 26 bits (of 32) from wire cv32e40p_core.$2382y.
Removed top 29 bits (of 32) from wire cv32e40p_core.$401y.
Removed top 29 bits (of 32) from wire cv32e40p_core.$40y.
Removed top 1 bits (of 3) from wire cv32e40p_core.$cs_registers_i.dcsr_n[2:0]$2694.
Removed top 1 bits (of 3) from wire cv32e40p_core.$cs_registers_i.dcsr_n[2:0]$2705.
Removed top 1 bits (of 6) from wire cv32e40p_core.$cs_registers_i.mcause_n$2693.
Removed top 3 bits (of 32) from wire cv32e40p_core.$cs_registers_i.mepc_n$2692.
Removed top 1 bits (of 32) from wire cv32e40p_core.$cs_registers_i.mepc_n$2704.
Removed top 32 bits (of 64) from wire cv32e40p_core.$cs_registers_i.mhpmcounter_q[191:128]$3128.
Removed top 32 bits (of 64) from wire cv32e40p_core.$cs_registers_i.mhpmcounter_q[255:192]$3135.
Removed top 32 bits (of 64) from wire cv32e40p_core.$cs_registers_i.mhpmcounter_q[63:0]$3121.
Removed top 1 bits (of 7) from wire cv32e40p_core.$cs_registers_i.mstatus_n$2713.
Removed top 2 bits (of 6) from wire cv32e40p_core.$id_stage_i.controller_i.csr_cause_o$1352.
Removed top 2 bits (of 6) from wire cv32e40p_core.$id_stage_i.controller_i.csr_cause_o$1355.
Removed top 2 bits (of 6) from wire cv32e40p_core.$id_stage_i.controller_i.csr_cause_o$1358.
Removed top 1 bits (of 3) from wire cv32e40p_core.$id_stage_i.controller_i.debug_cause_o$1451.
Removed top 1 bits (of 3) from wire cv32e40p_core.$id_stage_i.controller_i.debug_cause_o$1452.
Removed top 1 bits (of 3) from wire cv32e40p_core.$id_stage_i.controller_i.debug_cause_o$1453.
Removed top 1 bits (of 3) from wire cv32e40p_core.$id_stage_i.controller_i.debug_cause_o$1454.
Removed top 4 bits (of 5) from wire cv32e40p_core.$id_stage_i.controller_i.exc_cause_o$1419.
Removed top 1 bits (of 3) from wire cv32e40p_core.$id_stage_i.controller_i.exc_pc_mux_o$1395.
Removed top 1 bits (of 3) from wire cv32e40p_core.$id_stage_i.controller_i.exc_pc_mux_o$1405.
Removed top 1 bits (of 3) from wire cv32e40p_core.$id_stage_i.controller_i.exc_pc_mux_o$1416.
Removed top 1 bits (of 3) from wire cv32e40p_core.$id_stage_i.controller_i.exc_pc_mux_o$1442.
Removed top 1 bits (of 2) from wire cv32e40p_core.$id_stage_i.controller_i.operand_c_fw_mux_sel_o$1570.
Removed top 1 bits (of 4) from wire cv32e40p_core.$id_stage_i.controller_i.pc_mux_o$1112.
Removed top 2 bits (of 4) from wire cv32e40p_core.$id_stage_i.controller_i.pc_mux_o$1186.
Removed top 2 bits (of 4) from wire cv32e40p_core.$id_stage_i.controller_i.pc_mux_o$1193.
Removed top 1 bits (of 4) from wire cv32e40p_core.$id_stage_i.controller_i.pc_mux_o$1213.
Removed top 1 bits (of 4) from wire cv32e40p_core.$id_stage_i.controller_i.pc_mux_o$1233.
Removed top 1 bits (of 4) from wire cv32e40p_core.$id_stage_i.controller_i.pc_mux_o$1254.
Removed top 1 bits (of 4) from wire cv32e40p_core.$id_stage_i.controller_i.pc_mux_o$1276.
Removed top 1 bits (of 4) from wire cv32e40p_core.$id_stage_i.controller_i.pc_mux_o$1324.
Removed top 1 bits (of 4) from wire cv32e40p_core.$id_stage_i.controller_i.pc_mux_o$1394.
Removed top 2 bits (of 4) from wire cv32e40p_core.$id_stage_i.controller_i.pc_mux_o$1404.
Removed top 1 bits (of 4) from wire cv32e40p_core.$id_stage_i.controller_i.pc_mux_o$1415.
Removed top 2 bits (of 4) from wire cv32e40p_core.$id_stage_i.controller_i.pc_mux_o$1441.
Removed top 2 bits (of 4) from wire cv32e40p_core.$id_stage_i.controller_i.pc_mux_o$1448.
Removed top 1 bits (of 3) from wire cv32e40p_core.$id_stage_i.decoder_i.alu_op_a_mux_sel_o$1020.
Removed top 1 bits (of 3) from wire cv32e40p_core.$id_stage_i.decoder_i.alu_op_a_mux_sel_o$904.
Removed top 1 bits (of 3) from wire cv32e40p_core.$id_stage_i.decoder_i.alu_op_a_mux_sel_o$916.
Removed top 1 bits (of 3) from wire cv32e40p_core.$id_stage_i.decoder_i.alu_op_a_mux_sel_o$929.
Removed top 1 bits (of 3) from wire cv32e40p_core.$id_stage_i.decoder_i.alu_op_a_mux_sel_o$979.
Removed top 1 bits (of 3) from wire cv32e40p_core.$id_stage_i.decoder_i.alu_op_b_mux_sel_o$811.
Removed top 1 bits (of 3) from wire cv32e40p_core.$id_stage_i.decoder_i.alu_op_b_mux_sel_o$821.
Removed top 1 bits (of 3) from wire cv32e40p_core.$id_stage_i.decoder_i.alu_op_b_mux_sel_o$849.
Removed top 1 bits (of 3) from wire cv32e40p_core.$id_stage_i.decoder_i.alu_op_b_mux_sel_o$949.
Removed top 1 bits (of 3) from wire cv32e40p_core.$id_stage_i.decoder_i.alu_op_b_mux_sel_o$962.
Removed top 1 bits (of 3) from wire cv32e40p_core.$id_stage_i.decoder_i.alu_op_b_mux_sel_o$975.
Removed top 1 bits (of 2) from wire cv32e40p_core.$id_stage_i.decoder_i.alu_op_c_mux_sel_o$822.
Removed top 2 bits (of 7) from wire cv32e40p_core.$id_stage_i.decoder_i.alu_operator_o$1019.
Removed top 3 bits (of 7) from wire cv32e40p_core.$id_stage_i.decoder_i.alu_operator_o$801.
Removed top 2 bits (of 7) from wire cv32e40p_core.$id_stage_i.decoder_i.alu_operator_o$820.
Removed top 3 bits (of 7) from wire cv32e40p_core.$id_stage_i.decoder_i.alu_operator_o$848.
Removed top 1 bits (of 7) from wire cv32e40p_core.$id_stage_i.decoder_i.alu_operator_o$864.
Removed top 1 bits (of 7) from wire cv32e40p_core.$id_stage_i.decoder_i.alu_operator_o$866.
Removed top 2 bits (of 7) from wire cv32e40p_core.$id_stage_i.decoder_i.alu_operator_o$903.
Removed top 2 bits (of 7) from wire cv32e40p_core.$id_stage_i.decoder_i.alu_operator_o$915.
Removed top 2 bits (of 7) from wire cv32e40p_core.$id_stage_i.decoder_i.alu_operator_o$928.
Removed top 2 bits (of 7) from wire cv32e40p_core.$id_stage_i.decoder_i.alu_operator_o$948.
Removed top 3 bits (of 7) from wire cv32e40p_core.$id_stage_i.decoder_i.alu_operator_o$961.
Removed top 3 bits (of 7) from wire cv32e40p_core.$id_stage_i.decoder_i.alu_operator_o$974.
Removed top 1 bits (of 2) from wire cv32e40p_core.$id_stage_i.decoder_i.data_sign_extension_o$854.
Removed top 3 bits (of 4) from wire cv32e40p_core.$id_stage_i.decoder_i.imm_b_mux_sel_o$812.
Removed top 3 bits (of 4) from wire cv32e40p_core.$id_stage_i.decoder_i.imm_b_mux_sel_o$823.
Removed top 3 bits (of 5) from wire cv32e40p_core.$id_stage_i.int_controller_i.irq_id_ctrl_o$1618.
Removed top 2 bits (of 5) from wire cv32e40p_core.$id_stage_i.int_controller_i.irq_id_ctrl_o$1619.
Removed top 1 bits (of 5) from wire cv32e40p_core.$id_stage_i.int_controller_i.irq_id_ctrl_o$1620.
Removed top 1 bits (of 5) from wire cv32e40p_core.$id_stage_i.int_controller_i.irq_id_ctrl_o$1621.
Removed top 1 bits (of 5) from wire cv32e40p_core.$id_stage_i.int_controller_i.irq_id_ctrl_o$1622.
Removed top 1 bits (of 5) from wire cv32e40p_core.$id_stage_i.int_controller_i.irq_id_ctrl_o$1623.
Removed top 1 bits (of 5) from wire cv32e40p_core.$id_stage_i.int_controller_i.irq_id_ctrl_o$1624.
Removed top 1 bits (of 5) from wire cv32e40p_core.$id_stage_i.int_controller_i.irq_id_ctrl_o$1625.
Removed top 1 bits (of 5) from wire cv32e40p_core.$id_stage_i.int_controller_i.irq_id_ctrl_o$1626.
Removed top 1 bits (of 5) from wire cv32e40p_core.$id_stage_i.int_controller_i.irq_id_ctrl_o$1627.
Removed top 1 bits (of 5) from wire cv32e40p_core.$id_stage_i.int_controller_i.irq_id_ctrl_o$1628.
Removed top 1 bits (of 5) from wire cv32e40p_core.$id_stage_i.int_controller_i.irq_id_ctrl_o$1629.
Removed top 1 bits (of 5) from wire cv32e40p_core.$id_stage_i.int_controller_i.irq_id_ctrl_o$1630.
Removed top 1 bits (of 5) from wire cv32e40p_core.$id_stage_i.int_controller_i.irq_id_ctrl_o$1631.
Removed top 1 bits (of 5) from wire cv32e40p_core.$id_stage_i.int_controller_i.irq_id_ctrl_o$1632.
Removed top 1 bits (of 5) from wire cv32e40p_core.$id_stage_i.int_controller_i.irq_id_ctrl_o$1633.
Removed top 2 bits (of 32) from wire cv32e40p_core.$if_stage_i.compressed_decoder_i.instr_o$271.
Removed top 1 bits (of 32) from wire cv32e40p_core.$if_stage_i.compressed_decoder_i.instr_o$288.
Removed top 7 bits (of 32) from wire cv32e40p_core.$if_stage_i.compressed_decoder_i.instr_o$311.
Removed top 11 bits (of 32) from wire cv32e40p_core.$if_stage_i.compressed_decoder_i.instr_o$315.
Removed top 3 bits (of 4) from wire cv32e40p_core.$procmux$12080_CMP.
Removed top 1 bits (of 3) from wire cv32e40p_core.$procmux$12291_CMP.

3.11. Executing PEEPOPT pass (run peephole optimizers).

3.12. Executing OPT_CLEAN pass (remove unused cells and wires).
Finding unused cells or wires in module \cv32e40p_core..
Removed 0 unused cells and 98 unused wires.
<suppressed ~1 debug messages>

3.13. Executing ALUMACC pass (create $alu and $macc cells).
Extracting $alu and $macc cells in module cv32e40p_core:
  creating $macc model for $110 ($add).
  creating $macc model for $112 ($add).
  creating $macc model for $120 ($add).
  creating $macc model for $122 ($sub).
  creating $macc model for $1970 ($add).
  creating $macc model for $200 ($add).
  creating $macc model for $201 ($add).
  creating $macc model for $2194 ($add).
  creating $macc model for $2195 ($add).
  creating $macc model for $2196 ($add).
  creating $macc model for $2197 ($add).
  creating $macc model for $2198 ($add).
  creating $macc model for $2199 ($add).
  creating $macc model for $2200 ($add).
  creating $macc model for $2201 ($add).
  creating $macc model for $2202 ($add).
  creating $macc model for $2203 ($add).
  creating $macc model for $2204 ($add).
  creating $macc model for $2205 ($add).
  creating $macc model for $2206 ($add).
  creating $macc model for $2207 ($add).
  creating $macc model for $2208 ($add).
  creating $macc model for $2209 ($add).
  creating $macc model for $2210 ($add).
  creating $macc model for $2211 ($add).
  creating $macc model for $2212 ($add).
  creating $macc model for $2213 ($add).
  creating $macc model for $2214 ($add).
  creating $macc model for $2215 ($add).
  creating $macc model for $2216 ($add).
  creating $macc model for $2217 ($add).
  creating $macc model for $2218 ($add).
  creating $macc model for $2219 ($add).
  creating $macc model for $2220 ($add).
  creating $macc model for $2221 ($add).
  creating $macc model for $2222 ($add).
  creating $macc model for $2223 ($add).
  creating $macc model for $2224 ($add).
  creating $macc model for $2322 ($sub).
  creating $macc model for $2323 ($sub).
  creating $macc model for $2351 ($add).
  creating $macc model for $2367 ($neg).
  creating $macc model for $2377 ($add).
  creating $macc model for $2378 ($sub).
  creating $macc model for $2381 ($sub).
  creating $macc model for $2430 ($mul).
  creating $macc model for $2431 ($add).
  creating $macc model for $2469 ($mul).
  creating $macc model for $2470 ($add).
  creating $macc model for $2631 ($add).
  creating $macc model for $2652 ($sub).
  creating $macc model for $2653 ($add).
  creating $macc model for $28 ($add).
  creating $macc model for $2831 ($add).
  creating $macc model for $2833 ($add).
  creating $macc model for $2834 ($add).
  creating $macc model for $329 ($sub).
  creating $macc model for $389 ($add).
  creating $macc model for $39 ($add).
  creating $macc model for $390 ($add).
  creating $macc model for $391 ($add).
  creating $macc model for $40 ($add).
  creating $macc model for $69 ($sub).
  creating $macc model for $70 ($add).
  creating $macc model for $80 ($sub).
  merging $macc model for $2469 into $2470.
  merging $macc model for $2430 into $2431.
  merging $macc model for $2222 into $2224.
  merging $macc model for $2218 into $2224.
  merging $macc model for $2210 into $2224.
  merging $macc model for $2194 into $2224.
  merging $macc model for $2223 into $2224.
  merging $macc model for $2220 into $2224.
  merging $macc model for $2214 into $2224.
  merging $macc model for $2202 into $2224.
  merging $macc model for $2219 into $2224.
  merging $macc model for $2212 into $2224.
  merging $macc model for $2198 into $2224.
  merging $macc model for $2211 into $2224.
  merging $macc model for $2196 into $2224.
  merging $macc model for $2195 into $2224.
  merging $macc model for $2221 into $2224.
  merging $macc model for $2216 into $2224.
  merging $macc model for $2206 into $2224.
  merging $macc model for $2215 into $2224.
  merging $macc model for $2204 into $2224.
  merging $macc model for $2203 into $2224.
  merging $macc model for $2213 into $2224.
  merging $macc model for $2200 into $2224.
  merging $macc model for $2199 into $2224.
  merging $macc model for $2197 into $2224.
  merging $macc model for $2217 into $2224.
  merging $macc model for $2208 into $2224.
  merging $macc model for $2207 into $2224.
  merging $macc model for $2205 into $2224.
  merging $macc model for $2201 into $2224.
  merging $macc model for $2209 into $2224.
  creating $alu model for $macc $2378.
  creating $alu model for $macc $2323.
  creating $alu model for $macc $390.
  creating $alu model for $macc $2652.
  creating $alu model for $macc $28.
  creating $alu model for $macc $2367.
  creating $alu model for $macc $2834.
  creating $alu model for $macc $2381.
  creating $alu model for $macc $80.
  creating $alu model for $macc $391.
  creating $alu model for $macc $40.
  creating $alu model for $macc $2653.
  creating $alu model for $macc $69.
  creating $alu model for $macc $2831.
  creating $alu model for $macc $2833.
  creating $alu model for $macc $2377.
  creating $alu model for $macc $70.
  creating $alu model for $macc $329.
  creating $alu model for $macc $389.
  creating $alu model for $macc $2631.
  creating $alu model for $macc $39.
  creating $alu model for $macc $2351.
  creating $alu model for $macc $2322.
  creating $alu model for $macc $201.
  creating $alu model for $macc $200.
  creating $alu model for $macc $1970.
  creating $alu model for $macc $122.
  creating $alu model for $macc $120.
  creating $alu model for $macc $112.
  creating $alu model for $macc $110.
  creating $macc cell for $2470: $auto$alumacc.cc:382:replace_macc$20099
  creating $macc cell for $2224: $auto$alumacc.cc:382:replace_macc$20100
  creating $macc cell for $2431: $auto$alumacc.cc:382:replace_macc$20101
  creating $alu model for $102 ($lt): new $alu
  creating $alu model for $103 ($ge): new $alu
  creating $alu model for $2060 ($gt): new $alu
  creating $alu model for $2064 ($gt): new $alu
  creating $alu model for $2068 ($gt): new $alu
  creating $alu model for $2072 ($gt): new $alu
  creating $alu model for $2370 ($gt): new $alu
  creating $alu model for $2636 ($lt): new $alu
  creating $alu model for $2669 ($lt): new $alu
  creating $alu model for $2866 ($ge): new $alu
  creating $alu model for $35 ($gt): new $alu
  creating $alu model for $41 ($lt): new $alu
  creating $alu model for $436 ($lt): new $alu
  creating $alu model for $439 ($lt): new $alu
  creating $alu model for $74 ($gt): new $alu
  creating $alu model for $97 ($lt): new $alu
  creating $alu model for $986 ($gt): new $alu
  creating $alu model for $2369 ($eq): merged with $2370.
  creating $alu model for $2643 ($eq): merged with $2652.
  creating $alu cell for $986: $auto$alumacc.cc:512:replace_alu$20119
  creating $alu cell for $97: $auto$alumacc.cc:512:replace_alu$20130
  creating $alu cell for $74: $auto$alumacc.cc:512:replace_alu$20135
  creating $alu cell for $439: $auto$alumacc.cc:512:replace_alu$20146
  creating $alu cell for $436: $auto$alumacc.cc:512:replace_alu$20151
  creating $alu cell for $41: $auto$alumacc.cc:512:replace_alu$20156
  creating $alu cell for $35: $auto$alumacc.cc:512:replace_alu$20161
  creating $alu cell for $2866: $auto$alumacc.cc:512:replace_alu$20172
  creating $alu cell for $2669: $auto$alumacc.cc:512:replace_alu$20185
  creating $alu cell for $2636: $auto$alumacc.cc:512:replace_alu$20190
  creating $alu cell for $2370, $2369: $auto$alumacc.cc:512:replace_alu$20195
  creating $alu cell for $2072: $auto$alumacc.cc:512:replace_alu$20206
  creating $alu cell for $2068: $auto$alumacc.cc:512:replace_alu$20219
  creating $alu cell for $2064: $auto$alumacc.cc:512:replace_alu$20232
  creating $alu cell for $2060: $auto$alumacc.cc:512:replace_alu$20245
  creating $alu cell for $103: $auto$alumacc.cc:512:replace_alu$20258
  creating $alu cell for $102: $auto$alumacc.cc:512:replace_alu$20271
  creating $alu cell for $110: $auto$alumacc.cc:512:replace_alu$20276
  creating $alu cell for $112: $auto$alumacc.cc:512:replace_alu$20279
  creating $alu cell for $120: $auto$alumacc.cc:512:replace_alu$20282
  creating $alu cell for $122: $auto$alumacc.cc:512:replace_alu$20285
  creating $alu cell for $1970: $auto$alumacc.cc:512:replace_alu$20288
  creating $alu cell for $200: $auto$alumacc.cc:512:replace_alu$20291
  creating $alu cell for $201: $auto$alumacc.cc:512:replace_alu$20294
  creating $alu cell for $2322: $auto$alumacc.cc:512:replace_alu$20297
  creating $alu cell for $2351: $auto$alumacc.cc:512:replace_alu$20300
  creating $alu cell for $39: $auto$alumacc.cc:512:replace_alu$20303
  creating $alu cell for $2631: $auto$alumacc.cc:512:replace_alu$20306
  creating $alu cell for $389: $auto$alumacc.cc:512:replace_alu$20309
  creating $alu cell for $329: $auto$alumacc.cc:512:replace_alu$20312
  creating $alu cell for $70: $auto$alumacc.cc:512:replace_alu$20315
  creating $alu cell for $2377: $auto$alumacc.cc:512:replace_alu$20318
  creating $alu cell for $2833: $auto$alumacc.cc:512:replace_alu$20321
  creating $alu cell for $2831: $auto$alumacc.cc:512:replace_alu$20324
  creating $alu cell for $69: $auto$alumacc.cc:512:replace_alu$20327
  creating $alu cell for $2653: $auto$alumacc.cc:512:replace_alu$20330
  creating $alu cell for $40: $auto$alumacc.cc:512:replace_alu$20333
  creating $alu cell for $391: $auto$alumacc.cc:512:replace_alu$20336
  creating $alu cell for $80: $auto$alumacc.cc:512:replace_alu$20339
  creating $alu cell for $2381: $auto$alumacc.cc:512:replace_alu$20342
  creating $alu cell for $2834: $auto$alumacc.cc:512:replace_alu$20345
  creating $alu cell for $2367: $auto$alumacc.cc:512:replace_alu$20348
  creating $alu cell for $28: $auto$alumacc.cc:512:replace_alu$20351
  creating $alu cell for $2652, $2643: $auto$alumacc.cc:512:replace_alu$20354
  creating $alu cell for $390: $auto$alumacc.cc:512:replace_alu$20359
  creating $alu cell for $2323: $auto$alumacc.cc:512:replace_alu$20362
  creating $alu cell for $2378: $auto$alumacc.cc:512:replace_alu$20365
  created 47 $alu and 3 $macc cells.

3.14. Executing SHARE pass (SAT-based resource sharing).
Found 5 cells in module cv32e40p_core that may be considered for resource sharing.
  Analyzing resource sharing options for $328 ($shl):
    Found 1 activation_patterns using ctrl signal { $procmux$17010_CMP $procmux$17005_CMP }.
    No candidates found.
  Analyzing resource sharing options for $2469 ($mul):
    Found cell that is never activated: $2469
    Cell is never active. Sharing is pointless, we simply remove it.
  Analyzing resource sharing options for $2435 ($sshr):
    Found 42 activation_patterns using ctrl signal { $procmux$17033_CMP $procmux$17032_CMP $procmux$17031_CMP $procmux$17030_CMP $procmux$17024_CMP $procmux$17007_CMP $procmux$17006_CMP $procmux$17005_CMP $procmux$17004_CMP $procmux$16995_CMP $procmux$16990_CMP $procmux$16989_CMP $procmux$16983_CMP $procmux$390_CTRL \ex_stage_i.mult_i.multicycle_o \id_stage_i.controller_i.data_misaligned_i \id_stage_i.register_file_i.we_b_dec [31:1] \id_stage_i.prepost_useincr_ex_o \id_stage_i.csr_access_ex_o \id_stage_i.mult_en_ex_o \id_stage_i.ex_ready_i }.
    No candidates found.
  Analyzing resource sharing options for $2430 ($mul):
    Found cell that is never activated: $2430
    Cell is never active. Sharing is pointless, we simply remove it.
  Analyzing resource sharing options for $2047 ($shr):
    Found 169 activation_patterns using ctrl signal { $procmux$17033_CMP $procmux$17032_CMP $procmux$17031_CMP $procmux$17030_CMP $procmux$17024_CMP $procmux$17007_CMP $procmux$17006_CMP $procmux$17005_CMP $procmux$17004_CMP $procmux$16995_CMP $procmux$16990_CMP $procmux$16989_CMP $procmux$16983_CMP $procmux$486_CTRL $procmux$485_CTRL $1998y $1984y \ex_stage_i.mult_i.multicycle_o \ex_stage_i.alu_i.alu_div_i.LoadEn_S \id_stage_i.controller_i.data_misaligned_i \id_stage_i.register_file_i.we_b_dec [31:1] \id_stage_i.prepost_useincr_ex_o \id_stage_i.csr_access_ex_o \id_stage_i.mult_en_ex_o \id_stage_i.alu_en_ex_o \id_stage_i.ex_ready_i }.
    No candidates found.
Removing 2 cells in module cv32e40p_core:
  Removing cell $2430 ($mul).
  Removing cell $2469 ($mul).

3.15. Executing OPT pass (performing simple optimizations).

3.15.1. Executing OPT_EXPR pass (perform const folding).
Optimizing module cv32e40p_core.
<suppressed ~38 debug messages>

3.15.2. Executing OPT_MERGE pass (detect identical cells).
Finding identical cells in module `\cv32e40p_core'.
Removed a total of 0 cells.

3.15.3. Executing OPT_MUXTREE pass (detect dead branches in mux trees).
Running muxtree optimizer on module \cv32e40p_core..
  Creating internal representation of mux trees.
  Evaluating internal representation of mux trees.
  Analyzing evaluation results.
    dead port 1/3 on $pmux $procmux$16981.
    dead port 1/11 on $pmux $procmux$17009.
    dead port 2/11 on $pmux $procmux$17009.
    dead port 3/11 on $pmux $procmux$17009.
    dead port 4/11 on $pmux $procmux$17009.
    dead port 5/11 on $pmux $procmux$17009.
    dead port 6/11 on $pmux $procmux$17009.
    dead port 7/11 on $pmux $procmux$17009.
    dead port 3/5 on $pmux $procmux$17029.
Removed 9 multiplexer ports.
<suppressed ~6646 debug messages>

3.15.4. Executing OPT_REDUCE pass (consolidate $*mux and $reduce_* inputs).
  Optimizing cells in module \cv32e40p_core.
Performed a total of 0 changes.

3.15.5. Executing OPT_MERGE pass (detect identical cells).
Finding identical cells in module `\cv32e40p_core'.
<suppressed ~12 debug messages>
Removed a total of 4 cells.

3.15.6. Executing OPT_DFF pass (perform DFF optimizations).
Setting constant 0-bit at position 5 on $auto$ff.cc:337:slice$19567 ($adffe) from module cv32e40p_core.
Setting constant 0-bit at position 1 on $auto$ff.cc:337:slice$19657 ($adffe) from module cv32e40p_core.

3.15.7. Executing OPT_CLEAN pass (remove unused cells and wires).
Finding unused cells or wires in module \cv32e40p_core..
Removed 42 unused cells and 80 unused wires.
<suppressed ~52 debug messages>

3.15.8. Executing OPT_EXPR pass (perform const folding).
Optimizing module cv32e40p_core.

3.15.9. Rerunning OPT passes. (Maybe there is more to do..)

3.15.10. Executing OPT_MUXTREE pass (detect dead branches in mux trees).
Running muxtree optimizer on module \cv32e40p_core..
  Creating internal representation of mux trees.
  Evaluating internal representation of mux trees.
  Analyzing evaluation results.
Removed 0 multiplexer ports.
<suppressed ~6650 debug messages>

3.15.11. Executing OPT_REDUCE pass (consolidate $*mux and $reduce_* inputs).
  Optimizing cells in module \cv32e40p_core.
Performed a total of 0 changes.

3.15.12. Executing OPT_MERGE pass (detect identical cells).
Finding identical cells in module `\cv32e40p_core'.
Removed a total of 0 cells.

3.15.13. Executing OPT_DFF pass (perform DFF optimizations).
Setting constant 0-bit at position 1 on $auto$ff.cc:337:slice$19397 ($adffe) from module cv32e40p_core.

3.15.14. Executing OPT_CLEAN pass (remove unused cells and wires).
Finding unused cells or wires in module \cv32e40p_core..

3.15.15. Executing OPT_EXPR pass (perform const folding).
Optimizing module cv32e40p_core.
<suppressed ~9 debug messages>

3.15.16. Rerunning OPT passes. (Maybe there is more to do..)

3.15.17. Executing OPT_MUXTREE pass (detect dead branches in mux trees).
Running muxtree optimizer on module \cv32e40p_core..
  Creating internal representation of mux trees.
  Evaluating internal representation of mux trees.
  Analyzing evaluation results.
Removed 0 multiplexer ports.
<suppressed ~6306 debug messages>

3.15.18. Executing OPT_REDUCE pass (consolidate $*mux and $reduce_* inputs).
  Optimizing cells in module \cv32e40p_core.
Performed a total of 0 changes.

3.15.19. Executing OPT_MERGE pass (detect identical cells).
Finding identical cells in module `\cv32e40p_core'.
Removed a total of 0 cells.

3.15.20. Executing OPT_DFF pass (perform DFF optimizations).

3.15.21. Executing OPT_CLEAN pass (remove unused cells and wires).
Finding unused cells or wires in module \cv32e40p_core..
Removed 0 unused cells and 9 unused wires.
<suppressed ~1 debug messages>

3.15.22. Executing OPT_EXPR pass (perform const folding).
Optimizing module cv32e40p_core.

3.15.23. Rerunning OPT passes. (Maybe there is more to do..)

3.15.24. Executing OPT_MUXTREE pass (detect dead branches in mux trees).
Running muxtree optimizer on module \cv32e40p_core..
  Creating internal representation of mux trees.
  Evaluating internal representation of mux trees.
  Analyzing evaluation results.
Removed 0 multiplexer ports.
<suppressed ~6306 debug messages>

3.15.25. Executing OPT_REDUCE pass (consolidate $*mux and $reduce_* inputs).
  Optimizing cells in module \cv32e40p_core.
Performed a total of 0 changes.

3.15.26. Executing OPT_MERGE pass (detect identical cells).
Finding identical cells in module `\cv32e40p_core'.
Removed a total of 0 cells.

3.15.27. Executing OPT_DFF pass (perform DFF optimizations).

3.15.28. Executing OPT_CLEAN pass (remove unused cells and wires).
Finding unused cells or wires in module \cv32e40p_core..

3.15.29. Executing OPT_EXPR pass (perform const folding).
Optimizing module cv32e40p_core.

3.15.30. Finished fast OPT passes. (There is nothing left to do.)

3.16. Executing MEMORY pass.

3.16.1. Executing OPT_MEM pass (optimize memories).
Performed a total of 0 transformations.

3.16.2. Executing OPT_MEM_PRIORITY pass (removing unnecessary memory write priority relations).
Performed a total of 0 transformations.

3.16.3. Executing OPT_MEM_FEEDBACK pass (finding memory read-to-write feedback paths).

3.16.4. Executing MEMORY_BMUX2ROM pass (converting muxes to ROMs).

3.16.5. Executing MEMORY_DFF pass (merging $dff cells to $memrd).

3.16.6. Executing OPT_CLEAN pass (remove unused cells and wires).
Finding unused cells or wires in module \cv32e40p_core..

3.16.7. Executing MEMORY_SHARE pass (consolidating $memrd/$memwr cells).

3.16.8. Executing OPT_MEM_WIDEN pass (optimize memories where all ports are wide).
Performed a total of 0 transformations.

3.16.9. Executing OPT_CLEAN pass (remove unused cells and wires).
Finding unused cells or wires in module \cv32e40p_core..

3.16.10. Executing MEMORY_COLLECT pass (generating $mem cells).

3.17. Executing OPT_CLEAN pass (remove unused cells and wires).
Finding unused cells or wires in module \cv32e40p_core..

3.18. Executing OPT pass (performing simple optimizations).

3.18.1. Executing OPT_EXPR pass (perform const folding).
Optimizing module cv32e40p_core.
<suppressed ~494 debug messages>

3.18.2. Executing OPT_MERGE pass (detect identical cells).
Finding identical cells in module `\cv32e40p_core'.
<suppressed ~41 debug messages>
Removed a total of 11 cells.

3.18.3. Executing OPT_DFF pass (perform DFF optimizations).
Adding EN signal on $auto$ff.cc:337:slice$19440 ($adffe) from module cv32e40p_core (D = \if_stage_i.aligner_i.pc_n [1], Q = \if_stage_i.aligner_i.pc_q [1]).
Adding EN signal on $auto$ff.cc:337:slice$19440 ($adffe) from module cv32e40p_core (D = \if_stage_i.aligner_i.pc_n [0], Q = \if_stage_i.aligner_i.pc_q [0]).
Setting constant 0-bit at position 0 on $auto$ff.cc:337:slice$19430 ($adffe) from module cv32e40p_core.
Setting constant 0-bit at position 0 on $auto$ff.cc:337:slice$19770 ($adffe) from module cv32e40p_core.

3.18.4. Executing OPT_CLEAN pass (remove unused cells and wires).
Finding unused cells or wires in module \cv32e40p_core..
Removed 28 unused cells and 203 unused wires.
<suppressed ~29 debug messages>

3.18.5. Rerunning OPT passes. (Removed registers in this run.)

3.18.6. Executing OPT_EXPR pass (perform const folding).
Optimizing module cv32e40p_core.
<suppressed ~43 debug messages>

3.18.7. Executing OPT_MERGE pass (detect identical cells).
Finding identical cells in module `\cv32e40p_core'.
<suppressed ~3 debug messages>
Removed a total of 1 cells.

3.18.8. Executing OPT_DFF pass (perform DFF optimizations).

3.18.9. Executing OPT_CLEAN pass (remove unused cells and wires).
Finding unused cells or wires in module \cv32e40p_core..
Removed 0 unused cells and 24 unused wires.
<suppressed ~1 debug messages>

3.18.10. Finished fast OPT passes.

3.19. Executing MEMORY_MAP pass (converting memories to logic and flip-flops).

3.20. Executing OPT pass (performing simple optimizations).

3.20.1. Executing OPT_EXPR pass (perform const folding).
Optimizing module cv32e40p_core.

3.20.2. Executing OPT_MERGE pass (detect identical cells).
Finding identical cells in module `\cv32e40p_core'.
Removed a total of 0 cells.

3.20.3. Executing OPT_MUXTREE pass (detect dead branches in mux trees).
Running muxtree optimizer on module \cv32e40p_core..
  Creating internal representation of mux trees.
  Evaluating internal representation of mux trees.
  Analyzing evaluation results.
Removed 0 multiplexer ports.
<suppressed ~5753 debug messages>

3.20.4. Executing OPT_REDUCE pass (consolidate $*mux and $reduce_* inputs).
  Optimizing cells in module \cv32e40p_core.
    New input vector for $reduce_and cell $auto$opt_dff.cc:273:make_patterns_logic$20455: { \if_stage_i.aligner_i.update_state \if_stage_i.branch_req $auto$opt_dff.cc:247:make_patterns_logic$19441 $auto$opt_dff.cc:247:make_patterns_logic$19443 }
    New input vector for $reduce_and cell $auto$opt_dff.cc:273:make_patterns_logic$20450: { \if_stage_i.aligner_i.update_state $auto$opt_dff.cc:247:make_patterns_logic$19441 $auto$opt_dff.cc:247:make_patterns_logic$19443 $auto$opt_dff.cc:247:make_patterns_logic$20445 $auto$opt_dff.cc:247:make_patterns_logic$20447 }
    Consolidated identical input bits for $mux cell $1369:
      Old ports: A=2'00, B=2'11, Y=$1369y
      New ports: A=1'0, B=1'1, Y=$1369y [0]
      New connections: $1369y [1] = $1369y [0]
    Consolidated identical input bits for $mux cell $1439:
      Old ports: A=2'10, B=2'00, Y=$1439y
      New ports: A=1'1, B=1'0, Y=$1439y [1]
      New connections: $1439y [0] = 1'0
    Consolidated identical input bits for $mux cell $2033:
      Old ports: A={ $2032y $2032y $2032y $2032y $2032y $2032y $2032y $2032y $2032y $2032y $2032y $2032y $2032y $2032y $2032y $2032y $2032y $2032y $2032y $2032y $2032y $2032y $2032y $2032y $2032y $2032y $2032y $2032y $2032y $2032y $2032y $2032y \ex_stage_i.alu_i.shift_op_a }, B={ \ex_stage_i.alu_i.shift_op_a \ex_stage_i.alu_i.shift_op_a }, Y=\ex_stage_i.alu_i.shift_op_a_32
      New ports: A={ $2032y $2032y $2032y $2032y $2032y $2032y $2032y $2032y $2032y $2032y $2032y $2032y $2032y $2032y $2032y $2032y $2032y $2032y $2032y $2032y $2032y $2032y $2032y $2032y $2032y $2032y $2032y $2032y $2032y $2032y $2032y $2032y }, B=\ex_stage_i.alu_i.shift_op_a, Y=\ex_stage_i.alu_i.shift_op_a_32 [63:32]
      New connections: \ex_stage_i.alu_i.shift_op_a_32 [31:0] = \ex_stage_i.alu_i.shift_op_a
    Consolidated identical input bits for $mux cell $2251:
      Old ports: A={ 4'0001 \ex_stage_i.alu_i.ff_one_i.index_nodes [80] }, B={ 4'0000 \ex_stage_i.alu_i.ff_one_i.index_nodes [75] }, Y=\ex_stage_i.alu_i.ff_one_i.index_nodes [39:35]
      New ports: A={ 1'1 \ex_stage_i.alu_i.ff_one_i.index_nodes [80] }, B={ 1'0 \ex_stage_i.alu_i.ff_one_i.index_nodes [75] }, Y=\ex_stage_i.alu_i.ff_one_i.index_nodes [36:35]
      New connections: \ex_stage_i.alu_i.ff_one_i.index_nodes [39:37] = 3'000
    Consolidated identical input bits for $mux cell $2254:
      Old ports: A={ 4'0011 \ex_stage_i.alu_i.ff_one_i.index_nodes [90] }, B={ 4'0010 \ex_stage_i.alu_i.ff_one_i.index_nodes [85] }, Y=\ex_stage_i.alu_i.ff_one_i.index_nodes [44:40]
      New ports: A={ 1'1 \ex_stage_i.alu_i.ff_one_i.index_nodes [90] }, B={ 1'0 \ex_stage_i.alu_i.ff_one_i.index_nodes [85] }, Y=\ex_stage_i.alu_i.ff_one_i.index_nodes [41:40]
      New connections: \ex_stage_i.alu_i.ff_one_i.index_nodes [44:42] = 3'001
    Consolidated identical input bits for $mux cell $2257:
      Old ports: A={ 4'0101 \ex_stage_i.alu_i.ff_one_i.index_nodes [100] }, B={ 4'0100 \ex_stage_i.alu_i.ff_one_i.index_nodes [95] }, Y=\ex_stage_i.alu_i.ff_one_i.index_nodes [49:45]
      New ports: A={ 1'1 \ex_stage_i.alu_i.ff_one_i.index_nodes [100] }, B={ 1'0 \ex_stage_i.alu_i.ff_one_i.index_nodes [95] }, Y=\ex_stage_i.alu_i.ff_one_i.index_nodes [46:45]
      New connections: \ex_stage_i.alu_i.ff_one_i.index_nodes [49:47] = 3'010
    Consolidated identical input bits for $mux cell $2260:
      Old ports: A={ 4'0111 \ex_stage_i.alu_i.ff_one_i.index_nodes [110] }, B={ 4'0110 \ex_stage_i.alu_i.ff_one_i.index_nodes [105] }, Y=\ex_stage_i.alu_i.ff_one_i.index_nodes [54:50]
      New ports: A={ 1'1 \ex_stage_i.alu_i.ff_one_i.index_nodes [110] }, B={ 1'0 \ex_stage_i.alu_i.ff_one_i.index_nodes [105] }, Y=\ex_stage_i.alu_i.ff_one_i.index_nodes [51:50]
      New connections: \ex_stage_i.alu_i.ff_one_i.index_nodes [54:52] = 3'011
    Consolidated identical input bits for $mux cell $2263:
      Old ports: A={ 4'1001 \ex_stage_i.alu_i.ff_one_i.index_nodes [120] }, B={ 4'1000 \ex_stage_i.alu_i.ff_one_i.index_nodes [115] }, Y=\ex_stage_i.alu_i.ff_one_i.index_nodes [59:55]
      New ports: A={ 1'1 \ex_stage_i.alu_i.ff_one_i.index_nodes [120] }, B={ 1'0 \ex_stage_i.alu_i.ff_one_i.index_nodes [115] }, Y=\ex_stage_i.alu_i.ff_one_i.index_nodes [56:55]
      New connections: \ex_stage_i.alu_i.ff_one_i.index_nodes [59:57] = 3'100
    Consolidated identical input bits for $mux cell $2266:
      Old ports: A={ 4'1011 \ex_stage_i.alu_i.ff_one_i.index_nodes [130] }, B={ 4'1010 \ex_stage_i.alu_i.ff_one_i.index_nodes [125] }, Y=\ex_stage_i.alu_i.ff_one_i.index_nodes [64:60]
      New ports: A={ 1'1 \ex_stage_i.alu_i.ff_one_i.index_nodes [130] }, B={ 1'0 \ex_stage_i.alu_i.ff_one_i.index_nodes [125] }, Y=\ex_stage_i.alu_i.ff_one_i.index_nodes [61:60]
      New connections: \ex_stage_i.alu_i.ff_one_i.index_nodes [64:62] = 3'101
    Consolidated identical input bits for $mux cell $2269:
      Old ports: A={ 4'1101 \ex_stage_i.alu_i.ff_one_i.index_nodes [140] }, B={ 4'1100 \ex_stage_i.alu_i.ff_one_i.index_nodes [135] }, Y=\ex_stage_i.alu_i.ff_one_i.index_nodes [69:65]
      New ports: A={ 1'1 \ex_stage_i.alu_i.ff_one_i.index_nodes [140] }, B={ 1'0 \ex_stage_i.alu_i.ff_one_i.index_nodes [135] }, Y=\ex_stage_i.alu_i.ff_one_i.index_nodes [66:65]
      New connections: \ex_stage_i.alu_i.ff_one_i.index_nodes [69:67] = 3'110
    Consolidated identical input bits for $mux cell $2272:
      Old ports: A={ 4'1111 \ex_stage_i.alu_i.ff_one_i.index_nodes [150] }, B={ 4'1110 \ex_stage_i.alu_i.ff_one_i.index_nodes [145] }, Y=\ex_stage_i.alu_i.ff_one_i.index_nodes [74:70]
      New ports: A={ 1'1 \ex_stage_i.alu_i.ff_one_i.index_nodes [150] }, B={ 1'0 \ex_stage_i.alu_i.ff_one_i.index_nodes [145] }, Y=\ex_stage_i.alu_i.ff_one_i.index_nodes [71:70]
      New connections: \ex_stage_i.alu_i.ff_one_i.index_nodes [74:72] = 3'111
    Consolidated identical input bits for $mux cell $2429:
      Old ports: A={ \ex_stage_i.mult_i.mulh_carry_q \id_stage_i.mult_operand_c_ex_o }, B={ \id_stage_i.mult_operand_c_ex_o [31] \id_stage_i.mult_operand_c_ex_o }, Y=\ex_stage_i.mult_i.short_op_c
      New ports: A=\ex_stage_i.mult_i.mulh_carry_q, B=\id_stage_i.mult_operand_c_ex_o [31], Y=\ex_stage_i.mult_i.short_op_c [32]
      New connections: \ex_stage_i.mult_i.short_op_c [31:0] = \id_stage_i.mult_operand_c_ex_o
    Consolidated identical input bits for $bmux cell $2676:
      Old ports: A={ 912'000000000000000000000000000000000000000000000000000000000000000000000000000000000000000000000000000000000000000000000000000000000000000000000000000000000000000000000000000000000000000000000000000000000000000000000000000000000000000000000000000000000000000000000000000000000000000000000000000000000000000000000000000000000000000000000000000000000000000000000000000000000000000000000000000000000000000000000000000000000000000000000000000000000000000000000000000000000000000000000000000000000000000000000000000000000000000000000000000000000000000000000000000000000000000000000000000000000000000000000000000000000000000000000000000000000000000000000000000000000000000000000000000000000000000000000000000000000000000000000000000000000000000000000000000000000000000000000000000000000000000000000000000000000000000000000000000000000000000000000000000000000000000000000000000000000000000000000000000000000000000000000000 \cs_registers_i.mhpmevent_q [111:96] 96'000000000000000000000000000000000000000000000000000000000000000000000000000000000000000000000000 }, Y=$2676y
      New ports: A={ 448'0000000000000000000000000000000000000000000000000000000000000000000000000000000000000000000000000000000000000000000000000000000000000000000000000000000000000000000000000000000000000000000000000000000000000000000000000000000000000000000000000000000000000000000000000000000000000000000000000000000000000000000000000000000000000000000000000000000000000000000000000000000000000000000000000000000000000000000000000000000000000000000000000000000000000000 \cs_registers_i.mhpmevent_q [111:96] 48'000000000000000000000000000000000000000000000000 }, Y=$2676y [15:0]
      New connections: $2676y [31:16] = 16'0000000000000000
    Consolidated identical input bits for $mux cell $2868:
      Old ports: A=32'11111111111111111111111111111111, B=0, Y=$105y
      New ports: A=1'1, B=1'0, Y=$105y [0]
      New connections: $105y [31:1] = { $105y [0] $105y [0] $105y [0] $105y [0] $105y [0] $105y [0] $105y [0] $105y [0] $105y [0] $105y [0] $105y [0] $105y [0] $105y [0] $105y [0] $105y [0] $105y [0] $105y [0] $105y [0] $105y [0] $105y [0] $105y [0] $105y [0] $105y [0] $105y [0] $105y [0] $105y [0] $105y [0] $105y [0] $105y [0] $105y [0] $105y [0] }
    Consolidated identical input bits for $mux cell $401:
      Old ports: A=3'100, B=3'010, Y=$401y
      New ports: A=2'10, B=2'01, Y=$401y [2:1]
      New connections: $401y [0] = 1'0
    Consolidated identical input bits for $mux cell $53:
      Old ports: A={ \if_stage_i.prefetch_buffer_i.prefetch_controller_i.trans_addr_q [31:2] 2'x }, B={ \if_stage_i.branch_addr_n [31:2] 2'00 }, Y=$53y
      New ports: A={ \if_stage_i.prefetch_buffer_i.prefetch_controller_i.trans_addr_q [31:2] 1'x }, B={ \if_stage_i.branch_addr_n [31:2] 1'0 }, Y={ $53y [31:2] $53y [0] }
      New connections: $53y [1] = $53y [0]
    Consolidated identical input bits for $mux cell $981:
      Old ports: A=2'10, B=2'00, Y=$981y
      New ports: A=1'1, B=1'0, Y=$981y [1]
      New connections: $981y [0] = 1'0
    Consolidated identical input bits for $mux cell $983:
      Old ports: A=2'11, B=2'00, Y=$983y
      New ports: A=1'1, B=1'0, Y=$983y [0]
      New connections: $983y [1] = $983y [0]
    Consolidated identical input bits for $mux cell $procmux$11434:
      Old ports: A=3'000, B=3'100, Y=$auto$wreduce.cc:514:run$20037 [2:0]
      New ports: A=1'0, B=1'1, Y=$auto$wreduce.cc:514:run$20037 [2]
      New connections: $auto$wreduce.cc:514:run$20037 [1:0] = 2'00
    New ctrl vector for $pmux cell $procmux$11616: \id_stage_i.controller_i.ctrl_fsm_cs [3]
    New ctrl vector for $pmux cell $procmux$11847: { \id_stage_i.controller_i.ctrl_fsm_cs [2] \id_stage_i.controller_i.ctrl_fsm_cs [3] }
    New ctrl vector for $pmux cell $procmux$11874: { \id_stage_i.controller_i.ctrl_fsm_cs [2] \id_stage_i.controller_i.ctrl_fsm_cs [9] }
    Consolidated identical input bits for $mux cell $procmux$121:
      Old ports: A={ 24'000000000000000000000000 \data_rdata_i [31:24] }, B={ \data_rdata_i [31] \data_rdata_i [31] \data_rdata_i [31] \data_rdata_i [31] \data_rdata_i [31] \data_rdata_i [31] \data_rdata_i [31] \data_rdata_i [31] \data_rdata_i [31] \data_rdata_i [31] \data_rdata_i [31] \data_rdata_i [31] \data_rdata_i [31] \data_rdata_i [31] \data_rdata_i [31] \data_rdata_i [31] \data_rdata_i [31] \data_rdata_i [31] \data_rdata_i [31] \data_rdata_i [31] \data_rdata_i [31] \data_rdata_i [31] \data_rdata_i [31] \data_rdata_i [31] \data_rdata_i [31:24] }, Y=$load_store_unit_i.rdata_b_ext$2600
      New ports: A=1'0, B=\data_rdata_i [31], Y=$load_store_unit_i.rdata_b_ext$2600 [8]
      New connections: { $load_store_unit_i.rdata_b_ext$2600 [31:9] $load_store_unit_i.rdata_b_ext$2600 [7:0] } = { $load_store_unit_i.rdata_b_ext$2600 [8] $load_store_unit_i.rdata_b_ext$2600 [8] $load_store_unit_i.rdata_b_ext$2600 [8] $load_store_unit_i.rdata_b_ext$2600 [8] $load_store_unit_i.rdata_b_ext$2600 [8] $load_store_unit_i.rdata_b_ext$2600 [8] $load_store_unit_i.rdata_b_ext$2600 [8] $load_store_unit_i.rdata_b_ext$2600 [8] $load_store_unit_i.rdata_b_ext$2600 [8] $load_store_unit_i.rdata_b_ext$2600 [8] $load_store_unit_i.rdata_b_ext$2600 [8] $load_store_unit_i.rdata_b_ext$2600 [8] $load_store_unit_i.rdata_b_ext$2600 [8] $load_store_unit_i.rdata_b_ext$2600 [8] $load_store_unit_i.rdata_b_ext$2600 [8] $load_store_unit_i.rdata_b_ext$2600 [8] $load_store_unit_i.rdata_b_ext$2600 [8] $load_store_unit_i.rdata_b_ext$2600 [8] $load_store_unit_i.rdata_b_ext$2600 [8] $load_store_unit_i.rdata_b_ext$2600 [8] $load_store_unit_i.rdata_b_ext$2600 [8] $load_store_unit_i.rdata_b_ext$2600 [8] $load_store_unit_i.rdata_b_ext$2600 [8] \data_rdata_i [31:24] }
    Consolidated identical input bits for $mux cell $procmux$12381:
      Old ports: A=2'00, B=2'10, Y=$auto$wreduce.cc:514:run$20054 [1:0]
      New ports: A=1'0, B=1'1, Y=$auto$wreduce.cc:514:run$20054 [1]
      New connections: $auto$wreduce.cc:514:run$20054 [0] = 1'0
    Consolidated identical input bits for $mux cell $procmux$12412:
      Old ports: A=3'010, B={ 1'0 $auto$wreduce.cc:514:run$20060 [1:0] }, Y=$id_stage_i.decoder_i.alu_op_b_mux_sel_o$1021
      New ports: A=2'10, B=$auto$wreduce.cc:514:run$20060 [1:0], Y=$id_stage_i.decoder_i.alu_op_b_mux_sel_o$1021 [1:0]
      New connections: $id_stage_i.decoder_i.alu_op_b_mux_sel_o$1021 [2] = 1'0
    Consolidated identical input bits for $mux cell $procmux$12455:
      Old ports: A=2'00, B=2'10, Y=$auto$wreduce.cc:514:run$20058 [1:0]
      New ports: A=1'0, B=1'1, Y=$auto$wreduce.cc:514:run$20058 [1]
      New connections: $auto$wreduce.cc:514:run$20058 [0] = 1'0
    Consolidated identical input bits for $mux cell $procmux$12470:
      Old ports: A=5'00011, B=5'11000, Y=$auto$wreduce.cc:514:run$20071 [4:0]
      New ports: A=2'01, B=2'10, Y={ $auto$wreduce.cc:514:run$20071 [3] $auto$wreduce.cc:514:run$20071 [0] }
      New connections: { $auto$wreduce.cc:514:run$20071 [4] $auto$wreduce.cc:514:run$20071 [2:1] } = { $auto$wreduce.cc:514:run$20071 [3] 1'0 $auto$wreduce.cc:514:run$20071 [0] }
    Consolidated identical input bits for $mux cell $procmux$137:
      Old ports: A={ 24'000000000000000000000000 \data_rdata_i [23:16] }, B={ \data_rdata_i [23] \data_rdata_i [23] \data_rdata_i [23] \data_rdata_i [23] \data_rdata_i [23] \data_rdata_i [23] \data_rdata_i [23] \data_rdata_i [23] \data_rdata_i [23] \data_rdata_i [23] \data_rdata_i [23] \data_rdata_i [23] \data_rdata_i [23] \data_rdata_i [23] \data_rdata_i [23] \data_rdata_i [23] \data_rdata_i [23] \data_rdata_i [23] \data_rdata_i [23] \data_rdata_i [23] \data_rdata_i [23] \data_rdata_i [23] \data_rdata_i [23] \data_rdata_i [23] \data_rdata_i [23:16] }, Y=$load_store_unit_i.rdata_b_ext$2596
      New ports: A=1'0, B=\data_rdata_i [23], Y=$load_store_unit_i.rdata_b_ext$2596 [8]
      New connections: { $load_store_unit_i.rdata_b_ext$2596 [31:9] $load_store_unit_i.rdata_b_ext$2596 [7:0] } = { $load_store_unit_i.rdata_b_ext$2596 [8] $load_store_unit_i.rdata_b_ext$2596 [8] $load_store_unit_i.rdata_b_ext$2596 [8] $load_store_unit_i.rdata_b_ext$2596 [8] $load_store_unit_i.rdata_b_ext$2596 [8] $load_store_unit_i.rdata_b_ext$2596 [8] $load_store_unit_i.rdata_b_ext$2596 [8] $load_store_unit_i.rdata_b_ext$2596 [8] $load_store_unit_i.rdata_b_ext$2596 [8] $load_store_unit_i.rdata_b_ext$2596 [8] $load_store_unit_i.rdata_b_ext$2596 [8] $load_store_unit_i.rdata_b_ext$2596 [8] $load_store_unit_i.rdata_b_ext$2596 [8] $load_store_unit_i.rdata_b_ext$2596 [8] $load_store_unit_i.rdata_b_ext$2596 [8] $load_store_unit_i.rdata_b_ext$2596 [8] $load_store_unit_i.rdata_b_ext$2596 [8] $load_store_unit_i.rdata_b_ext$2596 [8] $load_store_unit_i.rdata_b_ext$2596 [8] $load_store_unit_i.rdata_b_ext$2596 [8] $load_store_unit_i.rdata_b_ext$2596 [8] $load_store_unit_i.rdata_b_ext$2596 [8] $load_store_unit_i.rdata_b_ext$2596 [8] \data_rdata_i [23:16] }
    Consolidated identical input bits for $mux cell $procmux$14015:
      Old ports: A=2'00, B=2'11, Y=$auto$wreduce.cc:514:run$20051 [1:0]
      New ports: A=1'0, B=1'1, Y=$auto$wreduce.cc:514:run$20051 [0]
      New connections: $auto$wreduce.cc:514:run$20051 [1] = $auto$wreduce.cc:514:run$20051 [0]
    Consolidated identical input bits for $mux cell $procmux$14855:
      Old ports: A=6'000011, B=6'100100, Y=$auto$wreduce.cc:514:run$20066 [5:0]
      New ports: A=2'01, B=2'10, Y={ $auto$wreduce.cc:514:run$20066 [2] $auto$wreduce.cc:514:run$20066 [0] }
      New connections: { $auto$wreduce.cc:514:run$20066 [5:3] $auto$wreduce.cc:514:run$20066 [1] } = { $auto$wreduce.cc:514:run$20066 [2] 2'00 $auto$wreduce.cc:514:run$20066 [0] }
    Consolidated identical input bits for $pmux cell $procmux$14953:
      Old ports: A=7'0011000, B={ 43'0000010000001101011110101110001010101001110 $auto$wreduce.cc:514:run$20067 [5:0] }, Y=$id_stage_i.decoder_i.alu_operator_o$868
      New ports: A=6'011000, B={ 36'000010000011101111101110010101100111 $auto$wreduce.cc:514:run$20067 [5:0] }, Y=$id_stage_i.decoder_i.alu_operator_o$868 [5:0]
      New connections: $id_stage_i.decoder_i.alu_operator_o$868 [6] = 1'0
    Consolidated identical input bits for $mux cell $procmux$15408:
      Old ports: A=2'00, B=2'10, Y=$auto$wreduce.cc:514:run$20057 [1:0]
      New ports: A=1'0, B=1'1, Y=$auto$wreduce.cc:514:run$20057 [1]
      New connections: $auto$wreduce.cc:514:run$20057 [0] = 1'0
    Consolidated identical input bits for $mux cell $procmux$15429:
      Old ports: A=5'00011, B=5'11000, Y=$auto$wreduce.cc:514:run$20065 [4:0]
      New ports: A=2'01, B=2'10, Y={ $auto$wreduce.cc:514:run$20065 [3] $auto$wreduce.cc:514:run$20065 [0] }
      New connections: { $auto$wreduce.cc:514:run$20065 [4] $auto$wreduce.cc:514:run$20065 [2:1] } = { $auto$wreduce.cc:514:run$20065 [3] 1'0 $auto$wreduce.cc:514:run$20065 [0] }
    Consolidated identical input bits for $mux cell $procmux$155:
      Old ports: A={ 24'000000000000000000000000 \data_rdata_i [15:8] }, B={ \data_rdata_i [15] \data_rdata_i [15] \data_rdata_i [15] \data_rdata_i [15] \data_rdata_i [15] \data_rdata_i [15] \data_rdata_i [15] \data_rdata_i [15] \data_rdata_i [15] \data_rdata_i [15] \data_rdata_i [15] \data_rdata_i [15] \data_rdata_i [15] \data_rdata_i [15] \data_rdata_i [15] \data_rdata_i [15] \data_rdata_i [15] \data_rdata_i [15] \data_rdata_i [15] \data_rdata_i [15] \data_rdata_i [15] \data_rdata_i [15] \data_rdata_i [15] \data_rdata_i [15] \data_rdata_i [15:8] }, Y=$load_store_unit_i.rdata_b_ext$2592
      New ports: A=1'0, B=\data_rdata_i [15], Y=$load_store_unit_i.rdata_b_ext$2592 [8]
      New connections: { $load_store_unit_i.rdata_b_ext$2592 [31:9] $load_store_unit_i.rdata_b_ext$2592 [7:0] } = { $load_store_unit_i.rdata_b_ext$2592 [8] $load_store_unit_i.rdata_b_ext$2592 [8] $load_store_unit_i.rdata_b_ext$2592 [8] $load_store_unit_i.rdata_b_ext$2592 [8] $load_store_unit_i.rdata_b_ext$2592 [8] $load_store_unit_i.rdata_b_ext$2592 [8] $load_store_unit_i.rdata_b_ext$2592 [8] $load_store_unit_i.rdata_b_ext$2592 [8] $load_store_unit_i.rdata_b_ext$2592 [8] $load_store_unit_i.rdata_b_ext$2592 [8] $load_store_unit_i.rdata_b_ext$2592 [8] $load_store_unit_i.rdata_b_ext$2592 [8] $load_store_unit_i.rdata_b_ext$2592 [8] $load_store_unit_i.rdata_b_ext$2592 [8] $load_store_unit_i.rdata_b_ext$2592 [8] $load_store_unit_i.rdata_b_ext$2592 [8] $load_store_unit_i.rdata_b_ext$2592 [8] $load_store_unit_i.rdata_b_ext$2592 [8] $load_store_unit_i.rdata_b_ext$2592 [8] $load_store_unit_i.rdata_b_ext$2592 [8] $load_store_unit_i.rdata_b_ext$2592 [8] $load_store_unit_i.rdata_b_ext$2592 [8] $load_store_unit_i.rdata_b_ext$2592 [8] \data_rdata_i [15:8] }
    Consolidated identical input bits for $mux cell $procmux$15652:
      Old ports: A=2'10, B=2'00, Y=$auto$wreduce.cc:514:run$20055 [1:0]
      New ports: A=1'1, B=1'0, Y=$auto$wreduce.cc:514:run$20055 [1]
      New connections: $auto$wreduce.cc:514:run$20055 [0] = 1'0
    Consolidated identical input bits for $mux cell $procmux$15968:
      Old ports: A=5'00011, B=5'11000, Y=$auto$wreduce.cc:514:run$20064 [4:0]
      New ports: A=2'01, B=2'10, Y={ $auto$wreduce.cc:514:run$20064 [3] $auto$wreduce.cc:514:run$20064 [0] }
      New connections: { $auto$wreduce.cc:514:run$20064 [4] $auto$wreduce.cc:514:run$20064 [2:1] } = { $auto$wreduce.cc:514:run$20064 [3] 1'0 $auto$wreduce.cc:514:run$20064 [0] }
    Consolidated identical input bits for $mux cell $procmux$16127:
      Old ports: A=2'10, B=2'00, Y=$id_stage_i.decoder_i.ctrl_transfer_insn$797
      New ports: A=1'1, B=1'0, Y=$id_stage_i.decoder_i.ctrl_transfer_insn$797 [1]
      New connections: $id_stage_i.decoder_i.ctrl_transfer_insn$797 [0] = 1'0
    Consolidated identical input bits for $mux cell $procmux$17025:
      Old ports: A={ 27'000000000000000000000000000 \if_stage_i.instr_rdata_id_o [19:15] }, B=0, Y=\id_stage_i.imm_a
      New ports: A=\if_stage_i.instr_rdata_id_o [19:15], B=5'00000, Y=\id_stage_i.imm_a [4:0]
      New connections: \id_stage_i.imm_a [31:5] = 27'000000000000000000000000000
    Consolidated identical input bits for $mux cell $procmux$17079:
      Old ports: A={ 7'0000000 \if_stage_i.compressed_decoder_i.instr_i [6:2] \if_stage_i.compressed_decoder_i.instr_i [11:7] 3'000 \if_stage_i.compressed_decoder_i.instr_i [11:7] 7'0110011 }, B={ 11'00000000000 $auto$wreduce.cc:514:run$20096 [20:0] }, Y=$if_stage_i.compressed_decoder_i.instr_o$318
      New ports: A={ \if_stage_i.compressed_decoder_i.instr_i [6:2] \if_stage_i.compressed_decoder_i.instr_i [11:7] 3'000 \if_stage_i.compressed_decoder_i.instr_i [11:7] 7'0110011 }, B={ 4'0000 $auto$wreduce.cc:514:run$20096 [20:0] }, Y=$if_stage_i.compressed_decoder_i.instr_o$318 [24:0]
      New connections: $if_stage_i.compressed_decoder_i.instr_o$318 [31:25] = 7'0000000
    Consolidated identical input bits for $mux cell $procmux$17094:
      Old ports: A={ 1'0 \if_stage_i.compressed_decoder_i.instr_i [11:7] 15'000000011100111 }, B=21'100000000000001110011, Y=$auto$wreduce.cc:514:run$20096 [20:0]
      New ports: A={ \if_stage_i.compressed_decoder_i.instr_i [11:7] 2'01 }, B=7'0000010, Y={ $auto$wreduce.cc:514:run$20096 [19:15] $auto$wreduce.cc:514:run$20096 [4] $auto$wreduce.cc:514:run$20096 [2] }
      New connections: { $auto$wreduce.cc:514:run$20096 [20] $auto$wreduce.cc:514:run$20096 [14:5] $auto$wreduce.cc:514:run$20096 [3] $auto$wreduce.cc:514:run$20096 [1:0] } = { $auto$wreduce.cc:514:run$20096 [4] 7'0000000 $auto$wreduce.cc:514:run$20096 [2] 5'11011 }
    Consolidated identical input bits for $mux cell $procmux$17142:
      Old ports: A={ \if_stage_i.compressed_decoder_i.instr_i [6:2] 8'00000000 \if_stage_i.compressed_decoder_i.instr_i [11:7] 7'0110011 }, B={ 5'00000 \if_stage_i.compressed_decoder_i.instr_i [11:7] 15'000000001100111 }, Y=$auto$wreduce.cc:514:run$20095 [24:0]
      New ports: A={ \if_stage_i.compressed_decoder_i.instr_i [6:2] 5'00000 \if_stage_i.compressed_decoder_i.instr_i [11:7] 2'10 }, B={ 5'00000 \if_stage_i.compressed_decoder_i.instr_i [11:7] 7'0000001 }, Y={ $auto$wreduce.cc:514:run$20095 [24:15] $auto$wreduce.cc:514:run$20095 [11:7] $auto$wreduce.cc:514:run$20095 [4] $auto$wreduce.cc:514:run$20095 [2] }
      New connections: { $auto$wreduce.cc:514:run$20095 [14:12] $auto$wreduce.cc:514:run$20095 [6:5] $auto$wreduce.cc:514:run$20095 [3] $auto$wreduce.cc:514:run$20095 [1:0] } = { 3'000 $auto$wreduce.cc:514:run$20095 [2] 4'1011 }
    Consolidated identical input bits for $pmux cell $procmux$17314:
      Old ports: A=31'0000000000000000000000000000000, B={ 8'10000001 \if_stage_i.compressed_decoder_i.instr_i [4:2] 2'01 \if_stage_i.compressed_decoder_i.instr_i [9:7] 5'00001 \if_stage_i.compressed_decoder_i.instr_i [9:7] 15'011001100000001 \if_stage_i.compressed_decoder_i.instr_i [4:2] 2'01 \if_stage_i.compressed_decoder_i.instr_i [9:7] 5'10001 \if_stage_i.compressed_decoder_i.instr_i [9:7] 15'011001100000001 \if_stage_i.compressed_decoder_i.instr_i [4:2] 2'01 \if_stage_i.compressed_decoder_i.instr_i [9:7] 5'11001 \if_stage_i.compressed_decoder_i.instr_i [9:7] 15'011001100000001 \if_stage_i.compressed_decoder_i.instr_i [4:2] 2'01 \if_stage_i.compressed_decoder_i.instr_i [9:7] 5'11101 \if_stage_i.compressed_decoder_i.instr_i [9:7] 7'0110011 }, Y=$auto$wreduce.cc:514:run$20094 [30:0]
      New ports: A=11'00000000000, B={ 1'1 \if_stage_i.compressed_decoder_i.instr_i [4:2] 3'000 \if_stage_i.compressed_decoder_i.instr_i [9:7] 2'10 \if_stage_i.compressed_decoder_i.instr_i [4:2] 3'100 \if_stage_i.compressed_decoder_i.instr_i [9:7] 2'10 \if_stage_i.compressed_decoder_i.instr_i [4:2] 3'110 \if_stage_i.compressed_decoder_i.instr_i [9:7] 2'10 \if_stage_i.compressed_decoder_i.instr_i [4:2] 3'111 \if_stage_i.compressed_decoder_i.instr_i [9:7] 1'1 }, Y={ $auto$wreduce.cc:514:run$20094 [30] $auto$wreduce.cc:514:run$20094 [22:20] $auto$wreduce.cc:514:run$20094 [14:12] $auto$wreduce.cc:514:run$20094 [9:7] $auto$wreduce.cc:514:run$20094 [0] }
      New connections: { $auto$wreduce.cc:514:run$20094 [29:23] $auto$wreduce.cc:514:run$20094 [19:15] $auto$wreduce.cc:514:run$20094 [11:10] $auto$wreduce.cc:514:run$20094 [6:1] } = { 6'000000 $auto$wreduce.cc:514:run$20094 [0] 1'0 $auto$wreduce.cc:514:run$20094 [0] $auto$wreduce.cc:514:run$20094 [9:7] 1'0 $auto$wreduce.cc:514:run$20094 [0] 1'0 $auto$wreduce.cc:514:run$20094 [0] $auto$wreduce.cc:514:run$20094 [0] 2'00 $auto$wreduce.cc:514:run$20094 [0] }
    Consolidated identical input bits for $mux cell $procmux$17417:
      Old ports: A={ \if_stage_i.compressed_decoder_i.instr_i [12] \if_stage_i.compressed_decoder_i.instr_i [12] \if_stage_i.compressed_decoder_i.instr_i [12] \if_stage_i.compressed_decoder_i.instr_i [12] \if_stage_i.compressed_decoder_i.instr_i [12] \if_stage_i.compressed_decoder_i.instr_i [12] \if_stage_i.compressed_decoder_i.instr_i [12] \if_stage_i.compressed_decoder_i.instr_i [12] \if_stage_i.compressed_decoder_i.instr_i [12] \if_stage_i.compressed_decoder_i.instr_i [12] \if_stage_i.compressed_decoder_i.instr_i [12] \if_stage_i.compressed_decoder_i.instr_i [12] \if_stage_i.compressed_decoder_i.instr_i [6:2] \if_stage_i.compressed_decoder_i.instr_i [11:7] 7'0110111 }, B={ \if_stage_i.compressed_decoder_i.instr_i [4:3] \if_stage_i.compressed_decoder_i.instr_i [5] \if_stage_i.compressed_decoder_i.instr_i [2] \if_stage_i.compressed_decoder_i.instr_i [6] 24'000000010000000100010011 }, Y=$if_stage_i.compressed_decoder_i.instr_o$280 [28:0]
      New ports: A={ \if_stage_i.compressed_decoder_i.instr_i [12] \if_stage_i.compressed_decoder_i.instr_i [12] \if_stage_i.compressed_decoder_i.instr_i [12] \if_stage_i.compressed_decoder_i.instr_i [12] \if_stage_i.compressed_decoder_i.instr_i [12] \if_stage_i.compressed_decoder_i.instr_i [12] \if_stage_i.compressed_decoder_i.instr_i [6:2] \if_stage_i.compressed_decoder_i.instr_i [11:7] 1'1 }, B={ \if_stage_i.compressed_decoder_i.instr_i [4:3] \if_stage_i.compressed_decoder_i.instr_i [5] \if_stage_i.compressed_decoder_i.instr_i [2] \if_stage_i.compressed_decoder_i.instr_i [6] 12'010000000100 }, Y={ $if_stage_i.compressed_decoder_i.instr_o$280 [28:24] $if_stage_i.compressed_decoder_i.instr_o$280 [17:7] $if_stage_i.compressed_decoder_i.instr_o$280 [2] }
      New connections: { $if_stage_i.compressed_decoder_i.instr_o$280 [23:18] $if_stage_i.compressed_decoder_i.instr_o$280 [6:3] $if_stage_i.compressed_decoder_i.instr_o$280 [1:0] } = { $if_stage_i.compressed_decoder_i.instr_o$280 [17] $if_stage_i.compressed_decoder_i.instr_o$280 [17] $if_stage_i.compressed_decoder_i.instr_o$280 [17] $if_stage_i.compressed_decoder_i.instr_o$280 [17] $if_stage_i.compressed_decoder_i.instr_o$280 [17] $if_stage_i.compressed_decoder_i.instr_o$280 [17] 1'0 $if_stage_i.compressed_decoder_i.instr_o$280 [2] 4'1011 }
    Consolidated identical input bits for $mux cell $procmux$17443:
      Old ports: A={ \if_stage_i.compressed_decoder_i.instr_i [12] \if_stage_i.compressed_decoder_i.instr_i [12] \if_stage_i.compressed_decoder_i.instr_i [12] $if_stage_i.compressed_decoder_i.instr_o$280 [28:0] }, B=0, Y=$if_stage_i.compressed_decoder_i.instr_o$281
      New ports: A={ \if_stage_i.compressed_decoder_i.instr_i [12] $if_stage_i.compressed_decoder_i.instr_o$280 [28:0] }, B=30'000000000000000000000000000000, Y=$if_stage_i.compressed_decoder_i.instr_o$281 [29:0]
      New connections: $if_stage_i.compressed_decoder_i.instr_o$281 [31:30] = { $if_stage_i.compressed_decoder_i.instr_o$281 [29] $if_stage_i.compressed_decoder_i.instr_o$281 [29] }
    Consolidated identical input bits for $pmux cell $procmux$17570:
      Old ports: A=30'000000000000000000000000000000, B={ \if_stage_i.compressed_decoder_i.instr_i [10:7] \if_stage_i.compressed_decoder_i.instr_i [12:11] \if_stage_i.compressed_decoder_i.instr_i [5] \if_stage_i.compressed_decoder_i.instr_i [6] 12'000001000001 \if_stage_i.compressed_decoder_i.instr_i [4:2] 10'0010011000 \if_stage_i.compressed_decoder_i.instr_i [5] \if_stage_i.compressed_decoder_i.instr_i [12:10] \if_stage_i.compressed_decoder_i.instr_i [6] 4'0001 \if_stage_i.compressed_decoder_i.instr_i [9:7] 5'01001 \if_stage_i.compressed_decoder_i.instr_i [4:2] 10'0000011000 \if_stage_i.compressed_decoder_i.instr_i [5] \if_stage_i.compressed_decoder_i.instr_i [12] 2'01 \if_stage_i.compressed_decoder_i.instr_i [4:2] 2'01 \if_stage_i.compressed_decoder_i.instr_i [9:7] 3'010 \if_stage_i.compressed_decoder_i.instr_i [11:10] \if_stage_i.compressed_decoder_i.instr_i [6] 9'000100011 }, Y=$auto$wreduce.cc:514:run$20093 [29:0]
      New ports: A=22'0000000000000000000000, B={ \if_stage_i.compressed_decoder_i.instr_i [10:7] \if_stage_i.compressed_decoder_i.instr_i [12:11] \if_stage_i.compressed_decoder_i.instr_i [5] \if_stage_i.compressed_decoder_i.instr_i [6] 8'00010001 \if_stage_i.compressed_decoder_i.instr_i [4:2] 6'011000 \if_stage_i.compressed_decoder_i.instr_i [5] \if_stage_i.compressed_decoder_i.instr_i [12:10] \if_stage_i.compressed_decoder_i.instr_i [6] 2'00 \if_stage_i.compressed_decoder_i.instr_i [9:7] 3'101 \if_stage_i.compressed_decoder_i.instr_i [4:2] 6'001000 \if_stage_i.compressed_decoder_i.instr_i [5] \if_stage_i.compressed_decoder_i.instr_i [12] 2'01 \if_stage_i.compressed_decoder_i.instr_i [4:2] \if_stage_i.compressed_decoder_i.instr_i [9:7] 1'1 \if_stage_i.compressed_decoder_i.instr_i [11:10] \if_stage_i.compressed_decoder_i.instr_i [6] 5'00101 }, Y={ $auto$wreduce.cc:514:run$20093 [29:20] $auto$wreduce.cc:514:run$20093 [17:15] $auto$wreduce.cc:514:run$20093 [13] $auto$wreduce.cc:514:run$20093 [11:7] $auto$wreduce.cc:514:run$20093 [5:4] $auto$wreduce.cc:514:run$20093 [0] }
      New connections: { $auto$wreduce.cc:514:run$20093 [19:18] $auto$wreduce.cc:514:run$20093 [14] $auto$wreduce.cc:514:run$20093 [12] $auto$wreduce.cc:514:run$20093 [6] $auto$wreduce.cc:514:run$20093 [3:1] } = { 1'0 $auto$wreduce.cc:514:run$20093 [13] 5'00000 $auto$wreduce.cc:514:run$20093 [0] }
    Consolidated identical input bits for $mux cell $procmux$17627:
      Old ports: A={ \if_stage_i.aligner_i.pc_plus2 [31:1] 1'x }, B={ \if_stage_i.aligner_i.pc_plus4 [31:2] 2'x }, Y=$if_stage_i.aligner_i.pc_n$222
      New ports: A=\if_stage_i.aligner_i.pc_plus2 [31:1], B={ \if_stage_i.aligner_i.pc_plus4 [31:2] 1'x }, Y=$if_stage_i.aligner_i.pc_n$222 [31:1]
      New connections: $if_stage_i.aligner_i.pc_n$222 [0] = 1'x
    Consolidated identical input bits for $mux cell $procmux$17652:
      Old ports: A={ \if_stage_i.aligner_i.pc_plus2 [31:1] 1'x }, B={ \if_stage_i.aligner_i.pc_plus4 [31:2] 2'x }, Y=$if_stage_i.aligner_i.pc_n$231
      New ports: A=\if_stage_i.aligner_i.pc_plus2 [31:1], B={ \if_stage_i.aligner_i.pc_plus4 [31:2] 1'x }, Y=$if_stage_i.aligner_i.pc_n$231 [31:1]
      New connections: $if_stage_i.aligner_i.pc_n$231 [0] = 1'x
    Consolidated identical input bits for $mux cell $procmux$17666:
      Old ports: A={ \if_stage_i.aligner_i.fetch_rdata_i [31:16] \if_stage_i.aligner_i.r_instr_h }, B={ \if_stage_i.aligner_i.fetch_rdata_i [15:0] \if_stage_i.aligner_i.r_instr_h }, Y=$if_stage_i.aligner_i.instr_aligned_o$228
      New ports: A=\if_stage_i.aligner_i.fetch_rdata_i [31:16], B=\if_stage_i.aligner_i.fetch_rdata_i [15:0], Y=$if_stage_i.aligner_i.instr_aligned_o$228 [31:16]
      New connections: $if_stage_i.aligner_i.instr_aligned_o$228 [15:0] = \if_stage_i.aligner_i.r_instr_h
    Consolidated identical input bits for $mux cell $procmux$18010:
      Old ports: A={ \if_stage_i.prefetch_buffer_i.prefetch_controller_i.trans_addr_incr [31:2] 2'00 }, B={ \if_stage_i.branch_addr_n [31:2] 2'00 }, Y=$if_stage_i.prefetch_buffer_i.prefetch_controller_i.trans_addr_o$47
      New ports: A=\if_stage_i.prefetch_buffer_i.prefetch_controller_i.trans_addr_incr [31:2], B=\if_stage_i.branch_addr_n [31:2], Y=$if_stage_i.prefetch_buffer_i.prefetch_controller_i.trans_addr_o$47 [31:2]
      New connections: $if_stage_i.prefetch_buffer_i.prefetch_controller_i.trans_addr_o$47 [1:0] = 2'00
    Consolidated identical input bits for $pmux cell $procmux$18025:
      Old ports: A={ \cs_registers_i.mtvec_q 8'00000000 }, B={ \cs_registers_i.mtvec_q 1'0 \if_stage_i.exc_vec_pc_mux 2'00 \dm_halt_addr_i [31:2] 2'00 \dm_exception_addr_i [31:2] 2'00 }, Y=\if_stage_i.exc_pc
      New ports: A={ \cs_registers_i.mtvec_q 6'000000 }, B={ \cs_registers_i.mtvec_q 1'0 \if_stage_i.exc_vec_pc_mux \dm_halt_addr_i [31:2] \dm_exception_addr_i [31:2] }, Y=\if_stage_i.exc_pc [31:2]
      New connections: \if_stage_i.exc_pc [1:0] = 2'00
    Consolidated identical input bits for $mux cell $procmux$184:
      Old ports: A={ 24'000000000000000000000000 \data_rdata_i [7:0] }, B={ \data_rdata_i [7] \data_rdata_i [7] \data_rdata_i [7] \data_rdata_i [7] \data_rdata_i [7] \data_rdata_i [7] \data_rdata_i [7] \data_rdata_i [7] \data_rdata_i [7] \data_rdata_i [7] \data_rdata_i [7] \data_rdata_i [7] \data_rdata_i [7] \data_rdata_i [7] \data_rdata_i [7] \data_rdata_i [7] \data_rdata_i [7] \data_rdata_i [7] \data_rdata_i [7] \data_rdata_i [7] \data_rdata_i [7] \data_rdata_i [7] \data_rdata_i [7] \data_rdata_i [7] \data_rdata_i [7:0] }, Y=$load_store_unit_i.rdata_b_ext$2588
      New ports: A=1'0, B=\data_rdata_i [7], Y=$load_store_unit_i.rdata_b_ext$2588 [8]
      New connections: { $load_store_unit_i.rdata_b_ext$2588 [31:9] $load_store_unit_i.rdata_b_ext$2588 [7:0] } = { $load_store_unit_i.rdata_b_ext$2588 [8] $load_store_unit_i.rdata_b_ext$2588 [8] $load_store_unit_i.rdata_b_ext$2588 [8] $load_store_unit_i.rdata_b_ext$2588 [8] $load_store_unit_i.rdata_b_ext$2588 [8] $load_store_unit_i.rdata_b_ext$2588 [8] $load_store_unit_i.rdata_b_ext$2588 [8] $load_store_unit_i.rdata_b_ext$2588 [8] $load_store_unit_i.rdata_b_ext$2588 [8] $load_store_unit_i.rdata_b_ext$2588 [8] $load_store_unit_i.rdata_b_ext$2588 [8] $load_store_unit_i.rdata_b_ext$2588 [8] $load_store_unit_i.rdata_b_ext$2588 [8] $load_store_unit_i.rdata_b_ext$2588 [8] $load_store_unit_i.rdata_b_ext$2588 [8] $load_store_unit_i.rdata_b_ext$2588 [8] $load_store_unit_i.rdata_b_ext$2588 [8] $load_store_unit_i.rdata_b_ext$2588 [8] $load_store_unit_i.rdata_b_ext$2588 [8] $load_store_unit_i.rdata_b_ext$2588 [8] $load_store_unit_i.rdata_b_ext$2588 [8] $load_store_unit_i.rdata_b_ext$2588 [8] $load_store_unit_i.rdata_b_ext$2588 [8] \data_rdata_i [7:0] }
    Consolidated identical input bits for $mux cell $procmux$198:
      Old ports: A={ 16'0000000000000000 \data_rdata_i [7:0] \load_store_unit_i.rdata_q [31:24] }, B={ \data_rdata_i [7] \data_rdata_i [7] \data_rdata_i [7] \data_rdata_i [7] \data_rdata_i [7] \data_rdata_i [7] \data_rdata_i [7] \data_rdata_i [7] \data_rdata_i [7] \data_rdata_i [7] \data_rdata_i [7] \data_rdata_i [7] \data_rdata_i [7] \data_rdata_i [7] \data_rdata_i [7] \data_rdata_i [7] \data_rdata_i [7:0] \load_store_unit_i.rdata_q [31:24] }, Y=$load_store_unit_i.rdata_h_ext$2582
      New ports: A=1'0, B=\data_rdata_i [7], Y=$load_store_unit_i.rdata_h_ext$2582 [16]
      New connections: { $load_store_unit_i.rdata_h_ext$2582 [31:17] $load_store_unit_i.rdata_h_ext$2582 [15:0] } = { $load_store_unit_i.rdata_h_ext$2582 [16] $load_store_unit_i.rdata_h_ext$2582 [16] $load_store_unit_i.rdata_h_ext$2582 [16] $load_store_unit_i.rdata_h_ext$2582 [16] $load_store_unit_i.rdata_h_ext$2582 [16] $load_store_unit_i.rdata_h_ext$2582 [16] $load_store_unit_i.rdata_h_ext$2582 [16] $load_store_unit_i.rdata_h_ext$2582 [16] $load_store_unit_i.rdata_h_ext$2582 [16] $load_store_unit_i.rdata_h_ext$2582 [16] $load_store_unit_i.rdata_h_ext$2582 [16] $load_store_unit_i.rdata_h_ext$2582 [16] $load_store_unit_i.rdata_h_ext$2582 [16] $load_store_unit_i.rdata_h_ext$2582 [16] $load_store_unit_i.rdata_h_ext$2582 [16] \data_rdata_i [7:0] \load_store_unit_i.rdata_q [31:24] }
    Consolidated identical input bits for $mux cell $procmux$214:
      Old ports: A={ 16'0000000000000000 \data_rdata_i [31:16] }, B={ \data_rdata_i [31] \data_rdata_i [31] \data_rdata_i [31] \data_rdata_i [31] \data_rdata_i [31] \data_rdata_i [31] \data_rdata_i [31] \data_rdata_i [31] \data_rdata_i [31] \data_rdata_i [31] \data_rdata_i [31] \data_rdata_i [31] \data_rdata_i [31] \data_rdata_i [31] \data_rdata_i [31] \data_rdata_i [31] \data_rdata_i [31:16] }, Y=$load_store_unit_i.rdata_h_ext$2578
      New ports: A=1'0, B=\data_rdata_i [31], Y=$load_store_unit_i.rdata_h_ext$2578 [16]
      New connections: { $load_store_unit_i.rdata_h_ext$2578 [31:17] $load_store_unit_i.rdata_h_ext$2578 [15:0] } = { $load_store_unit_i.rdata_h_ext$2578 [16] $load_store_unit_i.rdata_h_ext$2578 [16] $load_store_unit_i.rdata_h_ext$2578 [16] $load_store_unit_i.rdata_h_ext$2578 [16] $load_store_unit_i.rdata_h_ext$2578 [16] $load_store_unit_i.rdata_h_ext$2578 [16] $load_store_unit_i.rdata_h_ext$2578 [16] $load_store_unit_i.rdata_h_ext$2578 [16] $load_store_unit_i.rdata_h_ext$2578 [16] $load_store_unit_i.rdata_h_ext$2578 [16] $load_store_unit_i.rdata_h_ext$2578 [16] $load_store_unit_i.rdata_h_ext$2578 [16] $load_store_unit_i.rdata_h_ext$2578 [16] $load_store_unit_i.rdata_h_ext$2578 [16] $load_store_unit_i.rdata_h_ext$2578 [16] \data_rdata_i [31:16] }
    Consolidated identical input bits for $mux cell $procmux$232:
      Old ports: A={ 16'0000000000000000 \data_rdata_i [23:8] }, B={ \data_rdata_i [23] \data_rdata_i [23] \data_rdata_i [23] \data_rdata_i [23] \data_rdata_i [23] \data_rdata_i [23] \data_rdata_i [23] \data_rdata_i [23] \data_rdata_i [23] \data_rdata_i [23] \data_rdata_i [23] \data_rdata_i [23] \data_rdata_i [23] \data_rdata_i [23] \data_rdata_i [23] \data_rdata_i [23] \data_rdata_i [23:8] }, Y=$load_store_unit_i.rdata_h_ext$2574
      New ports: A=1'0, B=\data_rdata_i [23], Y=$load_store_unit_i.rdata_h_ext$2574 [16]
      New connections: { $load_store_unit_i.rdata_h_ext$2574 [31:17] $load_store_unit_i.rdata_h_ext$2574 [15:0] } = { $load_store_unit_i.rdata_h_ext$2574 [16] $load_store_unit_i.rdata_h_ext$2574 [16] $load_store_unit_i.rdata_h_ext$2574 [16] $load_store_unit_i.rdata_h_ext$2574 [16] $load_store_unit_i.rdata_h_ext$2574 [16] $load_store_unit_i.rdata_h_ext$2574 [16] $load_store_unit_i.rdata_h_ext$2574 [16] $load_store_unit_i.rdata_h_ext$2574 [16] $load_store_unit_i.rdata_h_ext$2574 [16] $load_store_unit_i.rdata_h_ext$2574 [16] $load_store_unit_i.rdata_h_ext$2574 [16] $load_store_unit_i.rdata_h_ext$2574 [16] $load_store_unit_i.rdata_h_ext$2574 [16] $load_store_unit_i.rdata_h_ext$2574 [16] $load_store_unit_i.rdata_h_ext$2574 [16] \data_rdata_i [23:8] }
    Consolidated identical input bits for $mux cell $procmux$261:
      Old ports: A={ 16'0000000000000000 \data_rdata_i [15:0] }, B={ \data_rdata_i [15] \data_rdata_i [15] \data_rdata_i [15] \data_rdata_i [15] \data_rdata_i [15] \data_rdata_i [15] \data_rdata_i [15] \data_rdata_i [15] \data_rdata_i [15] \data_rdata_i [15] \data_rdata_i [15] \data_rdata_i [15] \data_rdata_i [15] \data_rdata_i [15] \data_rdata_i [15] \data_rdata_i [15] \data_rdata_i [15:0] }, Y=$load_store_unit_i.rdata_h_ext$2570
      New ports: A=1'0, B=\data_rdata_i [15], Y=$load_store_unit_i.rdata_h_ext$2570 [16]
      New connections: { $load_store_unit_i.rdata_h_ext$2570 [31:17] $load_store_unit_i.rdata_h_ext$2570 [15:0] } = { $load_store_unit_i.rdata_h_ext$2570 [16] $load_store_unit_i.rdata_h_ext$2570 [16] $load_store_unit_i.rdata_h_ext$2570 [16] $load_store_unit_i.rdata_h_ext$2570 [16] $load_store_unit_i.rdata_h_ext$2570 [16] $load_store_unit_i.rdata_h_ext$2570 [16] $load_store_unit_i.rdata_h_ext$2570 [16] $load_store_unit_i.rdata_h_ext$2570 [16] $load_store_unit_i.rdata_h_ext$2570 [16] $load_store_unit_i.rdata_h_ext$2570 [16] $load_store_unit_i.rdata_h_ext$2570 [16] $load_store_unit_i.rdata_h_ext$2570 [16] $load_store_unit_i.rdata_h_ext$2570 [16] $load_store_unit_i.rdata_h_ext$2570 [16] $load_store_unit_i.rdata_h_ext$2570 [16] \data_rdata_i [15:0] }
    Consolidated identical input bits for $mux cell $procmux$2742:
      Old ports: A=2'11, B=2'00, Y=$auto$wreduce.cc:514:run$20077 [1:0]
      New ports: A=1'1, B=1'0, Y=$auto$wreduce.cc:514:run$20077 [0]
      New connections: $auto$wreduce.cc:514:run$20077 [1] = $auto$wreduce.cc:514:run$20077 [0]
    Consolidated identical input bits for $pmux cell $procmux$319:
      Old ports: A=4'0000, B=12'000100110111, Y=$load_store_unit_i.data_be$2542
      New ports: A=3'000, B=9'001011111, Y=$load_store_unit_i.data_be$2542 [2:0]
      New connections: $load_store_unit_i.data_be$2542 [3] = 1'0
    Consolidated identical input bits for $pmux cell $procmux$341:
      Old ports: A=4'1111, B=12'111011001000, Y=$load_store_unit_i.data_be$2541
      New ports: A=3'111, B=9'110100000, Y=$load_store_unit_i.data_be$2541 [2:0]
      New connections: $load_store_unit_i.data_be$2541 [3] = 1'1
    Consolidated identical input bits for $mux cell $procmux$4384:
      Old ports: A=3'010, B=3'100, Y=$id_stage_i.controller_i.debug_fsm_ns$1602
      New ports: A=2'01, B=2'10, Y=$id_stage_i.controller_i.debug_fsm_ns$1602 [2:1]
      New connections: $id_stage_i.controller_i.debug_fsm_ns$1602 [0] = 1'0
    Consolidated identical input bits for $mux cell $procmux$4462:
      Old ports: A=2'00, B=2'10, Y=$id_stage_i.controller_i.operand_b_fw_mux_sel_o$1554
      New ports: A=1'0, B=1'1, Y=$id_stage_i.controller_i.operand_b_fw_mux_sel_o$1554 [1]
      New connections: $id_stage_i.controller_i.operand_b_fw_mux_sel_o$1554 [0] = 1'0
    Consolidated identical input bits for $mux cell $procmux$4466:
      Old ports: A=2'00, B=2'10, Y=$id_stage_i.controller_i.operand_a_fw_mux_sel_o$1552
      New ports: A=1'0, B=1'1, Y=$id_stage_i.controller_i.operand_a_fw_mux_sel_o$1552 [1]
      New connections: $id_stage_i.controller_i.operand_a_fw_mux_sel_o$1552 [0] = 1'0
    Consolidated identical input bits for $mux cell $procmux$4539:
      Old ports: A=3'001, B=3'100, Y=$id_stage_i.controller_i.debug_cause_o$1458
      New ports: A=2'01, B=2'10, Y={ $id_stage_i.controller_i.debug_cause_o$1458 [2] $id_stage_i.controller_i.debug_cause_o$1458 [0] }
      New connections: $id_stage_i.controller_i.debug_cause_o$1458 [1] = 1'0
    Consolidated identical input bits for $mux cell $procmux$4557:
      Old ports: A=2'01, B=2'11, Y=$auto$wreduce.cc:514:run$20027 [1:0]
      New ports: A=1'0, B=1'1, Y=$auto$wreduce.cc:514:run$20027 [1]
      New connections: $auto$wreduce.cc:514:run$20027 [0] = 1'1
    Consolidated identical input bits for $mux cell $procmux$4630:
      Old ports: A=2'00, B=2'11, Y=$auto$wreduce.cc:514:run$20049 [1:0]
      New ports: A=1'0, B=1'1, Y=$auto$wreduce.cc:514:run$20049 [0]
      New connections: $auto$wreduce.cc:514:run$20049 [1] = $auto$wreduce.cc:514:run$20049 [0]
    Consolidated identical input bits for $mux cell $procmux$464:
      Old ports: A=5'00000, B=5'10000, Y=\ex_stage_i.mult_i.mulh_imm
      New ports: A=1'0, B=1'1, Y=\ex_stage_i.mult_i.mulh_imm [4]
      New connections: \ex_stage_i.mult_i.mulh_imm [3:0] = 4'0000
    Consolidated identical input bits for $mux cell $procmux$4669:
      Old ports: A=2'01, B=2'11, Y=$auto$wreduce.cc:514:run$20035 [1:0]
      New ports: A=1'0, B=1'1, Y=$auto$wreduce.cc:514:run$20035 [1]
      New connections: $auto$wreduce.cc:514:run$20035 [0] = 1'1
    Consolidated identical input bits for $pmux cell $procmux$5160:
      Old ports: A=3'000, B=6'100001, Y=$auto$wreduce.cc:514:run$20045 [2:0]
      New ports: A=2'00, B=4'1001, Y={ $auto$wreduce.cc:514:run$20045 [2] $auto$wreduce.cc:514:run$20045 [0] }
      New connections: $auto$wreduce.cc:514:run$20045 [1] = 1'0
    Consolidated identical input bits for $pmux cell $procmux$5783:
      Old ports: A=4'0000, B=8'00111011, Y=$auto$wreduce.cc:514:run$20024 [3:0]
      New ports: A=2'00, B=4'0111, Y={ $auto$wreduce.cc:514:run$20024 [3] $auto$wreduce.cc:514:run$20024 [0] }
      New connections: $auto$wreduce.cc:514:run$20024 [2:1] = { 1'0 $auto$wreduce.cc:514:run$20024 [0] }
    Consolidated identical input bits for $mux cell $procmux$605:
      Old ports: A=5'00000, B=5'11111, Y=$ex_stage_i.alu_i.bitop_result$2327 [4:0]
      New ports: A=1'0, B=1'1, Y=$ex_stage_i.alu_i.bitop_result$2327 [0]
      New connections: $ex_stage_i.alu_i.bitop_result$2327 [4:1] = { $ex_stage_i.alu_i.bitop_result$2327 [0] $ex_stage_i.alu_i.bitop_result$2327 [0] $ex_stage_i.alu_i.bitop_result$2327 [0] $ex_stage_i.alu_i.bitop_result$2327 [0] }
    Consolidated identical input bits for $mux cell $procmux$664:
      Old ports: A=8'00000000, B=8'11100100, Y=\ex_stage_i.alu_i.shuffle_byte_sel
      New ports: A=1'0, B=1'1, Y=\ex_stage_i.alu_i.shuffle_byte_sel [2]
      New connections: { \ex_stage_i.alu_i.shuffle_byte_sel [7:3] \ex_stage_i.alu_i.shuffle_byte_sel [1:0] } = { \ex_stage_i.alu_i.shuffle_byte_sel [2] \ex_stage_i.alu_i.shuffle_byte_sel [2] \ex_stage_i.alu_i.shuffle_byte_sel [2] 4'0000 }
    Consolidated identical input bits for $mux cell $procmux$7580:
      Old ports: A=2'00, B=2'10, Y=$auto$wreduce.cc:514:run$20038 [1:0]
      New ports: A=1'0, B=1'1, Y=$auto$wreduce.cc:514:run$20038 [1]
      New connections: $auto$wreduce.cc:514:run$20038 [0] = 1'0
    Consolidated identical input bits for $mux cell $procmux$759:
      Old ports: A=2'01, B=2'11, Y=$ex_stage_i.alu_i.shuffle_reg1_sel$2125
      New ports: A=1'0, B=1'1, Y=$ex_stage_i.alu_i.shuffle_reg1_sel$2125 [1]
      New connections: $ex_stage_i.alu_i.shuffle_reg1_sel$2125 [0] = 1'1
    Consolidated identical input bits for $pmux cell $procmux$787:
      Old ports: A=4'0000, B=8'11000011, Y=\ex_stage_i.alu_i.shuffle_reg_sel
      New ports: A=2'00, B=4'1001, Y={ \ex_stage_i.alu_i.shuffle_reg_sel [2] \ex_stage_i.alu_i.shuffle_reg_sel [0] }
      New connections: { \ex_stage_i.alu_i.shuffle_reg_sel [3] \ex_stage_i.alu_i.shuffle_reg_sel [1] } = { \ex_stage_i.alu_i.shuffle_reg_sel [2] \ex_stage_i.alu_i.shuffle_reg_sel [0] }
    Consolidated identical input bits for $pmux cell $procmux$815:
      Old ports: A={ \ex_stage_i.alu_i.is_equal [3] \ex_stage_i.alu_i.is_equal [3] \ex_stage_i.alu_i.is_equal [3] \ex_stage_i.alu_i.is_equal [3] }, B={ $2092y [3] $2092y [3] $2092y [3] $2092y [3] \ex_stage_i.alu_i.is_greater [3] \ex_stage_i.alu_i.is_greater [3] \ex_stage_i.alu_i.is_greater [3] \ex_stage_i.alu_i.is_greater [3] $2093y [3] $2093y [3] $2093y [3] $2093y [3] $2095y [3] $2095y [3] $2095y [3] $2095y [3] $2096y [3] $2096y [3] $2096y [3] $2096y [3] }, Y=\ex_stage_i.alu_i.cmp_result
      New ports: A=\ex_stage_i.alu_i.is_equal [3], B={ $2092y [3] \ex_stage_i.alu_i.is_greater [3] $2093y [3] $2095y [3] $2096y [3] }, Y=\ex_stage_i.alu_i.cmp_result [0]
      New connections: \ex_stage_i.alu_i.cmp_result [3:1] = { \ex_stage_i.alu_i.cmp_result [0] \ex_stage_i.alu_i.cmp_result [0] \ex_stage_i.alu_i.cmp_result [0] }
    Consolidated identical input bits for $mux cell $procmux$836:
      Old ports: A=4'0000, B=4'1000, Y=\ex_stage_i.alu_i.cmp_signed
      New ports: A=1'0, B=1'1, Y=\ex_stage_i.alu_i.cmp_signed [3]
      New connections: \ex_stage_i.alu_i.cmp_signed [2:0] = 3'000
  Optimizing cells in module \cv32e40p_core.
    Consolidated identical input bits for $demux cell $107:
      Old ports: A=$105y, Y=$107y
      New ports: A=$105y [0], Y={ $107y [32] $107y [0] }
      New connections: { $107y [63] $107y [31] $107y [62] $107y [30] $107y [61] $107y [29] $107y [60] $107y [28] $107y [59] $107y [27] $107y [58] $107y [26] $107y [57] $107y [25] $107y [56] $107y [24] $107y [55] $107y [23] $107y [54] $107y [22] $107y [53] $107y [21] $107y [52] $107y [20] $107y [51] $107y [19] $107y [50] $107y [18] $107y [49] $107y [17] $107y [48] $107y [16] $107y [47] $107y [15] $107y [46] $107y [14] $107y [45] $107y [13] $107y [44] $107y [12] $107y [43] $107y [11] $107y [42] $107y [10] $107y [41] $107y [9] $107y [40] $107y [8] $107y [39] $107y [7] $107y [38] $107y [6] $107y [37] $107y [5] $107y [36] $107y [4] $107y [35] $107y [3] $107y [34] $107y [2] $107y [33] $107y [1] } = { $107y [32] $107y [0] $107y [32] $107y [0] $107y [32] $107y [0] $107y [32] $107y [0] $107y [32] $107y [0] $107y [32] $107y [0] $107y [32] $107y [0] $107y [32] $107y [0] $107y [32] $107y [0] $107y [32] $107y [0] $107y [32] $107y [0] $107y [32] $107y [0] $107y [32] $107y [0] $107y [32] $107y [0] $107y [32] $107y [0] $107y [32] $107y [0] $107y [32] $107y [0] $107y [32] $107y [0] $107y [32] $107y [0] $107y [32] $107y [0] $107y [32] $107y [0] $107y [32] $107y [0] $107y [32] $107y [0] $107y [32] $107y [0] $107y [32] $107y [0] $107y [32] $107y [0] $107y [32] $107y [0] $107y [32] $107y [0] $107y [32] $107y [0] $107y [32] $107y [0] $107y [32] $107y [0] }
    Consolidated identical input bits for $mux cell $2239:
      Old ports: A=\ex_stage_i.alu_i.ff_one_i.index_nodes [44:40], B=\ex_stage_i.alu_i.ff_one_i.index_nodes [39:35], Y=\ex_stage_i.alu_i.ff_one_i.index_nodes [19:15]
      New ports: A={ 1'1 \ex_stage_i.alu_i.ff_one_i.index_nodes [41:40] }, B={ 1'0 \ex_stage_i.alu_i.ff_one_i.index_nodes [36:35] }, Y=\ex_stage_i.alu_i.ff_one_i.index_nodes [17:15]
      New connections: \ex_stage_i.alu_i.ff_one_i.index_nodes [19:18] = 2'00
    Consolidated identical input bits for $mux cell $2242:
      Old ports: A=\ex_stage_i.alu_i.ff_one_i.index_nodes [54:50], B=\ex_stage_i.alu_i.ff_one_i.index_nodes [49:45], Y=\ex_stage_i.alu_i.ff_one_i.index_nodes [24:20]
      New ports: A={ 1'1 \ex_stage_i.alu_i.ff_one_i.index_nodes [51:50] }, B={ 1'0 \ex_stage_i.alu_i.ff_one_i.index_nodes [46:45] }, Y=\ex_stage_i.alu_i.ff_one_i.index_nodes [22:20]
      New connections: \ex_stage_i.alu_i.ff_one_i.index_nodes [24:23] = 2'01
    Consolidated identical input bits for $mux cell $2245:
      Old ports: A=\ex_stage_i.alu_i.ff_one_i.index_nodes [64:60], B=\ex_stage_i.alu_i.ff_one_i.index_nodes [59:55], Y=\ex_stage_i.alu_i.ff_one_i.index_nodes [29:25]
      New ports: A={ 1'1 \ex_stage_i.alu_i.ff_one_i.index_nodes [61:60] }, B={ 1'0 \ex_stage_i.alu_i.ff_one_i.index_nodes [56:55] }, Y=\ex_stage_i.alu_i.ff_one_i.index_nodes [27:25]
      New connections: \ex_stage_i.alu_i.ff_one_i.index_nodes [29:28] = 2'10
    Consolidated identical input bits for $mux cell $2248:
      Old ports: A=\ex_stage_i.alu_i.ff_one_i.index_nodes [74:70], B=\ex_stage_i.alu_i.ff_one_i.index_nodes [69:65], Y=\ex_stage_i.alu_i.ff_one_i.index_nodes [34:30]
      New ports: A={ 1'1 \ex_stage_i.alu_i.ff_one_i.index_nodes [71:70] }, B={ 1'0 \ex_stage_i.alu_i.ff_one_i.index_nodes [66:65] }, Y=\ex_stage_i.alu_i.ff_one_i.index_nodes [32:30]
      New connections: \ex_stage_i.alu_i.ff_one_i.index_nodes [34:33] = 2'11
    Consolidated identical input bits for $mux cell $2436:
      Old ports: A=\ex_stage_i.mult_i.mulh_imm, B=5'00000, Y=\ex_stage_i.mult_i.short_imm
      New ports: A=\ex_stage_i.mult_i.mulh_imm [4], B=1'0, Y=\ex_stage_i.mult_i.short_imm [4]
      New connections: \ex_stage_i.mult_i.short_imm [3:0] = 4'0000
    Consolidated identical input bits for $demux cell $2870:
      Old ports: A=$105y, Y=$2870y
      New ports: A=$105y [0], Y={ $2870y [992] $2870y [960] $2870y [928] $2870y [896] $2870y [864] $2870y [832] $2870y [800] $2870y [768] $2870y [736] $2870y [704] $2870y [672] $2870y [640] $2870y [608] $2870y [576] $2870y [544] $2870y [512] $2870y [480] $2870y [448] $2870y [416] $2870y [384] $2870y [352] $2870y [320] $2870y [288] $2870y [256] $2870y [224] $2870y [192] $2870y [160] $2870y [128] $2870y [96] $2870y [64] $2870y [32] $2870y [0] }
      New connections: { $2870y [1023] $2870y [991] $2870y [959] $2870y [927] $2870y [895] $2870y [863] $2870y [831] $2870y [799] $2870y [767] $2870y [735] $2870y [703] $2870y [671] $2870y [639] $2870y [607] $2870y [575] $2870y [543] $2870y [511] $2870y [479] $2870y [447] $2870y [415] $2870y [383] $2870y [351] $2870y [319] $2870y [287] $2870y [255] $2870y [223] $2870y [191] $2870y [159] $2870y [127] $2870y [95] $2870y [63] $2870y [31] $2870y [1022] $2870y [990] $2870y [958] $2870y [926] $2870y [894] $2870y [862] $2870y [830] $2870y [798] $2870y [766] $2870y [734] $2870y [702] $2870y [670] $2870y [638] $2870y [606] $2870y [574] $2870y [542] $2870y [510] $2870y [478] $2870y [446] $2870y [414] $2870y [382] $2870y [350] $2870y [318] $2870y [286] $2870y [254] $2870y [222] $2870y [190] $2870y [158] $2870y [126] $2870y [94] $2870y [62] $2870y [30] $2870y [1021] $2870y [989] $2870y [957] $2870y [925] $2870y [893] $2870y [861] $2870y [829] $2870y [797] $2870y [765] $2870y [733] $2870y [701] $2870y [669] $2870y [637] $2870y [605] $2870y [573] $2870y [541] $2870y [509] $2870y [477] $2870y [445] $2870y [413] $2870y [381] $2870y [349] $2870y [317] $2870y [285] $2870y [253] $2870y [221] $2870y [189] $2870y [157] $2870y [125] $2870y [93] $2870y [61] $2870y [29] $2870y [1020] $2870y [988] $2870y [956] $2870y [924] $2870y [892] $2870y [860] $2870y [828] $2870y [796] $2870y [764] $2870y [732] $2870y [700] $2870y [668] $2870y [636] $2870y [604] $2870y [572] $2870y [540] $2870y [508] $2870y [476] $2870y [444] $2870y [412] $2870y [380] $2870y [348] $2870y [316] $2870y [284] $2870y [252] $2870y [220] $2870y [188] $2870y [156] $2870y [124] $2870y [92] $2870y [60] $2870y [28] $2870y [1019] $2870y [987] $2870y [955] $2870y [923] $2870y [891] $2870y [859] $2870y [827] $2870y [795] $2870y [763] $2870y [731] $2870y [699] $2870y [667] $2870y [635] $2870y [603] $2870y [571] $2870y [539] $2870y [507] $2870y [475] $2870y [443] $2870y [411] $2870y [379] $2870y [347] $2870y [315] $2870y [283] $2870y [251] $2870y [219] $2870y [187] $2870y [155] $2870y [123] $2870y [91] $2870y [59] $2870y [27] $2870y [1018] $2870y [986] $2870y [954] $2870y [922] $2870y [890] $2870y [858] $2870y [826] $2870y [794] $2870y [762] $2870y [730] $2870y [698] $2870y [666] $2870y [634] $2870y [602] $2870y [570] $2870y [538] $2870y [506] $2870y [474] $2870y [442] $2870y [410] $2870y [378] $2870y [346] $2870y [314] $2870y [282] $2870y [250] $2870y [218] $2870y [186] $2870y [154] $2870y [122] $2870y [90] $2870y [58] $2870y [26] $2870y [1017] $2870y [985] $2870y [953] $2870y [921] $2870y [889] $2870y [857] $2870y [825] $2870y [793] $2870y [761] $2870y [729] $2870y [697] $2870y [665] $2870y [633] $2870y [601] $2870y [569] $2870y [537] $2870y [505] $2870y [473] $2870y [441] $2870y [409] $2870y [377] $2870y [345] $2870y [313] $2870y [281] $2870y [249] $2870y [217] $2870y [185] $2870y [153] $2870y [121] $2870y [89] $2870y [57] $2870y [25] $2870y [1016] $2870y [984] $2870y [952] $2870y [920] $2870y [888] $2870y [856] $2870y [824] $2870y [792] $2870y [760] $2870y [728] $2870y [696] $2870y [664] $2870y [632] $2870y [600] $2870y [568] $2870y [536] $2870y [504] $2870y [472] $2870y [440] $2870y [408] $2870y [376] $2870y [344] $2870y [312] $2870y [280] $2870y [248] $2870y [216] $2870y [184] $2870y [152] $2870y [120] $2870y [88] $2870y [56] $2870y [24] $2870y [1015] $2870y [983] $2870y [951] $2870y [919] $2870y [887] $2870y [855] $2870y [823] $2870y [791] $2870y [759] $2870y [727] $2870y [695] $2870y [663] $2870y [631] $2870y [599] $2870y [567] $2870y [535] $2870y [503] $2870y [471] $2870y [439] $2870y [407] $2870y [375] $2870y [343] $2870y [311] $2870y [279] $2870y [247] $2870y [215] $2870y [183] $2870y [151] $2870y [119] $2870y [87] $2870y [55] $2870y [23] $2870y [1014] $2870y [982] $2870y [950] $2870y [918] $2870y [886] $2870y [854] $2870y [822] $2870y [790] $2870y [758] $2870y [726] $2870y [694] $2870y [662] $2870y [630] $2870y [598] $2870y [566] $2870y [534] $2870y [502] $2870y [470] $2870y [438] $2870y [406] $2870y [374] $2870y [342] $2870y [310] $2870y [278] $2870y [246] $2870y [214] $2870y [182] $2870y [150] $2870y [118] $2870y [86] $2870y [54] $2870y [22] $2870y [1013] $2870y [981] $2870y [949] $2870y [917] $2870y [885] $2870y [853] $2870y [821] $2870y [789] $2870y [757] $2870y [725] $2870y [693] $2870y [661] $2870y [629] $2870y [597] $2870y [565] $2870y [533] $2870y [501] $2870y [469] $2870y [437] $2870y [405] $2870y [373] $2870y [341] $2870y [309] $2870y [277] $2870y [245] $2870y [213] $2870y [181] $2870y [149] $2870y [117] $2870y [85] $2870y [53] $2870y [21] $2870y [1012] $2870y [980] $2870y [948] $2870y [916] $2870y [884] $2870y [852] $2870y [820] $2870y [788] $2870y [756] $2870y [724] $2870y [692] $2870y [660] $2870y [628] $2870y [596] $2870y [564] $2870y [532] $2870y [500] $2870y [468] $2870y [436] $2870y [404] $2870y [372] $2870y [340] $2870y [308] $2870y [276] $2870y [244] $2870y [212] $2870y [180] $2870y [148] $2870y [116] $2870y [84] $2870y [52] $2870y [20] $2870y [1011] $2870y [979] $2870y [947] $2870y [915] $2870y [883] $2870y [851] $2870y [819] $2870y [787] $2870y [755] $2870y [723] $2870y [691] $2870y [659] $2870y [627] $2870y [595] $2870y [563] $2870y [531] $2870y [499] $2870y [467] $2870y [435] $2870y [403] $2870y [371] $2870y [339] $2870y [307] $2870y [275] $2870y [243] $2870y [211] $2870y [179] $2870y [147] $2870y [115] $2870y [83] $2870y [51] $2870y [19] $2870y [1010] $2870y [978] $2870y [946] $2870y [914] $2870y [882] $2870y [850] $2870y [818] $2870y [786] $2870y [754] $2870y [722] $2870y [690] $2870y [658] $2870y [626] $2870y [594] $2870y [562] $2870y [530] $2870y [498] $2870y [466] $2870y [434] $2870y [402] $2870y [370] $2870y [338] $2870y [306] $2870y [274] $2870y [242] $2870y [210] $2870y [178] $2870y [146] $2870y [114] $2870y [82] $2870y [50] $2870y [18] $2870y [1009] $2870y [977] $2870y [945] $2870y [913] $2870y [881] $2870y [849] $2870y [817] $2870y [785] $2870y [753] $2870y [721] $2870y [689] $2870y [657] $2870y [625] $2870y [593] $2870y [561] $2870y [529] $2870y [497] $2870y [465] $2870y [433] $2870y [401] $2870y [369] $2870y [337] $2870y [305] $2870y [273] $2870y [241] $2870y [209] $2870y [177] $2870y [145] $2870y [113] $2870y [81] $2870y [49] $2870y [17] $2870y [1008] $2870y [976] $2870y [944] $2870y [912] $2870y [880] $2870y [848] $2870y [816] $2870y [784] $2870y [752] $2870y [720] $2870y [688] $2870y [656] $2870y [624] $2870y [592] $2870y [560] $2870y [528] $2870y [496] $2870y [464] $2870y [432] $2870y [400] $2870y [368] $2870y [336] $2870y [304] $2870y [272] $2870y [240] $2870y [208] $2870y [176] $2870y [144] $2870y [112] $2870y [80] $2870y [48] $2870y [16] $2870y [1007] $2870y [975] $2870y [943] $2870y [911] $2870y [879] $2870y [847] $2870y [815] $2870y [783] $2870y [751] $2870y [719] $2870y [687] $2870y [655] $2870y [623] $2870y [591] $2870y [559] $2870y [527] $2870y [495] $2870y [463] $2870y [431] $2870y [399] $2870y [367] $2870y [335] $2870y [303] $2870y [271] $2870y [239] $2870y [207] $2870y [175] $2870y [143] $2870y [111] $2870y [79] $2870y [47] $2870y [15] $2870y [1006] $2870y [974] $2870y [942] $2870y [910] $2870y [878] $2870y [846] $2870y [814] $2870y [782] $2870y [750] $2870y [718] $2870y [686] $2870y [654] $2870y [622] $2870y [590] $2870y [558] $2870y [526] $2870y [494] $2870y [462] $2870y [430] $2870y [398] $2870y [366] $2870y [334] $2870y [302] $2870y [270] $2870y [238] $2870y [206] $2870y [174] $2870y [142] $2870y [110] $2870y [78] $2870y [46] $2870y [14] $2870y [1005] $2870y [973] $2870y [941] $2870y [909] $2870y [877] $2870y [845] $2870y [813] $2870y [781] $2870y [749] $2870y [717] $2870y [685] $2870y [653] $2870y [621] $2870y [589] $2870y [557] $2870y [525] $2870y [493] $2870y [461] $2870y [429] $2870y [397] $2870y [365] $2870y [333] $2870y [301] $2870y [269] $2870y [237] $2870y [205] $2870y [173] $2870y [141] $2870y [109] $2870y [77] $2870y [45] $2870y [13] $2870y [1004] $2870y [972] $2870y [940] $2870y [908] $2870y [876] $2870y [844] $2870y [812] $2870y [780] $2870y [748] $2870y [716] $2870y [684] $2870y [652] $2870y [620] $2870y [588] $2870y [556] $2870y [524] $2870y [492] $2870y [460] $2870y [428] $2870y [396] $2870y [364] $2870y [332] $2870y [300] $2870y [268] $2870y [236] $2870y [204] $2870y [172] $2870y [140] $2870y [108] $2870y [76] $2870y [44] $2870y [12] $2870y [1003] $2870y [971] $2870y [939] $2870y [907] $2870y [875] $2870y [843] $2870y [811] $2870y [779] $2870y [747] $2870y [715] $2870y [683] $2870y [651] $2870y [619] $2870y [587] $2870y [555] $2870y [523] $2870y [491] $2870y [459] $2870y [427] $2870y [395] $2870y [363] $2870y [331] $2870y [299] $2870y [267] $2870y [235] $2870y [203] $2870y [171] $2870y [139] $2870y [107] $2870y [75] $2870y [43] $2870y [11] $2870y [1002] $2870y [970] $2870y [938] $2870y [906] $2870y [874] $2870y [842] $2870y [810] $2870y [778] $2870y [746] $2870y [714] $2870y [682] $2870y [650] $2870y [618] $2870y [586] $2870y [554] $2870y [522] $2870y [490] $2870y [458] $2870y [426] $2870y [394] $2870y [362] $2870y [330] $2870y [298] $2870y [266] $2870y [234] $2870y [202] $2870y [170] $2870y [138] $2870y [106] $2870y [74] $2870y [42] $2870y [10] $2870y [1001] $2870y [969] $2870y [937] $2870y [905] $2870y [873] $2870y [841] $2870y [809] $2870y [777] $2870y [745] $2870y [713] $2870y [681] $2870y [649] $2870y [617] $2870y [585] $2870y [553] $2870y [521] $2870y [489] $2870y [457] $2870y [425] $2870y [393] $2870y [361] $2870y [329] $2870y [297] $2870y [265] $2870y [233] $2870y [201] $2870y [169] $2870y [137] $2870y [105] $2870y [73] $2870y [41] $2870y [9] $2870y [1000] $2870y [968] $2870y [936] $2870y [904] $2870y [872] $2870y [840] $2870y [808] $2870y [776] $2870y [744] $2870y [712] $2870y [680] $2870y [648] $2870y [616] $2870y [584] $2870y [552] $2870y [520] $2870y [488] $2870y [456] $2870y [424] $2870y [392] $2870y [360] $2870y [328] $2870y [296] $2870y [264] $2870y [232] $2870y [200] $2870y [168] $2870y [136] $2870y [104] $2870y [72] $2870y [40] $2870y [8] $2870y [999] $2870y [967] $2870y [935] $2870y [903] $2870y [871] $2870y [839] $2870y [807] $2870y [775] $2870y [743] $2870y [711] $2870y [679] $2870y [647] $2870y [615] $2870y [583] $2870y [551] $2870y [519] $2870y [487] $2870y [455] $2870y [423] $2870y [391] $2870y [359] $2870y [327] $2870y [295] $2870y [263] $2870y [231] $2870y [199] $2870y [167] $2870y [135] $2870y [103] $2870y [71] $2870y [39] $2870y [7] $2870y [998] $2870y [966] $2870y [934] $2870y [902] $2870y [870] $2870y [838] $2870y [806] $2870y [774] $2870y [742] $2870y [710] $2870y [678] $2870y [646] $2870y [614] $2870y [582] $2870y [550] $2870y [518] $2870y [486] $2870y [454] $2870y [422] $2870y [390] $2870y [358] $2870y [326] $2870y [294] $2870y [262] $2870y [230] $2870y [198] $2870y [166] $2870y [134] $2870y [102] $2870y [70] $2870y [38] $2870y [6] $2870y [997] $2870y [965] $2870y [933] $2870y [901] $2870y [869] $2870y [837] $2870y [805] $2870y [773] $2870y [741] $2870y [709] $2870y [677] $2870y [645] $2870y [613] $2870y [581] $2870y [549] $2870y [517] $2870y [485] $2870y [453] $2870y [421] $2870y [389] $2870y [357] $2870y [325] $2870y [293] $2870y [261] $2870y [229] $2870y [197] $2870y [165] $2870y [133] $2870y [101] $2870y [69] $2870y [37] $2870y [5] $2870y [996] $2870y [964] $2870y [932] $2870y [900] $2870y [868] $2870y [836] $2870y [804] $2870y [772] $2870y [740] $2870y [708] $2870y [676] $2870y [644] $2870y [612] $2870y [580] $2870y [548] $2870y [516] $2870y [484] $2870y [452] $2870y [420] $2870y [388] $2870y [356] $2870y [324] $2870y [292] $2870y [260] $2870y [228] $2870y [196] $2870y [164] $2870y [132] $2870y [100] $2870y [68] $2870y [36] $2870y [4] $2870y [995] $2870y [963] $2870y [931] $2870y [899] $2870y [867] $2870y [835] $2870y [803] $2870y [771] $2870y [739] $2870y [707] $2870y [675] $2870y [643] $2870y [611] $2870y [579] $2870y [547] $2870y [515] $2870y [483] $2870y [451] $2870y [419] $2870y [387] $2870y [355] $2870y [323] $2870y [291] $2870y [259] $2870y [227] $2870y [195] $2870y [163] $2870y [131] $2870y [99] $2870y [67] $2870y [35] $2870y [3] $2870y [994] $2870y [962] $2870y [930] $2870y [898] $2870y [866] $2870y [834] $2870y [802] $2870y [770] $2870y [738] $2870y [706] $2870y [674] $2870y [642] $2870y [610] $2870y [578] $2870y [546] $2870y [514] $2870y [482] $2870y [450] $2870y [418] $2870y [386] $2870y [354] $2870y [322] $2870y [290] $2870y [258] $2870y [226] $2870y [194] $2870y [162] $2870y [130] $2870y [98] $2870y [66] $2870y [34] $2870y [2] $2870y [993] $2870y [961] $2870y [929] $2870y [897] $2870y [865] $2870y [833] $2870y [801] $2870y [769] $2870y [737] $2870y [705] $2870y [673] $2870y [641] $2870y [609] $2870y [577] $2870y [545] $2870y [513] $2870y [481] $2870y [449] $2870y [417] $2870y [385] $2870y [353] $2870y [321] $2870y [289] $2870y [257] $2870y [225] $2870y [193] $2870y [161] $2870y [129] $2870y [97] $2870y [65] $2870y [33] $2870y [1] } = { $2870y [992] $2870y [960] $2870y [928] $2870y [896] $2870y [864] $2870y [832] $2870y [800] $2870y [768] $2870y [736] $2870y [704] $2870y [672] $2870y [640] $2870y [608] $2870y [576] $2870y [544] $2870y [512] $2870y [480] $2870y [448] $2870y [416] $2870y [384] $2870y [352] $2870y [320] $2870y [288] $2870y [256] $2870y [224] $2870y [192] $2870y [160] $2870y [128] $2870y [96] $2870y [64] $2870y [32] $2870y [0] $2870y [992] $2870y [960] $2870y [928] $2870y [896] $2870y [864] $2870y [832] $2870y [800] $2870y [768] $2870y [736] $2870y [704] $2870y [672] $2870y [640] $2870y [608] $2870y [576] $2870y [544] $2870y [512] $2870y [480] $2870y [448] $2870y [416] $2870y [384] $2870y [352] $2870y [320] $2870y [288] $2870y [256] $2870y [224] $2870y [192] $2870y [160] $2870y [128] $2870y [96] $2870y [64] $2870y [32] $2870y [0] $2870y [992] $2870y [960] $2870y [928] $2870y [896] $2870y [864] $2870y [832] $2870y [800] $2870y [768] $2870y [736] $2870y [704] $2870y [672] $2870y [640] $2870y [608] $2870y [576] $2870y [544] $2870y [512] $2870y [480] $2870y [448] $2870y [416] $2870y [384] $2870y [352] $2870y [320] $2870y [288] $2870y [256] $2870y [224] $2870y [192] $2870y [160] $2870y [128] $2870y [96] $2870y [64] $2870y [32] $2870y [0] $2870y [992] $2870y [960] $2870y [928] $2870y [896] $2870y [864] $2870y [832] $2870y [800] $2870y [768] $2870y [736] $2870y [704] $2870y [672] $2870y [640] $2870y [608] $2870y [576] $2870y [544] $2870y [512] $2870y [480] $2870y [448] $2870y [416] $2870y [384] $2870y [352] $2870y [320] $2870y [288] $2870y [256] $2870y [224] $2870y [192] $2870y [160] $2870y [128] $2870y [96] $2870y [64] $2870y [32] $2870y [0] $2870y [992] $2870y [960] $2870y [928] $2870y [896] $2870y [864] $2870y [832] $2870y [800] $2870y [768] $2870y [736] $2870y [704] $2870y [672] $2870y [640] $2870y [608] $2870y [576] $2870y [544] $2870y [512] $2870y [480] $2870y [448] $2870y [416] $2870y [384] $2870y [352] $2870y [320] $2870y [288] $2870y [256] $2870y [224] $2870y [192] $2870y [160] $2870y [128] $2870y [96] $2870y [64] $2870y [32] $2870y [0] $2870y [992] $2870y [960] $2870y [928] $2870y [896] $2870y [864] $2870y [832] $2870y [800] $2870y [768] $2870y [736] $2870y [704] $2870y [672] $2870y [640] $2870y [608] $2870y [576] $2870y [544] $2870y [512] $2870y [480] $2870y [448] $2870y [416] $2870y [384] $2870y [352] $2870y [320] $2870y [288] $2870y [256] $2870y [224] $2870y [192] $2870y [160] $2870y [128] $2870y [96] $2870y [64] $2870y [32] $2870y [0] $2870y [992] $2870y [960] $2870y [928] $2870y [896] $2870y [864] $2870y [832] $2870y [800] $2870y [768] $2870y [736] $2870y [704] $2870y [672] $2870y [640] $2870y [608] $2870y [576] $2870y [544] $2870y [512] $2870y [480] $2870y [448] $2870y [416] $2870y [384] $2870y [352] $2870y [320] $2870y [288] $2870y [256] $2870y [224] $2870y [192] $2870y [160] $2870y [128] $2870y [96] $2870y [64] $2870y [32] $2870y [0] $2870y [992] $2870y [960] $2870y [928] $2870y [896] $2870y [864] $2870y [832] $2870y [800] $2870y [768] $2870y [736] $2870y [704] $2870y [672] $2870y [640] $2870y [608] $2870y [576] $2870y [544] $2870y [512] $2870y [480] $2870y [448] $2870y [416] $2870y [384] $2870y [352] $2870y [320] $2870y [288] $2870y [256] $2870y [224] $2870y [192] $2870y [160] $2870y [128] $2870y [96] $2870y [64] $2870y [32] $2870y [0] $2870y [992] $2870y [960] $2870y [928] $2870y [896] $2870y [864] $2870y [832] $2870y [800] $2870y [768] $2870y [736] $2870y [704] $2870y [672] $2870y [640] $2870y [608] $2870y [576] $2870y [544] $2870y [512] $2870y [480] $2870y [448] $2870y [416] $2870y [384] $2870y [352] $2870y [320] $2870y [288] $2870y [256] $2870y [224] $2870y [192] $2870y [160] $2870y [128] $2870y [96] $2870y [64] $2870y [32] $2870y [0] $2870y [992] $2870y [960] $2870y [928] $2870y [896] $2870y [864] $2870y [832] $2870y [800] $2870y [768] $2870y [736] $2870y [704] $2870y [672] $2870y [640] $2870y [608] $2870y [576] $2870y [544] $2870y [512] $2870y [480] $2870y [448] $2870y [416] $2870y [384] $2870y [352] $2870y [320] $2870y [288] $2870y [256] $2870y [224] $2870y [192] $2870y [160] $2870y [128] $2870y [96] $2870y [64] $2870y [32] $2870y [0] $2870y [992] $2870y [960] $2870y [928] $2870y [896] $2870y [864] $2870y [832] $2870y [800] $2870y [768] $2870y [736] $2870y [704] $2870y [672] $2870y [640] $2870y [608] $2870y [576] $2870y [544] $2870y [512] $2870y [480] $2870y [448] $2870y [416] $2870y [384] $2870y [352] $2870y [320] $2870y [288] $2870y [256] $2870y [224] $2870y [192] $2870y [160] $2870y [128] $2870y [96] $2870y [64] $2870y [32] $2870y [0] $2870y [992] $2870y [960] $2870y [928] $2870y [896] $2870y [864] $2870y [832] $2870y [800] $2870y [768] $2870y [736] $2870y [704] $2870y [672] $2870y [640] $2870y [608] $2870y [576] $2870y [544] $2870y [512] $2870y [480] $2870y [448] $2870y [416] $2870y [384] $2870y [352] $2870y [320] $2870y [288] $2870y [256] $2870y [224] $2870y [192] $2870y [160] $2870y [128] $2870y [96] $2870y [64] $2870y [32] $2870y [0] $2870y [992] $2870y [960] $2870y [928] $2870y [896] $2870y [864] $2870y [832] $2870y [800] $2870y [768] $2870y [736] $2870y [704] $2870y [672] $2870y [640] $2870y [608] $2870y [576] $2870y [544] $2870y [512] $2870y [480] $2870y [448] $2870y [416] $2870y [384] $2870y [352] $2870y [320] $2870y [288] $2870y [256] $2870y [224] $2870y [192] $2870y [160] $2870y [128] $2870y [96] $2870y [64] $2870y [32] $2870y [0] $2870y [992] $2870y [960] $2870y [928] $2870y [896] $2870y [864] $2870y [832] $2870y [800] $2870y [768] $2870y [736] $2870y [704] $2870y [672] $2870y [640] $2870y [608] $2870y [576] $2870y [544] $2870y [512] $2870y [480] $2870y [448] $2870y [416] $2870y [384] $2870y [352] $2870y [320] $2870y [288] $2870y [256] $2870y [224] $2870y [192] $2870y [160] $2870y [128] $2870y [96] $2870y [64] $2870y [32] $2870y [0] $2870y [992] $2870y [960] $2870y [928] $2870y [896] $2870y [864] $2870y [832] $2870y [800] $2870y [768] $2870y [736] $2870y [704] $2870y [672] $2870y [640] $2870y [608] $2870y [576] $2870y [544] $2870y [512] $2870y [480] $2870y [448] $2870y [416] $2870y [384] $2870y [352] $2870y [320] $2870y [288] $2870y [256] $2870y [224] $2870y [192] $2870y [160] $2870y [128] $2870y [96] $2870y [64] $2870y [32] $2870y [0] $2870y [992] $2870y [960] $2870y [928] $2870y [896] $2870y [864] $2870y [832] $2870y [800] $2870y [768] $2870y [736] $2870y [704] $2870y [672] $2870y [640] $2870y [608] $2870y [576] $2870y [544] $2870y [512] $2870y [480] $2870y [448] $2870y [416] $2870y [384] $2870y [352] $2870y [320] $2870y [288] $2870y [256] $2870y [224] $2870y [192] $2870y [160] $2870y [128] $2870y [96] $2870y [64] $2870y [32] $2870y [0] $2870y [992] $2870y [960] $2870y [928] $2870y [896] $2870y [864] $2870y [832] $2870y [800] $2870y [768] $2870y [736] $2870y [704] $2870y [672] $2870y [640] $2870y [608] $2870y [576] $2870y [544] $2870y [512] $2870y [480] $2870y [448] $2870y [416] $2870y [384] $2870y [352] $2870y [320] $2870y [288] $2870y [256] $2870y [224] $2870y [192] $2870y [160] $2870y [128] $2870y [96] $2870y [64] $2870y [32] $2870y [0] $2870y [992] $2870y [960] $2870y [928] $2870y [896] $2870y [864] $2870y [832] $2870y [800] $2870y [768] $2870y [736] $2870y [704] $2870y [672] $2870y [640] $2870y [608] $2870y [576] $2870y [544] $2870y [512] $2870y [480] $2870y [448] $2870y [416] $2870y [384] $2870y [352] $2870y [320] $2870y [288] $2870y [256] $2870y [224] $2870y [192] $2870y [160] $2870y [128] $2870y [96] $2870y [64] $2870y [32] $2870y [0] $2870y [992] $2870y [960] $2870y [928] $2870y [896] $2870y [864] $2870y [832] $2870y [800] $2870y [768] $2870y [736] $2870y [704] $2870y [672] $2870y [640] $2870y [608] $2870y [576] $2870y [544] $2870y [512] $2870y [480] $2870y [448] $2870y [416] $2870y [384] $2870y [352] $2870y [320] $2870y [288] $2870y [256] $2870y [224] $2870y [192] $2870y [160] $2870y [128] $2870y [96] $2870y [64] $2870y [32] $2870y [0] $2870y [992] $2870y [960] $2870y [928] $2870y [896] $2870y [864] $2870y [832] $2870y [800] $2870y [768] $2870y [736] $2870y [704] $2870y [672] $2870y [640] $2870y [608] $2870y [576] $2870y [544] $2870y [512] $2870y [480] $2870y [448] $2870y [416] $2870y [384] $2870y [352] $2870y [320] $2870y [288] $2870y [256] $2870y [224] $2870y [192] $2870y [160] $2870y [128] $2870y [96] $2870y [64] $2870y [32] $2870y [0] $2870y [992] $2870y [960] $2870y [928] $2870y [896] $2870y [864] $2870y [832] $2870y [800] $2870y [768] $2870y [736] $2870y [704] $2870y [672] $2870y [640] $2870y [608] $2870y [576] $2870y [544] $2870y [512] $2870y [480] $2870y [448] $2870y [416] $2870y [384] $2870y [352] $2870y [320] $2870y [288] $2870y [256] $2870y [224] $2870y [192] $2870y [160] $2870y [128] $2870y [96] $2870y [64] $2870y [32] $2870y [0] $2870y [992] $2870y [960] $2870y [928] $2870y [896] $2870y [864] $2870y [832] $2870y [800] $2870y [768] $2870y [736] $2870y [704] $2870y [672] $2870y [640] $2870y [608] $2870y [576] $2870y [544] $2870y [512] $2870y [480] $2870y [448] $2870y [416] $2870y [384] $2870y [352] $2870y [320] $2870y [288] $2870y [256] $2870y [224] $2870y [192] $2870y [160] $2870y [128] $2870y [96] $2870y [64] $2870y [32] $2870y [0] $2870y [992] $2870y [960] $2870y [928] $2870y [896] $2870y [864] $2870y [832] $2870y [800] $2870y [768] $2870y [736] $2870y [704] $2870y [672] $2870y [640] $2870y [608] $2870y [576] $2870y [544] $2870y [512] $2870y [480] $2870y [448] $2870y [416] $2870y [384] $2870y [352] $2870y [320] $2870y [288] $2870y [256] $2870y [224] $2870y [192] $2870y [160] $2870y [128] $2870y [96] $2870y [64] $2870y [32] $2870y [0] $2870y [992] $2870y [960] $2870y [928] $2870y [896] $2870y [864] $2870y [832] $2870y [800] $2870y [768] $2870y [736] $2870y [704] $2870y [672] $2870y [640] $2870y [608] $2870y [576] $2870y [544] $2870y [512] $2870y [480] $2870y [448] $2870y [416] $2870y [384] $2870y [352] $2870y [320] $2870y [288] $2870y [256] $2870y [224] $2870y [192] $2870y [160] $2870y [128] $2870y [96] $2870y [64] $2870y [32] $2870y [0] $2870y [992] $2870y [960] $2870y [928] $2870y [896] $2870y [864] $2870y [832] $2870y [800] $2870y [768] $2870y [736] $2870y [704] $2870y [672] $2870y [640] $2870y [608] $2870y [576] $2870y [544] $2870y [512] $2870y [480] $2870y [448] $2870y [416] $2870y [384] $2870y [352] $2870y [320] $2870y [288] $2870y [256] $2870y [224] $2870y [192] $2870y [160] $2870y [128] $2870y [96] $2870y [64] $2870y [32] $2870y [0] $2870y [992] $2870y [960] $2870y [928] $2870y [896] $2870y [864] $2870y [832] $2870y [800] $2870y [768] $2870y [736] $2870y [704] $2870y [672] $2870y [640] $2870y [608] $2870y [576] $2870y [544] $2870y [512] $2870y [480] $2870y [448] $2870y [416] $2870y [384] $2870y [352] $2870y [320] $2870y [288] $2870y [256] $2870y [224] $2870y [192] $2870y [160] $2870y [128] $2870y [96] $2870y [64] $2870y [32] $2870y [0] $2870y [992] $2870y [960] $2870y [928] $2870y [896] $2870y [864] $2870y [832] $2870y [800] $2870y [768] $2870y [736] $2870y [704] $2870y [672] $2870y [640] $2870y [608] $2870y [576] $2870y [544] $2870y [512] $2870y [480] $2870y [448] $2870y [416] $2870y [384] $2870y [352] $2870y [320] $2870y [288] $2870y [256] $2870y [224] $2870y [192] $2870y [160] $2870y [128] $2870y [96] $2870y [64] $2870y [32] $2870y [0] $2870y [992] $2870y [960] $2870y [928] $2870y [896] $2870y [864] $2870y [832] $2870y [800] $2870y [768] $2870y [736] $2870y [704] $2870y [672] $2870y [640] $2870y [608] $2870y [576] $2870y [544] $2870y [512] $2870y [480] $2870y [448] $2870y [416] $2870y [384] $2870y [352] $2870y [320] $2870y [288] $2870y [256] $2870y [224] $2870y [192] $2870y [160] $2870y [128] $2870y [96] $2870y [64] $2870y [32] $2870y [0] $2870y [992] $2870y [960] $2870y [928] $2870y [896] $2870y [864] $2870y [832] $2870y [800] $2870y [768] $2870y [736] $2870y [704] $2870y [672] $2870y [640] $2870y [608] $2870y [576] $2870y [544] $2870y [512] $2870y [480] $2870y [448] $2870y [416] $2870y [384] $2870y [352] $2870y [320] $2870y [288] $2870y [256] $2870y [224] $2870y [192] $2870y [160] $2870y [128] $2870y [96] $2870y [64] $2870y [32] $2870y [0] $2870y [992] $2870y [960] $2870y [928] $2870y [896] $2870y [864] $2870y [832] $2870y [800] $2870y [768] $2870y [736] $2870y [704] $2870y [672] $2870y [640] $2870y [608] $2870y [576] $2870y [544] $2870y [512] $2870y [480] $2870y [448] $2870y [416] $2870y [384] $2870y [352] $2870y [320] $2870y [288] $2870y [256] $2870y [224] $2870y [192] $2870y [160] $2870y [128] $2870y [96] $2870y [64] $2870y [32] $2870y [0] $2870y [992] $2870y [960] $2870y [928] $2870y [896] $2870y [864] $2870y [832] $2870y [800] $2870y [768] $2870y [736] $2870y [704] $2870y [672] $2870y [640] $2870y [608] $2870y [576] $2870y [544] $2870y [512] $2870y [480] $2870y [448] $2870y [416] $2870y [384] $2870y [352] $2870y [320] $2870y [288] $2870y [256] $2870y [224] $2870y [192] $2870y [160] $2870y [128] $2870y [96] $2870y [64] $2870y [32] $2870y [0] }
    Consolidated identical input bits for $mux cell $procmux$12500:
      Old ports: A=2'00, B=$auto$wreduce.cc:514:run$20058 [1:0], Y=$auto$wreduce.cc:514:run$20059 [1:0]
      New ports: A=1'0, B=$auto$wreduce.cc:514:run$20058 [1], Y=$auto$wreduce.cc:514:run$20059 [1]
      New connections: $auto$wreduce.cc:514:run$20059 [0] = 1'0
    Consolidated identical input bits for $mux cell $procmux$12514:
      Old ports: A=5'00011, B=$auto$wreduce.cc:514:run$20071 [4:0], Y=$auto$wreduce.cc:514:run$20072 [4:0]
      New ports: A=2'01, B={ $auto$wreduce.cc:514:run$20071 [3] $auto$wreduce.cc:514:run$20071 [0] }, Y={ $auto$wreduce.cc:514:run$20072 [3] $auto$wreduce.cc:514:run$20072 [0] }
      New connections: { $auto$wreduce.cc:514:run$20072 [4] $auto$wreduce.cc:514:run$20072 [2:1] } = { $auto$wreduce.cc:514:run$20072 [3] 1'0 $auto$wreduce.cc:514:run$20072 [0] }
    Consolidated identical input bits for $mux cell $procmux$12864:
      Old ports: A=$auto$wreduce.cc:514:run$20054 [1:0], B=2'00, Y=$auto$wreduce.cc:514:run$20050 [1:0]
      New ports: A=$auto$wreduce.cc:514:run$20054 [1], B=1'0, Y=$auto$wreduce.cc:514:run$20050 [1]
      New connections: $auto$wreduce.cc:514:run$20050 [0] = 1'0
    Consolidated identical input bits for $mux cell $procmux$14518:
      Old ports: A=$auto$wreduce.cc:514:run$20051 [1:0], B=2'00, Y=$auto$wreduce.cc:514:run$20052 [1:0]
      New ports: A=$auto$wreduce.cc:514:run$20051 [0], B=1'0, Y=$auto$wreduce.cc:514:run$20052 [0]
      New connections: $auto$wreduce.cc:514:run$20052 [1] = $auto$wreduce.cc:514:run$20052 [0]
    Consolidated identical input bits for $mux cell $procmux$14898:
      Old ports: A=$auto$wreduce.cc:514:run$20066 [5:0], B=6'100101, Y=$auto$wreduce.cc:514:run$20067 [5:0]
      New ports: A={ $auto$wreduce.cc:514:run$20066 [2] $auto$wreduce.cc:514:run$20066 [0] $auto$wreduce.cc:514:run$20066 [0] }, B=3'101, Y=$auto$wreduce.cc:514:run$20067 [2:0]
      New connections: $auto$wreduce.cc:514:run$20067 [5:3] = { $auto$wreduce.cc:514:run$20067 [2] 2'00 }
    Consolidated identical input bits for $mux cell $procmux$15946:
      Old ports: A=2'00, B=$auto$wreduce.cc:514:run$20055 [1:0], Y=$auto$wreduce.cc:514:run$20056 [1:0]
      New ports: A=1'0, B=$auto$wreduce.cc:514:run$20055 [1], Y=$auto$wreduce.cc:514:run$20056 [1]
      New connections: $auto$wreduce.cc:514:run$20056 [0] = 1'0
    Consolidated identical input bits for $pmux cell $procmux$160:
      Old ports: A=$load_store_unit_i.rdata_b_ext$2588, B={ $load_store_unit_i.rdata_b_ext$2592 $load_store_unit_i.rdata_b_ext$2596 $load_store_unit_i.rdata_b_ext$2600 }, Y=\load_store_unit_i.rdata_b_ext
      New ports: A={ $load_store_unit_i.rdata_b_ext$2588 [8] \data_rdata_i [7:0] }, B={ $load_store_unit_i.rdata_b_ext$2592 [8] \data_rdata_i [15:8] $load_store_unit_i.rdata_b_ext$2596 [8] \data_rdata_i [23:16] $load_store_unit_i.rdata_b_ext$2600 [8] \data_rdata_i [31:24] }, Y=\load_store_unit_i.rdata_b_ext [8:0]
      New connections: \load_store_unit_i.rdata_b_ext [31:9] = { \load_store_unit_i.rdata_b_ext [8] \load_store_unit_i.rdata_b_ext [8] \load_store_unit_i.rdata_b_ext [8] \load_store_unit_i.rdata_b_ext [8] \load_store_unit_i.rdata_b_ext [8] \load_store_unit_i.rdata_b_ext [8] \load_store_unit_i.rdata_b_ext [8] \load_store_unit_i.rdata_b_ext [8] \load_store_unit_i.rdata_b_ext [8] \load_store_unit_i.rdata_b_ext [8] \load_store_unit_i.rdata_b_ext [8] \load_store_unit_i.rdata_b_ext [8] \load_store_unit_i.rdata_b_ext [8] \load_store_unit_i.rdata_b_ext [8] \load_store_unit_i.rdata_b_ext [8] \load_store_unit_i.rdata_b_ext [8] \load_store_unit_i.rdata_b_ext [8] \load_store_unit_i.rdata_b_ext [8] \load_store_unit_i.rdata_b_ext [8] \load_store_unit_i.rdata_b_ext [8] \load_store_unit_i.rdata_b_ext [8] \load_store_unit_i.rdata_b_ext [8] \load_store_unit_i.rdata_b_ext [8] }
    Consolidated identical input bits for $pmux cell $procmux$16502:
      Old ports: A=3'000, B={ 1'0 $auto$wreduce.cc:514:run$20056 [1:0] 1'0 $auto$wreduce.cc:514:run$20057 [1:0] 4'0100 $auto$wreduce.cc:514:run$20053 [1:0] $id_stage_i.decoder_i.alu_op_b_mux_sel_o$1021 }, Y=\id_stage_i.alu_op_b_mux_sel
      New ports: A=2'00, B={ $auto$wreduce.cc:514:run$20056 [1:0] $auto$wreduce.cc:514:run$20057 [1] 3'010 $auto$wreduce.cc:514:run$20053 [1:0] $id_stage_i.decoder_i.alu_op_b_mux_sel_o$1021 [1:0] }, Y=\id_stage_i.alu_op_b_mux_sel [1:0]
      New connections: \id_stage_i.alu_op_b_mux_sel [2] = 1'0
    Consolidated identical input bits for $pmux cell $procmux$16532:
      Old ports: A=7'0000011, B={ 3'000 $auto$wreduce.cc:514:run$20063 [3:0] 2'00 $auto$wreduce.cc:514:run$20064 [4:0] 2'00 $auto$wreduce.cc:514:run$20065 [4:0] 7'0011000 $id_stage_i.decoder_i.alu_operator_o$868 1'0 $auto$wreduce.cc:514:run$20070 [5:0] 2'00 $auto$wreduce.cc:514:run$20062 [4:0] }, Y=\id_stage_i.alu_operator
      New ports: A=6'000011, B={ 2'00 $auto$wreduce.cc:514:run$20063 [3:0] 1'0 $auto$wreduce.cc:514:run$20064 [3] $auto$wreduce.cc:514:run$20064 [3] 1'0 $auto$wreduce.cc:514:run$20064 [0] $auto$wreduce.cc:514:run$20064 [0] 1'0 $auto$wreduce.cc:514:run$20065 [3] $auto$wreduce.cc:514:run$20065 [3] 1'0 $auto$wreduce.cc:514:run$20065 [0] $auto$wreduce.cc:514:run$20065 [0] 6'011000 $id_stage_i.decoder_i.alu_operator_o$868 [5:0] $auto$wreduce.cc:514:run$20070 [5:0] 1'0 $auto$wreduce.cc:514:run$20062 [4:0] }, Y=\id_stage_i.alu_operator [5:0]
      New connections: \id_stage_i.alu_operator [6] = 1'0
    Consolidated identical input bits for $mux cell $procmux$17079:
      Old ports: A={ \if_stage_i.compressed_decoder_i.instr_i [6:2] \if_stage_i.compressed_decoder_i.instr_i [11:7] 3'000 \if_stage_i.compressed_decoder_i.instr_i [11:7] 7'0110011 }, B={ 4'0000 $auto$wreduce.cc:514:run$20096 [20:0] }, Y=$if_stage_i.compressed_decoder_i.instr_o$318 [24:0]
      New ports: A={ \if_stage_i.compressed_decoder_i.instr_i [6:2] \if_stage_i.compressed_decoder_i.instr_i [11:7] \if_stage_i.compressed_decoder_i.instr_i [11:7] 3'010 }, B={ 4'0000 $auto$wreduce.cc:514:run$20096 [4] $auto$wreduce.cc:514:run$20096 [19:15] 4'0000 $auto$wreduce.cc:514:run$20096 [2] 1'1 $auto$wreduce.cc:514:run$20096 [4] $auto$wreduce.cc:514:run$20096 [2] }, Y={ $if_stage_i.compressed_decoder_i.instr_o$318 [24:15] $if_stage_i.compressed_decoder_i.instr_o$318 [11:6] $if_stage_i.compressed_decoder_i.instr_o$318 [4] $if_stage_i.compressed_decoder_i.instr_o$318 [2] }
      New connections: { $if_stage_i.compressed_decoder_i.instr_o$318 [14:12] $if_stage_i.compressed_decoder_i.instr_o$318 [5] $if_stage_i.compressed_decoder_i.instr_o$318 [3] $if_stage_i.compressed_decoder_i.instr_o$318 [1:0] } = 7'0001011
    Consolidated identical input bits for $mux cell $procmux$17112:
      Old ports: A={ 7'0000000 $auto$wreduce.cc:514:run$20095 [24:0] }, B=$if_stage_i.compressed_decoder_i.instr_o$318, Y=$if_stage_i.compressed_decoder_i.instr_o$319
      New ports: A={ $auto$wreduce.cc:514:run$20095 [24:15] 3'000 $auto$wreduce.cc:514:run$20095 [11:7] $auto$wreduce.cc:514:run$20095 [2] 1'1 $auto$wreduce.cc:514:run$20095 [4] 1'0 $auto$wreduce.cc:514:run$20095 [2] 2'11 }, B=$if_stage_i.compressed_decoder_i.instr_o$318 [24:0], Y=$if_stage_i.compressed_decoder_i.instr_o$319 [24:0]
      New connections: $if_stage_i.compressed_decoder_i.instr_o$319 [31:25] = 7'0000000
    Consolidated identical input bits for $pmux cell $procmux$17329:
      Old ports: A={ 1'0 \if_stage_i.compressed_decoder_i.instr_i [10] 5'00000 \if_stage_i.compressed_decoder_i.instr_i [6:2] 2'01 \if_stage_i.compressed_decoder_i.instr_i [9:7] 5'10101 \if_stage_i.compressed_decoder_i.instr_i [9:7] 7'0010011 }, B={ \if_stage_i.compressed_decoder_i.instr_i [12] \if_stage_i.compressed_decoder_i.instr_i [12] \if_stage_i.compressed_decoder_i.instr_i [12] \if_stage_i.compressed_decoder_i.instr_i [12] \if_stage_i.compressed_decoder_i.instr_i [12] \if_stage_i.compressed_decoder_i.instr_i [12] \if_stage_i.compressed_decoder_i.instr_i [12] \if_stage_i.compressed_decoder_i.instr_i [6:2] 2'01 \if_stage_i.compressed_decoder_i.instr_i [9:7] 5'11101 \if_stage_i.compressed_decoder_i.instr_i [9:7] 8'00100110 $auto$wreduce.cc:514:run$20094 [30:0] }, Y=$if_stage_i.compressed_decoder_i.instr_o$290
      New ports: A={ \if_stage_i.compressed_decoder_i.instr_i [10] 1'0 \if_stage_i.compressed_decoder_i.instr_i [6:2] 3'101 \if_stage_i.compressed_decoder_i.instr_i [9:7] 2'01 }, B={ \if_stage_i.compressed_decoder_i.instr_i [12] \if_stage_i.compressed_decoder_i.instr_i [12] \if_stage_i.compressed_decoder_i.instr_i [6:2] 3'111 \if_stage_i.compressed_decoder_i.instr_i [9:7] 2'01 $auto$wreduce.cc:514:run$20094 [30] 2'00 $auto$wreduce.cc:514:run$20094 [0] $auto$wreduce.cc:514:run$20094 [22:20] $auto$wreduce.cc:514:run$20094 [14:12] $auto$wreduce.cc:514:run$20094 [9:7] $auto$wreduce.cc:514:run$20094 [0] $auto$wreduce.cc:514:run$20094 [0] }, Y={ $if_stage_i.compressed_decoder_i.instr_o$290 [30] $if_stage_i.compressed_decoder_i.instr_o$290 [25:20] $if_stage_i.compressed_decoder_i.instr_o$290 [14:12] $if_stage_i.compressed_decoder_i.instr_o$290 [9:7] $if_stage_i.compressed_decoder_i.instr_o$290 [5] $if_stage_i.compressed_decoder_i.instr_o$290 [0] }
      New connections: { $if_stage_i.compressed_decoder_i.instr_o$290 [31] $if_stage_i.compressed_decoder_i.instr_o$290 [29:26] $if_stage_i.compressed_decoder_i.instr_o$290 [19:15] $if_stage_i.compressed_decoder_i.instr_o$290 [11:10] $if_stage_i.compressed_decoder_i.instr_o$290 [6] $if_stage_i.compressed_decoder_i.instr_o$290 [4:1] } = { $if_stage_i.compressed_decoder_i.instr_o$290 [25] $if_stage_i.compressed_decoder_i.instr_o$290 [25] $if_stage_i.compressed_decoder_i.instr_o$290 [25] $if_stage_i.compressed_decoder_i.instr_o$290 [25] $if_stage_i.compressed_decoder_i.instr_o$290 [25] 1'0 $if_stage_i.compressed_decoder_i.instr_o$290 [0] $if_stage_i.compressed_decoder_i.instr_o$290 [9:7] 1'0 $if_stage_i.compressed_decoder_i.instr_o$290 [0] 1'0 $if_stage_i.compressed_decoder_i.instr_o$290 [0] 2'00 $if_stage_i.compressed_decoder_i.instr_o$290 [0] }
    Consolidated identical input bits for $mux cell $procmux$17443:
      Old ports: A={ \if_stage_i.compressed_decoder_i.instr_i [12] $if_stage_i.compressed_decoder_i.instr_o$280 [28:0] }, B=30'000000000000000000000000000000, Y=$if_stage_i.compressed_decoder_i.instr_o$281 [29:0]
      New ports: A={ \if_stage_i.compressed_decoder_i.instr_i [12] $if_stage_i.compressed_decoder_i.instr_o$280 [28:24] $if_stage_i.compressed_decoder_i.instr_o$280 [17:7] $if_stage_i.compressed_decoder_i.instr_o$280 [2] 1'1 }, B=19'0000000000000000000, Y={ $if_stage_i.compressed_decoder_i.instr_o$281 [29:24] $if_stage_i.compressed_decoder_i.instr_o$281 [17:7] $if_stage_i.compressed_decoder_i.instr_o$281 [2] $if_stage_i.compressed_decoder_i.instr_o$281 [0] }
      New connections: { $if_stage_i.compressed_decoder_i.instr_o$281 [23:18] $if_stage_i.compressed_decoder_i.instr_o$281 [6:3] $if_stage_i.compressed_decoder_i.instr_o$281 [1] } = { $if_stage_i.compressed_decoder_i.instr_o$281 [17] $if_stage_i.compressed_decoder_i.instr_o$281 [17] $if_stage_i.compressed_decoder_i.instr_o$281 [17] $if_stage_i.compressed_decoder_i.instr_o$281 [17] $if_stage_i.compressed_decoder_i.instr_o$281 [17] $if_stage_i.compressed_decoder_i.instr_o$281 [17] 1'0 $if_stage_i.compressed_decoder_i.instr_o$281 [2] $if_stage_i.compressed_decoder_i.instr_o$281 [0] 1'0 $if_stage_i.compressed_decoder_i.instr_o$281 [0] }
    Consolidated identical input bits for $pmux cell $procmux$17739:
      Old ports: A=$if_stage_i.aligner_i.pc_n$231, B={ $if_stage_i.aligner_i.pc_n$222 \if_stage_i.aligner_i.pc_plus2 [31:1] 1'x }, Y=$if_stage_i.aligner_i.pc_n$258
      New ports: A=$if_stage_i.aligner_i.pc_n$231 [31:1], B={ $if_stage_i.aligner_i.pc_n$222 [31:1] \if_stage_i.aligner_i.pc_plus2 [31:1] }, Y=$if_stage_i.aligner_i.pc_n$258 [31:1]
      New connections: $if_stage_i.aligner_i.pc_n$258 [0] = 1'x
    Consolidated identical input bits for $mux cell $procmux$17988:
      Old ports: A=$if_stage_i.prefetch_buffer_i.prefetch_controller_i.trans_addr_o$47, B=$53y, Y=\if_stage_i.prefetch_buffer_i.prefetch_controller_i.trans_addr_o
      New ports: A={ $if_stage_i.prefetch_buffer_i.prefetch_controller_i.trans_addr_o$47 [31:2] 1'0 }, B={ $53y [31:2] $53y [0] }, Y={ \if_stage_i.prefetch_buffer_i.prefetch_controller_i.trans_addr_o [31:2] \if_stage_i.prefetch_buffer_i.prefetch_controller_i.trans_addr_o [0] }
      New connections: \if_stage_i.prefetch_buffer_i.prefetch_controller_i.trans_addr_o [1] = \if_stage_i.prefetch_buffer_i.prefetch_controller_i.trans_addr_o [0]
    Consolidated identical input bits for $pmux cell $procmux$237:
      Old ports: A=$load_store_unit_i.rdata_h_ext$2570, B={ $load_store_unit_i.rdata_h_ext$2574 $load_store_unit_i.rdata_h_ext$2578 $load_store_unit_i.rdata_h_ext$2582 }, Y=\load_store_unit_i.rdata_h_ext
      New ports: A={ $load_store_unit_i.rdata_h_ext$2570 [16] \data_rdata_i [15:0] }, B={ $load_store_unit_i.rdata_h_ext$2574 [16] \data_rdata_i [23:8] $load_store_unit_i.rdata_h_ext$2578 [16] \data_rdata_i [31:16] $load_store_unit_i.rdata_h_ext$2582 [16] \data_rdata_i [7:0] \load_store_unit_i.rdata_q [31:24] }, Y=\load_store_unit_i.rdata_h_ext [16:0]
      New connections: \load_store_unit_i.rdata_h_ext [31:17] = { \load_store_unit_i.rdata_h_ext [16] \load_store_unit_i.rdata_h_ext [16] \load_store_unit_i.rdata_h_ext [16] \load_store_unit_i.rdata_h_ext [16] \load_store_unit_i.rdata_h_ext [16] \load_store_unit_i.rdata_h_ext [16] \load_store_unit_i.rdata_h_ext [16] \load_store_unit_i.rdata_h_ext [16] \load_store_unit_i.rdata_h_ext [16] \load_store_unit_i.rdata_h_ext [16] \load_store_unit_i.rdata_h_ext [16] \load_store_unit_i.rdata_h_ext [16] \load_store_unit_i.rdata_h_ext [16] \load_store_unit_i.rdata_h_ext [16] \load_store_unit_i.rdata_h_ext [16] }
    Consolidated identical input bits for $mux cell $procmux$2839:
      Old ports: A={ 1'1 $auto$wreduce.cc:514:run$20077 [1:0] }, B=3'000, Y=$auto$wreduce.cc:514:run$20078 [2:0]
      New ports: A={ 1'1 $auto$wreduce.cc:514:run$20077 [0] }, B=2'00, Y={ $auto$wreduce.cc:514:run$20078 [2] $auto$wreduce.cc:514:run$20078 [0] }
      New connections: $auto$wreduce.cc:514:run$20078 [1] = $auto$wreduce.cc:514:run$20078 [0]
    Consolidated identical input bits for $mux cell $procmux$4474:
      Old ports: A=2'00, B=$id_stage_i.controller_i.operand_b_fw_mux_sel_o$1554, Y=$id_stage_i.controller_i.operand_b_fw_mux_sel_o$1558
      New ports: A=1'0, B=$id_stage_i.controller_i.operand_b_fw_mux_sel_o$1554 [1], Y=$id_stage_i.controller_i.operand_b_fw_mux_sel_o$1558 [1]
      New connections: $id_stage_i.controller_i.operand_b_fw_mux_sel_o$1558 [0] = 1'0
    Consolidated identical input bits for $mux cell $procmux$4477:
      Old ports: A=2'00, B=$id_stage_i.controller_i.operand_a_fw_mux_sel_o$1552, Y=$id_stage_i.controller_i.operand_a_fw_mux_sel_o$1557
      New ports: A=1'0, B=$id_stage_i.controller_i.operand_a_fw_mux_sel_o$1552 [1], Y=$id_stage_i.controller_i.operand_a_fw_mux_sel_o$1557 [1]
      New connections: $id_stage_i.controller_i.operand_a_fw_mux_sel_o$1557 [0] = 1'0
    Consolidated identical input bits for $mux cell $procmux$4574:
      Old ports: A=$auto$wreduce.cc:514:run$20027 [1:0], B=2'01, Y=$auto$wreduce.cc:514:run$20028 [1:0]
      New ports: A=$auto$wreduce.cc:514:run$20027 [1], B=1'0, Y=$auto$wreduce.cc:514:run$20028 [1]
      New connections: $auto$wreduce.cc:514:run$20028 [0] = 1'1
    Consolidated identical input bits for $mux cell $procmux$5271:
      Old ports: A=$auto$wreduce.cc:514:run$20045 [2:0], B=3'100, Y=$auto$wreduce.cc:514:run$20046 [2:0]
      New ports: A={ $auto$wreduce.cc:514:run$20045 [2] $auto$wreduce.cc:514:run$20045 [0] }, B=2'10, Y={ $auto$wreduce.cc:514:run$20046 [2] $auto$wreduce.cc:514:run$20046 [0] }
      New connections: $auto$wreduce.cc:514:run$20046 [1] = 1'0
    Consolidated identical input bits for $mux cell $procmux$5850:
      Old ports: A=$auto$wreduce.cc:514:run$20024 [3:0], B=4'0010, Y=$auto$wreduce.cc:514:run$20025 [3:0]
      New ports: A={ $auto$wreduce.cc:514:run$20024 [3] $auto$wreduce.cc:514:run$20024 [0] $auto$wreduce.cc:514:run$20024 [0] }, B=3'010, Y={ $auto$wreduce.cc:514:run$20025 [3] $auto$wreduce.cc:514:run$20025 [1:0] }
      New connections: $auto$wreduce.cc:514:run$20025 [2] = 1'0
    Consolidated identical input bits for $mux cell $procmux$7881:
      Old ports: A=$auto$wreduce.cc:514:run$20038 [1:0], B=2'00, Y=$auto$wreduce.cc:514:run$20039 [1:0]
      New ports: A=$auto$wreduce.cc:514:run$20038 [1], B=1'0, Y=$auto$wreduce.cc:514:run$20039 [1]
      New connections: $auto$wreduce.cc:514:run$20039 [0] = 1'0
  Optimizing cells in module \cv32e40p_core.
    Consolidated identical input bits for $mux cell $2233:
      Old ports: A=\ex_stage_i.alu_i.ff_one_i.index_nodes [24:20], B=\ex_stage_i.alu_i.ff_one_i.index_nodes [19:15], Y=\ex_stage_i.alu_i.ff_one_i.index_nodes [9:5]
      New ports: A={ 1'1 \ex_stage_i.alu_i.ff_one_i.index_nodes [22:20] }, B={ 1'0 \ex_stage_i.alu_i.ff_one_i.index_nodes [17:15] }, Y=\ex_stage_i.alu_i.ff_one_i.index_nodes [8:5]
      New connections: \ex_stage_i.alu_i.ff_one_i.index_nodes [9] = 1'0
    Consolidated identical input bits for $mux cell $2236:
      Old ports: A=\ex_stage_i.alu_i.ff_one_i.index_nodes [34:30], B=\ex_stage_i.alu_i.ff_one_i.index_nodes [29:25], Y=\ex_stage_i.alu_i.ff_one_i.index_nodes [14:10]
      New ports: A={ 1'1 \ex_stage_i.alu_i.ff_one_i.index_nodes [32:30] }, B={ 1'0 \ex_stage_i.alu_i.ff_one_i.index_nodes [27:25] }, Y=\ex_stage_i.alu_i.ff_one_i.index_nodes [13:10]
      New connections: \ex_stage_i.alu_i.ff_one_i.index_nodes [14] = 1'1
    Consolidated identical input bits for $mux cell $procmux$1234:
      Old ports: A=7'0000011, B=\id_stage_i.alu_operator, Y=$id_stage_i.alu_operator_ex_o$1729
      New ports: A=6'000011, B=\id_stage_i.alu_operator [5:0], Y=$id_stage_i.alu_operator_ex_o$1729 [5:0]
      New connections: $id_stage_i.alu_operator_ex_o$1729 [6] = 1'0
    Consolidated identical input bits for $mux cell $procmux$12696:
      Old ports: A=2'00, B=$auto$wreduce.cc:514:run$20059 [1:0], Y=$auto$wreduce.cc:514:run$20060 [1:0]
      New ports: A=1'0, B=$auto$wreduce.cc:514:run$20059 [1], Y=$auto$wreduce.cc:514:run$20060 [1]
      New connections: $auto$wreduce.cc:514:run$20060 [0] = 1'0
    Consolidated identical input bits for $mux cell $procmux$12707:
      Old ports: A=5'00011, B=$auto$wreduce.cc:514:run$20072 [4:0], Y=$auto$wreduce.cc:514:run$20073 [4:0]
      New ports: A=2'01, B={ $auto$wreduce.cc:514:run$20072 [3] $auto$wreduce.cc:514:run$20072 [0] }, Y={ $auto$wreduce.cc:514:run$20073 [3] $auto$wreduce.cc:514:run$20073 [0] }
      New connections: { $auto$wreduce.cc:514:run$20073 [4] $auto$wreduce.cc:514:run$20073 [2:1] } = { $auto$wreduce.cc:514:run$20073 [3] 1'0 $auto$wreduce.cc:514:run$20073 [0] }
    Consolidated identical input bits for $mux cell $procmux$14759:
      Old ports: A=$auto$wreduce.cc:514:run$20052 [1:0], B=2'00, Y=$auto$wreduce.cc:514:run$20053 [1:0]
      New ports: A=$auto$wreduce.cc:514:run$20052 [0], B=1'0, Y=$auto$wreduce.cc:514:run$20053 [0]
      New connections: $auto$wreduce.cc:514:run$20053 [1] = $auto$wreduce.cc:514:run$20053 [0]
    Consolidated identical input bits for $mux cell $procmux$17112:
      Old ports: A={ $auto$wreduce.cc:514:run$20095 [24:15] 3'000 $auto$wreduce.cc:514:run$20095 [11:7] $auto$wreduce.cc:514:run$20095 [2] 1'1 $auto$wreduce.cc:514:run$20095 [4] 1'0 $auto$wreduce.cc:514:run$20095 [2] 2'11 }, B=$if_stage_i.compressed_decoder_i.instr_o$318 [24:0], Y=$if_stage_i.compressed_decoder_i.instr_o$319 [24:0]
      New ports: A={ $auto$wreduce.cc:514:run$20095 [24:15] $auto$wreduce.cc:514:run$20095 [11:7] $auto$wreduce.cc:514:run$20095 [2] $auto$wreduce.cc:514:run$20095 [4] $auto$wreduce.cc:514:run$20095 [2] }, B={ $if_stage_i.compressed_decoder_i.instr_o$318 [24:15] $if_stage_i.compressed_decoder_i.instr_o$318 [11:6] $if_stage_i.compressed_decoder_i.instr_o$318 [4] $if_stage_i.compressed_decoder_i.instr_o$318 [2] }, Y={ $if_stage_i.compressed_decoder_i.instr_o$319 [24:15] $if_stage_i.compressed_decoder_i.instr_o$319 [11:6] $if_stage_i.compressed_decoder_i.instr_o$319 [4] $if_stage_i.compressed_decoder_i.instr_o$319 [2] }
      New connections: { $if_stage_i.compressed_decoder_i.instr_o$319 [14:12] $if_stage_i.compressed_decoder_i.instr_o$319 [5] $if_stage_i.compressed_decoder_i.instr_o$319 [3] $if_stage_i.compressed_decoder_i.instr_o$319 [1:0] } = 7'0001011
    Consolidated identical input bits for $pmux cell $procmux$17289:
      Old ports: A=0, B={ 7'0000000 \if_stage_i.compressed_decoder_i.instr_i [6:2] \if_stage_i.compressed_decoder_i.instr_i [11:7] 3'001 \if_stage_i.compressed_decoder_i.instr_i [11:7] 11'00100110000 \if_stage_i.compressed_decoder_i.instr_i [3:2] \if_stage_i.compressed_decoder_i.instr_i [12] \if_stage_i.compressed_decoder_i.instr_i [6:4] 10'0000010010 \if_stage_i.compressed_decoder_i.instr_i [11:7] 7'0000011 $if_stage_i.compressed_decoder_i.instr_o$319 4'0000 \if_stage_i.compressed_decoder_i.instr_i [8:7] \if_stage_i.compressed_decoder_i.instr_i [12] \if_stage_i.compressed_decoder_i.instr_i [6:2] 8'00010010 \if_stage_i.compressed_decoder_i.instr_i [11:9] 9'000100011 }, Y=$if_stage_i.compressed_decoder_i.instr_o$323
      New ports: A=28'0000000000000000000000000000, B={ 3'000 \if_stage_i.compressed_decoder_i.instr_i [6:2] \if_stage_i.compressed_decoder_i.instr_i [11:7] 3'001 \if_stage_i.compressed_decoder_i.instr_i [11:7] 7'0010011 \if_stage_i.compressed_decoder_i.instr_i [3:2] \if_stage_i.compressed_decoder_i.instr_i [12] \if_stage_i.compressed_decoder_i.instr_i [6:4] 10'0000010010 \if_stage_i.compressed_decoder_i.instr_i [11:7] 10'0000011000 $if_stage_i.compressed_decoder_i.instr_o$319 [24:0] \if_stage_i.compressed_decoder_i.instr_i [8:7] \if_stage_i.compressed_decoder_i.instr_i [12] \if_stage_i.compressed_decoder_i.instr_i [6:2] 8'00010010 \if_stage_i.compressed_decoder_i.instr_i [11:9] 9'000100011 }, Y=$if_stage_i.compressed_decoder_i.instr_o$323 [27:0]
      New connections: $if_stage_i.compressed_decoder_i.instr_o$323 [31:28] = 4'0000
    Consolidated identical input bits for $pmux cell $procmux$17462:
      Old ports: A={ \if_stage_i.compressed_decoder_i.instr_i [12] \if_stage_i.compressed_decoder_i.instr_i [12] \if_stage_i.compressed_decoder_i.instr_i [12] \if_stage_i.compressed_decoder_i.instr_i [12] \if_stage_i.compressed_decoder_i.instr_i [12] \if_stage_i.compressed_decoder_i.instr_i [12] \if_stage_i.compressed_decoder_i.instr_i [12] \if_stage_i.compressed_decoder_i.instr_i [6:2] \if_stage_i.compressed_decoder_i.instr_i [11:7] 3'000 \if_stage_i.compressed_decoder_i.instr_i [11:7] 7'0010011 }, B={ \if_stage_i.compressed_decoder_i.instr_i [12] \if_stage_i.compressed_decoder_i.instr_i [8] \if_stage_i.compressed_decoder_i.instr_i [10:9] \if_stage_i.compressed_decoder_i.instr_i [6] \if_stage_i.compressed_decoder_i.instr_i [7] \if_stage_i.compressed_decoder_i.instr_i [2] \if_stage_i.compressed_decoder_i.instr_i [11] \if_stage_i.compressed_decoder_i.instr_i [5:3] \if_stage_i.compressed_decoder_i.instr_i [12] \if_stage_i.compressed_decoder_i.instr_i [12] \if_stage_i.compressed_decoder_i.instr_i [12] \if_stage_i.compressed_decoder_i.instr_i [12] \if_stage_i.compressed_decoder_i.instr_i [12] \if_stage_i.compressed_decoder_i.instr_i [12] \if_stage_i.compressed_decoder_i.instr_i [12] \if_stage_i.compressed_decoder_i.instr_i [12] \if_stage_i.compressed_decoder_i.instr_i [12] 4'0000 $273y 7'1101111 \if_stage_i.compressed_decoder_i.instr_i [12] \if_stage_i.compressed_decoder_i.instr_i [12] \if_stage_i.compressed_decoder_i.instr_i [12] \if_stage_i.compressed_decoder_i.instr_i [12] \if_stage_i.compressed_decoder_i.instr_i [12] \if_stage_i.compressed_decoder_i.instr_i [12] \if_stage_i.compressed_decoder_i.instr_i [12] \if_stage_i.compressed_decoder_i.instr_i [6:2] 8'00000000 \if_stage_i.compressed_decoder_i.instr_i [11:7] 7'0010011 $if_stage_i.compressed_decoder_i.instr_o$281 $if_stage_i.compressed_decoder_i.instr_o$290 \if_stage_i.compressed_decoder_i.instr_i [12] \if_stage_i.compressed_decoder_i.instr_i [12] \if_stage_i.compressed_decoder_i.instr_i [12] \if_stage_i.compressed_decoder_i.instr_i [12] \if_stage_i.compressed_decoder_i.instr_i [6:5] \if_stage_i.compressed_decoder_i.instr_i [2] 7'0000001 \if_stage_i.compressed_decoder_i.instr_i [9:7] 2'00 \if_stage_i.compressed_decoder_i.instr_i [13] \if_stage_i.compressed_decoder_i.instr_i [11:10] \if_stage_i.compressed_decoder_i.instr_i [4:3] \if_stage_i.compressed_decoder_i.instr_i [12] 7'1100011 }, Y=$if_stage_i.compressed_decoder_i.instr_o$292
      New ports: A={ \if_stage_i.compressed_decoder_i.instr_i [12] \if_stage_i.compressed_decoder_i.instr_i [12] \if_stage_i.compressed_decoder_i.instr_i [12] \if_stage_i.compressed_decoder_i.instr_i [12] \if_stage_i.compressed_decoder_i.instr_i [12] \if_stage_i.compressed_decoder_i.instr_i [12] \if_stage_i.compressed_decoder_i.instr_i [12] \if_stage_i.compressed_decoder_i.instr_i [6:2] \if_stage_i.compressed_decoder_i.instr_i [11:7] 3'000 \if_stage_i.compressed_decoder_i.instr_i [11:7] 6'001001 }, B={ \if_stage_i.compressed_decoder_i.instr_i [12] \if_stage_i.compressed_decoder_i.instr_i [8] \if_stage_i.compressed_decoder_i.instr_i [10:9] \if_stage_i.compressed_decoder_i.instr_i [6] \if_stage_i.compressed_decoder_i.instr_i [7] \if_stage_i.compressed_decoder_i.instr_i [2] \if_stage_i.compressed_decoder_i.instr_i [11] \if_stage_i.compressed_decoder_i.instr_i [5:3] \if_stage_i.compressed_decoder_i.instr_i [12] \if_stage_i.compressed_decoder_i.instr_i [12] \if_stage_i.compressed_decoder_i.instr_i [12] \if_stage_i.compressed_decoder_i.instr_i [12] \if_stage_i.compressed_decoder_i.instr_i [12] \if_stage_i.compressed_decoder_i.instr_i [12] \if_stage_i.compressed_decoder_i.instr_i [12] \if_stage_i.compressed_decoder_i.instr_i [12] \if_stage_i.compressed_decoder_i.instr_i [12] 4'0000 $273y 6'110111 \if_stage_i.compressed_decoder_i.instr_i [12] \if_stage_i.compressed_decoder_i.instr_i [12] \if_stage_i.compressed_decoder_i.instr_i [12] \if_stage_i.compressed_decoder_i.instr_i [12] \if_stage_i.compressed_decoder_i.instr_i [12] \if_stage_i.compressed_decoder_i.instr_i [12] \if_stage_i.compressed_decoder_i.instr_i [12] \if_stage_i.compressed_decoder_i.instr_i [6:2] 8'00000000 \if_stage_i.compressed_decoder_i.instr_i [11:7] 6'001001 $if_stage_i.compressed_decoder_i.instr_o$281 [29] $if_stage_i.compressed_decoder_i.instr_o$281 [29] $if_stage_i.compressed_decoder_i.instr_o$281 [29:24] $if_stage_i.compressed_decoder_i.instr_o$281 [17] $if_stage_i.compressed_decoder_i.instr_o$281 [17] $if_stage_i.compressed_decoder_i.instr_o$281 [17] $if_stage_i.compressed_decoder_i.instr_o$281 [17] $if_stage_i.compressed_decoder_i.instr_o$281 [17] $if_stage_i.compressed_decoder_i.instr_o$281 [17] $if_stage_i.compressed_decoder_i.instr_o$281 [17:7] 1'0 $if_stage_i.compressed_decoder_i.instr_o$281 [2] $if_stage_i.compressed_decoder_i.instr_o$281 [0] 1'0 $if_stage_i.compressed_decoder_i.instr_o$281 [2] $if_stage_i.compressed_decoder_i.instr_o$281 [0] $if_stage_i.compressed_decoder_i.instr_o$290 [25] $if_stage_i.compressed_decoder_i.instr_o$290 [30] $if_stage_i.compressed_decoder_i.instr_o$290 [25] $if_stage_i.compressed_decoder_i.instr_o$290 [25] $if_stage_i.compressed_decoder_i.instr_o$290 [25] $if_stage_i.compressed_decoder_i.instr_o$290 [25] $if_stage_i.compressed_decoder_i.instr_o$290 [25:20] 1'0 $if_stage_i.compressed_decoder_i.instr_o$290 [0] $if_stage_i.compressed_decoder_i.instr_o$290 [9:7] $if_stage_i.compressed_decoder_i.instr_o$290 [14:12] 1'0 $if_stage_i.compressed_decoder_i.instr_o$290 [0] $if_stage_i.compressed_decoder_i.instr_o$290 [9:7] 1'0 $if_stage_i.compressed_decoder_i.instr_o$290 [5] $if_stage_i.compressed_decoder_i.instr_o$290 [0] 2'00 $if_stage_i.compressed_decoder_i.instr_o$290 [0] \if_stage_i.compressed_decoder_i.instr_i [12] \if_stage_i.compressed_decoder_i.instr_i [12] \if_stage_i.compressed_decoder_i.instr_i [12] \if_stage_i.compressed_decoder_i.instr_i [12] \if_stage_i.compressed_decoder_i.instr_i [6:5] \if_stage_i.compressed_decoder_i.instr_i [2] 7'0000001 \if_stage_i.compressed_decoder_i.instr_i [9:7] 2'00 \if_stage_i.compressed_decoder_i.instr_i [13] \if_stage_i.compressed_decoder_i.instr_i [11:10] \if_stage_i.compressed_decoder_i.instr_i [4:3] \if_stage_i.compressed_decoder_i.instr_i [12] 6'110001 }, Y={ $if_stage_i.compressed_decoder_i.instr_o$292 [31:2] $if_stage_i.compressed_decoder_i.instr_o$292 [0] }
      New connections: $if_stage_i.compressed_decoder_i.instr_o$292 [1] = $if_stage_i.compressed_decoder_i.instr_o$292 [0]
    Consolidated identical input bits for $mux cell $procmux$2933:
      Old ports: A={ 1'0 $auto$wreduce.cc:514:run$20078 [2:0] }, B=4'1000, Y=$auto$wreduce.cc:514:run$20079 [3:0]
      New ports: A={ 1'0 $auto$wreduce.cc:514:run$20078 [2] $auto$wreduce.cc:514:run$20078 [0] }, B=3'100, Y={ $auto$wreduce.cc:514:run$20079 [3:2] $auto$wreduce.cc:514:run$20079 [0] }
      New connections: $auto$wreduce.cc:514:run$20079 [1] = $auto$wreduce.cc:514:run$20079 [0]
    Consolidated identical input bits for $mux cell $procmux$5923:
      Old ports: A=4'0000, B=$auto$wreduce.cc:514:run$20025 [3:0], Y=$auto$wreduce.cc:514:run$20026 [3:0]
      New ports: A=3'000, B={ $auto$wreduce.cc:514:run$20025 [3] $auto$wreduce.cc:514:run$20025 [1:0] }, Y={ $auto$wreduce.cc:514:run$20026 [3] $auto$wreduce.cc:514:run$20026 [1:0] }
      New connections: $auto$wreduce.cc:514:run$20026 [2] = 1'0
    Consolidated identical input bits for $mux cell $procmux$8018:
      Old ports: A={ 1'0 $auto$wreduce.cc:514:run$20039 [1:0] }, B=3'100, Y=$auto$wreduce.cc:514:run$20040 [2:0]
      New ports: A={ 1'0 $auto$wreduce.cc:514:run$20039 [1] }, B=2'10, Y=$auto$wreduce.cc:514:run$20040 [2:1]
      New connections: $auto$wreduce.cc:514:run$20040 [0] = 1'0
  Optimizing cells in module \cv32e40p_core.
    Consolidated identical input bits for $mux cell $procmux$12412:
      Old ports: A=2'10, B=$auto$wreduce.cc:514:run$20060 [1:0], Y=$id_stage_i.decoder_i.alu_op_b_mux_sel_o$1021 [1:0]
      New ports: A=1'1, B=$auto$wreduce.cc:514:run$20060 [1], Y=$id_stage_i.decoder_i.alu_op_b_mux_sel_o$1021 [1]
      New connections: $id_stage_i.decoder_i.alu_op_b_mux_sel_o$1021 [0] = 1'0
    Consolidated identical input bits for $mux cell $procmux$12872:
      Old ports: A=5'00011, B=$auto$wreduce.cc:514:run$20073 [4:0], Y=$auto$wreduce.cc:514:run$20062 [4:0]
      New ports: A=2'01, B={ $auto$wreduce.cc:514:run$20073 [3] $auto$wreduce.cc:514:run$20073 [0] }, Y={ $auto$wreduce.cc:514:run$20062 [3] $auto$wreduce.cc:514:run$20062 [0] }
      New connections: { $auto$wreduce.cc:514:run$20062 [4] $auto$wreduce.cc:514:run$20062 [2:1] } = { $auto$wreduce.cc:514:run$20062 [3] 1'0 $auto$wreduce.cc:514:run$20062 [0] }
    Consolidated identical input bits for $pmux cell $procmux$17289:
      Old ports: A=28'0000000000000000000000000000, B={ 3'000 \if_stage_i.compressed_decoder_i.instr_i [6:2] \if_stage_i.compressed_decoder_i.instr_i [11:7] 3'001 \if_stage_i.compressed_decoder_i.instr_i [11:7] 7'0010011 \if_stage_i.compressed_decoder_i.instr_i [3:2] \if_stage_i.compressed_decoder_i.instr_i [12] \if_stage_i.compressed_decoder_i.instr_i [6:4] 10'0000010010 \if_stage_i.compressed_decoder_i.instr_i [11:7] 10'0000011000 $if_stage_i.compressed_decoder_i.instr_o$319 [24:0] \if_stage_i.compressed_decoder_i.instr_i [8:7] \if_stage_i.compressed_decoder_i.instr_i [12] \if_stage_i.compressed_decoder_i.instr_i [6:2] 8'00010010 \if_stage_i.compressed_decoder_i.instr_i [11:9] 9'000100011 }, Y=$if_stage_i.compressed_decoder_i.instr_o$323 [27:0]
      New ports: A=25'0000000000000000000000000, B={ 3'000 \if_stage_i.compressed_decoder_i.instr_i [6:2] \if_stage_i.compressed_decoder_i.instr_i [11:7] 2'01 \if_stage_i.compressed_decoder_i.instr_i [11:7] 5'00101 \if_stage_i.compressed_decoder_i.instr_i [3:2] \if_stage_i.compressed_decoder_i.instr_i [12] \if_stage_i.compressed_decoder_i.instr_i [6:4] 9'000001010 \if_stage_i.compressed_decoder_i.instr_i [11:7] 8'00001000 $if_stage_i.compressed_decoder_i.instr_o$319 [24:15] 2'00 $if_stage_i.compressed_decoder_i.instr_o$319 [11:6] 1'1 $if_stage_i.compressed_decoder_i.instr_o$319 [4] $if_stage_i.compressed_decoder_i.instr_o$319 [2] 1'1 \if_stage_i.compressed_decoder_i.instr_i [8:7] \if_stage_i.compressed_decoder_i.instr_i [12] \if_stage_i.compressed_decoder_i.instr_i [6:2] 7'0001010 \if_stage_i.compressed_decoder_i.instr_i [11:9] 7'0001001 }, Y={ $if_stage_i.compressed_decoder_i.instr_o$323 [27:15] $if_stage_i.compressed_decoder_i.instr_o$323 [13:4] $if_stage_i.compressed_decoder_i.instr_o$323 [2] $if_stage_i.compressed_decoder_i.instr_o$323 [0] }
      New connections: { $if_stage_i.compressed_decoder_i.instr_o$323 [14] $if_stage_i.compressed_decoder_i.instr_o$323 [3] $if_stage_i.compressed_decoder_i.instr_o$323 [1] } = { 2'00 $if_stage_i.compressed_decoder_i.instr_o$323 [0] }
    Consolidated identical input bits for $mux cell $procmux$9119:
      Old ports: A=$auto$wreduce.cc:514:run$20040 [2:0], B=3'000, Y=$auto$wreduce.cc:514:run$20041 [2:0]
      New ports: A=$auto$wreduce.cc:514:run$20040 [2:1], B=2'00, Y=$auto$wreduce.cc:514:run$20041 [2:1]
      New connections: $auto$wreduce.cc:514:run$20041 [0] = 1'0
  Optimizing cells in module \cv32e40p_core.
    Consolidated identical input bits for $mux cell $procmux$9700:
      Old ports: A=3'000, B=$auto$wreduce.cc:514:run$20041 [2:0], Y=$auto$wreduce.cc:514:run$20042 [2:0]
      New ports: A=2'00, B=$auto$wreduce.cc:514:run$20041 [2:1], Y=$auto$wreduce.cc:514:run$20042 [2:1]
      New connections: $auto$wreduce.cc:514:run$20042 [0] = 1'0
  Optimizing cells in module \cv32e40p_core.
Performed a total of 124 changes.

3.20.5. Executing OPT_MERGE pass (detect identical cells).
Finding identical cells in module `\cv32e40p_core'.
<suppressed ~42 debug messages>
Removed a total of 14 cells.

3.20.6. Executing OPT_SHARE pass.
    Found cells that share an operand and can be merged by moving the $mux $2379 in front of them:
        $auto$alumacc.cc:512:replace_alu$20318
        $auto$alumacc.cc:512:replace_alu$20365

    Found cells that share an operand and can be merged by moving the $pmux $procmux$17035 in front of them:
        $auto$alumacc.cc:512:replace_alu$20359
        $auto$alumacc.cc:512:replace_alu$20309

    Found cells that share an operand and can be merged by moving the $mux $procmux$17923 in front of them:
        $auto$alumacc.cc:512:replace_alu$20285
        $auto$alumacc.cc:512:replace_alu$20279

3.20.7. Executing OPT_DFF pass (perform DFF optimizations).

3.20.8. Executing OPT_CLEAN pass (remove unused cells and wires).
Finding unused cells or wires in module \cv32e40p_core..
Removed 0 unused cells and 31 unused wires.
<suppressed ~1 debug messages>

3.20.9. Executing OPT_EXPR pass (perform const folding).
Optimizing module cv32e40p_core.
<suppressed ~51 debug messages>

3.20.10. Rerunning OPT passes. (Maybe there is more to do..)

3.20.11. Executing OPT_MUXTREE pass (detect dead branches in mux trees).
Running muxtree optimizer on module \cv32e40p_core..
  Creating internal representation of mux trees.
  Evaluating internal representation of mux trees.
  Analyzing evaluation results.
    dead port 2/2 on $mux $2162.
    dead port 2/2 on $mux $2174.
    dead port 1/5 on $pmux $procmux$17003.
Removed 3 multiplexer ports.
<suppressed ~3523 debug messages>

3.20.12. Executing OPT_REDUCE pass (consolidate $*mux and $reduce_* inputs).
  Optimizing cells in module \cv32e40p_core.
    Consolidated identical input bits for $mux cell $auto$opt_share.cc:244:merge_operators$20472:
      Old ports: A=2'11, B=2'01, Y=$auto$rtlil.cc:3469:Mux$20473
      New ports: A=1'1, B=1'0, Y=$auto$rtlil.cc:3469:Mux$20473 [1]
      New connections: $auto$rtlil.cc:3469:Mux$20473 [0] = 1'1
    Consolidated identical input bits for $mux cell $auto$opt_share.cc:246:merge_operators$20465:
      Old ports: A={ \if_stage_i.instr_rdata_id_o [31] \if_stage_i.instr_rdata_id_o [31] \if_stage_i.instr_rdata_id_o [31] \if_stage_i.instr_rdata_id_o [31] \if_stage_i.instr_rdata_id_o [31] \if_stage_i.instr_rdata_id_o [31] \if_stage_i.instr_rdata_id_o [31] \if_stage_i.instr_rdata_id_o [31] \if_stage_i.instr_rdata_id_o [31] \if_stage_i.instr_rdata_id_o [31] \if_stage_i.instr_rdata_id_o [31] \if_stage_i.instr_rdata_id_o [31] \if_stage_i.instr_rdata_id_o [19:12] \if_stage_i.instr_rdata_id_o [20] \if_stage_i.instr_rdata_id_o [30:21] }, B={ \if_stage_i.instr_rdata_id_o [31] \if_stage_i.instr_rdata_id_o [31] \if_stage_i.instr_rdata_id_o [31] \if_stage_i.instr_rdata_id_o [31] \if_stage_i.instr_rdata_id_o [31] \if_stage_i.instr_rdata_id_o [31] \if_stage_i.instr_rdata_id_o [31] \if_stage_i.instr_rdata_id_o [31] \if_stage_i.instr_rdata_id_o [31] \if_stage_i.instr_rdata_id_o [31] \if_stage_i.instr_rdata_id_o [31] \if_stage_i.instr_rdata_id_o [31] \if_stage_i.instr_rdata_id_o [31] \if_stage_i.instr_rdata_id_o [31] \if_stage_i.instr_rdata_id_o [31] \if_stage_i.instr_rdata_id_o [31] \if_stage_i.instr_rdata_id_o [31] \if_stage_i.instr_rdata_id_o [31] \if_stage_i.instr_rdata_id_o [31] \if_stage_i.instr_rdata_id_o [31] \if_stage_i.instr_rdata_id_o [7] \if_stage_i.instr_rdata_id_o [30:25] \if_stage_i.instr_rdata_id_o [11:8] }, Y=$auto$rtlil.cc:3471:Pmux$20466
      New ports: A={ \if_stage_i.instr_rdata_id_o [19:12] \if_stage_i.instr_rdata_id_o [20] \if_stage_i.instr_rdata_id_o [24:21] }, B={ \if_stage_i.instr_rdata_id_o [31] \if_stage_i.instr_rdata_id_o [31] \if_stage_i.instr_rdata_id_o [31] \if_stage_i.instr_rdata_id_o [31] \if_stage_i.instr_rdata_id_o [31] \if_stage_i.instr_rdata_id_o [31] \if_stage_i.instr_rdata_id_o [31] \if_stage_i.instr_rdata_id_o [31] \if_stage_i.instr_rdata_id_o [7] \if_stage_i.instr_rdata_id_o [11:8] }, Y={ $auto$rtlil.cc:3471:Pmux$20466 [18:10] $auto$rtlil.cc:3471:Pmux$20466 [3:0] }
      New connections: { $auto$rtlil.cc:3471:Pmux$20466 [30:19] $auto$rtlil.cc:3471:Pmux$20466 [9:4] } = { \if_stage_i.instr_rdata_id_o [31] \if_stage_i.instr_rdata_id_o [31] \if_stage_i.instr_rdata_id_o [31] \if_stage_i.instr_rdata_id_o [31] \if_stage_i.instr_rdata_id_o [31] \if_stage_i.instr_rdata_id_o [31] \if_stage_i.instr_rdata_id_o [31] \if_stage_i.instr_rdata_id_o [31] \if_stage_i.instr_rdata_id_o [31] \if_stage_i.instr_rdata_id_o [31] \if_stage_i.instr_rdata_id_o [31] \if_stage_i.instr_rdata_id_o [31:25] }
    New ctrl vector for $pmux cell $procmux$17035: $auto$opt_reduce.cc:137:opt_pmux$20477
  Optimizing cells in module \cv32e40p_core.
Performed a total of 3 changes.

3.20.13. Executing OPT_MERGE pass (detect identical cells).
Finding identical cells in module `\cv32e40p_core'.
<suppressed ~12 debug messages>
Removed a total of 4 cells.

3.20.14. Executing OPT_SHARE pass.

3.20.15. Executing OPT_DFF pass (perform DFF optimizations).
Setting constant 0-bit at position 6 on $auto$ff.cc:337:slice$19786 ($adffe) from module cv32e40p_core.

3.20.16. Executing OPT_CLEAN pass (remove unused cells and wires).
Finding unused cells or wires in module \cv32e40p_core..
Removed 0 unused cells and 38 unused wires.
<suppressed ~1 debug messages>

3.20.17. Executing OPT_EXPR pass (perform const folding).
Optimizing module cv32e40p_core.
<suppressed ~4 debug messages>

3.20.18. Rerunning OPT passes. (Maybe there is more to do..)

3.20.19. Executing OPT_MUXTREE pass (detect dead branches in mux trees).
Running muxtree optimizer on module \cv32e40p_core..
  Creating internal representation of mux trees.
  Evaluating internal representation of mux trees.
  Analyzing evaluation results.
    dead port 8/16 on $pmux $procmux$473.
Removed 1 multiplexer ports.
<suppressed ~3433 debug messages>

3.20.20. Executing OPT_REDUCE pass (consolidate $*mux and $reduce_* inputs).
  Optimizing cells in module \cv32e40p_core.
Performed a total of 0 changes.

3.20.21. Executing OPT_MERGE pass (detect identical cells).
Finding identical cells in module `\cv32e40p_core'.
Removed a total of 0 cells.

3.20.22. Executing OPT_SHARE pass.

3.20.23. Executing OPT_DFF pass (perform DFF optimizations).

3.20.24. Executing OPT_CLEAN pass (remove unused cells and wires).
Finding unused cells or wires in module \cv32e40p_core..
Removed 0 unused cells and 2 unused wires.
<suppressed ~1 debug messages>

3.20.25. Executing OPT_EXPR pass (perform const folding).
Optimizing module cv32e40p_core.

3.20.26. Rerunning OPT passes. (Maybe there is more to do..)

3.20.27. Executing OPT_MUXTREE pass (detect dead branches in mux trees).
Running muxtree optimizer on module \cv32e40p_core..
  Creating internal representation of mux trees.
  Evaluating internal representation of mux trees.
  Analyzing evaluation results.
Removed 0 multiplexer ports.
<suppressed ~3433 debug messages>

3.20.28. Executing OPT_REDUCE pass (consolidate $*mux and $reduce_* inputs).
  Optimizing cells in module \cv32e40p_core.
Performed a total of 0 changes.

3.20.29. Executing OPT_MERGE pass (detect identical cells).
Finding identical cells in module `\cv32e40p_core'.
Removed a total of 0 cells.

3.20.30. Executing OPT_SHARE pass.

3.20.31. Executing OPT_DFF pass (perform DFF optimizations).

3.20.32. Executing OPT_CLEAN pass (remove unused cells and wires).
Finding unused cells or wires in module \cv32e40p_core..

3.20.33. Executing OPT_EXPR pass (perform const folding).
Optimizing module cv32e40p_core.

3.20.34. Finished fast OPT passes. (There is nothing left to do.)

3.21. Executing TECHMAP pass (map to technology primitives).

3.21.1. Executing Verilog-2005 frontend: /foss/tools/yosys/bin/../share/yosys/techmap.v
Parsing Verilog input from `/foss/tools/yosys/bin/../share/yosys/techmap.v' to AST representation.
verilog frontend filename /foss/tools/yosys/bin/../share/yosys/techmap.v
Generating RTLIL representation for module `\_90_simplemap_bool_ops'.
Generating RTLIL representation for module `\_90_simplemap_reduce_ops'.
Generating RTLIL representation for module `\_90_simplemap_logic_ops'.
Generating RTLIL representation for module `\_90_simplemap_compare_ops'.
Generating RTLIL representation for module `\_90_simplemap_various'.
Generating RTLIL representation for module `\_90_simplemap_registers'.
Generating RTLIL representation for module `\_90_shift_ops_shr_shl_sshl_sshr'.
Generating RTLIL representation for module `\_90_shift_shiftx'.
Generating RTLIL representation for module `\_90_fa'.
Generating RTLIL representation for module `\_90_lcu_brent_kung'.
Generating RTLIL representation for module `\_90_alu'.
Generating RTLIL representation for module `\_90_macc'.
Generating RTLIL representation for module `\_90_alumacc'.
Generating RTLIL representation for module `\$__div_mod_u'.
Generating RTLIL representation for module `\$__div_mod_trunc'.
Generating RTLIL representation for module `\_90_div'.
Generating RTLIL representation for module `\_90_mod'.
Generating RTLIL representation for module `\$__div_mod_floor'.
Generating RTLIL representation for module `\_90_divfloor'.
Generating RTLIL representation for module `\_90_modfloor'.
Generating RTLIL representation for module `\_90_pow'.
Generating RTLIL representation for module `\_90_pmux'.
Generating RTLIL representation for module `\_90_demux'.
Generating RTLIL representation for module `\_90_lut'.
Generating RTLIL representation for module `\$connect'.
Generating RTLIL representation for module `\$input_port'.
Successfully finished Verilog frontend.

3.21.2. Continuing TECHMAP pass.
Using extmapper simplemap for cells of type $adffe.
Using extmapper simplemap for cells of type $reduce_or.
Using extmapper simplemap for cells of type $not.
Using extmapper simplemap for cells of type $mux.
Running "alumacc" on wrapper $extern:wrap:$neg:A_SIGNED=0:A_WIDTH=32:Y_WIDTH=32:394426c56d1a028ba8fdd5469b163e04011def47.
Using template $extern:wrap:$neg:A_SIGNED=0:A_WIDTH=32:Y_WIDTH=32:394426c56d1a028ba8fdd5469b163e04011def47 for cells of type $extern:wrap:$neg:A_SIGNED=0:A_WIDTH=32:Y_WIDTH=32:394426c56d1a028ba8fdd5469b163e04011def47.
Using extmapper simplemap for cells of type $reduce_and.
Using extmapper simplemap for cells of type $ne.
Using extmapper simplemap for cells of type $xor.
Using extmapper simplemap for cells of type $and.
Using extmapper simplemap for cells of type $or.
Using template $paramod$332fab4e157f868977379756d21fa99887c3c6c4\_90_alu for cells of type $alu.
Using template $paramod$ebf89ea36a793f0f77858f212141d47c833068ad\_90_alu for cells of type $alu.
Using template $paramod$ba698a254f9a5947e85cbe7beae6b161eefc5386\_90_alu for cells of type $alu.
Using template $paramod$44a13d10af618e7fbe7b9aad2f6151ffcee1e2fa\_90_alu for cells of type $alu.
Using template $paramod$c6baa65225090ac0a120feab1b920965244aa496\_90_alu for cells of type $alu.
Using template $paramod$cc80a4e89b0341cb117f5d28b0e7244620640141\_90_alu for cells of type $alu.
Using template $paramod$a04dd9d4d8b430140c4ff94b50470fb380fda2a0\_90_alu for cells of type $alu.
Using template $paramod$fbc7873bff55778c0b3173955b7e4bce1d9d6834\_90_alu for cells of type $alu.
Using template $paramod$649fc39eef2451024566705288528c8671211199\_90_alu for cells of type $alu.
Using template $paramod$175e67c02b86e96b1288b9dc100122520d7240d8\_90_alu for cells of type $alu.
Using template $paramod$32efbfac1c4dc57230cf86180788fdfd12e3b511\_90_alu for cells of type $alu.
Using template $paramod$788c3d57e5abb3a3f89aea6d4acd665be37f4e9b\_90_alu for cells of type $alu.
Using template $paramod$b3281d5284dce60e3ac7a1bd7301e0c5482d22f7\_90_alu for cells of type $alu.
Using template $paramod$7e708ae28ab761f11d0fb59d3ffc72f6a4baf5d9\_90_alu for cells of type $alu.
Using template $paramod$fc972a7a46956c1788f3cb5257b53c8f1df2d0cc\_90_alu for cells of type $alu.
Using template $paramod$a7ecfa730f7b429cdd2d19291637694b0937162d\_90_alu for cells of type $alu.
Using template $paramod$adbaf76fa5a3091a329503792521395f8ff4d1a4\_90_alu for cells of type $alu.
Using extmapper maccmap for cells of type $macc_v2.
  add \ex_stage_i.mult_i.short_op_a * \ex_stage_i.mult_i.short_op_b (17x17 bits, signed)
  add { \ex_stage_i.mult_i.short_op_c [32] \id_stage_i.mult_operand_c_ex_o } (33 bits, signed)
  add \id_stage_i.alu_operand_a_ex_o [0] (1 bits, unsigned)
  add \id_stage_i.alu_operand_a_ex_o [16] (1 bits, unsigned)
  add \id_stage_i.alu_operand_a_ex_o [8] (1 bits, unsigned)
  add \id_stage_i.alu_operand_a_ex_o [4] (1 bits, unsigned)
  add \id_stage_i.alu_operand_a_ex_o [2] (1 bits, unsigned)
  add \id_stage_i.alu_operand_a_ex_o [1] (1 bits, unsigned)
  add \id_stage_i.alu_operand_a_ex_o [24] (1 bits, unsigned)
  add \id_stage_i.alu_operand_a_ex_o [20] (1 bits, unsigned)
  add \id_stage_i.alu_operand_a_ex_o [18] (1 bits, unsigned)
  add \id_stage_i.alu_operand_a_ex_o [17] (1 bits, unsigned)
  add \id_stage_i.alu_operand_a_ex_o [12] (1 bits, unsigned)
  add \id_stage_i.alu_operand_a_ex_o [10] (1 bits, unsigned)
  add \id_stage_i.alu_operand_a_ex_o [9] (1 bits, unsigned)
  add \id_stage_i.alu_operand_a_ex_o [6] (1 bits, unsigned)
  add \id_stage_i.alu_operand_a_ex_o [5] (1 bits, unsigned)
  add \id_stage_i.alu_operand_a_ex_o [3] (1 bits, unsigned)
  add \id_stage_i.alu_operand_a_ex_o [28] (1 bits, unsigned)
  add \id_stage_i.alu_operand_a_ex_o [26] (1 bits, unsigned)
  add \id_stage_i.alu_operand_a_ex_o [25] (1 bits, unsigned)
  add \id_stage_i.alu_operand_a_ex_o [22] (1 bits, unsigned)
  add \id_stage_i.alu_operand_a_ex_o [21] (1 bits, unsigned)
  add \id_stage_i.alu_operand_a_ex_o [19] (1 bits, unsigned)
  add \id_stage_i.alu_operand_a_ex_o [14] (1 bits, unsigned)
  add \id_stage_i.alu_operand_a_ex_o [13] (1 bits, unsigned)
  add \id_stage_i.alu_operand_a_ex_o [11] (1 bits, unsigned)
  add \id_stage_i.alu_operand_a_ex_o [7] (1 bits, unsigned)
  add \id_stage_i.alu_operand_a_ex_o [30] (1 bits, unsigned)
  add \id_stage_i.alu_operand_a_ex_o [29] (1 bits, unsigned)
  add \id_stage_i.alu_operand_a_ex_o [27] (1 bits, unsigned)
  add \id_stage_i.alu_operand_a_ex_o [23] (1 bits, unsigned)
  add \id_stage_i.alu_operand_a_ex_o [15] (1 bits, unsigned)
  add \id_stage_i.alu_operand_a_ex_o [31] (1 bits, unsigned)
  packed 15 (15) bits / 15 words into adder tree
  add \id_stage_i.mult_operand_a_ex_o * \id_stage_i.mult_operand_b_ex_o (32x32 bits, signed)
  add \id_stage_i.mult_operand_c_ex_o (32 bits, signed)
Using extmapper simplemap for cells of type $reduce_bool.
Using extmapper simplemap for cells of type $eq.
Using extmapper simplemap for cells of type $adff.
Using extmapper simplemap for cells of type $logic_not.
Using extmapper simplemap for cells of type $logic_or.
Using extmapper simplemap for cells of type $logic_and.
Using extmapper simplemap for cells of type $dlatch.
Using template $paramod$824a2ca00d29d886599434cf8ea60471635f2955\_90_demux for cells of type $demux.
Using extmapper simplemap for cells of type $bwmux.
Using extmapper simplemap for cells of type $bmux.
Using template $paramod$constmap:5d14ddbe6d429631d625806a1598ec86277e3714$paramod$8adf3a58680218fb6a23e758b618fb2d0a9745b2\_90_shift_ops_shr_shl_sshl_sshr for cells of type $shr.
Using template $paramod$constmap:4ee0836067d0a0678ca9bd734e257925970189a8$paramod$a57e7bc40c1a5d9055ca8c83774592528b1209bc\_90_shift_ops_shr_shl_sshl_sshr for cells of type $sshr.
Using template $paramod$2407ada40cc3dda6c6015be2b49b748cddb5a800\_90_demux for cells of type $demux.
Using template $paramod$4106f636ad8f5601b8bb866fe1a00192faef0f8b\_90_pmux for cells of type $pmux.
Using template $paramod$8fabc56b80a569262acfc42757a02ca0b8e91278\_90_pmux for cells of type $pmux.
Using template $paramod$c5c783b17ab1d780abfad8cfe6563a0a7b47a3b0\_90_pmux for cells of type $pmux.
Using template $paramod$200cf4763a5dd97104da97c2740bc6396db7fa25\_90_pmux for cells of type $pmux.
Using template $paramod$24d84da3a13a7952fabd852af4b40b86275330c3\_90_pmux for cells of type $pmux.
Using template $paramod$54d740639e1393b22262823179ff783ea9f17a35\_90_pmux for cells of type $pmux.
Using template $paramod$c2e415ef15bc3ccd2723772353a6b450d3d76206\_90_pmux for cells of type $pmux.
Using template $paramod$bf2533632d512eac76dd186c0da49367e29b8e98\_90_pmux for cells of type $pmux.
Using template $paramod$85df5dc01c7df96a7d8e5f1fdf76ce9ac452af63\_90_pmux for cells of type $pmux.
Using template $paramod$97565c3687be688407d1272a293bd9d0ae6852dc\_90_pmux for cells of type $pmux.
Using template $paramod$f3115659d5e2977ebd2cb01ff3557fc5f6187689\_90_pmux for cells of type $pmux.
Using template $paramod$2407ada40cc3dda6c6015be2b49b748cddb5a800\_90_pmux for cells of type $pmux.
Using template $paramod$f1fc4bc1d42e857fca43ce0fdd0da6ff25c612c4\_90_pmux for cells of type $pmux.
Using template $paramod$521ce43182eecb9f60c72393a788160d2c356bf5\_90_pmux for cells of type $pmux.
Using template $paramod$d629d85c8826a74239b9178d1930215a43b0ceb0\_90_pmux for cells of type $pmux.
Using template $paramod$c15e84c77f007506123baf6c4be45847f0e33a3b\_90_pmux for cells of type $pmux.
Using template $paramod$32e7c4d6f92ff4337599ece53082d2e88a82a9f2\_90_pmux for cells of type $pmux.
Using template $paramod$70d30c21ff772b34d0d1da2801fbd781dc3c70e4\_90_pmux for cells of type $pmux.
Using template $paramod$57f63e8a3282e053be0430389b09fa050ac7dca0\_90_pmux for cells of type $pmux.
Using template $paramod$eaeb96106163dbf82031649d189817109fe07c69\_90_pmux for cells of type $pmux.
Using template $paramod$854487f5a27fb89308d98391456825194c4963c8\_90_pmux for cells of type $pmux.
Using template $paramod$4a4c6f523b89f93e1d9b10390d6da3f02d91b918\_90_pmux for cells of type $pmux.
Using template $paramod$a13703aa027da371a1931fc542d213d7de559b19\_90_pmux for cells of type $pmux.
Using template $paramod$9174beaf0f44375ab754acac146039d243ace676\_90_pmux for cells of type $pmux.
Using template $paramod$068ad458e7761d78e5eed8238508872e7b0aef95\_90_pmux for cells of type $pmux.
Using template $paramod$eb7b5fa594d21f32e2ff3bd05b81752f0f326d5f\_90_pmux for cells of type $pmux.
Using template $paramod$b3b6ac92d800c6f07aa48f510f923d86a674e5a7\_90_pmux for cells of type $pmux.
Using template $paramod$8e235e9b529dfd4aea8a90009cd599016ab01c3c\_90_pmux for cells of type $pmux.
Using template $paramod$625a2613ba8f068d256b4dc2ab7dfd0dec72cade\_90_pmux for cells of type $pmux.
Using template $paramod$21a993a8c398891107be36c3a76332f0d1652884\_90_pmux for cells of type $pmux.
Using template $paramod$878fd1809419ed11a2d056be26ac30d95fbba358\_90_pmux for cells of type $pmux.
Using template $paramod$4e99ce8f3ff8355c2fa6eaa8d174fb317480c146\_90_pmux for cells of type $pmux.
Using template $paramod$f08cf4b531f7b2bd95251b79857dfb970a6679fc\_90_pmux for cells of type $pmux.
Using template $paramod$4e65adf591106d1cc3ea3e20430d49331644006f\_90_pmux for cells of type $pmux.
Using template $paramod$49f1dc3dcd6d2c748486fe94c6744a34a19bbafe\_90_pmux for cells of type $pmux.
Using template $paramod\_90_fa\WIDTH=32'00000000000000000000000000100000 for cells of type $fa.
Using template $paramod\_90_fa\WIDTH=32'00000000000000000000000000011111 for cells of type $fa.
Using template $paramod\_90_fa\WIDTH=32'00000000000000000000000000000001 for cells of type $fa.
Using template $paramod\_90_fa\WIDTH=32'00000000000000000000000000000010 for cells of type $fa.
Using template $paramod\_90_fa\WIDTH=32'00000000000000000000000000000011 for cells of type $fa.
Using template $paramod\_90_fa\WIDTH=32'00000000000000000000000000000100 for cells of type $fa.
Using template $paramod\_90_fa\WIDTH=32'00000000000000000000000000000101 for cells of type $fa.
Using template $paramod\_90_fa\WIDTH=32'00000000000000000000000000000110 for cells of type $fa.
Using template $paramod$00298f3f8094950cb9a5ff2fda48d0d8bde8806c\_90_alu for cells of type $alu.
Using template $paramod\_90_fa\WIDTH=32'00000000000000000000000000100010 for cells of type $fa.
Using template $paramod$dbef6e48cd28208af1b77a9bd7dfc80580f16131\_90_alu for cells of type $alu.
Using extmapper simplemap for cells of type $pos.
Using template $paramod\_90_lcu_brent_kung\WIDTH=32'00000000000000000000000000000010 for cells of type $lcu.
Using template $paramod\_90_fa\WIDTH=32'00000000000000000000000001000000 for cells of type $fa.
Using template $paramod\_90_lcu_brent_kung\WIDTH=32'00000000000000000000000001000000 for cells of type $lcu.
Using template $paramod\_90_lcu_brent_kung\WIDTH=32'00000000000000000000000000100000 for cells of type $lcu.
Using template $paramod\_90_fa\WIDTH=32'00000000000000000000000000011110 for cells of type $fa.
Using template $paramod\_90_lcu_brent_kung\WIDTH=32'00000000000000000000000000011110 for cells of type $lcu.
Using template $paramod\_90_lcu_brent_kung\WIDTH=32'00000000000000000000000000000001 for cells of type $lcu.
Using template $paramod\_90_fa\WIDTH=32'00000000000000000000000000001001 for cells of type $fa.
Using template $paramod\_90_lcu_brent_kung\WIDTH=32'00000000000000000000000000001001 for cells of type $lcu.
Using template $paramod\_90_lcu_brent_kung\WIDTH=32'00000000000000000000000000011111 for cells of type $lcu.
Using template $paramod\_90_lcu_brent_kung\WIDTH=32'00000000000000000000000000000011 for cells of type $lcu.
Using template $paramod\_90_lcu_brent_kung\WIDTH=32'00000000000000000000000000000110 for cells of type $lcu.
Using template $paramod\_90_fa\WIDTH=32'00000000000000000000000000100101 for cells of type $fa.
Using template $paramod\_90_lcu_brent_kung\WIDTH=32'00000000000000000000000000100101 for cells of type $lcu.
Using template $paramod$63301a5e78ceb1f2c17a4ac1894f292ed5701c1f\_90_demux for cells of type $demux.
Using template $paramod$46c272b461898a6a76adeeeedb0917ce1a81b478\_90_demux for cells of type $demux.
Using template $paramod\_90_lcu_brent_kung\WIDTH=32'00000000000000000000000000100010 for cells of type $lcu.
No more expansions possible.
<suppressed ~11678 debug messages>

3.22. Executing OPT pass (performing simple optimizations).

3.22.1. Executing OPT_EXPR pass (perform const folding).
Optimizing module cv32e40p_core.
<suppressed ~20974 debug messages>

3.22.2. Executing OPT_MERGE pass (detect identical cells).
Finding identical cells in module `\cv32e40p_core'.
<suppressed ~23106 debug messages>
Removed a total of 7702 cells.

3.22.3. Executing OPT_DFF pass (perform DFF optimizations).
Adding EN signal on $auto$ff.cc:337:slice$21573 ($_DFFE_PN0P_) from module cv32e40p_core (D = \cs_registers_i.csr_wdata_int [15], Q = \cs_registers_i.mhpmevent_q [111]).
Adding EN signal on $auto$ff.cc:337:slice$23373 ($_DFFE_PN0P_) from module cv32e40p_core (D = \instr_rdata_i [31], Q = \if_stage_i.prefetch_buffer_i.fifo_i.mem_q [31]).
Adding EN signal on $auto$ff.cc:337:slice$23405 ($_DFFE_PN0P_) from module cv32e40p_core (D = \instr_rdata_i [31], Q = \if_stage_i.prefetch_buffer_i.fifo_i.mem_q [63]).
Adding EN signal on $auto$ff.cc:337:slice$21558 ($_DFFE_PN0P_) from module cv32e40p_core (D = \cs_registers_i.csr_wdata_int [0], Q = \cs_registers_i.mhpmevent_q [96]).
Adding EN signal on $auto$ff.cc:337:slice$21559 ($_DFFE_PN0P_) from module cv32e40p_core (D = \cs_registers_i.csr_wdata_int [1], Q = \cs_registers_i.mhpmevent_q [97]).
Adding EN signal on $auto$ff.cc:337:slice$21560 ($_DFFE_PN0P_) from module cv32e40p_core (D = \cs_registers_i.csr_wdata_int [2], Q = \cs_registers_i.mhpmevent_q [98]).
Adding EN signal on $auto$ff.cc:337:slice$21561 ($_DFFE_PN0P_) from module cv32e40p_core (D = \cs_registers_i.csr_wdata_int [3], Q = \cs_registers_i.mhpmevent_q [99]).
Adding EN signal on $auto$ff.cc:337:slice$21562 ($_DFFE_PN0P_) from module cv32e40p_core (D = \cs_registers_i.csr_wdata_int [4], Q = \cs_registers_i.mhpmevent_q [100]).
Adding EN signal on $auto$ff.cc:337:slice$21563 ($_DFFE_PN0P_) from module cv32e40p_core (D = \cs_registers_i.csr_wdata_int [5], Q = \cs_registers_i.mhpmevent_q [101]).
Adding EN signal on $auto$ff.cc:337:slice$21564 ($_DFFE_PN0P_) from module cv32e40p_core (D = \cs_registers_i.csr_wdata_int [6], Q = \cs_registers_i.mhpmevent_q [102]).
Adding EN signal on $auto$ff.cc:337:slice$21565 ($_DFFE_PN0P_) from module cv32e40p_core (D = \cs_registers_i.csr_wdata_int [7], Q = \cs_registers_i.mhpmevent_q [103]).
Adding EN signal on $auto$ff.cc:337:slice$21566 ($_DFFE_PN0P_) from module cv32e40p_core (D = \cs_registers_i.csr_wdata_int [8], Q = \cs_registers_i.mhpmevent_q [104]).
Adding EN signal on $auto$ff.cc:337:slice$21567 ($_DFFE_PN0P_) from module cv32e40p_core (D = \cs_registers_i.csr_wdata_int [9], Q = \cs_registers_i.mhpmevent_q [105]).
Adding EN signal on $auto$ff.cc:337:slice$21568 ($_DFFE_PN0P_) from module cv32e40p_core (D = \cs_registers_i.csr_wdata_int [10], Q = \cs_registers_i.mhpmevent_q [106]).
Adding EN signal on $auto$ff.cc:337:slice$21569 ($_DFFE_PN0P_) from module cv32e40p_core (D = \cs_registers_i.csr_wdata_int [11], Q = \cs_registers_i.mhpmevent_q [107]).
Adding EN signal on $auto$ff.cc:337:slice$21570 ($_DFFE_PN0P_) from module cv32e40p_core (D = \cs_registers_i.csr_wdata_int [12], Q = \cs_registers_i.mhpmevent_q [108]).
Adding EN signal on $auto$ff.cc:337:slice$21571 ($_DFFE_PN0P_) from module cv32e40p_core (D = \cs_registers_i.csr_wdata_int [13], Q = \cs_registers_i.mhpmevent_q [109]).
Adding EN signal on $auto$ff.cc:337:slice$21572 ($_DFFE_PN0P_) from module cv32e40p_core (D = \cs_registers_i.csr_wdata_int [14], Q = \cs_registers_i.mhpmevent_q [110]).
Adding EN signal on $auto$ff.cc:337:slice$23342 ($_DFFE_PN0P_) from module cv32e40p_core (D = \instr_rdata_i [0], Q = \if_stage_i.prefetch_buffer_i.fifo_i.mem_q [0]).
Adding EN signal on $auto$ff.cc:337:slice$23343 ($_DFFE_PN0P_) from module cv32e40p_core (D = \instr_rdata_i [1], Q = \if_stage_i.prefetch_buffer_i.fifo_i.mem_q [1]).
Adding EN signal on $auto$ff.cc:337:slice$23344 ($_DFFE_PN0P_) from module cv32e40p_core (D = \instr_rdata_i [2], Q = \if_stage_i.prefetch_buffer_i.fifo_i.mem_q [2]).
Adding EN signal on $auto$ff.cc:337:slice$23345 ($_DFFE_PN0P_) from module cv32e40p_core (D = \instr_rdata_i [3], Q = \if_stage_i.prefetch_buffer_i.fifo_i.mem_q [3]).
Adding EN signal on $auto$ff.cc:337:slice$23346 ($_DFFE_PN0P_) from module cv32e40p_core (D = \instr_rdata_i [4], Q = \if_stage_i.prefetch_buffer_i.fifo_i.mem_q [4]).
Adding EN signal on $auto$ff.cc:337:slice$23347 ($_DFFE_PN0P_) from module cv32e40p_core (D = \instr_rdata_i [5], Q = \if_stage_i.prefetch_buffer_i.fifo_i.mem_q [5]).
Adding EN signal on $auto$ff.cc:337:slice$23348 ($_DFFE_PN0P_) from module cv32e40p_core (D = \instr_rdata_i [6], Q = \if_stage_i.prefetch_buffer_i.fifo_i.mem_q [6]).
Adding EN signal on $auto$ff.cc:337:slice$23349 ($_DFFE_PN0P_) from module cv32e40p_core (D = \instr_rdata_i [7], Q = \if_stage_i.prefetch_buffer_i.fifo_i.mem_q [7]).
Adding EN signal on $auto$ff.cc:337:slice$23350 ($_DFFE_PN0P_) from module cv32e40p_core (D = \instr_rdata_i [8], Q = \if_stage_i.prefetch_buffer_i.fifo_i.mem_q [8]).
Adding EN signal on $auto$ff.cc:337:slice$23351 ($_DFFE_PN0P_) from module cv32e40p_core (D = \instr_rdata_i [9], Q = \if_stage_i.prefetch_buffer_i.fifo_i.mem_q [9]).
Adding EN signal on $auto$ff.cc:337:slice$23352 ($_DFFE_PN0P_) from module cv32e40p_core (D = \instr_rdata_i [10], Q = \if_stage_i.prefetch_buffer_i.fifo_i.mem_q [10]).
Adding EN signal on $auto$ff.cc:337:slice$23353 ($_DFFE_PN0P_) from module cv32e40p_core (D = \instr_rdata_i [11], Q = \if_stage_i.prefetch_buffer_i.fifo_i.mem_q [11]).
Adding EN signal on $auto$ff.cc:337:slice$23354 ($_DFFE_PN0P_) from module cv32e40p_core (D = \instr_rdata_i [12], Q = \if_stage_i.prefetch_buffer_i.fifo_i.mem_q [12]).
Adding EN signal on $auto$ff.cc:337:slice$23355 ($_DFFE_PN0P_) from module cv32e40p_core (D = \instr_rdata_i [13], Q = \if_stage_i.prefetch_buffer_i.fifo_i.mem_q [13]).
Adding EN signal on $auto$ff.cc:337:slice$23356 ($_DFFE_PN0P_) from module cv32e40p_core (D = \instr_rdata_i [14], Q = \if_stage_i.prefetch_buffer_i.fifo_i.mem_q [14]).
Adding EN signal on $auto$ff.cc:337:slice$23357 ($_DFFE_PN0P_) from module cv32e40p_core (D = \instr_rdata_i [15], Q = \if_stage_i.prefetch_buffer_i.fifo_i.mem_q [15]).
Adding EN signal on $auto$ff.cc:337:slice$23358 ($_DFFE_PN0P_) from module cv32e40p_core (D = \instr_rdata_i [16], Q = \if_stage_i.prefetch_buffer_i.fifo_i.mem_q [16]).
Adding EN signal on $auto$ff.cc:337:slice$23359 ($_DFFE_PN0P_) from module cv32e40p_core (D = \instr_rdata_i [17], Q = \if_stage_i.prefetch_buffer_i.fifo_i.mem_q [17]).
Adding EN signal on $auto$ff.cc:337:slice$23360 ($_DFFE_PN0P_) from module cv32e40p_core (D = \instr_rdata_i [18], Q = \if_stage_i.prefetch_buffer_i.fifo_i.mem_q [18]).
Adding EN signal on $auto$ff.cc:337:slice$23361 ($_DFFE_PN0P_) from module cv32e40p_core (D = \instr_rdata_i [19], Q = \if_stage_i.prefetch_buffer_i.fifo_i.mem_q [19]).
Adding EN signal on $auto$ff.cc:337:slice$23362 ($_DFFE_PN0P_) from module cv32e40p_core (D = \instr_rdata_i [20], Q = \if_stage_i.prefetch_buffer_i.fifo_i.mem_q [20]).
Adding EN signal on $auto$ff.cc:337:slice$23363 ($_DFFE_PN0P_) from module cv32e40p_core (D = \instr_rdata_i [21], Q = \if_stage_i.prefetch_buffer_i.fifo_i.mem_q [21]).
Adding EN signal on $auto$ff.cc:337:slice$23364 ($_DFFE_PN0P_) from module cv32e40p_core (D = \instr_rdata_i [22], Q = \if_stage_i.prefetch_buffer_i.fifo_i.mem_q [22]).
Adding EN signal on $auto$ff.cc:337:slice$23365 ($_DFFE_PN0P_) from module cv32e40p_core (D = \instr_rdata_i [23], Q = \if_stage_i.prefetch_buffer_i.fifo_i.mem_q [23]).
Adding EN signal on $auto$ff.cc:337:slice$23366 ($_DFFE_PN0P_) from module cv32e40p_core (D = \instr_rdata_i [24], Q = \if_stage_i.prefetch_buffer_i.fifo_i.mem_q [24]).
Adding EN signal on $auto$ff.cc:337:slice$23367 ($_DFFE_PN0P_) from module cv32e40p_core (D = \instr_rdata_i [25], Q = \if_stage_i.prefetch_buffer_i.fifo_i.mem_q [25]).
Adding EN signal on $auto$ff.cc:337:slice$23368 ($_DFFE_PN0P_) from module cv32e40p_core (D = \instr_rdata_i [26], Q = \if_stage_i.prefetch_buffer_i.fifo_i.mem_q [26]).
Adding EN signal on $auto$ff.cc:337:slice$23369 ($_DFFE_PN0P_) from module cv32e40p_core (D = \instr_rdata_i [27], Q = \if_stage_i.prefetch_buffer_i.fifo_i.mem_q [27]).
Adding EN signal on $auto$ff.cc:337:slice$23370 ($_DFFE_PN0P_) from module cv32e40p_core (D = \instr_rdata_i [28], Q = \if_stage_i.prefetch_buffer_i.fifo_i.mem_q [28]).
Adding EN signal on $auto$ff.cc:337:slice$23371 ($_DFFE_PN0P_) from module cv32e40p_core (D = \instr_rdata_i [29], Q = \if_stage_i.prefetch_buffer_i.fifo_i.mem_q [29]).
Adding EN signal on $auto$ff.cc:337:slice$23372 ($_DFFE_PN0P_) from module cv32e40p_core (D = \instr_rdata_i [30], Q = \if_stage_i.prefetch_buffer_i.fifo_i.mem_q [30]).
Adding EN signal on $auto$ff.cc:337:slice$23374 ($_DFFE_PN0P_) from module cv32e40p_core (D = \instr_rdata_i [0], Q = \if_stage_i.prefetch_buffer_i.fifo_i.mem_q [32]).
Adding EN signal on $auto$ff.cc:337:slice$23375 ($_DFFE_PN0P_) from module cv32e40p_core (D = \instr_rdata_i [1], Q = \if_stage_i.prefetch_buffer_i.fifo_i.mem_q [33]).
Adding EN signal on $auto$ff.cc:337:slice$23376 ($_DFFE_PN0P_) from module cv32e40p_core (D = \instr_rdata_i [2], Q = \if_stage_i.prefetch_buffer_i.fifo_i.mem_q [34]).
Adding EN signal on $auto$ff.cc:337:slice$23377 ($_DFFE_PN0P_) from module cv32e40p_core (D = \instr_rdata_i [3], Q = \if_stage_i.prefetch_buffer_i.fifo_i.mem_q [35]).
Adding EN signal on $auto$ff.cc:337:slice$23378 ($_DFFE_PN0P_) from module cv32e40p_core (D = \instr_rdata_i [4], Q = \if_stage_i.prefetch_buffer_i.fifo_i.mem_q [36]).
Adding EN signal on $auto$ff.cc:337:slice$23379 ($_DFFE_PN0P_) from module cv32e40p_core (D = \instr_rdata_i [5], Q = \if_stage_i.prefetch_buffer_i.fifo_i.mem_q [37]).
Adding EN signal on $auto$ff.cc:337:slice$23380 ($_DFFE_PN0P_) from module cv32e40p_core (D = \instr_rdata_i [6], Q = \if_stage_i.prefetch_buffer_i.fifo_i.mem_q [38]).
Adding EN signal on $auto$ff.cc:337:slice$23381 ($_DFFE_PN0P_) from module cv32e40p_core (D = \instr_rdata_i [7], Q = \if_stage_i.prefetch_buffer_i.fifo_i.mem_q [39]).
Adding EN signal on $auto$ff.cc:337:slice$23382 ($_DFFE_PN0P_) from module cv32e40p_core (D = \instr_rdata_i [8], Q = \if_stage_i.prefetch_buffer_i.fifo_i.mem_q [40]).
Adding EN signal on $auto$ff.cc:337:slice$23383 ($_DFFE_PN0P_) from module cv32e40p_core (D = \instr_rdata_i [9], Q = \if_stage_i.prefetch_buffer_i.fifo_i.mem_q [41]).
Adding EN signal on $auto$ff.cc:337:slice$23384 ($_DFFE_PN0P_) from module cv32e40p_core (D = \instr_rdata_i [10], Q = \if_stage_i.prefetch_buffer_i.fifo_i.mem_q [42]).
Adding EN signal on $auto$ff.cc:337:slice$23385 ($_DFFE_PN0P_) from module cv32e40p_core (D = \instr_rdata_i [11], Q = \if_stage_i.prefetch_buffer_i.fifo_i.mem_q [43]).
Adding EN signal on $auto$ff.cc:337:slice$23386 ($_DFFE_PN0P_) from module cv32e40p_core (D = \instr_rdata_i [12], Q = \if_stage_i.prefetch_buffer_i.fifo_i.mem_q [44]).
Adding EN signal on $auto$ff.cc:337:slice$23387 ($_DFFE_PN0P_) from module cv32e40p_core (D = \instr_rdata_i [13], Q = \if_stage_i.prefetch_buffer_i.fifo_i.mem_q [45]).
Adding EN signal on $auto$ff.cc:337:slice$23388 ($_DFFE_PN0P_) from module cv32e40p_core (D = \instr_rdata_i [14], Q = \if_stage_i.prefetch_buffer_i.fifo_i.mem_q [46]).
Adding EN signal on $auto$ff.cc:337:slice$23389 ($_DFFE_PN0P_) from module cv32e40p_core (D = \instr_rdata_i [15], Q = \if_stage_i.prefetch_buffer_i.fifo_i.mem_q [47]).
Adding EN signal on $auto$ff.cc:337:slice$23390 ($_DFFE_PN0P_) from module cv32e40p_core (D = \instr_rdata_i [16], Q = \if_stage_i.prefetch_buffer_i.fifo_i.mem_q [48]).
Adding EN signal on $auto$ff.cc:337:slice$23391 ($_DFFE_PN0P_) from module cv32e40p_core (D = \instr_rdata_i [17], Q = \if_stage_i.prefetch_buffer_i.fifo_i.mem_q [49]).
Adding EN signal on $auto$ff.cc:337:slice$23392 ($_DFFE_PN0P_) from module cv32e40p_core (D = \instr_rdata_i [18], Q = \if_stage_i.prefetch_buffer_i.fifo_i.mem_q [50]).
Adding EN signal on $auto$ff.cc:337:slice$23393 ($_DFFE_PN0P_) from module cv32e40p_core (D = \instr_rdata_i [19], Q = \if_stage_i.prefetch_buffer_i.fifo_i.mem_q [51]).
Adding EN signal on $auto$ff.cc:337:slice$23394 ($_DFFE_PN0P_) from module cv32e40p_core (D = \instr_rdata_i [20], Q = \if_stage_i.prefetch_buffer_i.fifo_i.mem_q [52]).
Adding EN signal on $auto$ff.cc:337:slice$23395 ($_DFFE_PN0P_) from module cv32e40p_core (D = \instr_rdata_i [21], Q = \if_stage_i.prefetch_buffer_i.fifo_i.mem_q [53]).
Adding EN signal on $auto$ff.cc:337:slice$23396 ($_DFFE_PN0P_) from module cv32e40p_core (D = \instr_rdata_i [22], Q = \if_stage_i.prefetch_buffer_i.fifo_i.mem_q [54]).
Adding EN signal on $auto$ff.cc:337:slice$23397 ($_DFFE_PN0P_) from module cv32e40p_core (D = \instr_rdata_i [23], Q = \if_stage_i.prefetch_buffer_i.fifo_i.mem_q [55]).
Adding EN signal on $auto$ff.cc:337:slice$23398 ($_DFFE_PN0P_) from module cv32e40p_core (D = \instr_rdata_i [24], Q = \if_stage_i.prefetch_buffer_i.fifo_i.mem_q [56]).
Adding EN signal on $auto$ff.cc:337:slice$23399 ($_DFFE_PN0P_) from module cv32e40p_core (D = \instr_rdata_i [25], Q = \if_stage_i.prefetch_buffer_i.fifo_i.mem_q [57]).
Adding EN signal on $auto$ff.cc:337:slice$23400 ($_DFFE_PN0P_) from module cv32e40p_core (D = \instr_rdata_i [26], Q = \if_stage_i.prefetch_buffer_i.fifo_i.mem_q [58]).
Adding EN signal on $auto$ff.cc:337:slice$23401 ($_DFFE_PN0P_) from module cv32e40p_core (D = \instr_rdata_i [27], Q = \if_stage_i.prefetch_buffer_i.fifo_i.mem_q [59]).
Adding EN signal on $auto$ff.cc:337:slice$23402 ($_DFFE_PN0P_) from module cv32e40p_core (D = \instr_rdata_i [28], Q = \if_stage_i.prefetch_buffer_i.fifo_i.mem_q [60]).
Adding EN signal on $auto$ff.cc:337:slice$23403 ($_DFFE_PN0P_) from module cv32e40p_core (D = \instr_rdata_i [29], Q = \if_stage_i.prefetch_buffer_i.fifo_i.mem_q [61]).
Adding EN signal on $auto$ff.cc:337:slice$23404 ($_DFFE_PN0P_) from module cv32e40p_core (D = \instr_rdata_i [30], Q = \if_stage_i.prefetch_buffer_i.fifo_i.mem_q [62]).

3.22.4. Executing OPT_CLEAN pass (remove unused cells and wires).
Finding unused cells or wires in module \cv32e40p_core..
Removed 2024 unused cells and 13020 unused wires.
<suppressed ~2030 debug messages>

3.22.5. Rerunning OPT passes. (Removed registers in this run.)

3.22.6. Executing OPT_EXPR pass (perform const folding).
Optimizing module cv32e40p_core.
<suppressed ~13 debug messages>

3.22.7. Executing OPT_MERGE pass (detect identical cells).
Finding identical cells in module `\cv32e40p_core'.
<suppressed ~327 debug messages>
Removed a total of 109 cells.

3.22.8. Executing OPT_DFF pass (perform DFF optimizations).

3.22.9. Executing OPT_CLEAN pass (remove unused cells and wires).
Finding unused cells or wires in module \cv32e40p_core..
Removed 2 unused cells and 116 unused wires.
<suppressed ~3 debug messages>

3.22.10. Finished fast OPT passes.

3.23. Executing ABC pass (technology mapping using ABC).

3.23.1. Extracting gate netlist of module `\cv32e40p_core' to `<abc-temp-dir>/input.blif'..
Replacing 3 occurrences of constant undef bits with constant zero bits

3.23.1.1. Executed ABC.
Extracted 24426 gates and 26858 wires to a netlist network with 2429 inputs and 2052 outputs.
Running ABC script: <abc-temp-dir>/abc.script
ABC: UC Berkeley, ABC 1.01 (compiled Dec 21 2025 19:49:10)
ABC: abc 01> empty
ABC: abc 01> source <abc-temp-dir>/abc.script
ABC: + read_blif <abc-temp-dir>/input.blif 
ABC: + read_library /tmp/yosys-abc-zYECuB/stdcells.genlib 
ABC: + strash 
ABC: + dretime 
ABC: + map 
ABC: + write_blif <abc-temp-dir>/output.blif 
ABC: 

3.23.1.2. Re-integrating ABC results.
ABC RESULTS:               AND cells:     1178
ABC RESULTS:            ANDNOT cells:     6137
ABC RESULTS:               MUX cells:     5834
ABC RESULTS:              NAND cells:      631
ABC RESULTS:               NOR cells:     1441
ABC RESULTS:               NOT cells:      882
ABC RESULTS:                OR cells:     4356
ABC RESULTS:             ORNOT cells:      671
ABC RESULTS:              XNOR cells:      820
ABC RESULTS:               XOR cells:     2110
ABC RESULTS:              ZERO cells:        1
ABC RESULTS:        internal signals:    22377
ABC RESULTS:           input signals:     2429
ABC RESULTS:          output signals:     2052
Removing temp directory.
Removing global temp directory.

3.24. Executing OPT pass (performing simple optimizations).

3.24.1. Executing OPT_EXPR pass (perform const folding).
Optimizing module cv32e40p_core.
<suppressed ~1462 debug messages>

3.24.2. Executing OPT_MERGE pass (detect identical cells).
Finding identical cells in module `\cv32e40p_core'.
<suppressed ~84 debug messages>
Removed a total of 28 cells.

3.24.3. Executing OPT_DFF pass (perform DFF optimizations).
Setting constant 0-bit at position 0 on $auto$ff.cc:337:slice$20646 ($_DFFE_PN0P_) from module cv32e40p_core.

3.24.4. Executing OPT_CLEAN pass (remove unused cells and wires).
Finding unused cells or wires in module \cv32e40p_core..
Removed 14 unused cells and 8484 unused wires.
<suppressed ~408 debug messages>

3.24.5. Rerunning OPT passes. (Removed registers in this run.)

3.24.6. Executing OPT_EXPR pass (perform const folding).
Optimizing module cv32e40p_core.

3.24.7. Executing OPT_MERGE pass (detect identical cells).
Finding identical cells in module `\cv32e40p_core'.
Removed a total of 0 cells.

3.24.8. Executing OPT_DFF pass (perform DFF optimizations).
Adding EN signal on $auto$ff.cc:337:slice$23667 ($_DFF_PN0_) from module cv32e40p_core (D = $abc$92113$new_n10460, Q = \if_stage_i.aligner_i.state [3]).
Setting constant 0-bit at position 0 on $auto$ff.cc:337:slice$23310 ($_DFFE_PN0P_) from module cv32e40p_core.

3.24.9. Executing OPT_CLEAN pass (remove unused cells and wires).
Finding unused cells or wires in module \cv32e40p_core..
Removed 1 unused cells and 1 unused wires.
<suppressed ~2 debug messages>

3.24.10. Rerunning OPT passes. (Removed registers in this run.)

3.24.11. Executing OPT_EXPR pass (perform const folding).
Optimizing module cv32e40p_core.
<suppressed ~2 debug messages>

3.24.12. Executing OPT_MERGE pass (detect identical cells).
Finding identical cells in module `\cv32e40p_core'.
Removed a total of 0 cells.

3.24.13. Executing OPT_DFF pass (perform DFF optimizations).

3.24.14. Executing OPT_CLEAN pass (remove unused cells and wires).
Finding unused cells or wires in module \cv32e40p_core..
Removed 0 unused cells and 2 unused wires.
<suppressed ~1 debug messages>

3.24.15. Finished fast OPT passes.

3.25. Executing HIERARCHY pass (managing design hierarchy).
Attribute `top' found on module `cv32e40p_core'. Setting top module to cv32e40p_core.

3.25.1. Analyzing design hierarchy..
Top module:  \cv32e40p_core

3.25.2. Analyzing design hierarchy..
Top module:  \cv32e40p_core
Removed 0 unused modules.

3.26. Printing statistics.

=== cv32e40p_core ===

        +----------Local Count, excluding submodules.
        | 
    24460 wires
    45155 wire bits
     1041 public wires
    21736 public wire bits
       39 ports
      536 port bits
    26195 cells
     6134   $_ANDNOT_
     1176   $_AND_
       36   $_DFFE_PN0N_
     1960   $_DFFE_PN0P_
        7   $_DFFE_PN1P_
      168   $_DFF_PN0_
        8   $_DFF_PN1_
        1   $_DLATCH_N_
     5829   $_MUX_
      630   $_NAND_
     1432   $_NOR_
      869   $_NOT_
      669   $_ORNOT_
     4347   $_OR_
      820   $_XNOR_
     2109   $_XOR_

3.27. Executing CHECK pass (checking for obvious problems).
Checking module cv32e40p_core...
Found and reported 0 problems.

4. Executing DFFLIBMAP pass (mapping DFF cells to sequential cells from liberty file).
  cell sg13g2_dfrbpq_1 (noninv, pins=4, area=48.99) is a direct match for cell type $_DFF_PN0_.
  final dff cell mappings:
    unmapped dff cell: $_DFF_N_
    unmapped dff cell: $_DFF_P_
    unmapped dff cell: $_DFF_NN0_
    unmapped dff cell: $_DFF_NN1_
    unmapped dff cell: $_DFF_NP0_
    unmapped dff cell: $_DFF_NP1_
    \sg13g2_dfrbpq_1 _DFF_PN0_ (.CLK( C), .D( D), .Q( Q), .RESET_B( R));
    unmapped dff cell: $_DFF_PN1_
    unmapped dff cell: $_DFF_PP0_
    unmapped dff cell: $_DFF_PP1_
    unmapped dff cell: $_DFFE_NN_
    unmapped dff cell: $_DFFE_NP_
    unmapped dff cell: $_DFFE_PN_
    unmapped dff cell: $_DFFE_PP_
    unmapped dff cell: $_DFFSR_NNN_
    unmapped dff cell: $_DFFSR_NNP_
    unmapped dff cell: $_DFFSR_NPN_
    unmapped dff cell: $_DFFSR_NPP_
    unmapped dff cell: $_DFFSR_PNN_
    unmapped dff cell: $_DFFSR_PNP_
    unmapped dff cell: $_DFFSR_PPN_
    unmapped dff cell: $_DFFSR_PPP_

4.1. Executing DFFLEGALIZE pass (convert FFs to types supported by the target).
<suppressed ~4 debug messages>
Mapping DFF cells in module `\cv32e40p_core':
  mapped 2179 $_DFF_PN0_ cells to \sg13g2_dfrbpq_1 cells.

5. Executing ABC pass (technology mapping using ABC).

5.1. Extracting gate netlist of module `\cv32e40p_core' to `<abc-temp-dir>/input.blif'..

5.1.1. Executed ABC.
Extracted 26048 gates and 28480 wires to a netlist network with 2430 inputs and 2257 outputs.
Running ABC script: <abc-temp-dir>/abc.script
ABC: UC Berkeley, ABC 1.01 (compiled Dec 21 2025 19:49:10)
ABC: abc 01> empty
ABC: abc 01> source <abc-temp-dir>/abc.script
ABC: + read_blif <abc-temp-dir>/input.blif 
ABC: + read_lib -w /foss/pdks/ihp-sg13g2/libs.ref/sg13g2_stdcell/lib/sg13g2_stdcell_typ_1p20V_25C.lib 
ABC: Parsing finished successfully.  Parsing time =     0.01 sec
ABC: Scl_LibertyReadGenlib() skipped cell "sg13g2_antennanp" due to dont_use attribute.
ABC: Scl_LibertyReadGenlib() skipped cell "sg13g2_decap_4" due to dont_use attribute.
ABC: Scl_LibertyReadGenlib() skipped cell "sg13g2_decap_8" due to dont_use attribute.
ABC: Scl_LibertyReadGenlib() skipped sequential cell "sg13g2_dfrbp_1".
ABC: Scl_LibertyReadGenlib() skipped sequential cell "sg13g2_dfrbp_2".
ABC: Scl_LibertyReadGenlib() skipped sequential cell "sg13g2_dfrbpq_1".
ABC: Scl_LibertyReadGenlib() skipped sequential cell "sg13g2_dfrbpq_2".
ABC: Scl_LibertyReadGenlib() skipped sequential cell "sg13g2_dlhq_1".
ABC: Scl_LibertyReadGenlib() skipped sequential cell "sg13g2_dlhr_1".
ABC: Scl_LibertyReadGenlib() skipped sequential cell "sg13g2_dlhrq_1".
ABC: Scl_LibertyReadGenlib() skipped sequential cell "sg13g2_dllr_1".
ABC: Scl_LibertyReadGenlib() skipped sequential cell "sg13g2_dllrq_1".
ABC: Scl_LibertyReadGenlib() skipped three-state cell "sg13g2_ebufn_2".
ABC: Scl_LibertyReadGenlib() skipped three-state cell "sg13g2_ebufn_4".
ABC: Scl_LibertyReadGenlib() skipped three-state cell "sg13g2_ebufn_8".
ABC: Scl_LibertyReadGenlib() skipped three-state cell "sg13g2_einvn_2".
ABC: Scl_LibertyReadGenlib() skipped three-state cell "sg13g2_einvn_4".
ABC: Scl_LibertyReadGenlib() skipped three-state cell "sg13g2_einvn_8".
ABC: Scl_LibertyReadGenlib() skipped cell "sg13g2_fill_1" due to dont_use attribute.
ABC: Scl_LibertyReadGenlib() skipped cell "sg13g2_fill_2" due to dont_use attribute.
ABC: Scl_LibertyReadGenlib() skipped cell "sg13g2_fill_4" due to dont_use attribute.
ABC: Scl_LibertyReadGenlib() skipped cell "sg13g2_fill_8" due to dont_use attribute.
ABC: Scl_LibertyReadGenlib() skipped cell "sg13g2_lgcp_1" due to dont_use attribute.
ABC: Scl_LibertyReadGenlib() skipped sequential cell "sg13g2_sdfbbp_1".
ABC: Scl_LibertyReadGenlib() skipped sequential cell "sg13g2_sdfrbp_1".
ABC: Scl_LibertyReadGenlib() skipped sequential cell "sg13g2_sdfrbp_2".
ABC: Scl_LibertyReadGenlib() skipped sequential cell "sg13g2_sdfrbpq_1".
ABC: Scl_LibertyReadGenlib() skipped sequential cell "sg13g2_sdfrbpq_2".
ABC: Scl_LibertyReadGenlib() skipped cell "sg13g2_sighold" due to dont_use attribute.
ABC: Scl_LibertyReadGenlib() skipped cell "sg13g2_slgcp_1" due to dont_use attribute.
ABC: Library "sg13g2_stdcell_typ_1p20V_25C" from "/foss/pdks/ihp-sg13g2/libs.ref/sg13g2_stdcell/lib/sg13g2_stdcell_typ_1p20V_25C.lib" has 54 cells (30 skipped: 14 seq; 6 tri-state; 0 no func; 10 dont_use; 0 with 2 outputs; 0 with 3+ outputs).  Time =     0.01 sec
ABC: Memory =    2.85 MB. Time =     0.01 sec
ABC: + strash 
ABC: + &get -n 
ABC: + &fraig -x 
ABC: + &put 
ABC: + scorr 
ABC: Warning: The network is combinational (run "fraig" or "fraig_sweep").
ABC: + dc2 
ABC: + dretime 
ABC: + strash 
ABC: + &get -n 
ABC: + &dch -f 
ABC: + &nf 
ABC: + &put 
ABC: + write_blif <abc-temp-dir>/output.blif 
ABC: 

5.1.2. Re-integrating ABC results.
ABC RESULTS:     sg13g2_a21o_1 cells:      406
ABC RESULTS:    sg13g2_a21oi_1 cells:     1920
ABC RESULTS:   sg13g2_a221oi_1 cells:      346
ABC RESULTS:    sg13g2_a22oi_1 cells:     2622
ABC RESULTS:     sg13g2_and2_1 cells:      624
ABC RESULTS:     sg13g2_and3_1 cells:      115
ABC RESULTS:     sg13g2_and4_1 cells:       81
ABC RESULTS:      sg13g2_inv_1 cells:      663
ABC RESULTS:     sg13g2_mux2_1 cells:      467
ABC RESULTS:     sg13g2_mux4_1 cells:      192
ABC RESULTS:    sg13g2_nand2_1 cells:     2440
ABC RESULTS:   sg13g2_nand2b_1 cells:      521
ABC RESULTS:    sg13g2_nand3_1 cells:      382
ABC RESULTS:   sg13g2_nand3b_1 cells:       32
ABC RESULTS:    sg13g2_nand4_1 cells:      201
ABC RESULTS:     sg13g2_nor2_1 cells:     1569
ABC RESULTS:    sg13g2_nor2b_1 cells:      579
ABC RESULTS:     sg13g2_nor3_1 cells:      392
ABC RESULTS:     sg13g2_nor4_1 cells:      142
ABC RESULTS:    sg13g2_o21ai_1 cells:     3114
ABC RESULTS:      sg13g2_or2_1 cells:      206
ABC RESULTS:      sg13g2_or3_1 cells:      138
ABC RESULTS:      sg13g2_or4_1 cells:       17
ABC RESULTS:    sg13g2_xnor2_1 cells:     1244
ABC RESULTS:     sg13g2_xor2_1 cells:      735
ABC RESULTS:        internal signals:    23793
ABC RESULTS:           input signals:     2430
ABC RESULTS:          output signals:     2257
Removing temp directory.
Removing global temp directory.

6. Executing OPT_CLEAN pass (remove unused cells and wires).
Finding unused cells or wires in module \cv32e40p_core..
Removed 0 unused cells and 28982 unused wires.
<suppressed ~902 debug messages>

7. Printing statistics.

=== cv32e40p_core ===

        +----------Local Count, excluding submodules.
        |        +-Local Area, excluding submodules.
        |        | 
    19089        - wires
    24708        - wire bits
      140        - public wires
     5759        - public wire bits
       39        - ports
      536        - port bits
    21328 3.02E+05 cells
        1        -   $_DLATCH_N_
      406 5.16E+03   sg13g2_a21o_1
     1920 1.74E+04   sg13g2_a21oi_1
      346 5.02E+03   sg13g2_a221oi_1
     2622 2.84E+04   sg13g2_a22oi_1
      624 5.66E+03   sg13g2_and2_1
      115 1.46E+03   sg13g2_and3_1
       81 1.18E+03   sg13g2_and4_1
     2179 1.07E+05   sg13g2_dfrbpq_1
      663 3.61E+03   sg13g2_inv_1
      467 8.47E+03   sg13g2_mux2_1
      192 7.32E+03   sg13g2_mux4_1
     2440 1.77E+04   sg13g2_nand2_1
      521 4.73E+03   sg13g2_nand2b_1
      382 3.47E+03   sg13g2_nand3_1
       32  406.426   sg13g2_nand3b_1
      201 2.19E+03   sg13g2_nand4_1
     1569 1.14E+04   sg13g2_nor2_1
      579 5.25E+03   sg13g2_nor2b_1
      392 3.56E+03   sg13g2_nor3_1
      142 1.55E+03   sg13g2_nor4_1
     3114 2.83E+04   sg13g2_o21ai_1
      206 1.87E+03   sg13g2_or2_1
      138  1752.71   sg13g2_or3_1
       17  246.758   sg13g2_or4_1
     1244 1.81E+04   sg13g2_xnor2_1
      735 1.07E+04   sg13g2_xor2_1

   Area for cell type $_DLATCH_N_ is unknown!

   Chip area for module '\cv32e40p_core': 301564.846800
     of which used for sequential elements: 106746.595200 (35.40%)

End of script. Logfile hash: 141f1ca0ea, CPU: user 8.68s system 0.08s, MEM: 181.22 MB peak
Yosys 0.60 (git sha1 5bafeb77d, g++ 13.3.0-6ubuntu2~24.04 -fPIC -O3)
Time spent: 46% 2x abc (7 sec), 16% 41x opt_clean (2 sec), ...
