
 /----------------------------------------------------------------------------\
 |  yosys -- Yosys Open SYnthesis Suite                                       |
 |  Copyright (C) 2012 - 2025  Claire Xenia Wolf <claire@yosyshq.com>         |
 |  Distributed under an ISC-like license, type "license" to see terms        |
 \----------------------------------------------------------------------------/
 Yosys 0.60 (git sha1 5bafeb77d, g++ 13.3.0-6ubuntu2~24.04 -fPIC -O3)

-- Running command `
    plugin -i slang
    read_slang -D SYNTHESIS --top cve2_core -G MHPMCounterNum=1 -G PMPEnable=0 --ignore-unknown-modules -I /foss/designs/cores/cve2/rtl -I /foss/designs/cores/cve2/vendor/lowrisc_ip/ip/prim/rtl -I /foss/designs/cores/cve2/vendor/lowrisc_ip/dv/sv/dv_utils /foss/designs/cores/cve2/rtl/cve2_pkg.sv /foss/designs/cores/cve2/rtl/cve2_alu.sv /foss/designs/cores/cve2/rtl/cve2_compressed_decoder.sv /foss/designs/cores/cve2/rtl/cve2_controller.sv /foss/designs/cores/cve2/rtl/cve2_counter.sv /foss/designs/cores/cve2/rtl/cve2_cs_registers.sv /foss/designs/cores/cve2/rtl/cve2_csr.sv /foss/designs/cores/cve2/rtl/cve2_decoder.sv /foss/designs/cores/cve2/rtl/cve2_ex_block.sv /foss/designs/cores/cve2/rtl/cve2_id_stage.sv /foss/designs/cores/cve2/rtl/cve2_if_stage.sv /foss/designs/cores/cve2/rtl/cve2_load_store_unit.sv /foss/designs/cores/cve2/rtl/cve2_multdiv_slow.sv /foss/designs/cores/cve2/rtl/cve2_multdiv_fast.sv /foss/designs/cores/cve2/rtl/cve2_prefetch_buffer.sv /foss/designs/cores/cve2/rtl/cve2_fetch_fifo.sv /foss/designs/cores/cve2/rtl/cve2_register_file_ff.sv /foss/designs/cores/cve2/rtl/cve2_wb.sv /foss/designs/cores/cve2/rtl/cve2_core.sv /foss/designs/cores/cve2/rtl/cve2_clock_gate.sv
    hierarchy -top cve2_core
    synth -top cve2_core -flatten
    dfflibmap -liberty /foss/pdks/ihp-sg13g2/libs.ref/sg13g2_stdcell/lib/sg13g2_stdcell_typ_1p20V_25C.lib
    abc -liberty /foss/pdks/ihp-sg13g2/libs.ref/sg13g2_stdcell/lib/sg13g2_stdcell_typ_1p20V_25C.lib
    opt_clean -purge
    tee -o /foss/designs/synth/results/cve2_rv32imc.stat stat -liberty /foss/pdks/ihp-sg13g2/libs.ref/sg13g2_stdcell/lib/sg13g2_stdcell_typ_1p20V_25C.lib
  ' --

1. Executing SLANG frontend.

1.1. Executing UNDRIVEN pass. (resolve undriven signals)

1.2. Executing PROC_CLEAN pass (remove empty switches from decision trees).
Removing empty process `cve2_core.$1604'.
Removing empty process `cve2_core.$1599'.
Found and cleaned up 1 empty switch in `\cve2_core.$1594'.
Removing empty process `cve2_core.$1588'.
Found and cleaned up 1 empty switch in `\cve2_core.$1583'.
Removing empty process `cve2_core.$1577'.
Found and cleaned up 1 empty switch in `\cve2_core.$1572'.
Removing empty process `cve2_core.$1570'.
Removing empty process `cve2_core.$1569'.
Found and cleaned up 1 empty switch in `\cve2_core.$1566'.
Found and cleaned up 1 empty switch in `\cve2_core.$1562'.
Found and cleaned up 1 empty switch in `\cve2_core.$1558'.
Found and cleaned up 1 empty switch in `\cve2_core.$1554'.
Found and cleaned up 1 empty switch in `\cve2_core.$1550'.
Found and cleaned up 1 empty switch in `\cve2_core.$1546'.
Found and cleaned up 1 empty switch in `\cve2_core.$1542'.
Found and cleaned up 1 empty switch in `\cve2_core.$1538'.
Found and cleaned up 1 empty switch in `\cve2_core.$1534'.
Found and cleaned up 1 empty switch in `\cve2_core.$1530'.
Found and cleaned up 1 empty switch in `\cve2_core.$1526'.
Found and cleaned up 1 empty switch in `\cve2_core.$1522'.
Found and cleaned up 1 empty switch in `\cve2_core.$1518'.
Found and cleaned up 1 empty switch in `\cve2_core.$1514'.
Found and cleaned up 1 empty switch in `\cve2_core.$1510'.
Found and cleaned up 1 empty switch in `\cve2_core.$1496'.
Removing empty process `cve2_core.$1492'.
Found and cleaned up 1 empty switch in `\cve2_core.$1381'.
Found and cleaned up 5 empty switches in `\cve2_core.$1334'.
Found and cleaned up 1 empty switch in `\cve2_core.$1317'.
Found and cleaned up 1 empty switch in `\cve2_core.$1313'.
Found and cleaned up 1 empty switch in `\cve2_core.$1309'.
Found and cleaned up 1 empty switch in `\cve2_core.$1305'.
Found and cleaned up 1 empty switch in `\cve2_core.$1301'.
Found and cleaned up 1 empty switch in `\cve2_core.$1297'.
Found and cleaned up 1 empty switch in `\cve2_core.$1293'.
Found and cleaned up 1 empty switch in `\cve2_core.$1289'.
Found and cleaned up 1 empty switch in `\cve2_core.$1285'.
Found and cleaned up 1 empty switch in `\cve2_core.$1281'.
Found and cleaned up 1 empty switch in `\cve2_core.$1277'.
Found and cleaned up 1 empty switch in `\cve2_core.$1273'.
Found and cleaned up 1 empty switch in `\cve2_core.$1269'.
Found and cleaned up 1 empty switch in `\cve2_core.$1265'.
Found and cleaned up 1 empty switch in `\cve2_core.$1261'.
Found and cleaned up 1 empty switch in `\cve2_core.$1257'.
Found and cleaned up 1 empty switch in `\cve2_core.$1253'.
Found and cleaned up 1 empty switch in `\cve2_core.$1249'.
Found and cleaned up 1 empty switch in `\cve2_core.$1245'.
Found and cleaned up 1 empty switch in `\cve2_core.$1241'.
Found and cleaned up 1 empty switch in `\cve2_core.$1237'.
Found and cleaned up 1 empty switch in `\cve2_core.$1233'.
Found and cleaned up 1 empty switch in `\cve2_core.$1229'.
Found and cleaned up 1 empty switch in `\cve2_core.$1225'.
Found and cleaned up 1 empty switch in `\cve2_core.$1221'.
Found and cleaned up 1 empty switch in `\cve2_core.$1217'.
Found and cleaned up 1 empty switch in `\cve2_core.$1213'.
Found and cleaned up 1 empty switch in `\cve2_core.$1209'.
Found and cleaned up 1 empty switch in `\cve2_core.$1205'.
Found and cleaned up 1 empty switch in `\cve2_core.$1201'.
Found and cleaned up 1 empty switch in `\cve2_core.$1197'.
Removing empty process `cve2_core.$1134'.
Removing empty process `cve2_core.$1105'.
Found and cleaned up 1 empty switch in `\cve2_core.$1043'.
Found and cleaned up 1 empty switch in `\cve2_core.$1034'.
Found and cleaned up 1 empty switch in `\cve2_core.$1024'.
Found and cleaned up 1 empty switch in `\cve2_core.$1014'.
Found and cleaned up 1 empty switch in `\cve2_core.$1012'.
Found and cleaned up 1 empty switch in `\cve2_core.$1008'.
Found and cleaned up 1 empty switch in `\cve2_core.$1000'.
Found and cleaned up 1 empty switch in `\cve2_core.$996'.
Found and cleaned up 1 empty switch in `\cve2_core.$994'.
Found and cleaned up 1 empty switch in `\cve2_core.$984'.
Found and cleaned up 1 empty switch in `\cve2_core.$938'.
Found and cleaned up 1 empty switch in `\cve2_core.$928'.
Found and cleaned up 1 empty switch in `\cve2_core.$920'.
Found and cleaned up 1 empty switch in `\cve2_core.$897'.
Found and cleaned up 1 empty switch in `\cve2_core.$883'.
Found and cleaned up 1 empty switch in `\cve2_core.$877'.
Found and cleaned up 1 empty switch in `\cve2_core.$875'.
Found and cleaned up 1 empty switch in `\cve2_core.$863'.
Found and cleaned up 2 empty switches in `\cve2_core.$854'.
Found and cleaned up 1 empty switch in `\cve2_core.$850'.
Found and cleaned up 1 empty switch in `\cve2_core.$843'.
Found and cleaned up 1 empty switch in `\cve2_core.$835'.
Found and cleaned up 1 empty switch in `\cve2_core.$829'.
Found and cleaned up 1 empty switch in `\cve2_core.$826'.
Found and cleaned up 1 empty switch in `\cve2_core.$823'.
Found and cleaned up 1 empty switch in `\cve2_core.$820'.
Found and cleaned up 4 empty switches in `\cve2_core.$818'.
Found and cleaned up 4 empty switches in `\cve2_core.$733'.
Removing empty process `cve2_core.$726'.
Removing empty process `cve2_core.$719'.
Removing empty process `cve2_core.$709'.
Found and cleaned up 1 empty switch in `\cve2_core.$566'.
Found and cleaned up 1 empty switch in `\cve2_core.$549'.
Found and cleaned up 1 empty switch in `\cve2_core.$508'.
Found and cleaned up 1 empty switch in `\cve2_core.$453'.
Found and cleaned up 39 empty switches in `\cve2_core.$401'.
Found and cleaned up 8 empty switches in `\cve2_core.$299'.
Found and cleaned up 1 empty switch in `\cve2_core.$292'.
Found and cleaned up 1 empty switch in `\cve2_core.$287'.
Found and cleaned up 1 empty switch in `\cve2_core.$280'.
Found and cleaned up 1 empty switch in `\cve2_core.$276'.
Found and cleaned up 1 empty switch in `\cve2_core.$271'.
Found and cleaned up 1 empty switch in `\cve2_core.$269'.
Found and cleaned up 1 empty switch in `\cve2_core.$257'.
Found and cleaned up 1 empty switch in `\cve2_core.$229'.
Removing empty process `cve2_core.$226'.
Found and cleaned up 1 empty switch in `\cve2_core.$178'.
Removing empty process `cve2_core.$164'.
Found and cleaned up 1 empty switch in `\cve2_core.$138'.
Found and cleaned up 1 empty switch in `\cve2_core.$127'.
Found and cleaned up 1 empty switch in `\cve2_core.$109'.
Found and cleaned up 1 empty switch in `\cve2_core.$104'.
Found and cleaned up 1 empty switch in `\cve2_core.$99'.
Removing empty process `cve2_core.$96'.
Found and cleaned up 1 empty switch in `\cve2_core.$53'.
Found and cleaned up 1 empty switch in `\cve2_core.$41'.
Found and cleaned up 1 empty switch in `\cve2_core.$4'.
Found and cleaned up 1 empty switch in `\cve2_core.$2'.
Cleaned up 160 empty switches.

1.3. Executing TRIBUF pass.

1.4. Executing PROC_RMDEAD pass (remove dead branches from decision trees).
Removed 1 dead cases from process $1496 in module cve2_core.
Marked 4 switch rules as full_case in process $1572 in module cve2_core.
Marked 11 switch rules as full_case in process $1381 in module cve2_core.
Marked 3 switch rules as full_case in process $1334 in module cve2_core.
Marked 4 switch rules as full_case in process $1583 in module cve2_core.
Marked 4 switch rules as full_case in process $1594 in module cve2_core.
Marked 9 switch rules as full_case in process $1043 in module cve2_core.
Removed 1 dead cases from process $1034 in module cve2_core.
Removed 1 dead cases from process $1024 in module cve2_core.
Marked 8 switch rules as full_case in process $1024 in module cve2_core.
Removed 1 dead cases from process $1014 in module cve2_core.
Marked 8 switch rules as full_case in process $1014 in module cve2_core.
Removed 1 dead cases from process $1012 in module cve2_core.
Removed 1 dead cases from process $994 in module cve2_core.
Removed 5 dead cases from process $984 in module cve2_core.
Marked 8 switch rules as full_case in process $984 in module cve2_core.
Marked 6 switch rules as full_case in process $938 in module cve2_core.
Marked 1 switch rules as full_case in process $928 in module cve2_core.
Removed 1 dead cases from process $897 in module cve2_core.
Marked 4 switch rules as full_case in process $897 in module cve2_core.
Marked 1 switch rules as full_case in process $850 in module cve2_core.
Marked 1 switch rules as full_case in process $843 in module cve2_core.
Marked 1 switch rules as full_case in process $829 in module cve2_core.
Removed 1 dead cases from process $733 in module cve2_core.
Marked 6 switch rules as full_case in process $733 in module cve2_core.
Marked 1 switch rules as full_case in process $1566 in module cve2_core.
Marked 39 switch rules as full_case in process $566 in module cve2_core.
Marked 15 switch rules as full_case in process $549 in module cve2_core.
Marked 10 switch rules as full_case in process $508 in module cve2_core.
Marked 4 switch rules as full_case in process $453 in module cve2_core.
Removed 1 dead cases from process $401 in module cve2_core.
Marked 21 switch rules as full_case in process $401 in module cve2_core.
Removed 1 dead cases from process $299 in module cve2_core.
Marked 36 switch rules as full_case in process $299 in module cve2_core.
Removed 2 dead cases from process $287 in module cve2_core.
Removed 1 dead cases from process $269 in module cve2_core.
Removed 6 dead cases from process $178 in module cve2_core.
Marked 20 switch rules as full_case in process $178 in module cve2_core.
Marked 3 switch rules as full_case in process $41 in module cve2_core.
Removed 1 dead cases from process $2 in module cve2_core.
Removed a total of 25 dead cases.

1.5. Executing PROC_PRUNE pass (remove redundant assignments in processes).
Removed 135 redundant assignments.
Promoted 1 assignment to connection.

1.6. Executing PROC_INIT pass (extract init attributes).

1.7. Executing PROC_ROM pass (convert switches to ROMs).
Converted 1 switch.
<suppressed ~416 debug messages>

1.8. Executing PROC_MUX pass (convert decision trees to multiplexers).
Creating decoders for process `\cve2_core.$1542'.
     1/1: $cs_registers_i.u_depc_csr.rdata_q$1545
Creating decoders for process `\cve2_core.$1538'.
     1/1: $cs_registers_i.u_dcsr_csr.rdata_q$1541
Creating decoders for process `\cve2_core.$1534'.
     1/1: $cs_registers_i.u_mtvec_csr.rdata_q$1537
Creating decoders for process `\cve2_core.$1530'.
     1/1: $cs_registers_i.u_mtval_csr.rdata_q$1533
Creating decoders for process `\cve2_core.$1526'.
     1/1: $cs_registers_i.u_mcause_csr.rdata_q$1529
Creating decoders for process `\cve2_core.$1522'.
     1/1: $cs_registers_i.u_mscratch_csr.rdata_q$1525
Creating decoders for process `\cve2_core.$1518'.
     1/1: $cs_registers_i.u_mie_csr.rdata_q$1521
Creating decoders for process `\cve2_core.$1514'.
     1/1: $cs_registers_i.u_mepc_csr.rdata_q$1517
Creating decoders for process `\cve2_core.$1510'.
     1/1: $cs_registers_i.u_mstatus_csr.rdata_q$1513
Creating decoders for process `\cve2_core.$1496'.
     1/1: $cs_registers_i.csr_wdata_int$1500
Creating decoders for process `\cve2_core.$1572'.
     1/3: $cs_registers_i.mcycle_counter_i.counter_d$1575
     2/3: $cs_registers_i.mcycle_counter_i.counter_d$1576
     3/3: $cs_registers_i.mcycle_counter_i.counter_load$1574
Creating decoders for process `\cve2_core.$1381'.
     1/81: $cs_registers_i.mstatus_d[5:1]$1478 [4:1]
     2/81: $cs_registers_i.mcause_en$1475
     3/81: $cs_registers_i.mcause_d$1474
     4/81: $cs_registers_i.mepc_en$1473
     5/81: $cs_registers_i.mepc_d$1472
     6/81: $cs_registers_i.mstatus_d[1]$1469
     7/81: $cs_registers_i.mstatus_d[5:1]$1478 [0]
     8/81: $cs_registers_i.mstatus_d[4:2]$1471
     9/81: $cs_registers_i.mtval_en$1452
    10/81: $cs_registers_i.mtval_d$1451
    11/81: $cs_registers_i.mcause_en$1450
    12/81: $cs_registers_i.mcause_d$1449
    13/81: $cs_registers_i.mepc_en$1448
    14/81: $cs_registers_i.mepc_d$1447
    15/81: $cs_registers_i.mstatus_en$1446
    16/81: $cs_registers_i.mstatus_d[5:2]$1445
    17/81: $cs_registers_i.mstack_en$1467
    18/81: $cs_registers_i.depc_en$1466
    19/81: $cs_registers_i.depc_d$1465
    20/81: $cs_registers_i.dcsr_en$1464
    21/81: $cs_registers_i.dcsr_d[8:6]$1463
    22/81: $cs_registers_i.dcsr_d[1:0]$1462
    23/81: $cs_registers_i.mtval_en$1461
    24/81: $cs_registers_i.mtval_d$1460
    25/81: $cs_registers_i.mcause_en$1459
    26/81: $cs_registers_i.mcause_d$1458
    27/81: $cs_registers_i.mepc_en$1457
    28/81: $cs_registers_i.mepc_d$1456
    29/81: $cs_registers_i.mstatus_en$1455
    30/81: $cs_registers_i.mstatus_d[5:2]$1454
    31/81: $cs_registers_i.exception_pc$1443
    32/81: $cs_registers_i.mstack_en$1491
    33/81: $cs_registers_i.depc_en$1490
    34/81: $cs_registers_i.depc_d$1489
    35/81: $cs_registers_i.dcsr_en$1488
    36/81: $cs_registers_i.dcsr_d[8:6]$1487
    37/81: $cs_registers_i.dcsr_d[1:0]$1486
    38/81: $cs_registers_i.mtval_en$1485
    39/81: $cs_registers_i.mtval_d$1484
    40/81: $cs_registers_i.mcause_en$1483
    41/81: $cs_registers_i.mcause_d$1482
    42/81: $cs_registers_i.mepc_en$1481
    43/81: $cs_registers_i.mepc_d$1480
    44/81: $cs_registers_i.mstatus_en$1479
    45/81: $cs_registers_i.mstack_en$1453
    46/81: $cs_registers_i.priv_lvl_d$1477
    47/81: $cs_registers_i.exception_pc$1476
    48/81: $cs_registers_i.dcsr_d[1:0]$1396
    49/81: $cs_registers_i.mstatus_d[3:2]$1390
    50/81: $cs_registers_i.mhpmcounterh_we$1426
    51/81: $cs_registers_i.mhpmcounter_we$1425
    52/81: $cs_registers_i.mcountinhibit_we$1424
    53/81: $cs_registers_i.dscratch1_en$1423
    54/81: $cs_registers_i.dscratch0_en$1422
    55/81: $cs_registers_i.depc_en$1421
    56/81: $cs_registers_i.dcsr_en$1420
    57/81: $cs_registers_i.dcsr_d$1419
    58/81: $cs_registers_i.mtvec_en$1418
    59/81: $cs_registers_i.mtval_en$1417
    60/81: $cs_registers_i.mcause_en$1416
    61/81: $cs_registers_i.mepc_en$1415
    62/81: $cs_registers_i.mscratch_en$1414
    63/81: $cs_registers_i.mie_en$1413
    64/81: $cs_registers_i.mstatus_en$1412
    65/81: $cs_registers_i.mstatus_d$1411
    66/81: $cs_registers_i.mhpmcounterh_we$1442
    67/81: $cs_registers_i.mhpmcounter_we$1441
    68/81: $cs_registers_i.mcountinhibit_we$1440
    69/81: $cs_registers_i.dscratch1_en$1439
    70/81: $cs_registers_i.dscratch0_en$1438
    71/81: $cs_registers_i.depc_en$1437
    72/81: $cs_registers_i.dcsr_en$1436
    73/81: $cs_registers_i.dcsr_d$1435
    74/81: $cs_registers_i.mtvec_en$1434
    75/81: $cs_registers_i.mtval_en$1433
    76/81: $cs_registers_i.mcause_en$1432
    77/81: $cs_registers_i.mepc_en$1431
    78/81: $cs_registers_i.mscratch_en$1430
    79/81: $cs_registers_i.mie_en$1429
    80/81: $cs_registers_i.mstatus_en$1428
    81/81: $cs_registers_i.mstatus_d$1427
Creating decoders for process `\cve2_core.$1334'.
     1/6: $cs_registers_i.illegal_csr$1380
     2/6: $cs_registers_i.illegal_csr$1379
     3/6: $cs_registers_i.illegal_csr$1336
     4/6: $cs_registers_i.illegal_csr$1335
     5/6: $cs_registers_i.illegal_csr$1357
     6/6: $cs_registers_i.csr_rdata_int$1356
Creating decoders for process `\cve2_core.$1317'.
     1/1: $register_file_i.rf_reg_q[991:960]$1320
Creating decoders for process `\cve2_core.$1313'.
     1/1: $register_file_i.rf_reg_q[959:928]$1316
Creating decoders for process `\cve2_core.$1309'.
     1/1: $register_file_i.rf_reg_q[927:896]$1312
Creating decoders for process `\cve2_core.$1305'.
     1/1: $register_file_i.rf_reg_q[895:864]$1308
Creating decoders for process `\cve2_core.$1301'.
     1/1: $register_file_i.rf_reg_q[863:832]$1304
Creating decoders for process `\cve2_core.$1297'.
     1/1: $register_file_i.rf_reg_q[831:800]$1300
Creating decoders for process `\cve2_core.$1293'.
     1/1: $register_file_i.rf_reg_q[799:768]$1296
Creating decoders for process `\cve2_core.$1289'.
     1/1: $register_file_i.rf_reg_q[767:736]$1292
Creating decoders for process `\cve2_core.$1285'.
     1/1: $register_file_i.rf_reg_q[735:704]$1288
Creating decoders for process `\cve2_core.$1281'.
     1/1: $register_file_i.rf_reg_q[703:672]$1284
Creating decoders for process `\cve2_core.$1277'.
     1/1: $register_file_i.rf_reg_q[671:640]$1280
Creating decoders for process `\cve2_core.$1273'.
     1/1: $register_file_i.rf_reg_q[639:608]$1276
Creating decoders for process `\cve2_core.$1269'.
     1/1: $register_file_i.rf_reg_q[607:576]$1272
Creating decoders for process `\cve2_core.$1265'.
     1/1: $register_file_i.rf_reg_q[575:544]$1268
Creating decoders for process `\cve2_core.$1261'.
     1/1: $register_file_i.rf_reg_q[543:512]$1264
Creating decoders for process `\cve2_core.$1257'.
     1/1: $register_file_i.rf_reg_q[511:480]$1260
Creating decoders for process `\cve2_core.$1253'.
     1/1: $register_file_i.rf_reg_q[479:448]$1256
Creating decoders for process `\cve2_core.$1249'.
     1/1: $register_file_i.rf_reg_q[447:416]$1252
Creating decoders for process `\cve2_core.$1245'.
     1/1: $register_file_i.rf_reg_q[415:384]$1248
Creating decoders for process `\cve2_core.$1241'.
     1/1: $register_file_i.rf_reg_q[383:352]$1244
Creating decoders for process `\cve2_core.$1237'.
     1/1: $register_file_i.rf_reg_q[351:320]$1240
Creating decoders for process `\cve2_core.$1233'.
     1/1: $register_file_i.rf_reg_q[319:288]$1236
Creating decoders for process `\cve2_core.$1229'.
     1/1: $register_file_i.rf_reg_q[287:256]$1232
Creating decoders for process `\cve2_core.$1225'.
     1/1: $register_file_i.rf_reg_q[255:224]$1228
Creating decoders for process `\cve2_core.$1221'.
     1/1: $register_file_i.rf_reg_q[223:192]$1224
Creating decoders for process `\cve2_core.$1217'.
     1/1: $register_file_i.rf_reg_q[191:160]$1220
Creating decoders for process `\cve2_core.$1213'.
     1/1: $register_file_i.rf_reg_q[159:128]$1216
Creating decoders for process `\cve2_core.$1209'.
     1/1: $register_file_i.rf_reg_q[127:96]$1212
Creating decoders for process `\cve2_core.$1205'.
     1/1: $register_file_i.rf_reg_q[95:64]$1208
Creating decoders for process `\cve2_core.$1201'.
     1/1: $register_file_i.rf_reg_q[63:32]$1204
Creating decoders for process `\cve2_core.$1197'.
     1/1: $register_file_i.rf_reg_q[31:0]$1200
Creating decoders for process `\cve2_core.$1583'.
     1/3: $cs_registers_i.minstret_counter_i.counter_d$1586
     2/3: $cs_registers_i.minstret_counter_i.counter_d$1587
     3/3: $cs_registers_i.minstret_counter_i.counter_load$1585
Creating decoders for process `\cve2_core.$1594'.
     1/3: $cs_registers_i.gen_cntrs[0].gen_imp.mcounters_variable_i.counter_d$1597
     2/3: $cs_registers_i.gen_cntrs[0].gen_imp.mcounters_variable_i.counter_d$1598
     3/3: $cs_registers_i.gen_cntrs[0].gen_imp.mcounters_variable_i.counter_load$1596
Creating decoders for process `\cve2_core.$1043'.
     1/45: $load_store_unit_i.ls_fsm_ns$1093
     2/45: $load_store_unit_i.lsu_err_d$1092
     3/45: $load_store_unit_i.pmp_err_d$1091
     4/45: $load_store_unit_i.rdata_update$1090
     5/45: $load_store_unit_i.addr_update$1089
     6/45: $load_store_unit_i.ls_fsm_ns$1086
     7/45: $load_store_unit_i.handle_misaligned_d$1085
     8/45: $load_store_unit_i.ctrl_update$1084
     9/45: $load_store_unit_i.addr_update$1083
    10/45: $load_store_unit_i.ls_fsm_ns$1074
    11/45: $load_store_unit_i.handle_misaligned_d$1073
    12/45: $load_store_unit_i.ls_fsm_ns$1080
    13/45: $load_store_unit_i.handle_misaligned_d$1077
    14/45: $load_store_unit_i.lsu_err_d$1079
    15/45: $load_store_unit_i.pmp_err_d$1078
    16/45: $load_store_unit_i.rdata_update$1076
    17/45: $load_store_unit_i.addr_update$1075
    18/45: $load_store_unit_i.ls_fsm_ns$1064
    19/45: $load_store_unit_i.handle_misaligned_d$1063
    20/45: $load_store_unit_i.ctrl_update$1062
    21/45: $load_store_unit_i.addr_update$1061
    22/45: $load_store_unit_i.ls_fsm_ns$1104
    23/45: $load_store_unit_i.ls_fsm_ns$1050
    24/45: $load_store_unit_i.handle_misaligned_d$1049
    25/45: $load_store_unit_i.ctrl_update$1048
    26/45: $load_store_unit_i.addr_update$1047
    27/45: $load_store_unit_i.ls_fsm_ns$1059
    28/45: $load_store_unit_i.lsu_err_d$1058
    29/45: $load_store_unit_i.pmp_err_d$1057
    30/45: $load_store_unit_i.handle_misaligned_d$1056
    31/45: $load_store_unit_i.ctrl_update$1055
    32/45: $load_store_unit_i.addr_update$1054
    33/45: $load_store_unit_i.perf_store_o$1053
    34/45: $load_store_unit_i.perf_load_o$1052
    35/45: $load_store_unit_i.data_req_o$1051
    36/45: $load_store_unit_i.lsu_err_d$1103
    37/45: $load_store_unit_i.pmp_err_d$1102
    38/45: $load_store_unit_i.handle_misaligned_d$1101
    39/45: $load_store_unit_i.rdata_update$1100
    40/45: $load_store_unit_i.ctrl_update$1099
    41/45: $load_store_unit_i.addr_update$1098
    42/45: $load_store_unit_i.perf_store_o$1097
    43/45: $load_store_unit_i.perf_load_o$1096
    44/45: $load_store_unit_i.addr_incr_req_o$1095
    45/45: $load_store_unit_i.data_req_o$1094
Creating decoders for process `\cve2_core.$1034'.
     1/1: $load_store_unit_i.data_rdata_ext$1035
Creating decoders for process `\cve2_core.$1024'.
     1/5: $load_store_unit_i.rdata_b_ext$1032
     2/5: $load_store_unit_i.rdata_b_ext$1030
     3/5: $load_store_unit_i.rdata_b_ext$1028
     4/5: $load_store_unit_i.rdata_b_ext$1033
     5/5: $load_store_unit_i.rdata_b_ext$1026
Creating decoders for process `\cve2_core.$1014'.
     1/5: $load_store_unit_i.rdata_h_ext$1022
     2/5: $load_store_unit_i.rdata_h_ext$1020
     3/5: $load_store_unit_i.rdata_h_ext$1018
     4/5: $load_store_unit_i.rdata_h_ext$1023
     5/5: $load_store_unit_i.rdata_h_ext$1016
Creating decoders for process `\cve2_core.$1012'.
     1/1: $load_store_unit_i.rdata_w_ext$1013
Creating decoders for process `\cve2_core.$1008'.
     1/1: $load_store_unit_i.addr_last_q$1011
Creating decoders for process `\cve2_core.$1000'.
     1/4: $load_store_unit_i.data_we_q$1006
     2/4: $load_store_unit_i.data_sign_ext_q$1005
     3/4: $load_store_unit_i.data_type_q$1004
     4/4: $load_store_unit_i.rdata_offset_q$1003
Creating decoders for process `\cve2_core.$996'.
     1/1: $load_store_unit_i.rdata_q$999
Creating decoders for process `\cve2_core.$994'.
     1/1: $load_store_unit_i.data_wdata$995
Creating decoders for process `\cve2_core.$984'.
     1/7: $load_store_unit_i.data_be$992
     2/7: $load_store_unit_i.data_be$991
     3/7: $load_store_unit_i.data_be$990
     4/7: $load_store_unit_i.data_be$993
     5/7: $load_store_unit_i.data_be$987
     6/7: $load_store_unit_i.data_be$988
     7/7: $load_store_unit_i.data_be$986
Creating decoders for process `\cve2_core.$938'.
     1/16: $ex_block_i.gen_multdiv_fast.multdiv_i.op_remainder_d$964
     2/16: $ex_block_i.gen_multdiv_fast.multdiv_i.op_remainder_d$959
     3/16: $ex_block_i.gen_multdiv_fast.multdiv_i.md_state_d$976
     4/16: $ex_block_i.gen_multdiv_fast.multdiv_i.md_state_d$946
     5/16: $ex_block_i.gen_multdiv_fast.multdiv_i.op_remainder_d$944
     6/16: $ex_block_i.gen_multdiv_fast.multdiv_i.div_by_zero_d$945
     7/16: $ex_block_i.gen_multdiv_fast.multdiv_i.div_by_zero_d$975
     8/16: $ex_block_i.gen_multdiv_fast.multdiv_i.div_hold$974
     9/16: $ex_block_i.gen_multdiv_fast.multdiv_i.div_counter_d$973
    10/16: $ex_block_i.gen_multdiv_fast.multdiv_i.div_valid$972
    11/16: $ex_block_i.gen_multdiv_fast.multdiv_i.op_quotient_d$971
    12/16: $ex_block_i.gen_multdiv_fast.multdiv_i.op_numerator_d$970
    13/16: $ex_block_i.gen_multdiv_fast.multdiv_i.op_denominator_d$969
    14/16: $ex_block_i.gen_multdiv_fast.multdiv_i.op_remainder_d$968
    15/16: $ex_block_i.gen_multdiv_fast.multdiv_i.alu_operand_b_o$967
    16/16: $ex_block_i.gen_multdiv_fast.multdiv_i.alu_operand_a_o$966
Creating decoders for process `\cve2_core.$928'.
     1/1: $ex_block_i.gen_multdiv_fast.multdiv_i.is_greater_equal$932
Creating decoders for process `\cve2_core.$920'.
     1/1: $ex_block_i.gen_multdiv_fast.multdiv_i.gen_mult_fast.mult_state_q$923
Creating decoders for process `\cve2_core.$897'.
     1/15: $ex_block_i.gen_multdiv_fast.multdiv_i.gen_mult_fast.mult_state_d$907
     2/15: $ex_block_i.gen_multdiv_fast.multdiv_i.mac_res_d$905
     3/15: $ex_block_i.gen_multdiv_fast.multdiv_i.accum$903
     4/15: $ex_block_i.gen_multdiv_fast.multdiv_i.mult_hold$906
     5/15: $ex_block_i.gen_multdiv_fast.multdiv_i.mult_valid$904
     6/15: $ex_block_i.gen_multdiv_fast.multdiv_i.mac_res_d$900
     7/15: $ex_block_i.gen_multdiv_fast.multdiv_i.gen_mult_fast.mult_state_d$919
     8/15: $ex_block_i.gen_multdiv_fast.multdiv_i.gen_mult_fast.mult_op_b$918
     9/15: $ex_block_i.gen_multdiv_fast.multdiv_i.gen_mult_fast.mult_op_a$917
    10/15: $ex_block_i.gen_multdiv_fast.multdiv_i.mac_res_d$915
    11/15: $ex_block_i.gen_multdiv_fast.multdiv_i.sign_b$913
    12/15: $ex_block_i.gen_multdiv_fast.multdiv_i.sign_a$912
    13/15: $ex_block_i.gen_multdiv_fast.multdiv_i.accum$911
    14/15: $ex_block_i.gen_multdiv_fast.multdiv_i.mult_hold$916
    15/15: $ex_block_i.gen_multdiv_fast.multdiv_i.mult_valid$914
Creating decoders for process `\cve2_core.$883'.
     1/5: $ex_block_i.gen_multdiv_fast.multdiv_i.md_state_q$890
     2/5: $ex_block_i.gen_multdiv_fast.multdiv_i.div_by_zero_q$889
     3/5: $ex_block_i.gen_multdiv_fast.multdiv_i.div_counter_q$888
     4/5: $ex_block_i.gen_multdiv_fast.multdiv_i.op_quotient_q$887
     5/5: $ex_block_i.gen_multdiv_fast.multdiv_i.op_numerator_q$886
Creating decoders for process `\cve2_core.$877'.
     1/1: $ex_block_i.alu_i.result_o$878
Creating decoders for process `\cve2_core.$875'.
     1/1: $ex_block_i.alu_i.bwlogic_result$876
Creating decoders for process `\cve2_core.$863'.
     1/1: $ex_block_i.alu_i.bwlogic_op_b_negate$864
Creating decoders for process `\cve2_core.$854'.
Creating decoders for process `\cve2_core.$850'.
     1/2: $ex_block_i.alu_i.shift_left$852
     2/2: $ex_block_i.alu_i.shift_left$851
Creating decoders for process `\cve2_core.$843'.
     1/1: $ex_block_i.alu_i.shift_amt[4:0]$849
Creating decoders for process `\cve2_core.$835'.
     1/1: $ex_block_i.alu_i.cmp_result$838
Creating decoders for process `\cve2_core.$829'.
     1/1: $ex_block_i.alu_i.is_greater_equal$834
Creating decoders for process `\cve2_core.$826'.
     1/1: $ex_block_i.alu_i.cmp_signed$827
Creating decoders for process `\cve2_core.$823'.
     1/1: $ex_block_i.alu_i.adder_in_b$824
Creating decoders for process `\cve2_core.$820'.
     1/1: $ex_block_i.alu_i.adder_in_a$821
Creating decoders for process `\cve2_core.$818'.
     1/1: $ex_block_i.alu_i.adder_op_b_negate$819
Creating decoders for process `\cve2_core.$733'.
     1/39: $id_stage_i.id_fsm_d$756
     2/39: $id_stage_i.stall_coproc$755
     3/39: $id_stage_i.stall_jump$754
     4/39: $id_stage_i.stall_branch$753
     5/39: $id_stage_i.stall_multdiv$752
     6/39: $id_stage_i.rf_we_raw$750
     7/39: $id_stage_i.id_fsm_d$766
     8/39: $id_stage_i.rf_we_raw$763
     9/39: $id_stage_i.stall_jump$762
    10/39: $id_stage_i.stall_branch$761
    11/39: $id_stage_i.stall_multdiv$760
    12/39: $id_stage_i.id_fsm_d$739
    13/39: $id_stage_i.id_fsm_d$737
    14/39: $id_stage_i.rf_we_raw$736
    15/39: $id_stage_i.stall_multdiv$735
    16/39: $id_stage_i.id_fsm_d$748
    17/39: $id_stage_i.stall_alu$747
    18/39: $id_stage_i.rf_we_raw$746
    19/39: $id_stage_i.stall_jump$745
    20/39: $id_stage_i.stall_branch$744
    21/39: $id_stage_i.stall_multdiv$743
    22/39: $id_stage_i.jump_set_raw$742
    23/39: $id_stage_i.branch_set_raw_d$741
    24/39: $id_stage_i.perf_branch_o$740
    25/39: $id_stage_i.stall_coproc$765
    26/39: $id_stage_i.stall_alu$764
    27/39: $id_stage_i.jump_set_raw$759
    28/39: $id_stage_i.branch_set_raw_d$758
    29/39: $id_stage_i.perf_branch_o$757
    30/39: $id_stage_i.id_fsm_d$776
    31/39: $id_stage_i.stall_coproc$775
    32/39: $id_stage_i.stall_alu$774
    33/39: $id_stage_i.rf_we_raw$773
    34/39: $id_stage_i.stall_jump$772
    35/39: $id_stage_i.stall_branch$771
    36/39: $id_stage_i.stall_multdiv$770
    37/39: $id_stage_i.jump_set_raw$769
    38/39: $id_stage_i.branch_set_raw_d$768
    39/39: $id_stage_i.perf_branch_o$767
Creating decoders for process `\cve2_core.$1566'.
     1/1: $cs_registers_i.mcountinhibit_d$1568
Creating decoders for process `\cve2_core.$1562'.
     1/1: $cs_registers_i.u_mstack_cause_csr.rdata_q$1565
Creating decoders for process `\cve2_core.$1558'.
     1/1: $cs_registers_i.u_mstack_epc_csr.rdata_q$1561
Creating decoders for process `\cve2_core.$566'.
     1/100: $id_stage_i.controller_i.ctrl_fsm_ns$677
     2/100: $id_stage_i.controller_i.ctrl_fsm_ns$648
     3/100: $id_stage_i.controller_i.debug_mode_d$653
     4/100: $id_stage_i.controller_i.ctrl_fsm_ns$652
     5/100: $id_stage_i.controller_i.csr_restore_dret_id_o$651
     6/100: $id_stage_i.controller_i.pc_mux_o$650
     7/100: $id_stage_i.controller_i.pc_set_o$649
     8/100: $id_stage_i.controller_i.pc_mux_o$655
     9/100: $id_stage_i.controller_i.pc_set_o$654
    10/100: $id_stage_i.controller_i.nmi_mode_d$647
    11/100: $id_stage_i.controller_i.debug_mode_d$660
    12/100: $id_stage_i.controller_i.nmi_mode_d$659
    13/100: $id_stage_i.controller_i.ctrl_fsm_ns$658
    14/100: $id_stage_i.controller_i.csr_restore_dret_id_o$657
    15/100: $id_stage_i.controller_i.csr_restore_mret_id_o$656
    16/100: $id_stage_i.controller_i.ctrl_fsm_ns$670
    17/100: $id_stage_i.controller_i.pc_mux_o$662
    18/100: $id_stage_i.controller_i.pc_set_o$661
    19/100: $id_stage_i.controller_i.flush_id$639
    20/100: $id_stage_i.controller_i.ctrl_fsm_ns$638
    21/100: $id_stage_i.controller_i.csr_save_cause_o$637
    22/100: $id_stage_i.controller_i.csr_save_id_o$636
    23/100: $id_stage_i.controller_i.exc_cause_o$635
    24/100: $id_stage_i.controller_i.pc_set_o$634
    25/100: $id_stage_i.controller_i.flush_id$646
    26/100: $id_stage_i.controller_i.ctrl_fsm_ns$645
    27/100: $id_stage_i.controller_i.csr_mtval_o$644
    28/100: $id_stage_i.controller_i.csr_save_cause_o$643
    29/100: $id_stage_i.controller_i.csr_save_id_o$642
    30/100: $id_stage_i.controller_i.exc_cause_o$641
    31/100: $id_stage_i.controller_i.pc_set_o$640
    32/100: $id_stage_i.controller_i.flush_id$673
    33/100: $id_stage_i.controller_i.debug_mode_d$672
    34/100: $id_stage_i.controller_i.nmi_mode_d$671
    35/100: $id_stage_i.controller_i.csr_mtval_o$669
    36/100: $id_stage_i.controller_i.csr_save_cause_o$668
    37/100: $id_stage_i.controller_i.csr_restore_dret_id_o$667
    38/100: $id_stage_i.controller_i.csr_restore_mret_id_o$666
    39/100: $id_stage_i.controller_i.csr_save_id_o$665
    40/100: $id_stage_i.controller_i.exc_cause_o$664
    41/100: $id_stage_i.controller_i.exc_pc_mux_o$663
    42/100: $id_stage_i.controller_i.csr_save_cause_o$624
    43/100: $id_stage_i.controller_i.csr_save_id_o$623
    44/100: $id_stage_i.controller_i.debug_csr_save_o$622
    45/100: $id_stage_i.controller_i.debug_cause_o$621
    46/100: $id_stage_i.controller_i.debug_cause_o$617
    47/100: $id_stage_i.controller_i.debug_cause_o$618
    48/100: $id_stage_i.controller_i.exc_cause_o$607
    49/100: $id_stage_i.controller_i.exc_cause_o$608
    50/100: $id_stage_i.controller_i.exc_cause_o$609
    51/100: $id_stage_i.controller_i.exc_cause_o$610
    52/100: $id_stage_i.controller_i.nmi_mode_d$611
    53/100: $id_stage_i.controller_i.nmi_mode_d$616
    54/100: $id_stage_i.controller_i.csr_save_cause_o$615
    55/100: $id_stage_i.controller_i.csr_save_if_o$614
    56/100: $id_stage_i.controller_i.exc_cause_o$613
    57/100: $id_stage_i.controller_i.pc_set_o$612
    58/100: $id_stage_i.controller_i.halt_if$599
    59/100: $id_stage_i.controller_i.ctrl_fsm_ns$598
    60/100: $id_stage_i.controller_i.halt_if$601
    61/100: $id_stage_i.controller_i.ctrl_fsm_ns$600
    62/100: $id_stage_i.controller_i.halt_if$603
    63/100: $id_stage_i.controller_i.ctrl_fsm_ns$602
    64/100: $id_stage_i.controller_i.halt_if$590
    65/100: $id_stage_i.controller_i.perf_tbranch_o$586
    66/100: $id_stage_i.controller_i.perf_jump_o$585
    67/100: $id_stage_i.controller_i.pc_set_o$584
    68/100: $id_stage_i.controller_i.retain_id$582
    69/100: $id_stage_i.controller_i.ctrl_fsm_ns$581
    70/100: $id_stage_i.controller_i.halt_if$579
    71/100: $id_stage_i.controller_i.ctrl_fsm_ns$578
    72/100: $id_stage_i.controller_i.halt_if$577
    73/100: $id_stage_i.controller_i.ctrl_fsm_ns$576
    74/100: $id_stage_i.controller_i.ctrl_fsm_ns$575
    75/100: $id_stage_i.controller_i.ctrl_fsm_ns$574
    76/100: $id_stage_i.controller_i.ctrl_busy_o$573
    77/100: $id_stage_i.controller_i.ctrl_fsm_ns$695
    78/100: $id_stage_i.controller_i.ctrl_fsm_ns$568
    79/100: $id_stage_i.controller_i.flush_id$700
    80/100: $id_stage_i.controller_i.retain_id$699
    81/100: $id_stage_i.controller_i.halt_if$698
    82/100: $id_stage_i.controller_i.debug_mode_d$697
    83/100: $id_stage_i.controller_i.nmi_mode_d$696
    84/100: $id_stage_i.controller_i.perf_tbranch_o$694
    85/100: $id_stage_i.controller_i.perf_jump_o$693
    86/100: $id_stage_i.controller_i.csr_mtval_o$692
    87/100: $id_stage_i.controller_i.csr_save_cause_o$691
    88/100: $id_stage_i.controller_i.csr_restore_dret_id_o$690
    89/100: $id_stage_i.controller_i.csr_restore_mret_id_o$689
    90/100: $id_stage_i.controller_i.csr_save_id_o$688
    91/100: $id_stage_i.controller_i.csr_save_if_o$687
    92/100: $id_stage_i.controller_i.debug_csr_save_o$686
    93/100: $id_stage_i.controller_i.debug_cause_o$685
    94/100: $id_stage_i.controller_i.exc_cause_o$684
    95/100: $id_stage_i.controller_i.exc_pc_mux_o$683
    96/100: $id_stage_i.controller_i.pc_mux_o$682
    97/100: $id_stage_i.controller_i.pc_set_o$681
    98/100: $id_stage_i.controller_i.instr_req_o$680
    99/100: $id_stage_i.controller_i.controller_run_o$679
   100/100: $id_stage_i.controller_i.ctrl_busy_o$678
Creating decoders for process `\cve2_core.$549'.
     1/16: $id_stage_i.controller_i.mfip_id$565
     2/16: $id_stage_i.controller_i.mfip_id$564
     3/16: $id_stage_i.controller_i.mfip_id$563
     4/16: $id_stage_i.controller_i.mfip_id$562
     5/16: $id_stage_i.controller_i.mfip_id$561
     6/16: $id_stage_i.controller_i.mfip_id$560
     7/16: $id_stage_i.controller_i.mfip_id$559
     8/16: $id_stage_i.controller_i.mfip_id$558
     9/16: $id_stage_i.controller_i.mfip_id$557
    10/16: $id_stage_i.controller_i.mfip_id$556
    11/16: $id_stage_i.controller_i.mfip_id$555
    12/16: $id_stage_i.controller_i.mfip_id$554
    13/16: $id_stage_i.controller_i.mfip_id$553
    14/16: $id_stage_i.controller_i.mfip_id$552
    15/16: $id_stage_i.controller_i.mfip_id$551
    16/16: $id_stage_i.controller_i.mfip_id$550
Creating decoders for process `\cve2_core.$508'.
     1/21: $id_stage_i.controller_i.load_err_prio$509
     2/21: $id_stage_i.controller_i.load_err_prio$511
     3/21: $id_stage_i.controller_i.store_err_prio$510
     4/21: $id_stage_i.controller_i.load_err_prio$514
     5/21: $id_stage_i.controller_i.store_err_prio$513
     6/21: $id_stage_i.controller_i.ebrk_insn_prio$512
     7/21: $id_stage_i.controller_i.load_err_prio$518
     8/21: $id_stage_i.controller_i.store_err_prio$517
     9/21: $id_stage_i.controller_i.ebrk_insn_prio$516
    10/21: $id_stage_i.controller_i.ecall_insn_prio$515
    11/21: $id_stage_i.controller_i.load_err_prio$523
    12/21: $id_stage_i.controller_i.store_err_prio$522
    13/21: $id_stage_i.controller_i.ebrk_insn_prio$521
    14/21: $id_stage_i.controller_i.ecall_insn_prio$520
    15/21: $id_stage_i.controller_i.illegal_insn_prio$519
    16/21: $id_stage_i.controller_i.load_err_prio$529
    17/21: $id_stage_i.controller_i.store_err_prio$528
    18/21: $id_stage_i.controller_i.ebrk_insn_prio$527
    19/21: $id_stage_i.controller_i.ecall_insn_prio$526
    20/21: $id_stage_i.controller_i.illegal_insn_prio$525
    21/21: $id_stage_i.controller_i.instr_fetch_err_prio$524
Creating decoders for process `\cve2_core.$453'.
     1/4: $id_stage_i.csr_pipe_flush$477
     2/4: $id_stage_i.csr_pipe_flush$478
     3/4: $id_stage_i.csr_pipe_flush$479
     4/4: $id_stage_i.csr_pipe_flush$466
Creating decoders for process `\cve2_core.$401'.
     1/42: $id_stage_i.decoder_i.alu_op_a_mux_sel_o$436
     2/42: $id_stage_i.decoder_i.alu_op_b_mux_sel_o$440
     3/42: $id_stage_i.decoder_i.alu_op_a_mux_sel_o$439
     4/42: $id_stage_i.decoder_i.imm_b_mux_sel_o$438
     5/42: $id_stage_i.decoder_i.imm_a_mux_sel_o$437
     6/42: $id_stage_i.decoder_i.alu_op_b_mux_sel_o$434
     7/42: $id_stage_i.decoder_i.alu_op_a_mux_sel_o$433
     8/42: $id_stage_i.decoder_i.alu_operator_o$432
     9/42: $id_stage_i.decoder_i.imm_b_mux_sel_o$431
    10/42: $id_stage_i.decoder_i.div_sel_o$427
    11/42: $id_stage_i.decoder_i.mult_sel_o$426
    12/42: $id_stage_i.decoder_i.alu_operator_o$425
    13/42: $id_stage_i.decoder_i.div_sel_o$430
    14/42: $id_stage_i.decoder_i.mult_sel_o$429
    15/42: $id_stage_i.decoder_i.alu_operator_o$428
    16/42: $id_stage_i.decoder_i.alu_operator_o$423
    17/42: $id_stage_i.decoder_i.alu_operator_o$421
    18/42: $id_stage_i.decoder_i.alu_operator_o$422
    19/42: $id_stage_i.decoder_i.alu_operator_o$418
    20/42: $id_stage_i.decoder_i.alu_operator_o$424
    21/42: $id_stage_i.decoder_i.alu_op_b_mux_sel_o$417
    22/42: $id_stage_i.decoder_i.imm_b_mux_sel_o$416
    23/42: $id_stage_i.decoder_i.alu_op_b_mux_sel_o$414
    24/42: $id_stage_i.decoder_i.alu_op_a_mux_sel_o$413
    25/42: $id_stage_i.decoder_i.alu_operator_o$412
    26/42: $id_stage_i.decoder_i.imm_b_mux_sel_o$411
    27/42: $id_stage_i.decoder_i.alu_operator_o$410
    28/42: $id_stage_i.decoder_i.alu_op_b_mux_sel_o$409
    29/42: $id_stage_i.decoder_i.alu_op_a_mux_sel_o$408
    30/42: $id_stage_i.decoder_i.alu_operator_o$407
    31/42: $id_stage_i.decoder_i.imm_b_mux_sel_o$406
    32/42: $id_stage_i.decoder_i.alu_op_b_mux_sel_o$405
    33/42: $id_stage_i.decoder_i.alu_op_a_mux_sel_o$404
    34/42: $id_stage_i.decoder_i.alu_operator_o$403
    35/42: $id_stage_i.decoder_i.imm_b_mux_sel_o$402
    36/42: $id_stage_i.decoder_i.div_sel_o$447
    37/42: $id_stage_i.decoder_i.mult_sel_o$446
    38/42: $id_stage_i.decoder_i.alu_op_b_mux_sel_o$445
    39/42: $id_stage_i.decoder_i.alu_op_a_mux_sel_o$444
    40/42: $id_stage_i.decoder_i.alu_operator_o$443
    41/42: $id_stage_i.decoder_i.imm_b_mux_sel_o$442
    42/42: $id_stage_i.decoder_i.imm_a_mux_sel_o$441
Creating decoders for process `\cve2_core.$299'.
     1/86: $id_stage_i.decoder_i.rf_we$400
     2/86: $id_stage_i.decoder_i.branch_in_dec_o$399
     3/86: $id_stage_i.decoder_i.jump_in_dec_o$398
     4/86: $id_stage_i.decoder_i.data_we_o$397
     5/86: $id_stage_i.decoder_i.data_req_o$396
     6/86: $id_stage_i.decoder_i.csr_access_o$395
     7/86: $id_stage_i.decoder_i.jump_set_o$394
     8/86: $id_stage_i.decoder_i.illegal_insn$393
     9/86: $id_stage_i.decoder_i.csr_op$358
    10/86: $id_stage_i.decoder_i.csr_illegal$357
    11/86: $id_stage_i.decoder_i.rf_ren_a_o$356
    12/86: $id_stage_i.decoder_i.illegal_insn$367
    13/86: $id_stage_i.decoder_i.illegal_insn$354
    14/86: $id_stage_i.decoder_i.illegal_insn$350
    15/86: $id_stage_i.decoder_i.wfi_insn_o$349
    16/86: $id_stage_i.decoder_i.ecall_insn_o$348
    17/86: $id_stage_i.decoder_i.dret_insn_o$347
    18/86: $id_stage_i.decoder_i.mret_insn_o$346
    19/86: $id_stage_i.decoder_i.ebrk_insn_o$345
    20/86: $id_stage_i.decoder_i.csr_op$370
    21/86: $id_stage_i.decoder_i.rf_we$369
    22/86: $id_stage_i.decoder_i.csr_illegal$368
    23/86: $id_stage_i.decoder_i.csr_access_o$366
    24/86: $id_stage_i.decoder_i.rf_ren_a_o$365
    25/86: $id_stage_i.decoder_i.rf_wdata_sel_o$364
    26/86: $id_stage_i.decoder_i.wfi_insn_o$363
    27/86: $id_stage_i.decoder_i.ecall_insn_o$362
    28/86: $id_stage_i.decoder_i.dret_insn_o$361
    29/86: $id_stage_i.decoder_i.mret_insn_o$360
    30/86: $id_stage_i.decoder_i.ebrk_insn_o$359
    31/86: $id_stage_i.decoder_i.jump_set_o$339
    32/86: $id_stage_i.decoder_i.rf_we$343
    33/86: $id_stage_i.decoder_i.illegal_insn$342
    34/86: $id_stage_i.decoder_i.jump_in_dec_o$341
    35/86: $id_stage_i.decoder_i.jump_set_o$340
    36/86: $id_stage_i.decoder_i.illegal_insn$335
    37/86: $id_stage_i.decoder_i.multdiv_signed_mode_o$334
    38/86: $id_stage_i.decoder_i.multdiv_operator_o$333
    39/86: $id_stage_i.decoder_i.illegal_insn$338
    40/86: $id_stage_i.decoder_i.multdiv_signed_mode_o$337
    41/86: $id_stage_i.decoder_i.multdiv_operator_o$336
    42/86: $id_stage_i.decoder_i.illegal_insn$328
    43/86: $id_stage_i.decoder_i.illegal_insn$326
    44/86: $id_stage_i.decoder_i.illegal_insn$325
    45/86: $id_stage_i.decoder_i.illegal_insn$323
    46/86: $id_stage_i.decoder_i.illegal_insn$322
    47/86: $id_stage_i.decoder_i.illegal_insn$329
    48/86: $id_stage_i.decoder_i.illegal_insn$330
    49/86: $id_stage_i.decoder_i.illegal_insn$318
    50/86: $id_stage_i.decoder_i.illegal_insn$317
    51/86: $id_stage_i.decoder_i.illegal_insn$319
    52/86: $id_stage_i.decoder_i.illegal_insn$331
    53/86: $id_stage_i.decoder_i.illegal_insn$311
    54/86: $id_stage_i.decoder_i.illegal_insn$313
    55/86: $id_stage_i.decoder_i.data_type_o$312
    56/86: $id_stage_i.decoder_i.illegal_insn$309
    57/86: $id_stage_i.decoder_i.data_type_o$308
    58/86: $id_stage_i.decoder_i.illegal_insn$307
    59/86: $id_stage_i.decoder_i.illegal_insn$306
    60/86: $id_stage_i.decoder_i.illegal_insn$305
    61/86: $id_stage_i.decoder_i.rf_we$303
    62/86: $id_stage_i.decoder_i.jump_set_o$302
    63/86: $id_stage_i.decoder_i.rf_we$301
    64/86: $id_stage_i.decoder_i.jump_set_o$300
    65/86: $id_stage_i.decoder_i.csr_op$392
    66/86: $id_stage_i.decoder_i.rf_we$391
    67/86: $id_stage_i.decoder_i.csr_illegal$390
    68/86: $id_stage_i.decoder_i.illegal_insn$389
    69/86: $id_stage_i.decoder_i.branch_in_dec_o$388
    70/86: $id_stage_i.decoder_i.jump_in_dec_o$387
    71/86: $id_stage_i.decoder_i.data_sign_extension_o$386
    72/86: $id_stage_i.decoder_i.data_type_o$385
    73/86: $id_stage_i.decoder_i.data_we_o$384
    74/86: $id_stage_i.decoder_i.data_req_o$383
    75/86: $id_stage_i.decoder_i.csr_access_o$382
    76/86: $id_stage_i.decoder_i.multdiv_signed_mode_o$381
    77/86: $id_stage_i.decoder_i.multdiv_operator_o$380
    78/86: $id_stage_i.decoder_i.rf_ren_b_o$379
    79/86: $id_stage_i.decoder_i.rf_ren_a_o$378
    80/86: $id_stage_i.decoder_i.rf_wdata_sel_o$377
    81/86: $id_stage_i.decoder_i.jump_set_o$376
    82/86: $id_stage_i.decoder_i.wfi_insn_o$375
    83/86: $id_stage_i.decoder_i.ecall_insn_o$374
    84/86: $id_stage_i.decoder_i.dret_insn_o$373
    85/86: $id_stage_i.decoder_i.mret_insn_o$372
    86/86: $id_stage_i.decoder_i.ebrk_insn_o$371
Creating decoders for process `\cve2_core.$292'.
     1/1: $id_stage_i.decoder_i.csr_op_o$298
Creating decoders for process `\cve2_core.$287'.
     1/1: $id_stage_i.rf_wdata_id_o$288
Creating decoders for process `\cve2_core.$280'.
     1/1: $id_stage_i.imd_val_q[33:0]$283
Creating decoders for process `\cve2_core.$276'.
     1/1: $id_stage_i.imd_val_q[67:34]$279
Creating decoders for process `\cve2_core.$271'.
     1/1: $id_stage_i.imm_b$273
Creating decoders for process `\cve2_core.$269'.
     1/1: $id_stage_i.alu_operand_a$270
Creating decoders for process `\cve2_core.$257'.
     1/1: $id_stage_i.id_fsm_q$260
Creating decoders for process `\cve2_core.$229'.
     1/8: $if_stage_i.pc_id_o$239
     2/8: $if_stage_i.illegal_c_insn_id_o$238
     3/8: $if_stage_i.instr_fetch_err_plus2_o$237
     4/8: $if_stage_i.instr_fetch_err_o$236
     5/8: $if_stage_i.instr_is_compressed_id_o$235
     6/8: $if_stage_i.instr_rdata_c_id_o$234
     7/8: $if_stage_i.instr_rdata_alu_id_o$233
     8/8: $if_stage_i.instr_rdata_id_o$232
Creating decoders for process `\cve2_core.$1554'.
     1/1: $cs_registers_i.u_mstack_csr.rdata_q$1557
Creating decoders for process `\cve2_core.$178'.
     1/25: $if_stage_i.compressed_decoder_i.instr_o$208
     2/25: $if_stage_i.compressed_decoder_i.instr_o$209
     3/25: $if_stage_i.compressed_decoder_i.instr_o$210
     4/25: $if_stage_i.compressed_decoder_i.illegal_instr_o$203
     5/25: $if_stage_i.compressed_decoder_i.instr_o$204
     6/25: $if_stage_i.compressed_decoder_i.illegal_instr_o$205
     7/25: $if_stage_i.compressed_decoder_i.illegal_instr_o$211
     8/25: $if_stage_i.compressed_decoder_i.illegal_instr_o$199
     9/25: $if_stage_i.compressed_decoder_i.illegal_instr_o$197
    10/25: $if_stage_i.compressed_decoder_i.illegal_instr_o$213
    11/25: $if_stage_i.compressed_decoder_i.instr_o$212
    12/25: $if_stage_i.compressed_decoder_i.illegal_instr_o$191
    13/25: $if_stage_i.compressed_decoder_i.instr_o$190
    14/25: $if_stage_i.compressed_decoder_i.instr_o$192
    15/25: $if_stage_i.compressed_decoder_i.illegal_instr_o$189
    16/25: $if_stage_i.compressed_decoder_i.illegal_instr_o$193
    17/25: $if_stage_i.compressed_decoder_i.illegal_instr_o$187
    18/25: $if_stage_i.compressed_decoder_i.instr_o$185
    19/25: $if_stage_i.compressed_decoder_i.instr_o$194
    20/25: $if_stage_i.compressed_decoder_i.illegal_instr_o$195
    21/25: $if_stage_i.compressed_decoder_i.illegal_instr_o$180
    22/25: $if_stage_i.compressed_decoder_i.illegal_instr_o$182
    23/25: $if_stage_i.compressed_decoder_i.instr_o$181
    24/25: $if_stage_i.compressed_decoder_i.illegal_instr_o$215
    25/25: $if_stage_i.compressed_decoder_i.instr_o$214
Creating decoders for process `\cve2_core.$1550'.
     1/1: $cs_registers_i.u_dscratch1_csr.rdata_q$1553
Creating decoders for process `\cve2_core.$138'.
     1/1: $if_stage_i.prefetch_buffer_i.fetch_addr_q$141
Creating decoders for process `\cve2_core.$127'.
     1/1: $if_stage_i.prefetch_buffer_i.stored_addr_q$130
Creating decoders for process `\cve2_core.$109'.
     1/2: $if_stage_i.prefetch_buffer_i.fifo_i.err_q[2]$113
     2/2: $if_stage_i.prefetch_buffer_i.fifo_i.rdata_q[95:64]$112
Creating decoders for process `\cve2_core.$104'.
     1/2: $if_stage_i.prefetch_buffer_i.fifo_i.err_q[1]$108
     2/2: $if_stage_i.prefetch_buffer_i.fifo_i.rdata_q[63:32]$107
Creating decoders for process `\cve2_core.$99'.
     1/2: $if_stage_i.prefetch_buffer_i.fifo_i.err_q[0]$103
     2/2: $if_stage_i.prefetch_buffer_i.fifo_i.rdata_q[31:0]$102
Creating decoders for process `\cve2_core.$1546'.
     1/1: $cs_registers_i.u_dscratch0_csr.rdata_q$1549
Creating decoders for process `\cve2_core.$53'.
     1/1: $if_stage_i.prefetch_buffer_i.fifo_i.instr_addr_q$56
Creating decoders for process `\cve2_core.$41'.
     1/5: $if_stage_i.prefetch_buffer_i.fifo_i.out_err_plus2_o$46
     2/5: $if_stage_i.prefetch_buffer_i.fifo_i.out_err_o$45
     3/5: $if_stage_i.prefetch_buffer_i.fifo_i.out_rdata_o$44
     4/5: $if_stage_i.prefetch_buffer_i.fifo_i.out_valid_o$43
     5/5: $if_stage_i.prefetch_buffer_i.fifo_i.out_valid_o$42
Creating decoders for process `\cve2_core.$4'.
     1/1: $if_stage_i.fetch_addr_n$5
Creating decoders for process `\cve2_core.$2'.
     1/1: $if_stage_i.exc_pc$3

1.9. Executing PROC_CLEAN pass (remove empty switches from decision trees).
Found and cleaned up 1 empty switch in `\cve2_core.$1542'.
Removing empty process `cve2_core.$1542'.
Found and cleaned up 1 empty switch in `\cve2_core.$1538'.
Removing empty process `cve2_core.$1538'.
Found and cleaned up 1 empty switch in `\cve2_core.$1534'.
Removing empty process `cve2_core.$1534'.
Found and cleaned up 1 empty switch in `\cve2_core.$1530'.
Removing empty process `cve2_core.$1530'.
Found and cleaned up 1 empty switch in `\cve2_core.$1526'.
Removing empty process `cve2_core.$1526'.
Found and cleaned up 1 empty switch in `\cve2_core.$1522'.
Removing empty process `cve2_core.$1522'.
Found and cleaned up 1 empty switch in `\cve2_core.$1518'.
Removing empty process `cve2_core.$1518'.
Found and cleaned up 1 empty switch in `\cve2_core.$1514'.
Removing empty process `cve2_core.$1514'.
Found and cleaned up 1 empty switch in `\cve2_core.$1510'.
Removing empty process `cve2_core.$1510'.
Found and cleaned up 1 empty switch in `\cve2_core.$1496'.
Removing empty process `cve2_core.$1496'.
Found and cleaned up 5 empty switches in `\cve2_core.$1572'.
Removing empty process `cve2_core.$1572'.
Found and cleaned up 19 empty switches in `\cve2_core.$1381'.
Removing empty process `cve2_core.$1381'.
Found and cleaned up 5 empty switches in `\cve2_core.$1334'.
Removing empty process `cve2_core.$1334'.
Found and cleaned up 1 empty switch in `\cve2_core.$1317'.
Removing empty process `cve2_core.$1317'.
Found and cleaned up 1 empty switch in `\cve2_core.$1313'.
Removing empty process `cve2_core.$1313'.
Found and cleaned up 1 empty switch in `\cve2_core.$1309'.
Removing empty process `cve2_core.$1309'.
Found and cleaned up 1 empty switch in `\cve2_core.$1305'.
Removing empty process `cve2_core.$1305'.
Found and cleaned up 1 empty switch in `\cve2_core.$1301'.
Removing empty process `cve2_core.$1301'.
Found and cleaned up 1 empty switch in `\cve2_core.$1297'.
Removing empty process `cve2_core.$1297'.
Found and cleaned up 1 empty switch in `\cve2_core.$1293'.
Removing empty process `cve2_core.$1293'.
Found and cleaned up 1 empty switch in `\cve2_core.$1289'.
Removing empty process `cve2_core.$1289'.
Found and cleaned up 1 empty switch in `\cve2_core.$1285'.
Removing empty process `cve2_core.$1285'.
Found and cleaned up 1 empty switch in `\cve2_core.$1281'.
Removing empty process `cve2_core.$1281'.
Found and cleaned up 1 empty switch in `\cve2_core.$1277'.
Removing empty process `cve2_core.$1277'.
Found and cleaned up 1 empty switch in `\cve2_core.$1273'.
Removing empty process `cve2_core.$1273'.
Found and cleaned up 1 empty switch in `\cve2_core.$1269'.
Removing empty process `cve2_core.$1269'.
Found and cleaned up 1 empty switch in `\cve2_core.$1265'.
Removing empty process `cve2_core.$1265'.
Found and cleaned up 1 empty switch in `\cve2_core.$1261'.
Removing empty process `cve2_core.$1261'.
Found and cleaned up 1 empty switch in `\cve2_core.$1257'.
Removing empty process `cve2_core.$1257'.
Found and cleaned up 1 empty switch in `\cve2_core.$1253'.
Removing empty process `cve2_core.$1253'.
Found and cleaned up 1 empty switch in `\cve2_core.$1249'.
Removing empty process `cve2_core.$1249'.
Found and cleaned up 1 empty switch in `\cve2_core.$1245'.
Removing empty process `cve2_core.$1245'.
Found and cleaned up 1 empty switch in `\cve2_core.$1241'.
Removing empty process `cve2_core.$1241'.
Found and cleaned up 1 empty switch in `\cve2_core.$1237'.
Removing empty process `cve2_core.$1237'.
Found and cleaned up 1 empty switch in `\cve2_core.$1233'.
Removing empty process `cve2_core.$1233'.
Found and cleaned up 1 empty switch in `\cve2_core.$1229'.
Removing empty process `cve2_core.$1229'.
Found and cleaned up 1 empty switch in `\cve2_core.$1225'.
Removing empty process `cve2_core.$1225'.
Found and cleaned up 1 empty switch in `\cve2_core.$1221'.
Removing empty process `cve2_core.$1221'.
Found and cleaned up 1 empty switch in `\cve2_core.$1217'.
Removing empty process `cve2_core.$1217'.
Found and cleaned up 1 empty switch in `\cve2_core.$1213'.
Removing empty process `cve2_core.$1213'.
Found and cleaned up 1 empty switch in `\cve2_core.$1209'.
Removing empty process `cve2_core.$1209'.
Found and cleaned up 1 empty switch in `\cve2_core.$1205'.
Removing empty process `cve2_core.$1205'.
Found and cleaned up 1 empty switch in `\cve2_core.$1201'.
Removing empty process `cve2_core.$1201'.
Found and cleaned up 1 empty switch in `\cve2_core.$1197'.
Removing empty process `cve2_core.$1197'.
Found and cleaned up 5 empty switches in `\cve2_core.$1583'.
Removing empty process `cve2_core.$1583'.
Found and cleaned up 5 empty switches in `\cve2_core.$1594'.
Removing empty process `cve2_core.$1594'.
Found and cleaned up 15 empty switches in `\cve2_core.$1043'.
Removing empty process `cve2_core.$1043'.
Found and cleaned up 1 empty switch in `\cve2_core.$1034'.
Removing empty process `cve2_core.$1034'.
Found and cleaned up 9 empty switches in `\cve2_core.$1024'.
Removing empty process `cve2_core.$1024'.
Found and cleaned up 9 empty switches in `\cve2_core.$1014'.
Removing empty process `cve2_core.$1014'.
Found and cleaned up 1 empty switch in `\cve2_core.$1012'.
Removing empty process `cve2_core.$1012'.
Found and cleaned up 1 empty switch in `\cve2_core.$1008'.
Removing empty process `cve2_core.$1008'.
Found and cleaned up 1 empty switch in `\cve2_core.$1000'.
Removing empty process `cve2_core.$1000'.
Found and cleaned up 1 empty switch in `\cve2_core.$996'.
Removing empty process `cve2_core.$996'.
Found and cleaned up 1 empty switch in `\cve2_core.$994'.
Removing empty process `cve2_core.$994'.
Found and cleaned up 13 empty switches in `\cve2_core.$984'.
Removing empty process `cve2_core.$984'.
Found and cleaned up 7 empty switches in `\cve2_core.$938'.
Removing empty process `cve2_core.$938'.
Found and cleaned up 1 empty switch in `\cve2_core.$928'.
Removing empty process `cve2_core.$928'.
Found and cleaned up 1 empty switch in `\cve2_core.$920'.
Removing empty process `cve2_core.$920'.
Found and cleaned up 5 empty switches in `\cve2_core.$897'.
Removing empty process `cve2_core.$897'.
Found and cleaned up 1 empty switch in `\cve2_core.$883'.
Removing empty process `cve2_core.$883'.
Found and cleaned up 1 empty switch in `\cve2_core.$877'.
Removing empty process `cve2_core.$877'.
Found and cleaned up 1 empty switch in `\cve2_core.$875'.
Removing empty process `cve2_core.$875'.
Found and cleaned up 1 empty switch in `\cve2_core.$863'.
Removing empty process `cve2_core.$863'.
Removing empty process `cve2_core.$854'.
Found and cleaned up 3 empty switches in `\cve2_core.$850'.
Removing empty process `cve2_core.$850'.
Found and cleaned up 1 empty switch in `\cve2_core.$843'.
Removing empty process `cve2_core.$843'.
Found and cleaned up 1 empty switch in `\cve2_core.$835'.
Removing empty process `cve2_core.$835'.
Found and cleaned up 1 empty switch in `\cve2_core.$829'.
Removing empty process `cve2_core.$829'.
Found and cleaned up 1 empty switch in `\cve2_core.$826'.
Removing empty process `cve2_core.$826'.
Found and cleaned up 1 empty switch in `\cve2_core.$823'.
Removing empty process `cve2_core.$823'.
Found and cleaned up 1 empty switch in `\cve2_core.$820'.
Removing empty process `cve2_core.$820'.
Found and cleaned up 1 empty switch in `\cve2_core.$818'.
Removing empty process `cve2_core.$818'.
Found and cleaned up 11 empty switches in `\cve2_core.$733'.
Removing empty process `cve2_core.$733'.
Found and cleaned up 1 empty switch in `\cve2_core.$1566'.
Removing empty process `cve2_core.$1566'.
Found and cleaned up 1 empty switch in `\cve2_core.$1562'.
Removing empty process `cve2_core.$1562'.
Found and cleaned up 1 empty switch in `\cve2_core.$1558'.
Removing empty process `cve2_core.$1558'.
Found and cleaned up 55 empty switches in `\cve2_core.$566'.
Removing empty process `cve2_core.$566'.
Found and cleaned up 31 empty switches in `\cve2_core.$549'.
Removing empty process `cve2_core.$549'.
Found and cleaned up 11 empty switches in `\cve2_core.$508'.
Removing empty process `cve2_core.$508'.
Found and cleaned up 7 empty switches in `\cve2_core.$453'.
Removing empty process `cve2_core.$453'.
Found and cleaned up 28 empty switches in `\cve2_core.$401'.
Removing empty process `cve2_core.$401'.
Found and cleaned up 56 empty switches in `\cve2_core.$299'.
Removing empty process `cve2_core.$299'.
Found and cleaned up 1 empty switch in `\cve2_core.$292'.
Removing empty process `cve2_core.$292'.
Found and cleaned up 1 empty switch in `\cve2_core.$287'.
Removing empty process `cve2_core.$287'.
Found and cleaned up 1 empty switch in `\cve2_core.$280'.
Removing empty process `cve2_core.$280'.
Found and cleaned up 1 empty switch in `\cve2_core.$276'.
Removing empty process `cve2_core.$276'.
Found and cleaned up 1 empty switch in `\cve2_core.$271'.
Removing empty process `cve2_core.$271'.
Found and cleaned up 1 empty switch in `\cve2_core.$269'.
Removing empty process `cve2_core.$269'.
Found and cleaned up 1 empty switch in `\cve2_core.$257'.
Removing empty process `cve2_core.$257'.
Found and cleaned up 1 empty switch in `\cve2_core.$229'.
Removing empty process `cve2_core.$229'.
Found and cleaned up 1 empty switch in `\cve2_core.$1554'.
Removing empty process `cve2_core.$1554'.
Found and cleaned up 33 empty switches in `\cve2_core.$178'.
Removing empty process `cve2_core.$178'.
Found and cleaned up 1 empty switch in `\cve2_core.$1550'.
Removing empty process `cve2_core.$1550'.
Found and cleaned up 1 empty switch in `\cve2_core.$138'.
Removing empty process `cve2_core.$138'.
Found and cleaned up 1 empty switch in `\cve2_core.$127'.
Removing empty process `cve2_core.$127'.
Found and cleaned up 1 empty switch in `\cve2_core.$109'.
Removing empty process `cve2_core.$109'.
Found and cleaned up 1 empty switch in `\cve2_core.$104'.
Removing empty process `cve2_core.$104'.
Found and cleaned up 1 empty switch in `\cve2_core.$99'.
Removing empty process `cve2_core.$99'.
Found and cleaned up 1 empty switch in `\cve2_core.$1546'.
Removing empty process `cve2_core.$1546'.
Found and cleaned up 1 empty switch in `\cve2_core.$53'.
Removing empty process `cve2_core.$53'.
Found and cleaned up 3 empty switches in `\cve2_core.$41'.
Removing empty process `cve2_core.$41'.
Found and cleaned up 1 empty switch in `\cve2_core.$4'.
Removing empty process `cve2_core.$4'.
Found and cleaned up 1 empty switch in `\cve2_core.$2'.
Removing empty process `cve2_core.$2'.
Cleaned up 417 empty switches.

1.10. Executing OPT_EXPR pass (perform const folding).
Optimizing module cve2_core.
<suppressed ~456 debug messages>

2. Executing HIERARCHY pass (managing design hierarchy).

2.1. Analyzing design hierarchy..
Top module:  \cve2_core

2.2. Analyzing design hierarchy..
Top module:  \cve2_core
Removed 0 unused modules.

3. Executing SYNTH pass.

3.1. Executing HIERARCHY pass (managing design hierarchy).

3.1.1. Analyzing design hierarchy..
Top module:  \cve2_core

3.1.2. Analyzing design hierarchy..
Top module:  \cve2_core
Removed 0 unused modules.

3.2. Executing PROC pass (convert processes to netlists).

3.2.1. Executing PROC_CLEAN pass (remove empty switches from decision trees).
Cleaned up 0 empty switches.

3.2.2. Executing PROC_RMDEAD pass (remove dead branches from decision trees).
Removed a total of 0 dead cases.

3.2.3. Executing PROC_PRUNE pass (remove redundant assignments in processes).
Removed 0 redundant assignments.
Promoted 0 assignments to connections.

3.2.4. Executing PROC_INIT pass (extract init attributes).

3.2.5. Executing PROC_ARST pass (detect async resets in processes).

3.2.6. Executing PROC_ROM pass (convert switches to ROMs).
Converted 0 switches.

3.2.7. Executing PROC_MUX pass (convert decision trees to multiplexers).

3.2.8. Executing PROC_DLATCH pass (convert process syncs to latches).

3.2.9. Executing PROC_DFF pass (convert process syncs to FFs).

3.2.10. Executing PROC_MEMWR pass (convert process memory writes to cells).

3.2.11. Executing PROC_CLEAN pass (remove empty switches from decision trees).
Cleaned up 0 empty switches.

3.2.12. Executing OPT_EXPR pass (perform const folding).
Optimizing module cve2_core.

3.3. Executing FLATTEN pass (flatten design).

3.4. Executing OPT_EXPR pass (perform const folding).
Optimizing module cve2_core.

3.5. Executing OPT_CLEAN pass (remove unused cells and wires).
Finding unused cells or wires in module \cve2_core..
Removed 220 unused cells and 2051 unused wires.
<suppressed ~244 debug messages>

3.6. Executing CHECK pass (checking for obvious problems).
Checking module cve2_core...
Found and reported 0 problems.

3.7. Executing OPT pass (performing simple optimizations).

3.7.1. Executing OPT_EXPR pass (perform const folding).
Optimizing module cve2_core.

3.7.2. Executing OPT_MERGE pass (detect identical cells).
Finding identical cells in module `\cve2_core'.
<suppressed ~2757 debug messages>
Removed a total of 919 cells.

3.7.3. Executing OPT_MUXTREE pass (detect dead branches in mux trees).
Running muxtree optimizer on module \cve2_core..
  Creating internal representation of mux trees.
  Evaluating internal representation of mux trees.
      Replacing known input bits on port A of cell $procmux$2225: \id_stage_i.controller_i.nmi_mode_q -> 1'0
      Replacing known input bits on port A of cell $procmux$1825: \id_stage_i.id_fsm_q -> 1'1
      Replacing known input bits on port B of cell $procmux$1918: \id_stage_i.id_fsm_q -> 1'0
  Analyzing evaluation results.
    dead port 1/2 on $mux $procmux$147.
    dead port 2/2 on $mux $procmux$1478.
    dead port 2/2 on $mux $procmux$1480.
    dead port 2/2 on $mux $procmux$1489.
    dead port 2/2 on $mux $procmux$149.
    dead port 1/2 on $mux $procmux$1499.
    dead port 2/2 on $mux $procmux$1501.
    dead port 2/2 on $mux $procmux$1508.
    dead port 2/2 on $mux $procmux$1516.
    dead port 2/2 on $mux $procmux$1540.
    dead port 2/2 on $mux $procmux$1552.
    dead port 2/2 on $mux $procmux$1564.
    dead port 1/2 on $mux $procmux$157.
    dead port 2/2 on $mux $procmux$159.
    dead port 2/2 on $mux $procmux$1660.
    dead port 2/2 on $mux $procmux$1666.
    dead port 1/2 on $mux $procmux$167.
    dead port 2/2 on $mux $procmux$1672.
    dead port 2/2 on $mux $procmux$1677.
    dead port 2/2 on $mux $procmux$1683.
    dead port 2/2 on $mux $procmux$169.
    dead port 2/2 on $mux $procmux$1690.
    dead port 2/2 on $mux $procmux$179.
    dead port 1/5 on $pmux $procmux$1812.
    dead port 2/5 on $pmux $procmux$1812.
    dead port 3/5 on $pmux $procmux$1812.
    dead port 2/2 on $mux $procmux$1827.
    dead port 2/2 on $mux $procmux$1829.
    dead port 2/2 on $mux $procmux$1843.
    dead port 2/2 on $mux $procmux$1845.
    dead port 2/2 on $mux $procmux$1851.
    dead port 2/2 on $mux $procmux$1853.
    dead port 2/2 on $mux $procmux$1859.
    dead port 2/2 on $mux $procmux$1861.
    dead port 2/2 on $mux $procmux$1865.
    dead port 2/2 on $mux $procmux$1867.
    dead port 2/2 on $mux $procmux$1874.
    dead port 2/2 on $mux $procmux$188.
    dead port 2/2 on $mux $procmux$1881.
    dead port 2/2 on $mux $procmux$1888.
    dead port 2/2 on $mux $procmux$1895.
    dead port 2/2 on $mux $procmux$1902.
    dead port 2/2 on $mux $procmux$1906.
    dead port 1/2 on $mux $procmux$1908.
    dead port 2/2 on $mux $procmux$1910.
    dead port 2/2 on $mux $procmux$1920.
    dead port 1/2 on $mux $procmux$1922.
    dead port 2/2 on $mux $procmux$1924.
    dead port 2/2 on $mux $procmux$1934.
    dead port 1/2 on $mux $procmux$1936.
    dead port 2/2 on $mux $procmux$1938.
    dead port 2/2 on $mux $procmux$1948.
    dead port 1/2 on $mux $procmux$1950.
    dead port 2/2 on $mux $procmux$1952.
    dead port 2/7 on $pmux $procmux$1956.
    dead port 1/2 on $mux $procmux$1964.
    dead port 2/2 on $mux $procmux$1966.
    dead port 2/2 on $mux $procmux$197.
    dead port 1/2 on $mux $procmux$1973.
    dead port 2/2 on $mux $procmux$1975.
    dead port 1/3 on $pmux $procmux$1980.
    dead port 1/2 on $mux $procmux$1984.
    dead port 2/2 on $mux $procmux$1986.
    dead port 1/2 on $mux $procmux$1994.
    dead port 2/2 on $mux $procmux$1996.
    dead port 1/2 on $mux $procmux$2005.
    dead port 2/2 on $mux $procmux$2007.
    dead port 1/2 on $mux $procmux$2018.
    dead port 2/2 on $mux $procmux$2020.
    dead port 1/2 on $mux $procmux$2028.
    dead port 2/2 on $mux $procmux$2030.
    dead port 1/2 on $mux $procmux$2039.
    dead port 2/2 on $mux $procmux$2041.
    dead port 2/2 on $mux $procmux$206.
    dead port 2/2 on $mux $procmux$2063.
    dead port 2/2 on $mux $procmux$2069.
    dead port 2/2 on $mux $procmux$2075.
    dead port 2/2 on $mux $procmux$2084.
    dead port 2/2 on $mux $procmux$2124.
    dead port 1/2 on $mux $procmux$2130.
    dead port 1/2 on $mux $procmux$2133.
    dead port 1/2 on $mux $procmux$2136.
    dead port 2/2 on $mux $procmux$2138.
    dead port 1/2 on $mux $procmux$2145.
    dead port 1/2 on $mux $procmux$2148.
    dead port 2/2 on $mux $procmux$215.
    dead port 2/2 on $mux $procmux$2150.
    dead port 1/2 on $mux $procmux$2158.
    dead port 1/2 on $mux $procmux$2161.
    dead port 2/2 on $mux $procmux$2163.
    dead port 1/2 on $mux $procmux$2170.
    dead port 1/2 on $mux $procmux$2173.
    dead port 2/2 on $mux $procmux$2175.
    dead port 1/2 on $mux $procmux$2182.
    dead port 1/2 on $mux $procmux$2185.
    dead port 2/2 on $mux $procmux$2187.
    dead port 1/2 on $mux $procmux$2194.
    dead port 1/2 on $mux $procmux$2197.
    dead port 2/2 on $mux $procmux$2199.
    dead port 1/2 on $mux $procmux$2208.
    dead port 2/2 on $mux $procmux$2210.
    dead port 1/2 on $mux $procmux$2219.
    dead port 2/2 on $mux $procmux$2221.
    dead port 2/2 on $mux $procmux$2227.
    dead port 1/2 on $mux $procmux$2230.
    dead port 2/2 on $mux $procmux$2232.
    dead port 2/2 on $mux $procmux$224.
    dead port 1/2 on $mux $procmux$2240.
    dead port 2/2 on $mux $procmux$2242.
    dead port 1/2 on $mux $procmux$2250.
    dead port 2/2 on $mux $procmux$2252.
    dead port 1/2 on $mux $procmux$2260.
    dead port 2/2 on $mux $procmux$2262.
    dead port 1/2 on $mux $procmux$2270.
    dead port 2/2 on $mux $procmux$2272.
    dead port 1/2 on $mux $procmux$2280.
    dead port 2/2 on $mux $procmux$2282.
    dead port 2/2 on $mux $procmux$2290.
    dead port 2/2 on $mux $procmux$2298.
    dead port 2/2 on $mux $procmux$2306.
    dead port 2/2 on $mux $procmux$2316.
    dead port 2/2 on $mux $procmux$2318.
    dead port 2/2 on $mux $procmux$2320.
    dead port 2/2 on $mux $procmux$2330.
    dead port 2/2 on $mux $procmux$2332.
    dead port 2/2 on $mux $procmux$2334.
    dead port 2/2 on $mux $procmux$234.
    dead port 2/2 on $mux $procmux$2344.
    dead port 2/2 on $mux $procmux$2346.
    dead port 2/2 on $mux $procmux$2348.
    dead port 2/2 on $mux $procmux$2371.
    dead port 2/2 on $mux $procmux$2373.
    dead port 2/2 on $mux $procmux$2375.
    dead port 2/2 on $mux $procmux$2385.
    dead port 2/2 on $mux $procmux$2387.
    dead port 2/2 on $mux $procmux$2389.
    dead port 2/2 on $mux $procmux$2399.
    dead port 2/2 on $mux $procmux$2401.
    dead port 2/2 on $mux $procmux$2411.
    dead port 2/2 on $mux $procmux$2413.
    dead port 2/2 on $mux $procmux$2423.
    dead port 2/2 on $mux $procmux$2425.
    dead port 2/2 on $mux $procmux$2435.
    dead port 2/2 on $mux $procmux$2437.
    dead port 2/2 on $mux $procmux$244.
    dead port 2/2 on $mux $procmux$2462.
    dead port 2/2 on $mux $procmux$2464.
    dead port 2/2 on $mux $procmux$2474.
    dead port 2/2 on $mux $procmux$2476.
    dead port 2/2 on $mux $procmux$2483.
    dead port 2/2 on $mux $procmux$2490.
    dead port 2/2 on $mux $procmux$2497.
    dead port 2/2 on $mux $procmux$2504.
    dead port 2/2 on $mux $procmux$2511.
    dead port 2/2 on $mux $procmux$2518.
    dead port 2/2 on $mux $procmux$2525.
    dead port 2/2 on $mux $procmux$2539.
    dead port 2/2 on $mux $procmux$254.
    dead port 2/2 on $mux $procmux$2546.
    dead port 2/2 on $mux $procmux$2552.
    dead port 2/2 on $mux $procmux$2564.
    dead port 2/2 on $mux $procmux$2569.
    dead port 2/2 on $mux $procmux$2580.
    dead port 2/2 on $mux $procmux$2589.
    dead port 1/2 on $mux $procmux$2599.
    dead port 1/2 on $mux $procmux$2602.
    dead port 1/2 on $mux $procmux$2605.
    dead port 2/2 on $mux $procmux$2607.
    dead port 2/2 on $mux $procmux$2609.
    dead port 1/2 on $mux $procmux$2620.
    dead port 1/2 on $mux $procmux$2623.
    dead port 2/2 on $mux $procmux$2625.
    dead port 2/2 on $mux $procmux$2627.
    dead port 1/2 on $mux $procmux$2638.
    dead port 2/2 on $mux $procmux$264.
    dead port 2/2 on $mux $procmux$2640.
    dead port 2/2 on $mux $procmux$2642.
    dead port 2/2 on $mux $procmux$2652.
    dead port 2/2 on $mux $procmux$2654.
    dead port 2/2 on $mux $procmux$2663.
    dead port 2/2 on $mux $procmux$2665.
    dead port 2/2 on $mux $procmux$2674.
    dead port 2/2 on $mux $procmux$2683.
    dead port 2/2 on $mux $procmux$2692.
    dead port 2/2 on $mux $procmux$2701.
    dead port 2/2 on $mux $procmux$2710.
    dead port 1/2 on $mux $procmux$2720.
    dead port 2/2 on $mux $procmux$2722.
    dead port 2/2 on $mux $procmux$2724.
    dead port 1/2 on $mux $procmux$2734.
    dead port 2/2 on $mux $procmux$2736.
    dead port 2/2 on $mux $procmux$2738.
    dead port 2/2 on $mux $procmux$274.
    dead port 2/2 on $mux $procmux$2749.
    dead port 2/2 on $mux $procmux$2751.
    dead port 2/2 on $mux $procmux$2762.
    dead port 2/2 on $mux $procmux$2764.
    dead port 2/2 on $mux $procmux$2775.
    dead port 2/2 on $mux $procmux$2786.
    dead port 2/2 on $mux $procmux$2796.
    dead port 2/2 on $mux $procmux$2826.
    dead port 2/2 on $mux $procmux$2835.
    dead port 2/2 on $mux $procmux$284.
    dead port 2/2 on $mux $procmux$2844.
    dead port 2/2 on $mux $procmux$2855.
    dead port 2/2 on $mux $procmux$2866.
    dead port 2/2 on $mux $procmux$2877.
    dead port 2/2 on $mux $procmux$2888.
    dead port 2/2 on $mux $procmux$2898.
    dead port 2/2 on $mux $procmux$2910.
    dead port 2/2 on $mux $procmux$2922.
    dead port 2/2 on $mux $procmux$294.
    dead port 2/2 on $mux $procmux$2956.
    dead port 2/2 on $mux $procmux$304.
    dead port 2/2 on $mux $procmux$313.
    dead port 1/2 on $mux $procmux$3191.
    dead port 1/2 on $mux $procmux$3194.
    dead port 1/2 on $mux $procmux$3197.
    dead port 1/2 on $mux $procmux$32.
    dead port 1/2 on $mux $procmux$3200.
    dead port 1/2 on $mux $procmux$3203.
    dead port 1/2 on $mux $procmux$3210.
    dead port 1/2 on $mux $procmux$3213.
    dead port 1/2 on $mux $procmux$3216.
    dead port 1/2 on $mux $procmux$3219.
    dead port 1/2 on $mux $procmux$3225.
    dead port 1/2 on $mux $procmux$3228.
    dead port 1/2 on $mux $procmux$3231.
    dead port 1/2 on $mux $procmux$3234.
    dead port 1/2 on $mux $procmux$3241.
    dead port 1/2 on $mux $procmux$3244.
    dead port 1/2 on $mux $procmux$3247.
    dead port 1/2 on $mux $procmux$3254.
    dead port 1/2 on $mux $procmux$3257.
    dead port 1/2 on $mux $procmux$3260.
    dead port 1/2 on $mux $procmux$3266.
    dead port 1/2 on $mux $procmux$3269.
    dead port 1/2 on $mux $procmux$3272.
    dead port 1/2 on $mux $procmux$3279.
    dead port 1/2 on $mux $procmux$3282.
    dead port 1/2 on $mux $procmux$3289.
    dead port 1/2 on $mux $procmux$3292.
    dead port 1/2 on $mux $procmux$3299.
    dead port 1/2 on $mux $procmux$3302.
    dead port 1/2 on $mux $procmux$3308.
    dead port 1/2 on $mux $procmux$3311.
    dead port 1/2 on $mux $procmux$3318.
    dead port 1/2 on $mux $procmux$3325.
    dead port 1/2 on $mux $procmux$3332.
    dead port 1/2 on $mux $procmux$3339.
    dead port 1/2 on $mux $procmux$3345.
    dead port 2/2 on $mux $procmux$3372.
    dead port 1/2 on $mux $procmux$3375.
    dead port 1/2 on $mux $procmux$3381.
    dead port 2/2 on $mux $procmux$3391.
    dead port 1/2 on $mux $procmux$3398.
    dead port 2/2 on $mux $procmux$3400.
    dead port 2/2 on $mux $procmux$3406.
    dead port 2/2 on $mux $procmux$3413.
    dead port 2/2 on $mux $procmux$3419.
    dead port 2/2 on $mux $procmux$3426.
    dead port 2/2 on $mux $procmux$3433.
    dead port 2/2 on $mux $procmux$3441.
    dead port 2/2 on $mux $procmux$3449.
    dead port 2/2 on $mux $procmux$3456.
    dead port 1/2 on $mux $procmux$3468.
    dead port 2/2 on $mux $procmux$3470.
    dead port 1/2 on $mux $procmux$3486.
    dead port 2/2 on $mux $procmux$3488.
    dead port 1/2 on $mux $procmux$3513.
    dead port 2/2 on $mux $procmux$3515.
    dead port 2/2 on $mux $procmux$3524.
    dead port 2/2 on $mux $procmux$3533.
    dead port 2/2 on $mux $procmux$3542.
    dead port 2/2 on $mux $procmux$3549.
    dead port 2/2 on $mux $procmux$3551.
    dead port 1/2 on $mux $procmux$3560.
    dead port 2/2 on $mux $procmux$3562.
    dead port 2/2 on $mux $procmux$3564.
    dead port 2/2 on $mux $procmux$3574.
    dead port 2/2 on $mux $procmux$3576.
    dead port 2/2 on $mux $procmux$3583.
    dead port 2/2 on $mux $procmux$3585.
    dead port 2/2 on $mux $procmux$3601.
    dead port 2/2 on $mux $procmux$3613.
    dead port 2/2 on $mux $procmux$3625.
    dead port 2/2 on $mux $procmux$3639.
    dead port 2/2 on $mux $procmux$3653.
    dead port 2/2 on $mux $procmux$3668.
    dead port 2/2 on $mux $procmux$3683.
    dead port 2/2 on $mux $procmux$3702.
    dead port 2/2 on $mux $procmux$3716.
    dead port 2/2 on $mux $procmux$3731.
    dead port 2/2 on $mux $procmux$3745.
    dead port 2/2 on $mux $procmux$3760.
    dead port 2/2 on $mux $procmux$3775.
    dead port 2/2 on $mux $procmux$3790.
    dead port 2/2 on $mux $procmux$3805.
    dead port 2/2 on $mux $procmux$3821.
    dead port 1/2 on $mux $procmux$3945.
    dead port 2/2 on $mux $procmux$3947.
    dead port 1/2 on $mux $procmux$3957.
    dead port 2/2 on $mux $procmux$3959.
    dead port 2/2 on $mux $procmux$3975.
    dead port 2/2 on $mux $procmux$3982.
    dead port 2/2 on $mux $procmux$3984.
    dead port 2/2 on $mux $procmux$3995.
    dead port 2/2 on $mux $procmux$3997.
    dead port 2/2 on $mux $procmux$4004.
    dead port 2/2 on $mux $procmux$4006.
    dead port 2/2 on $mux $procmux$4017.
    dead port 2/2 on $mux $procmux$4019.
    dead port 2/2 on $mux $procmux$4027.
    dead port 2/2 on $mux $procmux$4029.
    dead port 2/2 on $mux $procmux$4038.
    dead port 2/2 on $mux $procmux$4040.
    dead port 2/2 on $mux $procmux$4050.
    dead port 2/2 on $mux $procmux$4052.
    dead port 2/2 on $mux $procmux$4059.
    dead port 2/2 on $mux $procmux$4066.
    dead port 2/2 on $mux $procmux$4080.
    dead port 2/2 on $mux $procmux$4094.
    dead port 2/2 on $mux $procmux$4101.
    dead port 2/2 on $mux $procmux$4108.
    dead port 2/2 on $mux $procmux$4115.
    dead port 1/2 on $mux $procmux$412.
    dead port 2/2 on $mux $procmux$4122.
    dead port 2/2 on $mux $procmux$4129.
    dead port 2/2 on $mux $procmux$4136.
    dead port 2/2 on $mux $procmux$4138.
    dead port 2/2 on $mux $procmux$414.
    dead port 2/2 on $mux $procmux$4146.
    dead port 2/2 on $mux $procmux$4154.
    dead port 2/2 on $mux $procmux$4162.
    dead port 2/2 on $mux $procmux$4170.
    dead port 1/2 on $mux $procmux$4187.
    dead port 2/2 on $mux $procmux$4189.
    dead port 1/2 on $mux $procmux$4202.
    dead port 2/2 on $mux $procmux$4204.
    dead port 1/2 on $mux $procmux$4219.
    dead port 2/2 on $mux $procmux$4221.
    dead port 2/2 on $mux $procmux$4230.
    dead port 2/2 on $mux $procmux$4239.
    dead port 2/2 on $mux $procmux$4248.
    dead port 2/2 on $mux $procmux$4257.
    dead port 1/2 on $mux $procmux$4260.
    dead port 2/2 on $mux $procmux$4262.
    dead port 2/2 on $mux $procmux$4264.
    dead port 2/2 on $mux $procmux$4273.
    dead port 1/2 on $mux $procmux$4276.
    dead port 2/2 on $mux $procmux$4278.
    dead port 2/2 on $mux $procmux$4280.
    dead port 2/2 on $mux $procmux$4290.
    dead port 1/2 on $mux $procmux$4293.
    dead port 2/2 on $mux $procmux$4295.
    dead port 2/2 on $mux $procmux$4297.
    dead port 2/2 on $mux $procmux$4306.
    dead port 1/2 on $mux $procmux$4309.
    dead port 2/2 on $mux $procmux$4311.
    dead port 2/2 on $mux $procmux$4313.
    dead port 2/2 on $mux $procmux$4322.
    dead port 1/2 on $mux $procmux$4325.
    dead port 2/2 on $mux $procmux$4327.
    dead port 2/2 on $mux $procmux$4329.
    dead port 1/2 on $mux $procmux$4344.
    dead port 2/2 on $mux $procmux$4346.
    dead port 2/2 on $mux $procmux$4348.
    dead port 2/2 on $mux $procmux$4358.
    dead port 2/2 on $mux $procmux$4360.
    dead port 2/2 on $mux $procmux$4371.
    dead port 2/2 on $mux $procmux$4373.
    dead port 2/2 on $mux $procmux$4375.
    dead port 2/2 on $mux $procmux$4386.
    dead port 2/2 on $mux $procmux$4388.
    dead port 2/2 on $mux $procmux$4390.
    dead port 2/2 on $mux $procmux$440.
    dead port 2/2 on $mux $procmux$4404.
    dead port 2/2 on $mux $procmux$4406.
    dead port 2/2 on $mux $procmux$4418.
    dead port 2/2 on $mux $procmux$442.
    dead port 2/2 on $mux $procmux$4430.
    dead port 2/2 on $mux $procmux$4432.
    dead port 2/2 on $mux $procmux$4447.
    dead port 2/2 on $mux $procmux$4462.
    dead port 2/2 on $mux $procmux$4478.
    dead port 2/2 on $mux $procmux$4494.
    dead port 2/2 on $mux $procmux$4506.
    dead port 2/2 on $mux $procmux$4520.
    dead port 2/2 on $mux $procmux$4535.
    dead port 2/2 on $mux $procmux$4550.
    dead port 2/2 on $mux $procmux$4565.
    dead port 2/2 on $mux $procmux$4581.
    dead port 2/2 on $mux $procmux$4597.
    dead port 2/2 on $mux $procmux$460.
    dead port 2/2 on $mux $procmux$462.
    dead port 2/2 on $mux $procmux$467.
    dead port 2/2 on $mux $procmux$473.
    dead port 2/2 on $mux $procmux$480.
    dead port 1/2 on $mux $procmux$4835.
    dead port 2/2 on $mux $procmux$4838.
    dead port 2/2 on $mux $procmux$4840.
    dead port 2/2 on $mux $procmux$4842.
    dead port 2/2 on $mux $procmux$4852.
    dead port 2/2 on $mux $procmux$4854.
    dead port 2/2 on $mux $procmux$4856.
    dead port 2/2 on $mux $procmux$4866.
    dead port 2/2 on $mux $procmux$4868.
    dead port 1/2 on $mux $procmux$4877.
    dead port 1/2 on $mux $procmux$4879.
    dead port 2/2 on $mux $procmux$488.
    dead port 2/2 on $mux $procmux$4881.
    dead port 2/2 on $mux $procmux$4883.
    dead port 1/2 on $mux $procmux$4893.
    dead port 2/2 on $mux $procmux$4895.
    dead port 2/2 on $mux $procmux$4897.
    dead port 1/2 on $mux $procmux$4907.
    dead port 2/2 on $mux $procmux$4909.
    dead port 2/2 on $mux $procmux$4911.
    dead port 2/2 on $mux $procmux$4920.
    dead port 2/2 on $mux $procmux$4922.
    dead port 2/2 on $mux $procmux$4930.
    dead port 2/2 on $mux $procmux$4932.
    dead port 2/2 on $mux $procmux$4941.
    dead port 2/2 on $mux $procmux$4943.
    dead port 2/2 on $mux $procmux$4954.
    dead port 2/2 on $mux $procmux$4966.
    dead port 2/2 on $mux $procmux$497.
    dead port 2/2 on $mux $procmux$4973.
    dead port 2/2 on $mux $procmux$4975.
    dead port 2/2 on $mux $procmux$4977.
    dead port 2/2 on $mux $procmux$4988.
    dead port 2/2 on $mux $procmux$4990.
    dead port 2/2 on $mux $procmux$4992.
    dead port 2/2 on $mux $procmux$5003.
    dead port 2/2 on $mux $procmux$5005.
    dead port 2/2 on $mux $procmux$5014.
    dead port 2/2 on $mux $procmux$5016.
    dead port 2/2 on $mux $procmux$5018.
    dead port 2/2 on $mux $procmux$5028.
    dead port 2/2 on $mux $procmux$5030.
    dead port 2/2 on $mux $procmux$5039.
    dead port 2/2 on $mux $procmux$5041.
    dead port 2/2 on $mux $procmux$5049.
    dead port 2/2 on $mux $procmux$5051.
    dead port 2/2 on $mux $procmux$5064.
    dead port 2/2 on $mux $procmux$507.
    dead port 2/2 on $mux $procmux$5074.
    dead port 2/2 on $mux $procmux$5084.
    dead port 2/2 on $mux $procmux$5086.
    dead port 2/2 on $mux $procmux$5095.
    dead port 2/2 on $mux $procmux$5106.
    dead port 2/2 on $mux $procmux$5166.
    dead port 2/2 on $mux $procmux$519.
    dead port 2/2 on $mux $procmux$52.
    dead port 2/2 on $mux $procmux$531.
    dead port 2/2 on $mux $procmux$543.
    dead port 2/2 on $mux $procmux$556.
    dead port 2/2 on $mux $procmux$570.
    dead port 2/2 on $mux $procmux$585.
    dead port 2/2 on $mux $procmux$59.
    dead port 2/2 on $mux $procmux$601.
    dead port 2/2 on $mux $procmux$618.
    dead port 2/2 on $mux $procmux$637.
    dead port 2/2 on $mux $procmux$656.
    dead port 2/2 on $mux $procmux$66.
    dead port 2/2 on $mux $procmux$73.
    dead port 2/2 on $mux $procmux$747.
    dead port 2/2 on $mux $procmux$78.
    dead port 2/2 on $mux $procmux$786.
    dead port 2/2 on $mux $procmux$1000.
    dead port 1/2 on $mux $procmux$1008.
    dead port 2/2 on $mux $procmux$1010.
    dead port 1/2 on $mux $procmux$1018.
    dead port 2/2 on $mux $procmux$1020.
    dead port 2/2 on $mux $procmux$1029.
    dead port 2/2 on $mux $procmux$1038.
    dead port 2/2 on $mux $procmux$1046.
    dead port 2/2 on $mux $procmux$1054.
    dead port 2/2 on $mux $procmux$1062.
    dead port 1/2 on $mux $procmux$107.
    dead port 2/2 on $mux $procmux$1070.
    dead port 2/2 on $mux $procmux$1078.
    dead port 2/2 on $mux $procmux$1086.
    dead port 2/2 on $mux $procmux$109.
    dead port 2/2 on $mux $procmux$1094.
    dead port 2/2 on $mux $procmux$1102.
    dead port 2/2 on $mux $procmux$1124.
    dead port 2/2 on $mux $procmux$1126.
    dead port 2/2 on $mux $procmux$1136.
    dead port 2/2 on $mux $procmux$1138.
    dead port 2/2 on $mux $procmux$1148.
    dead port 2/2 on $mux $procmux$1150.
    dead port 2/2 on $mux $procmux$1160.
    dead port 2/2 on $mux $procmux$1162.
    dead port 1/2 on $mux $procmux$117.
    dead port 2/2 on $mux $procmux$1172.
    dead port 2/2 on $mux $procmux$1182.
    dead port 2/2 on $mux $procmux$119.
    dead port 2/2 on $mux $procmux$1191.
    dead port 2/2 on $mux $procmux$1201.
    dead port 2/2 on $mux $procmux$1211.
    dead port 2/2 on $mux $procmux$1221.
    dead port 1/2 on $mux $procmux$1459.
    dead port 2/2 on $mux $procmux$1251.
    dead port 1/2 on $mux $procmux$127.
    dead port 2/2 on $mux $procmux$129.
    dead port 2/2 on $mux $procmux$1461.
    dead port 2/2 on $mux $procmux$1349.
    dead port 2/2 on $mux $procmux$1355.
    dead port 2/2 on $mux $procmux$1362.
    dead port 1/2 on $mux $procmux$137.
    dead port 2/2 on $mux $procmux$1379.
    dead port 2/2 on $mux $procmux$1384.
    dead port 2/2 on $mux $procmux$139.
    dead port 2/2 on $mux $procmux$1390.
    dead port 2/2 on $mux $procmux$1397.
    dead port 2/2 on $mux $procmux$1414.
    dead port 2/2 on $mux $procmux$89.
    dead port 1/2 on $mux $procmux$933.
    dead port 1/2 on $mux $procmux$945.
    dead port 2/2 on $mux $procmux$956.
    dead port 2/2 on $mux $procmux$1443.
    dead port 2/2 on $mux $procmux$961.
    dead port 2/2 on $mux $procmux$966.
    dead port 1/2 on $mux $procmux$97.
    dead port 2/2 on $mux $procmux$971.
    dead port 2/2 on $mux $procmux$976.
    dead port 2/2 on $mux $procmux$982.
    dead port 2/2 on $mux $procmux$1450.
    dead port 2/2 on $mux $procmux$988.
    dead port 2/2 on $mux $procmux$99.
    dead port 2/2 on $mux $procmux$994.
Removed 532 multiplexer ports.
<suppressed ~1874 debug messages>

3.7.4. Executing OPT_REDUCE pass (consolidate $*mux and $reduce_* inputs).
  Optimizing cells in module \cve2_core.
    New ctrl vector for $pmux cell $procmux$2926: { $procmux$2943_CMP $procmux$2941_CMP $procmux$2940_CMP $procmux$2911_CMP $procmux$2856_CMP $procmux$2725_CMP $auto$opt_reduce.cc:137:opt_pmux$5186 $procmux$2125_CMP }
    New ctrl vector for $pmux cell $procmux$2960: { $auto$opt_reduce.cc:137:opt_pmux$5188 $procmux$2125_CMP }
    New ctrl vector for $pmux cell $procmux$2979: { $procmux$2856_CMP $procmux$2725_CMP $auto$opt_reduce.cc:137:opt_pmux$5190 }
    New ctrl vector for $pmux cell $procmux$2990: { $auto$opt_reduce.cc:137:opt_pmux$5192 $procmux$2125_CMP }
    New ctrl vector for $pmux cell $procmux$3064: $procmux$2581_CMP
    New ctrl vector for $pmux cell $procmux$3076: { $auto$opt_reduce.cc:137:opt_pmux$5194 $procmux$2125_CMP }
    New ctrl vector for $pmux cell $procmux$3085: { $procmux$2725_CMP $auto$opt_reduce.cc:137:opt_pmux$5196 $procmux$2125_CMP }
    New ctrl vector for $pmux cell $procmux$3098: { $procmux$2725_CMP $procmux$2610_CMP $auto$opt_reduce.cc:137:opt_pmux$5198 $procmux$2125_CMP }
    New ctrl vector for $pmux cell $procmux$3112: $auto$opt_reduce.cc:137:opt_pmux$5200
    New ctrl vector for $pmux cell $procmux$3446: $auto$opt_reduce.cc:137:opt_pmux$5202
    New ctrl vector for $pmux cell $procmux$3462: $auto$opt_reduce.cc:137:opt_pmux$5204
    New ctrl vector for $pmux cell $procmux$3480: $auto$opt_reduce.cc:137:opt_pmux$5206
    New ctrl vector for $pmux cell $procmux$3494: { $procmux$3510_CMP $procmux$3509_CMP $procmux$3508_CMP $procmux$3507_CMP $procmux$3506_CMP $procmux$3505_CMP $procmux$3504_CMP $procmux$3503_CMP $auto$opt_reduce.cc:137:opt_pmux$5208 }
    New ctrl vector for $pmux cell $procmux$1956: { \id_stage_i.multdiv_en_dec \id_stage_i.branch_in_dec $auto$opt_reduce.cc:137:opt_pmux$5210 }
    New ctrl vector for $pmux cell $procmux$1589: $auto$opt_reduce.cc:137:opt_pmux$5212
    New ctrl vector for $pmux cell $procmux$3837: { $procmux$3640_CMP $procmux$3614_CMP $procmux$3471_CMP }
    New ctrl vector for $pmux cell $procmux$3854: { $procmux$3717_CMP $procmux$3640_CMP $auto$opt_reduce.cc:137:opt_pmux$5216 $auto$opt_reduce.cc:137:opt_pmux$5214 $procmux$3434_CMP $procmux$3401_CMP }
    New ctrl vector for $pmux cell $procmux$3875: { $procmux$3640_CMP $auto$opt_reduce.cc:137:opt_pmux$5218 $procmux$3552_CMP $procmux$3471_CMP $procmux$3434_CMP }
    New ctrl vector for $pmux cell $procmux$3894: { $procmux$3776_CMP $procmux$3717_CMP $procmux$3640_CMP $procmux$3614_CMP $auto$opt_reduce.cc:137:opt_pmux$5220 $procmux$3434_CMP }
    New ctrl vector for $pmux cell $procmux$3952: $auto$opt_reduce.cc:137:opt_pmux$5222
    New ctrl vector for $pmux cell $procmux$3989: $auto$opt_reduce.cc:137:opt_pmux$5224
    New ctrl vector for $pmux cell $procmux$1633: { $procmux$1527_CMP $auto$opt_reduce.cc:137:opt_pmux$5226 $procmux$1509_CMP }
    New ctrl vector for $pmux cell $procmux$4151: $auto$opt_reduce.cc:137:opt_pmux$5228
    New ctrl vector for $pmux cell $procmux$4176: $auto$opt_reduce.cc:137:opt_pmux$5230
    New ctrl vector for $pmux cell $procmux$1647: $auto$opt_reduce.cc:137:opt_pmux$5232
    New ctrl vector for $pmux cell $procmux$4196: { $procmux$4182_CMP $auto$opt_reduce.cc:137:opt_pmux$5234 }
    New ctrl vector for $pmux cell $procmux$4210: { $auto$opt_reduce.cc:137:opt_pmux$5240 $auto$opt_reduce.cc:137:opt_pmux$5238 $auto$opt_reduce.cc:137:opt_pmux$5236 }
    New ctrl vector for $pmux cell $procmux$4337: $procmux$4342_CTRL
    New ctrl vector for $pmux cell $procmux$4399: { $procmux$4342_CMP [0] $procmux$4372_CMP }
    New ctrl vector for $pmux cell $procmux$4443: { $auto$opt_reduce.cc:137:opt_pmux$5242 $procmux$3942_CMP }
    New ctrl vector for $pmux cell $procmux$4474: $auto$opt_reduce.cc:137:opt_pmux$5244
    New ctrl vector for $pmux cell $procmux$1699: { $auto$opt_reduce.cc:137:opt_pmux$5248 $auto$opt_reduce.cc:137:opt_pmux$5246 }
    New ctrl vector for $pmux cell $procmux$4605: { $procmux$4582_CMP $procmux$4536_CMP $auto$opt_reduce.cc:137:opt_pmux$5250 $procmux$3948_CMP }
    New ctrl vector for $pmux cell $procmux$4625: { $procmux$4536_CMP $procmux$4521_CMP $procmux$4479_CMP $procmux$4433_CMP $auto$opt_reduce.cc:137:opt_pmux$5252 $procmux$4265_CMP $procmux$4190_CMP $procmux$4139_CMP $procmux$3948_CMP }
    New ctrl vector for $pmux cell $procmux$4659: { $auto$opt_reduce.cc:137:opt_pmux$5254 $procmux$4139_CMP }
    New ctrl vector for $pmux cell $procmux$4706: $auto$opt_reduce.cc:137:opt_pmux$5256
    New ctrl vector for $pmux cell $procmux$23: { $1502y $1503y $auto$opt_reduce.cc:137:opt_pmux$5258 }
    New ctrl vector for $pmux cell $procmux$1706: { $auto$opt_reduce.cc:137:opt_pmux$5262 $auto$opt_reduce.cc:137:opt_pmux$5260 }
    New ctrl vector for $pmux cell $procmux$1713: { $procmux$1691_CMP $procmux$1661_CMP $auto$opt_reduce.cc:137:opt_pmux$5264 }
    New ctrl vector for $pmux cell $procmux$1720: { $auto$opt_reduce.cc:137:opt_pmux$5268 $auto$opt_reduce.cc:137:opt_pmux$5266 }
    New ctrl vector for $pmux cell $procmux$1727: { $auto$opt_reduce.cc:137:opt_pmux$5272 $auto$opt_reduce.cc:137:opt_pmux$5270 }
    New ctrl vector for $pmux cell $procmux$2418: { \id_stage_i.controller_i.instr_fetch_err_prio \id_stage_i.controller_i.illegal_insn_prio $auto$opt_reduce.cc:137:opt_pmux$5274 }
    New ctrl vector for $pmux cell $procmux$789: { $auto$opt_reduce.cc:137:opt_pmux$5278 $auto$opt_reduce.cc:137:opt_pmux$5276 }
    New ctrl vector for $pmux cell $procmux$1325: { $procmux$1001_CMP $auto$opt_reduce.cc:137:opt_pmux$5280 }
    New ctrl vector for $pmux cell $procmux$1334: { $1111y $auto$opt_reduce.cc:137:opt_pmux$5282 }
    New input vector for $reduce_or cell $auto$opt_reduce.cc:131:opt_pmux$5229: { $procmux$4185_CMP $procmux$4184_CMP $procmux$4183_CMP $procmux$4182_CMP $procmux$4181_CMP $procmux$4180_CMP $procmux$4179_CMP $procmux$4178_CMP $procmux$4177_CMP }
    New input vector for $reduce_or cell $auto$opt_reduce.cc:131:opt_pmux$5275: { $procmux$837_CMP $procmux$836_CMP $procmux$835_CMP $procmux$834_CMP $procmux$833_CMP $procmux$831_CMP $procmux$830_CMP $procmux$829_CMP $procmux$827_CMP $procmux$821_CMP $procmux$793_CMP $procmux$790_CMP $procmux$617_CMP $procmux$600_CMP $procmux$584_CMP $procmux$569_CMP $procmux$555_CMP $procmux$542_CMP $procmux$479_CMP $procmux$472_CMP $procmux$466_CMP $procmux$461_CMP $1377y $1376y $1375y $1374y $1373y $1372y $1371y $1370y $1369y $1368y $1367y $1366y $1365y $1364y $1363y $1362y $1361y $1360y $1359y $1358y }
  Optimizing cells in module \cve2_core.
Performed a total of 51 changes.

3.7.5. Executing OPT_MERGE pass (detect identical cells).
Finding identical cells in module `\cve2_core'.
<suppressed ~123 debug messages>
Removed a total of 41 cells.

3.7.6. Executing OPT_DFF pass (perform DFF optimizations).
Changing const-value async load to async reset on $driver$register_file_i.rf_reg_q[9] ($aldff) from module cve2_core.
Changing const-value async load to async reset on $driver$register_file_i.rf_reg_q[8] ($aldff) from module cve2_core.
Changing const-value async load to async reset on $driver$register_file_i.rf_reg_q[7] ($aldff) from module cve2_core.
Changing const-value async load to async reset on $driver$register_file_i.rf_reg_q[6] ($aldff) from module cve2_core.
Changing const-value async load to async reset on $driver$register_file_i.rf_reg_q[5] ($aldff) from module cve2_core.
Changing const-value async load to async reset on $driver$register_file_i.rf_reg_q[4] ($aldff) from module cve2_core.
Changing const-value async load to async reset on $driver$register_file_i.rf_reg_q[3] ($aldff) from module cve2_core.
Changing const-value async load to async reset on $driver$register_file_i.rf_reg_q[31] ($aldff) from module cve2_core.
Changing const-value async load to async reset on $driver$register_file_i.rf_reg_q[30] ($aldff) from module cve2_core.
Changing const-value async load to async reset on $driver$register_file_i.rf_reg_q[2] ($aldff) from module cve2_core.
Changing const-value async load to async reset on $driver$register_file_i.rf_reg_q[29] ($aldff) from module cve2_core.
Changing const-value async load to async reset on $driver$register_file_i.rf_reg_q[28] ($aldff) from module cve2_core.
Changing const-value async load to async reset on $driver$register_file_i.rf_reg_q[27] ($aldff) from module cve2_core.
Changing const-value async load to async reset on $driver$register_file_i.rf_reg_q[26] ($aldff) from module cve2_core.
Changing const-value async load to async reset on $driver$register_file_i.rf_reg_q[25] ($aldff) from module cve2_core.
Changing const-value async load to async reset on $driver$register_file_i.rf_reg_q[24] ($aldff) from module cve2_core.
Changing const-value async load to async reset on $driver$register_file_i.rf_reg_q[23] ($aldff) from module cve2_core.
Changing const-value async load to async reset on $driver$register_file_i.rf_reg_q[22] ($aldff) from module cve2_core.
Changing const-value async load to async reset on $driver$register_file_i.rf_reg_q[21] ($aldff) from module cve2_core.
Changing const-value async load to async reset on $driver$register_file_i.rf_reg_q[20] ($aldff) from module cve2_core.
Changing const-value async load to async reset on $driver$register_file_i.rf_reg_q[1] ($aldff) from module cve2_core.
Changing const-value async load to async reset on $driver$register_file_i.rf_reg_q[19] ($aldff) from module cve2_core.
Changing const-value async load to async reset on $driver$register_file_i.rf_reg_q[18] ($aldff) from module cve2_core.
Changing const-value async load to async reset on $driver$register_file_i.rf_reg_q[17] ($aldff) from module cve2_core.
Changing const-value async load to async reset on $driver$register_file_i.rf_reg_q[16] ($aldff) from module cve2_core.
Changing const-value async load to async reset on $driver$register_file_i.rf_reg_q[15] ($aldff) from module cve2_core.
Changing const-value async load to async reset on $driver$register_file_i.rf_reg_q[14] ($aldff) from module cve2_core.
Changing const-value async load to async reset on $driver$register_file_i.rf_reg_q[13] ($aldff) from module cve2_core.
Changing const-value async load to async reset on $driver$register_file_i.rf_reg_q[12] ($aldff) from module cve2_core.
Changing const-value async load to async reset on $driver$register_file_i.rf_reg_q[11] ($aldff) from module cve2_core.
Changing const-value async load to async reset on $driver$register_file_i.rf_reg_q[10] ($aldff) from module cve2_core.
Changing const-value async load to async reset on $driver$load_store_unit_i.rdata_q ($aldff) from module cve2_core.
Changing const-value async load to async reset on $driver$load_store_unit_i.rdata_offset_q ($aldff) from module cve2_core.
Changing const-value async load to async reset on $driver$load_store_unit_i.pmp_err_q ($aldff) from module cve2_core.
Changing const-value async load to async reset on $driver$load_store_unit_i.lsu_err_q ($aldff) from module cve2_core.
Changing const-value async load to async reset on $driver$load_store_unit_i.ls_fsm_cs ($aldff) from module cve2_core.
Changing const-value async load to async reset on $driver$load_store_unit_i.handle_misaligned_q ($aldff) from module cve2_core.
Changing const-value async load to async reset on $driver$load_store_unit_i.data_we_q ($aldff) from module cve2_core.
Changing const-value async load to async reset on $driver$load_store_unit_i.data_type_q ($aldff) from module cve2_core.
Changing const-value async load to async reset on $driver$load_store_unit_i.data_sign_ext_q ($aldff) from module cve2_core.
Changing const-value async load to async reset on $driver$load_store_unit_i.addr_last_q ($aldff) from module cve2_core.
Changing const-value async load to async reset on $driver$if_stage_i.prefetch_buffer_i.valid_req_q ($aldff) from module cve2_core.
Changing const-value async load to async reset on $driver$if_stage_i.prefetch_buffer_i.stored_addr_q ($aldff) from module cve2_core.
Changing const-value async load to async reset on $driver$if_stage_i.prefetch_buffer_i.rdata_outstanding_q ($aldff) from module cve2_core.
Changing const-value async load to async reset on $driver$if_stage_i.prefetch_buffer_i.fifo_i.valid_q ($aldff) from module cve2_core.
Changing const-value async load to async reset on $driver$if_stage_i.prefetch_buffer_i.fifo_i.rdata_q[2] ($aldff) from module cve2_core.
Changing const-value async load to async reset on $driver$if_stage_i.prefetch_buffer_i.fifo_i.rdata_q[1] ($aldff) from module cve2_core.
Changing const-value async load to async reset on $driver$if_stage_i.prefetch_buffer_i.fifo_i.rdata_q[0] ($aldff) from module cve2_core.
Changing const-value async load to async reset on $driver$if_stage_i.prefetch_buffer_i.fifo_i.instr_addr_q ($aldff) from module cve2_core.
Changing const-value async load to async reset on $driver$if_stage_i.prefetch_buffer_i.fifo_i.err_q[2:2] ($aldff) from module cve2_core.
Changing const-value async load to async reset on $driver$if_stage_i.prefetch_buffer_i.fifo_i.err_q[1:1] ($aldff) from module cve2_core.
Changing const-value async load to async reset on $driver$if_stage_i.prefetch_buffer_i.fifo_i.err_q[0:0] ($aldff) from module cve2_core.
Changing const-value async load to async reset on $driver$if_stage_i.prefetch_buffer_i.fetch_addr_q ($aldff) from module cve2_core.
Changing const-value async load to async reset on $driver$if_stage_i.prefetch_buffer_i.discard_req_q ($aldff) from module cve2_core.
Changing const-value async load to async reset on $driver$if_stage_i.prefetch_buffer_i.branch_discard_q ($aldff) from module cve2_core.
Changing const-value async load to async reset on $driver$if_stage_i.pc_id_o ($aldff) from module cve2_core.
Changing const-value async load to async reset on $driver$if_stage_i.instr_valid_id_q ($aldff) from module cve2_core.
Changing const-value async load to async reset on $driver$if_stage_i.instr_rdata_id_o ($aldff) from module cve2_core.
Changing const-value async load to async reset on $driver$if_stage_i.instr_rdata_c_id_o ($aldff) from module cve2_core.
Changing const-value async load to async reset on $driver$if_stage_i.instr_rdata_alu_id_o ($aldff) from module cve2_core.
Changing const-value async load to async reset on $driver$if_stage_i.instr_is_compressed_id_o ($aldff) from module cve2_core.
Changing const-value async load to async reset on $driver$if_stage_i.instr_fetch_err_plus2_o ($aldff) from module cve2_core.
Changing const-value async load to async reset on $driver$if_stage_i.instr_fetch_err_o ($aldff) from module cve2_core.
Changing const-value async load to async reset on $driver$if_stage_i.illegal_c_insn_id_o ($aldff) from module cve2_core.
Changing const-value async load to async reset on $driver$id_stage_i.imd_val_q[1] ($aldff) from module cve2_core.
Changing const-value async load to async reset on $driver$id_stage_i.imd_val_q[0] ($aldff) from module cve2_core.
Changing const-value async load to async reset on $driver$id_stage_i.id_fsm_q ($aldff) from module cve2_core.
Changing const-value async load to async reset on $driver$id_stage_i.controller_i.store_err_q ($aldff) from module cve2_core.
Changing const-value async load to async reset on $driver$id_stage_i.controller_i.nmi_mode_q ($aldff) from module cve2_core.
Changing const-value async load to async reset on $driver$id_stage_i.controller_i.load_err_q ($aldff) from module cve2_core.
Changing const-value async load to async reset on $driver$id_stage_i.controller_i.illegal_insn_q ($aldff) from module cve2_core.
Changing const-value async load to async reset on $driver$id_stage_i.controller_i.exc_req_q ($aldff) from module cve2_core.
Changing const-value async load to async reset on $driver$id_stage_i.controller_i.enter_debug_mode_prio_q ($aldff) from module cve2_core.
Changing const-value async load to async reset on $driver$id_stage_i.controller_i.do_single_step_q ($aldff) from module cve2_core.
Changing const-value async load to async reset on $driver$id_stage_i.controller_i.debug_mode_q ($aldff) from module cve2_core.
Changing const-value async load to async reset on $driver$id_stage_i.controller_i.ctrl_fsm_cs ($aldff) from module cve2_core.
Changing const-value async load to async reset on $driver$id_stage_i.branch_set_raw_q ($aldff) from module cve2_core.
Changing const-value async load to async reset on $driver$id_stage_i.branch_jump_set_done_q ($aldff) from module cve2_core.
Changing const-value async load to async reset on $driver$ex_block_i.gen_multdiv_fast.multdiv_i.op_quotient_q ($aldff) from module cve2_core.
Changing const-value async load to async reset on $driver$ex_block_i.gen_multdiv_fast.multdiv_i.op_numerator_q ($aldff) from module cve2_core.
Changing const-value async load to async reset on $driver$ex_block_i.gen_multdiv_fast.multdiv_i.md_state_q ($aldff) from module cve2_core.
Changing const-value async load to async reset on $driver$ex_block_i.gen_multdiv_fast.multdiv_i.gen_mult_fast.mult_state_q ($aldff) from module cve2_core.
Changing const-value async load to async reset on $driver$ex_block_i.gen_multdiv_fast.multdiv_i.div_counter_q ($aldff) from module cve2_core.
Changing const-value async load to async reset on $driver$ex_block_i.gen_multdiv_fast.multdiv_i.div_by_zero_q ($aldff) from module cve2_core.
Changing const-value async load to async reset on $driver$cs_registers_i.u_mtvec_csr.rdata_q ($aldff) from module cve2_core.
Changing const-value async load to async reset on $driver$cs_registers_i.u_mtval_csr.rdata_q ($aldff) from module cve2_core.
Changing const-value async load to async reset on $driver$cs_registers_i.u_mstatus_csr.rdata_q ($aldff) from module cve2_core.
Changing const-value async load to async reset on $driver$cs_registers_i.u_mstack_epc_csr.rdata_q ($aldff) from module cve2_core.
Changing const-value async load to async reset on $driver$cs_registers_i.u_mstack_csr.rdata_q ($aldff) from module cve2_core.
Changing const-value async load to async reset on $driver$cs_registers_i.u_mstack_cause_csr.rdata_q ($aldff) from module cve2_core.
Changing const-value async load to async reset on $driver$cs_registers_i.u_mscratch_csr.rdata_q ($aldff) from module cve2_core.
Changing const-value async load to async reset on $driver$cs_registers_i.u_mie_csr.rdata_q ($aldff) from module cve2_core.
Changing const-value async load to async reset on $driver$cs_registers_i.u_mepc_csr.rdata_q ($aldff) from module cve2_core.
Changing const-value async load to async reset on $driver$cs_registers_i.u_mcause_csr.rdata_q ($aldff) from module cve2_core.
Changing const-value async load to async reset on $driver$cs_registers_i.u_dscratch1_csr.rdata_q ($aldff) from module cve2_core.
Changing const-value async load to async reset on $driver$cs_registers_i.u_dscratch0_csr.rdata_q ($aldff) from module cve2_core.
Changing const-value async load to async reset on $driver$cs_registers_i.u_depc_csr.rdata_q ($aldff) from module cve2_core.
Changing const-value async load to async reset on $driver$cs_registers_i.u_dcsr_csr.rdata_q ($aldff) from module cve2_core.
Changing const-value async load to async reset on $driver$cs_registers_i.priv_lvl_q ($aldff) from module cve2_core.
Changing const-value async load to async reset on $driver$cs_registers_i.minstret_counter_i.counter_q ($aldff) from module cve2_core.
Changing const-value async load to async reset on $driver$cs_registers_i.mcycle_counter_i.counter_q ($aldff) from module cve2_core.
Changing const-value async load to async reset on $driver$cs_registers_i.mcountinhibit_q ($aldff) from module cve2_core.
Changing const-value async load to async reset on $driver$cs_registers_i.gen_cntrs[0].gen_imp.mcounters_variable_i.counter_q ($aldff) from module cve2_core.

3.7.7. Executing OPT_CLEAN pass (remove unused cells and wires).
Finding unused cells or wires in module \cve2_core..
Removed 7 unused cells and 1322 unused wires.
<suppressed ~25 debug messages>

3.7.8. Executing OPT_EXPR pass (perform const folding).
Optimizing module cve2_core.
<suppressed ~4 debug messages>

3.7.9. Rerunning OPT passes. (Maybe there is more to do..)

3.7.10. Executing OPT_MUXTREE pass (detect dead branches in mux trees).
Running muxtree optimizer on module \cve2_core..
  Creating internal representation of mux trees.
  Evaluating internal representation of mux trees.
  Analyzing evaluation results.
Removed 0 multiplexer ports.
<suppressed ~1180 debug messages>

3.7.11. Executing OPT_REDUCE pass (consolidate $*mux and $reduce_* inputs).
  Optimizing cells in module \cve2_core.
    New ctrl vector for $pmux cell $procmux$1289: { $1111y $auto$opt_reduce.cc:137:opt_pmux$5284 }
    New ctrl vector for $pmux cell $procmux$1713: { $auto$opt_reduce.cc:137:opt_pmux$5286 $auto$opt_reduce.cc:137:opt_pmux$5264 }
    New ctrl vector for $pmux cell $procmux$3854: { $auto$opt_reduce.cc:137:opt_pmux$5288 $auto$opt_reduce.cc:137:opt_pmux$5216 $auto$opt_reduce.cc:137:opt_pmux$5214 $procmux$3434_CMP $procmux$3401_CMP }
    New ctrl vector for $pmux cell $procmux$4605: { $auto$opt_reduce.cc:137:opt_pmux$5290 $auto$opt_reduce.cc:137:opt_pmux$5250 $procmux$3948_CMP }
    New ctrl vector for $pmux cell $procmux$4683: $auto$opt_reduce.cc:137:opt_pmux$5292
    New ctrl vector for $pmux cell $procmux$4759: { $auto$opt_reduce.cc:137:opt_pmux$5294 $procmux$4139_CMP }
  Optimizing cells in module \cve2_core.
Performed a total of 6 changes.

3.7.12. Executing OPT_MERGE pass (detect identical cells).
Finding identical cells in module `\cve2_core'.
<suppressed ~9 debug messages>
Removed a total of 3 cells.

3.7.13. Executing OPT_DFF pass (perform DFF optimizations).

3.7.14. Executing OPT_CLEAN pass (remove unused cells and wires).
Finding unused cells or wires in module \cve2_core..
Removed 0 unused cells and 6 unused wires.
<suppressed ~1 debug messages>

3.7.15. Executing OPT_EXPR pass (perform const folding).
Optimizing module cve2_core.

3.7.16. Rerunning OPT passes. (Maybe there is more to do..)

3.7.17. Executing OPT_MUXTREE pass (detect dead branches in mux trees).
Running muxtree optimizer on module \cve2_core..
  Creating internal representation of mux trees.
  Evaluating internal representation of mux trees.
  Analyzing evaluation results.
Removed 0 multiplexer ports.
<suppressed ~1172 debug messages>

3.7.18. Executing OPT_REDUCE pass (consolidate $*mux and $reduce_* inputs).
  Optimizing cells in module \cve2_core.
Performed a total of 0 changes.

3.7.19. Executing OPT_MERGE pass (detect identical cells).
Finding identical cells in module `\cve2_core'.
Removed a total of 0 cells.

3.7.20. Executing OPT_DFF pass (perform DFF optimizations).

3.7.21. Executing OPT_CLEAN pass (remove unused cells and wires).
Finding unused cells or wires in module \cve2_core..

3.7.22. Executing OPT_EXPR pass (perform const folding).
Optimizing module cve2_core.

3.7.23. Finished fast OPT passes. (There is nothing left to do.)

3.8. Executing FSM pass (extract and optimize FSM).

3.8.1. Executing FSM_DETECT pass (finding FSMs in design).
Found FSM state register cve2_core.ex_block_i.gen_multdiv_fast.multdiv_i.gen_mult_fast.mult_state_q.
Found FSM state register cve2_core.ex_block_i.gen_multdiv_fast.multdiv_i.md_state_q.
Found FSM state register cve2_core.id_stage_i.controller_i.ctrl_fsm_cs.
Found FSM state register cve2_core.load_store_unit_i.data_type_q.
Not marking cve2_core.load_store_unit_i.ls_fsm_cs as FSM state register:
    Users of register don't seem to benefit from recoding.

3.8.2. Executing FSM_EXTRACT pass (extracting FSM from design).
Extracting FSM `\ex_block_i.gen_multdiv_fast.multdiv_i.gen_mult_fast.mult_state_q' from module `\cve2_core'.
  found $adff cell for state register: $driver$ex_block_i.gen_multdiv_fast.multdiv_i.gen_mult_fast.mult_state_q
  root of input selection tree: $ex_block_i.gen_multdiv_fast.multdiv_i.gen_mult_fast.mult_state_q$923
  found reset state: 2'00 (from async reset)
  found ctrl input: \ex_block_i.gen_multdiv_fast.multdiv_i.mult_en_i
  found ctrl input: $procmux$1693_CMP
  found ctrl input: $procmux$1661_CMP
  found ctrl input: $procmux$1691_CMP
  found ctrl input: $procmux$1698_CMP
  found ctrl input: $899y
  found state code: 2'11
  found state code: 2'10
  found state code: 2'01
  found ctrl output: $procmux$1661_CMP
  found ctrl output: $procmux$1691_CMP
  found ctrl output: $procmux$1693_CMP
  found ctrl output: $procmux$1698_CMP
  ctrl inputs: { $899y \ex_block_i.gen_multdiv_fast.multdiv_i.mult_en_i }
  ctrl outputs: { $procmux$1698_CMP $procmux$1693_CMP $procmux$1691_CMP $procmux$1661_CMP $ex_block_i.gen_multdiv_fast.multdiv_i.gen_mult_fast.mult_state_q$923 }
  transition:       2'00 2'-0 ->       2'00 6'100000
  transition:       2'00 2'-1 ->       2'01 6'100001
  transition:       2'10 2'-0 ->       2'10 6'000110
  transition:       2'10 2'01 ->       2'11 6'000111
  transition:       2'10 2'11 ->       2'00 6'000100
  transition:       2'01 2'-0 ->       2'01 6'001001
  transition:       2'01 2'-1 ->       2'10 6'001010
  transition:       2'11 2'-0 ->       2'11 6'010011
  transition:       2'11 2'-1 ->       2'00 6'010000
Extracting FSM `\ex_block_i.gen_multdiv_fast.multdiv_i.md_state_q' from module `\cve2_core'.
  found $adff cell for state register: $driver$ex_block_i.gen_multdiv_fast.multdiv_i.md_state_q
  root of input selection tree: $ex_block_i.gen_multdiv_fast.multdiv_i.md_state_q$890
  found reset state: 3'000 (from async reset)
  found ctrl input: \ex_block_i.gen_multdiv_fast.multdiv_i.div_en_internal
  found ctrl input: $procmux$1509_CMP
  found ctrl input: $procmux$1517_CMP
  found ctrl input: $procmux$1525_CMP
  found ctrl input: $procmux$1526_CMP
  found ctrl input: $procmux$1527_CMP
  found ctrl input: $procmux$1529_CMP
  found state code: 3'110
  found state code: 3'101
  found ctrl input: $955y
  found state code: 3'011
  found state code: 3'100
  found state code: 3'010
  found ctrl input: \ex_block_i.alu_i.is_equal
  found state code: 3'001
  found ctrl output: $procmux$1509_CMP
  found ctrl output: $procmux$1517_CMP
  found ctrl output: $procmux$1525_CMP
  found ctrl output: $procmux$1526_CMP
  found ctrl output: $procmux$1527_CMP
  found ctrl output: $procmux$1529_CMP
  found ctrl output: $procmux$1596_CMP
  ctrl inputs: { $955y \ex_block_i.gen_multdiv_fast.multdiv_i.div_en_internal \ex_block_i.alu_i.is_equal }
  ctrl outputs: { $procmux$1596_CMP $procmux$1529_CMP $procmux$1527_CMP $procmux$1526_CMP $procmux$1525_CMP $procmux$1517_CMP $procmux$1509_CMP $ex_block_i.gen_multdiv_fast.multdiv_i.md_state_q$890 }
  transition:      3'000 3'-0- ->      3'000 10'0100000000
  transition:      3'000 3'-10 ->      3'001 10'0100000001
  transition:      3'000 3'-11 ->      3'110 10'0100000110
  transition:      3'100 3'-0- ->      3'100 10'0000010100
  transition:      3'100 3'-1- ->      3'101 10'0000010101
  transition:      3'010 3'-0- ->      3'010 10'0001000010
  transition:      3'010 3'-1- ->      3'011 10'0001000011
  transition:      3'110 3'-0- ->      3'110 10'1000000110
  transition:      3'110 3'-1- ->      3'000 10'1000000000
  transition:      3'001 3'-0- ->      3'001 10'0010000001
  transition:      3'001 3'-1- ->      3'010 10'0010000010
  transition:      3'101 3'-0- ->      3'101 10'0000001101
  transition:      3'101 3'-1- ->      3'110 10'0000001110
  transition:      3'011 3'-0- ->      3'011 10'0000100011
  transition:      3'011 3'01- ->      3'011 10'0000100011
  transition:      3'011 3'11- ->      3'100 10'0000100100
Extracting FSM `\id_stage_i.controller_i.ctrl_fsm_cs' from module `\cve2_core'.
  found $adff cell for state register: $driver$id_stage_i.controller_i.ctrl_fsm_cs
  root of input selection tree: \id_stage_i.controller_i.ctrl_fsm_ns
  found reset state: 4'0000 (from async reset)
  found ctrl input: $procmux$2125_CMP
  found ctrl input: $auto$opt_reduce.cc:137:opt_pmux$5186
  found ctrl input: $procmux$2725_CMP
  found ctrl input: $procmux$2856_CMP
  found ctrl input: $procmux$2911_CMP
  found ctrl input: $procmux$2940_CMP
  found ctrl input: $procmux$2941_CMP
  found ctrl input: $procmux$2943_CMP
  found ctrl input: $676y
  found ctrl input: $626y
  found ctrl input: \id_stage_i.controller_i.mret_insn
  found ctrl input: \id_stage_i.controller_i.dret_insn
  found ctrl input: \id_stage_i.controller_i.wfi_insn
  found state code: 4'0101
  found state code: 4'0010
  found ctrl input: \id_stage_i.controller_i.ebrk_insn_prio
  found ctrl input: $633y
  found state code: 4'1001
  found state code: 4'1000
  found ctrl input: $595y
  found ctrl input: \id_stage_i.controller_i.special_req
  found state code: 4'0110
  found ctrl input: \id_stage_i.controller_i.enter_debug_mode
  found ctrl input: \id_stage_i.controller_i.handle_irq
  found state code: 4'0111
  found ctrl input: \if_stage_i.id_in_ready_i
  found ctrl input: $572y
  found state code: 4'0100
  found state code: 4'0011
  found ctrl input: \fetch_enable_i
  found state code: 4'0001
  found ctrl output: $495y
  found ctrl output: $procmux$2125_CMP
  found ctrl output: $procmux$2553_CMP
  found ctrl output: $procmux$2581_CMP
  found ctrl output: $procmux$2610_CMP
  found ctrl output: $procmux$2725_CMP
  found ctrl output: $procmux$2856_CMP
  found ctrl output: $procmux$2911_CMP
  found ctrl output: $procmux$2940_CMP
  found ctrl output: $procmux$2941_CMP
  found ctrl output: $procmux$2943_CMP
  ctrl inputs: { $676y $633y $626y $595y $572y \id_stage_i.controller_i.wfi_insn \id_stage_i.controller_i.dret_insn \id_stage_i.controller_i.mret_insn \id_stage_i.controller_i.handle_irq \id_stage_i.controller_i.enter_debug_mode \id_stage_i.controller_i.special_req \id_stage_i.controller_i.ebrk_insn_prio \if_stage_i.id_in_ready_i \fetch_enable_i $auto$opt_reduce.cc:137:opt_pmux$5186 }
  ctrl outputs: { $procmux$2943_CMP $procmux$2941_CMP $procmux$2940_CMP $procmux$2911_CMP $procmux$2856_CMP $procmux$2725_CMP $procmux$2610_CMP $procmux$2581_CMP $procmux$2553_CMP $procmux$2125_CMP $495y \id_stage_i.controller_i.ctrl_fsm_ns }
  transition:     4'0000 15'-------------0- ->     4'0000 15'100000000010000
  transition:     4'0000 15'-------------1- ->     4'0001 15'100000000010001
  transition:     4'1000 15'--------------- ->     4'0101 15'000000010010101
  transition:     4'0100 15'--------00--0-- ->     4'0100 15'000010000010100
  transition:     4'0100 15'--------00--1-- ->     4'0101 15'000010000010101
  transition:     4'0100 15'--------10----- ->     4'0111 15'000010000010111
  transition:     4'0100 15'---------1----- ->     4'1000 15'000010000011000
  transition:     4'0010 15'--------------- ->     4'0011 15'001000000010011
  transition:     4'0110 15'0-0--000------- ->     4'0101 15'000000000100101
  transition:     4'0110 15'0-0--100------- ->     4'0010 15'000000000100010
  transition:     4'0110 15'0-0---10------- ->     4'0101 15'000000000100101
  transition:     4'0110 15'0-0----1------- ->     4'0101 15'000000000100101
  transition:     4'0110 15'0-1--------0--- ->     4'0101 15'000000000100101
  transition:     4'0110 15'001--------1--- ->     4'0101 15'000000000100101
  transition:     4'0110 15'011--------1--- ->     4'1001 15'000000000101001
  transition:     4'0110 15'1-------------- ->     4'1000 15'000000000101000
  transition:     4'0001 15'--------------- ->     4'0100 15'010000000010100
  transition:     4'1001 15'--------------- ->     4'0101 15'000000001010101
  transition:     4'0101 15'---0------0---- ->     4'0101 15'000001000010101
  transition:     4'0101 15'---0------1---- ->     4'0110 15'000001000010110
  transition:     4'0101 15'---1----000---- ->     4'0101 15'000001000010101
  transition:     4'0101 15'---1----001---- ->     4'0110 15'000001000010110
  transition:     4'0101 15'---1----10----- ->     4'0111 15'000001000010111
  transition:     4'0101 15'---1-----1----- ->     4'1000 15'000001000011000
  transition:     4'0011 15'----0---------- ->     4'0011 15'000100000010011
  transition:     4'0011 15'----1---------- ->     4'0100 15'000100000010100
  transition:     4'0111 15'--------------- ->     4'0101 15'000000100010101
Extracting FSM `\load_store_unit_i.data_type_q' from module `\cve2_core'.
  found $adff cell for state register: $driver$load_store_unit_i.data_type_q
  root of input selection tree: $load_store_unit_i.data_type_q$1004
  found reset state: 2'00 (from async reset)
  found ctrl input: \load_store_unit_i.ctrl_update
  found ctrl input: $auto$opt_reduce.cc:137:opt_pmux$5256
  found ctrl input: $procmux$3943_CMP
  found ctrl input: $procmux$4446_CMP
  found state code: 2'01
  found state code: 2'10
  found ctrl output: $procmux$1343_CMP [0]
  found ctrl output: $procmux$1343_CMP [1]
  found ctrl output: $procmux$1344_CMP
  found ctrl output: $procmux$1345_CMP
  ctrl inputs: { $procmux$4446_CMP $procmux$3943_CMP \load_store_unit_i.ctrl_update $auto$opt_reduce.cc:137:opt_pmux$5256 }
  ctrl outputs: { $procmux$1345_CMP $procmux$1344_CMP $procmux$1343_CMP $load_store_unit_i.data_type_q$1004 }
  transition:       2'00 4'--0- ->       2'00 6'100000
  transition:       2'00 4'--10 ->       2'00 6'100000
  transition:       2'00 4'0011 ->       2'00 6'100000
  transition:       2'00 4'1-11 ->       2'10 6'100010
  transition:       2'00 4'-111 ->       2'01 6'100001
  transition:       2'10 4'--0- ->       2'10 6'000110
  transition:       2'10 4'--10 ->       2'00 6'000100
  transition:       2'10 4'0011 ->       2'00 6'000100
  transition:       2'10 4'1-11 ->       2'10 6'000110
  transition:       2'10 4'-111 ->       2'01 6'000101
  transition:       2'01 4'--0- ->       2'01 6'010001
  transition:       2'01 4'--10 ->       2'00 6'010000
  transition:       2'01 4'0011 ->       2'00 6'010000
  transition:       2'01 4'1-11 ->       2'10 6'010010
  transition:       2'01 4'-111 ->       2'01 6'010001

3.8.3. Executing FSM_OPT pass (simple optimizations of FSMs).
Optimizing FSM `$fsm$\load_store_unit_i.data_type_q$5323' from module `\cve2_core'.
Optimizing FSM `$fsm$\id_stage_i.controller_i.ctrl_fsm_cs$5310' from module `\cve2_core'.
  Removing unused input signal $auto$opt_reduce.cc:137:opt_pmux$5186.
Optimizing FSM `$fsm$\ex_block_i.gen_multdiv_fast.multdiv_i.md_state_q$5301' from module `\cve2_core'.
Optimizing FSM `$fsm$\ex_block_i.gen_multdiv_fast.multdiv_i.gen_mult_fast.mult_state_q$5295' from module `\cve2_core'.

3.8.4. Executing OPT_CLEAN pass (remove unused cells and wires).
Finding unused cells or wires in module \cve2_core..
Removed 55 unused cells and 55 unused wires.
<suppressed ~58 debug messages>

3.8.5. Executing FSM_OPT pass (simple optimizations of FSMs).
Optimizing FSM `$fsm$\ex_block_i.gen_multdiv_fast.multdiv_i.gen_mult_fast.mult_state_q$5295' from module `\cve2_core'.
  Removing unused output signal $ex_block_i.gen_multdiv_fast.multdiv_i.gen_mult_fast.mult_state_q$923 [0].
  Removing unused output signal $ex_block_i.gen_multdiv_fast.multdiv_i.gen_mult_fast.mult_state_q$923 [1].
Optimizing FSM `$fsm$\ex_block_i.gen_multdiv_fast.multdiv_i.md_state_q$5301' from module `\cve2_core'.
  Removing unused output signal $ex_block_i.gen_multdiv_fast.multdiv_i.md_state_q$890 [0].
  Removing unused output signal $ex_block_i.gen_multdiv_fast.multdiv_i.md_state_q$890 [1].
  Removing unused output signal $ex_block_i.gen_multdiv_fast.multdiv_i.md_state_q$890 [2].
Optimizing FSM `$fsm$\id_stage_i.controller_i.ctrl_fsm_cs$5310' from module `\cve2_core'.
  Removing unused output signal \id_stage_i.controller_i.ctrl_fsm_ns [0].
  Removing unused output signal \id_stage_i.controller_i.ctrl_fsm_ns [1].
  Removing unused output signal \id_stage_i.controller_i.ctrl_fsm_ns [2].
  Removing unused output signal \id_stage_i.controller_i.ctrl_fsm_ns [3].
Optimizing FSM `$fsm$\load_store_unit_i.data_type_q$5323' from module `\cve2_core'.
  Removing unused output signal $load_store_unit_i.data_type_q$1004 [0].
  Removing unused output signal $load_store_unit_i.data_type_q$1004 [1].

3.8.6. Executing FSM_RECODE pass (re-assigning FSM state encoding).
Recoding FSM `$fsm$\ex_block_i.gen_multdiv_fast.multdiv_i.gen_mult_fast.mult_state_q$5295' from module `\cve2_core' using `auto' encoding:
  mapping auto encoding to `one-hot` for this FSM.
  00 -> ---1
  10 -> --1-
  01 -> -1--
  11 -> 1---
Recoding FSM `$fsm$\ex_block_i.gen_multdiv_fast.multdiv_i.md_state_q$5301' from module `\cve2_core' using `auto' encoding:
  mapping auto encoding to `one-hot` for this FSM.
  000 -> ------1
  100 -> -----1-
  010 -> ----1--
  110 -> ---1---
  001 -> --1----
  101 -> -1-----
  011 -> 1------
Recoding FSM `$fsm$\id_stage_i.controller_i.ctrl_fsm_cs$5310' from module `\cve2_core' using `auto' encoding:
  mapping auto encoding to `one-hot` for this FSM.
  0000 -> ---------1
  1000 -> --------1-
  0100 -> -------1--
  0010 -> ------1---
  0110 -> -----1----
  0001 -> ----1-----
  1001 -> ---1------
  0101 -> --1-------
  0011 -> -1--------
  0111 -> 1---------
Recoding FSM `$fsm$\load_store_unit_i.data_type_q$5323' from module `\cve2_core' using `auto' encoding:
  mapping auto encoding to `one-hot` for this FSM.
  00 -> --1
  10 -> -1-
  01 -> 1--

3.8.7. Executing FSM_INFO pass (dumping all available information on FSM cells).

FSM `$fsm$\ex_block_i.gen_multdiv_fast.multdiv_i.gen_mult_fast.mult_state_q$5295' from module `cve2_core':
-------------------------------------

  Information on FSM $fsm$\ex_block_i.gen_multdiv_fast.multdiv_i.gen_mult_fast.mult_state_q$5295 (\ex_block_i.gen_multdiv_fast.multdiv_i.gen_mult_fast.mult_state_q):

  Number of input signals:    2
  Number of output signals:   4
  Number of state bits:       4

  Input signals:
    0: \ex_block_i.gen_multdiv_fast.multdiv_i.mult_en_i
    1: $899y

  Output signals:
    0: $procmux$1661_CMP
    1: $procmux$1691_CMP
    2: $procmux$1693_CMP
    3: $procmux$1698_CMP

  State encoding:
    0:     4'---1  <RESET STATE>
    1:     4'--1-
    2:     4'-1--
    3:     4'1---

  Transition Table (state_in, ctrl_in, state_out, ctrl_out):
      0:     0 2'-0   ->     0 4'1000
      1:     0 2'-1   ->     2 4'1000
      2:     1 2'11   ->     0 4'0001
      3:     1 2'-0   ->     1 4'0001
      4:     1 2'01   ->     3 4'0001
      5:     2 2'-1   ->     1 4'0010
      6:     2 2'-0   ->     2 4'0010
      7:     3 2'-1   ->     0 4'0100
      8:     3 2'-0   ->     3 4'0100

-------------------------------------

FSM `$fsm$\ex_block_i.gen_multdiv_fast.multdiv_i.md_state_q$5301' from module `cve2_core':
-------------------------------------

  Information on FSM $fsm$\ex_block_i.gen_multdiv_fast.multdiv_i.md_state_q$5301 (\ex_block_i.gen_multdiv_fast.multdiv_i.md_state_q):

  Number of input signals:    3
  Number of output signals:   7
  Number of state bits:       7

  Input signals:
    0: \ex_block_i.alu_i.is_equal
    1: \ex_block_i.gen_multdiv_fast.multdiv_i.div_en_internal
    2: $955y

  Output signals:
    0: $procmux$1509_CMP
    1: $procmux$1517_CMP
    2: $procmux$1525_CMP
    3: $procmux$1526_CMP
    4: $procmux$1527_CMP
    5: $procmux$1529_CMP
    6: $procmux$1596_CMP

  State encoding:
    0:  7'------1  <RESET STATE>
    1:  7'-----1-
    2:  7'----1--
    3:  7'---1---
    4:  7'--1----
    5:  7'-1-----
    6:  7'1------

  Transition Table (state_in, ctrl_in, state_out, ctrl_out):
      0:     0 3'-0-   ->     0 7'0100000
      1:     0 3'-11   ->     3 7'0100000
      2:     0 3'-10   ->     4 7'0100000
      3:     1 3'-0-   ->     1 7'0000010
      4:     1 3'-1-   ->     5 7'0000010
      5:     2 3'-0-   ->     2 7'0001000
      6:     2 3'-1-   ->     6 7'0001000
      7:     3 3'-1-   ->     0 7'1000000
      8:     3 3'-0-   ->     3 7'1000000
      9:     4 3'-1-   ->     2 7'0010000
     10:     4 3'-0-   ->     4 7'0010000
     11:     5 3'-1-   ->     3 7'0000001
     12:     5 3'-0-   ->     5 7'0000001
     13:     6 3'11-   ->     1 7'0000100
     14:     6 3'-0-   ->     6 7'0000100
     15:     6 3'01-   ->     6 7'0000100

-------------------------------------

FSM `$fsm$\id_stage_i.controller_i.ctrl_fsm_cs$5310' from module `cve2_core':
-------------------------------------

  Information on FSM $fsm$\id_stage_i.controller_i.ctrl_fsm_cs$5310 (\id_stage_i.controller_i.ctrl_fsm_cs):

  Number of input signals:   14
  Number of output signals:  11
  Number of state bits:      10

  Input signals:
    0: \fetch_enable_i
    1: \if_stage_i.id_in_ready_i
    2: \id_stage_i.controller_i.ebrk_insn_prio
    3: \id_stage_i.controller_i.special_req
    4: \id_stage_i.controller_i.enter_debug_mode
    5: \id_stage_i.controller_i.handle_irq
    6: \id_stage_i.controller_i.mret_insn
    7: \id_stage_i.controller_i.dret_insn
    8: \id_stage_i.controller_i.wfi_insn
    9: $572y
   10: $595y
   11: $626y
   12: $633y
   13: $676y

  Output signals:
    0: $495y
    1: $procmux$2125_CMP
    2: $procmux$2553_CMP
    3: $procmux$2581_CMP
    4: $procmux$2610_CMP
    5: $procmux$2725_CMP
    6: $procmux$2856_CMP
    7: $procmux$2911_CMP
    8: $procmux$2940_CMP
    9: $procmux$2941_CMP
   10: $procmux$2943_CMP

  State encoding:
    0: 10'---------1  <RESET STATE>
    1: 10'--------1-
    2: 10'-------1--
    3: 10'------1---
    4: 10'-----1----
    5: 10'----1-----
    6: 10'---1------
    7: 10'--1-------
    8: 10'-1--------
    9: 10'1---------

  Transition Table (state_in, ctrl_in, state_out, ctrl_out):
      0:     0 14'-------------0   ->     0 11'10000000001
      1:     0 14'-------------1   ->     5 11'10000000001
      2:     1 14'--------------   ->     7 11'00000001001
      3:     2 14'---------1----   ->     1 11'00001000001
      4:     2 14'--------00--0-   ->     2 11'00001000001
      5:     2 14'--------00--1-   ->     7 11'00001000001
      6:     2 14'--------10----   ->     9 11'00001000001
      7:     3 14'--------------   ->     8 11'00100000001
      8:     4 14'1-------------   ->     1 11'00000000010
      9:     4 14'0-0--100------   ->     3 11'00000000010
     10:     4 14'011--------1--   ->     6 11'00000000010
     11:     4 14'0-1--------0--   ->     7 11'00000000010
     12:     4 14'001--------1--   ->     7 11'00000000010
     13:     4 14'0-0--000------   ->     7 11'00000000010
     14:     4 14'0-0---10------   ->     7 11'00000000010
     15:     4 14'0-0----1------   ->     7 11'00000000010
     16:     5 14'--------------   ->     2 11'01000000001
     17:     6 14'--------------   ->     7 11'00000000101
     18:     7 14'---1-----1----   ->     1 11'00000100001
     19:     7 14'---1----001---   ->     4 11'00000100001
     20:     7 14'---0------1---   ->     4 11'00000100001
     21:     7 14'---1----000---   ->     7 11'00000100001
     22:     7 14'---0------0---   ->     7 11'00000100001
     23:     7 14'---1----10----   ->     9 11'00000100001
     24:     8 14'----1---------   ->     2 11'00010000001
     25:     8 14'----0---------   ->     8 11'00010000001
     26:     9 14'--------------   ->     7 11'00000010001

-------------------------------------

FSM `$fsm$\load_store_unit_i.data_type_q$5323' from module `cve2_core':
-------------------------------------

  Information on FSM $fsm$\load_store_unit_i.data_type_q$5323 (\load_store_unit_i.data_type_q):

  Number of input signals:    4
  Number of output signals:   4
  Number of state bits:       3

  Input signals:
    0: $auto$opt_reduce.cc:137:opt_pmux$5256
    1: \load_store_unit_i.ctrl_update
    2: $procmux$3943_CMP
    3: $procmux$4446_CMP

  Output signals:
    0: $procmux$1343_CMP [0]
    1: $procmux$1343_CMP [1]
    2: $procmux$1344_CMP
    3: $procmux$1345_CMP

  State encoding:
    0:      3'--1  <RESET STATE>
    1:      3'-1-
    2:      3'1--

  Transition Table (state_in, ctrl_in, state_out, ctrl_out):
      0:     0 4'--10   ->     0 4'1000
      1:     0 4'0011   ->     0 4'1000
      2:     0 4'--0-   ->     0 4'1000
      3:     0 4'1-11   ->     1 4'1000
      4:     0 4'-111   ->     2 4'1000
      5:     1 4'--10   ->     0 4'0001
      6:     1 4'0011   ->     0 4'0001
      7:     1 4'1-11   ->     1 4'0001
      8:     1 4'--0-   ->     1 4'0001
      9:     1 4'-111   ->     2 4'0001
     10:     2 4'--10   ->     0 4'0100
     11:     2 4'0011   ->     0 4'0100
     12:     2 4'1-11   ->     1 4'0100
     13:     2 4'-111   ->     2 4'0100
     14:     2 4'--0-   ->     2 4'0100

-------------------------------------

3.8.8. Executing FSM_MAP pass (mapping FSMs to basic logic).
Mapping FSM `$fsm$\ex_block_i.gen_multdiv_fast.multdiv_i.gen_mult_fast.mult_state_q$5295' from module `\cve2_core'.
Mapping FSM `$fsm$\ex_block_i.gen_multdiv_fast.multdiv_i.md_state_q$5301' from module `\cve2_core'.
Mapping FSM `$fsm$\id_stage_i.controller_i.ctrl_fsm_cs$5310' from module `\cve2_core'.
Mapping FSM `$fsm$\load_store_unit_i.data_type_q$5323' from module `\cve2_core'.

3.9. Executing OPT pass (performing simple optimizations).

3.9.1. Executing OPT_EXPR pass (perform const folding).
Optimizing module cve2_core.
<suppressed ~32 debug messages>

3.9.2. Executing OPT_MERGE pass (detect identical cells).
Finding identical cells in module `\cve2_core'.
<suppressed ~33 debug messages>
Removed a total of 11 cells.

3.9.3. Executing OPT_MUXTREE pass (detect dead branches in mux trees).
Running muxtree optimizer on module \cve2_core..
  Creating internal representation of mux trees.
  Evaluating internal representation of mux trees.
  Analyzing evaluation results.
Removed 0 multiplexer ports.
<suppressed ~1140 debug messages>

3.9.4. Executing OPT_REDUCE pass (consolidate $*mux and $reduce_* inputs).
  Optimizing cells in module \cve2_core.
Performed a total of 0 changes.

3.9.5. Executing OPT_MERGE pass (detect identical cells).
Finding identical cells in module `\cve2_core'.
Removed a total of 0 cells.

3.9.6. Executing OPT_DFF pass (perform DFF optimizations).
Adding EN signal on $driver$register_file_i.rf_reg_q[9] ($adff) from module cve2_core (D = \register_file_i.wdata_a_i, Q = \register_file_i.rf_reg_q [287:256]).
Adding EN signal on $driver$register_file_i.rf_reg_q[8] ($adff) from module cve2_core (D = \register_file_i.wdata_a_i, Q = \register_file_i.rf_reg_q [255:224]).
Adding EN signal on $driver$register_file_i.rf_reg_q[7] ($adff) from module cve2_core (D = \register_file_i.wdata_a_i, Q = \register_file_i.rf_reg_q [223:192]).
Adding EN signal on $driver$register_file_i.rf_reg_q[6] ($adff) from module cve2_core (D = \register_file_i.wdata_a_i, Q = \register_file_i.rf_reg_q [191:160]).
Adding EN signal on $driver$register_file_i.rf_reg_q[5] ($adff) from module cve2_core (D = \register_file_i.wdata_a_i, Q = \register_file_i.rf_reg_q [159:128]).
Adding EN signal on $driver$register_file_i.rf_reg_q[4] ($adff) from module cve2_core (D = \register_file_i.wdata_a_i, Q = \register_file_i.rf_reg_q [127:96]).
Adding EN signal on $driver$register_file_i.rf_reg_q[3] ($adff) from module cve2_core (D = \register_file_i.wdata_a_i, Q = \register_file_i.rf_reg_q [95:64]).
Adding EN signal on $driver$register_file_i.rf_reg_q[31] ($adff) from module cve2_core (D = \register_file_i.wdata_a_i, Q = \register_file_i.rf_reg_q [991:960]).
Adding EN signal on $driver$register_file_i.rf_reg_q[30] ($adff) from module cve2_core (D = \register_file_i.wdata_a_i, Q = \register_file_i.rf_reg_q [959:928]).
Adding EN signal on $driver$register_file_i.rf_reg_q[2] ($adff) from module cve2_core (D = \register_file_i.wdata_a_i, Q = \register_file_i.rf_reg_q [63:32]).
Adding EN signal on $driver$register_file_i.rf_reg_q[29] ($adff) from module cve2_core (D = \register_file_i.wdata_a_i, Q = \register_file_i.rf_reg_q [927:896]).
Adding EN signal on $driver$register_file_i.rf_reg_q[28] ($adff) from module cve2_core (D = \register_file_i.wdata_a_i, Q = \register_file_i.rf_reg_q [895:864]).
Adding EN signal on $driver$register_file_i.rf_reg_q[27] ($adff) from module cve2_core (D = \register_file_i.wdata_a_i, Q = \register_file_i.rf_reg_q [863:832]).
Adding EN signal on $driver$register_file_i.rf_reg_q[26] ($adff) from module cve2_core (D = \register_file_i.wdata_a_i, Q = \register_file_i.rf_reg_q [831:800]).
Adding EN signal on $driver$register_file_i.rf_reg_q[25] ($adff) from module cve2_core (D = \register_file_i.wdata_a_i, Q = \register_file_i.rf_reg_q [799:768]).
Adding EN signal on $driver$register_file_i.rf_reg_q[24] ($adff) from module cve2_core (D = \register_file_i.wdata_a_i, Q = \register_file_i.rf_reg_q [767:736]).
Adding EN signal on $driver$register_file_i.rf_reg_q[23] ($adff) from module cve2_core (D = \register_file_i.wdata_a_i, Q = \register_file_i.rf_reg_q [735:704]).
Adding EN signal on $driver$register_file_i.rf_reg_q[22] ($adff) from module cve2_core (D = \register_file_i.wdata_a_i, Q = \register_file_i.rf_reg_q [703:672]).
Adding EN signal on $driver$register_file_i.rf_reg_q[21] ($adff) from module cve2_core (D = \register_file_i.wdata_a_i, Q = \register_file_i.rf_reg_q [671:640]).
Adding EN signal on $driver$register_file_i.rf_reg_q[20] ($adff) from module cve2_core (D = \register_file_i.wdata_a_i, Q = \register_file_i.rf_reg_q [639:608]).
Adding EN signal on $driver$register_file_i.rf_reg_q[1] ($adff) from module cve2_core (D = \register_file_i.wdata_a_i, Q = \register_file_i.rf_reg_q [31:0]).
Adding EN signal on $driver$register_file_i.rf_reg_q[19] ($adff) from module cve2_core (D = \register_file_i.wdata_a_i, Q = \register_file_i.rf_reg_q [607:576]).
Adding EN signal on $driver$register_file_i.rf_reg_q[18] ($adff) from module cve2_core (D = \register_file_i.wdata_a_i, Q = \register_file_i.rf_reg_q [575:544]).
Adding EN signal on $driver$register_file_i.rf_reg_q[17] ($adff) from module cve2_core (D = \register_file_i.wdata_a_i, Q = \register_file_i.rf_reg_q [543:512]).
Adding EN signal on $driver$register_file_i.rf_reg_q[16] ($adff) from module cve2_core (D = \register_file_i.wdata_a_i, Q = \register_file_i.rf_reg_q [511:480]).
Adding EN signal on $driver$register_file_i.rf_reg_q[15] ($adff) from module cve2_core (D = \register_file_i.wdata_a_i, Q = \register_file_i.rf_reg_q [479:448]).
Adding EN signal on $driver$register_file_i.rf_reg_q[14] ($adff) from module cve2_core (D = \register_file_i.wdata_a_i, Q = \register_file_i.rf_reg_q [447:416]).
Adding EN signal on $driver$register_file_i.rf_reg_q[13] ($adff) from module cve2_core (D = \register_file_i.wdata_a_i, Q = \register_file_i.rf_reg_q [415:384]).
Adding EN signal on $driver$register_file_i.rf_reg_q[12] ($adff) from module cve2_core (D = \register_file_i.wdata_a_i, Q = \register_file_i.rf_reg_q [383:352]).
Adding EN signal on $driver$register_file_i.rf_reg_q[11] ($adff) from module cve2_core (D = \register_file_i.wdata_a_i, Q = \register_file_i.rf_reg_q [351:320]).
Adding EN signal on $driver$register_file_i.rf_reg_q[10] ($adff) from module cve2_core (D = \register_file_i.wdata_a_i, Q = \register_file_i.rf_reg_q [319:288]).
Adding EN signal on $driver$load_store_unit_i.rdata_q ($adff) from module cve2_core (D = \data_rdata_i [31:8], Q = \load_store_unit_i.rdata_q).
Adding EN signal on $driver$load_store_unit_i.rdata_offset_q ($adff) from module cve2_core (D = \ex_block_i.alu_adder_result_ext [2:1], Q = \load_store_unit_i.rdata_offset_q).
Adding EN signal on $driver$load_store_unit_i.pmp_err_q ($adff) from module cve2_core (D = \load_store_unit_i.pmp_err_d, Q = \load_store_unit_i.pmp_err_q).
Adding EN signal on $driver$load_store_unit_i.lsu_err_q ($adff) from module cve2_core (D = \load_store_unit_i.lsu_err_d, Q = \load_store_unit_i.lsu_err_q).
Adding EN signal on $driver$load_store_unit_i.ls_fsm_cs ($adff) from module cve2_core (D = \load_store_unit_i.ls_fsm_ns, Q = \load_store_unit_i.ls_fsm_cs).
Adding EN signal on $driver$load_store_unit_i.handle_misaligned_q ($adff) from module cve2_core (D = \load_store_unit_i.handle_misaligned_d, Q = \load_store_unit_i.handle_misaligned_q).
Adding EN signal on $driver$load_store_unit_i.data_we_q ($adff) from module cve2_core (D = \data_we_o, Q = \load_store_unit_i.data_we_q).
Adding EN signal on $driver$load_store_unit_i.data_sign_ext_q ($adff) from module cve2_core (D = \id_stage_i.decoder_i.data_sign_extension_o, Q = \load_store_unit_i.data_sign_ext_q).
Adding EN signal on $driver$load_store_unit_i.addr_last_q ($adff) from module cve2_core (D = \load_store_unit_i.addr_last_d, Q = \load_store_unit_i.addr_last_q).
Adding EN signal on $driver$if_stage_i.prefetch_buffer_i.stored_addr_q ($adff) from module cve2_core (D = $142y [1:0], Q = \if_stage_i.prefetch_buffer_i.stored_addr_q [1:0]).
Adding EN signal on $driver$if_stage_i.prefetch_buffer_i.stored_addr_q ($adff) from module cve2_core (D = \if_stage_i.prefetch_buffer_i.instr_addr [31:2], Q = \if_stage_i.prefetch_buffer_i.stored_addr_q [31:2]).
Adding EN signal on $driver$if_stage_i.prefetch_buffer_i.fifo_i.rdata_q[2] ($adff) from module cve2_core (D = \instr_rdata_i, Q = \if_stage_i.prefetch_buffer_i.fifo_i.rdata_q [95:64]).
Adding EN signal on $driver$if_stage_i.prefetch_buffer_i.fifo_i.rdata_q[1] ($adff) from module cve2_core (D = \if_stage_i.prefetch_buffer_i.fifo_i.rdata_d [63:32], Q = \if_stage_i.prefetch_buffer_i.fifo_i.rdata_q [63:32]).
Adding EN signal on $driver$if_stage_i.prefetch_buffer_i.fifo_i.rdata_q[0] ($adff) from module cve2_core (D = \if_stage_i.prefetch_buffer_i.fifo_i.rdata_d [31:0], Q = \if_stage_i.prefetch_buffer_i.fifo_i.rdata_q [31:0]).
Adding EN signal on $driver$if_stage_i.prefetch_buffer_i.fifo_i.instr_addr_q ($adff) from module cve2_core (D = \if_stage_i.prefetch_buffer_i.fifo_i.instr_addr_d, Q = \if_stage_i.prefetch_buffer_i.fifo_i.instr_addr_q).
Adding EN signal on $driver$if_stage_i.prefetch_buffer_i.fifo_i.err_q[2:2] ($adff) from module cve2_core (D = \instr_err_i, Q = \if_stage_i.prefetch_buffer_i.fifo_i.err_q [2]).
Adding EN signal on $driver$if_stage_i.prefetch_buffer_i.fifo_i.err_q[1:1] ($adff) from module cve2_core (D = \if_stage_i.prefetch_buffer_i.fifo_i.err_d [1], Q = \if_stage_i.prefetch_buffer_i.fifo_i.err_q [1]).
Adding EN signal on $driver$if_stage_i.prefetch_buffer_i.fifo_i.err_q[0:0] ($adff) from module cve2_core (D = \if_stage_i.prefetch_buffer_i.fifo_i.err_d [0], Q = \if_stage_i.prefetch_buffer_i.fifo_i.err_q [0]).
Adding EN signal on $driver$if_stage_i.prefetch_buffer_i.fetch_addr_q ($adff) from module cve2_core (D = \if_stage_i.prefetch_buffer_i.fetch_addr_d, Q = \if_stage_i.prefetch_buffer_i.fetch_addr_q).
Adding EN signal on $driver$if_stage_i.pc_id_o ($adff) from module cve2_core (D = { \if_stage_i.prefetch_buffer_i.fifo_i.instr_addr_q 1'0 }, Q = \if_stage_i.pc_id_o).
Adding EN signal on $driver$if_stage_i.instr_rdata_id_o ($adff) from module cve2_core (D = \if_stage_i.compressed_decoder_i.instr_o, Q = \if_stage_i.instr_rdata_id_o).
Adding EN signal on $driver$if_stage_i.instr_rdata_c_id_o ($adff) from module cve2_core (D = \if_stage_i.compressed_decoder_i.instr_i [15:0], Q = \if_stage_i.instr_rdata_c_id_o).
Adding EN signal on $driver$if_stage_i.instr_rdata_alu_id_o ($adff) from module cve2_core (D = \if_stage_i.compressed_decoder_i.instr_o, Q = \if_stage_i.instr_rdata_alu_id_o).
Adding EN signal on $driver$if_stage_i.instr_is_compressed_id_o ($adff) from module cve2_core (D = \if_stage_i.compressed_decoder_i.is_compressed_o, Q = \if_stage_i.instr_is_compressed_id_o).
Adding EN signal on $driver$if_stage_i.instr_fetch_err_plus2_o ($adff) from module cve2_core (D = \if_stage_i.fetch_err_plus2, Q = \if_stage_i.instr_fetch_err_plus2_o).
Adding EN signal on $driver$if_stage_i.instr_fetch_err_o ($adff) from module cve2_core (D = \if_stage_i.fetch_err, Q = \if_stage_i.instr_fetch_err_o).
Adding EN signal on $driver$if_stage_i.illegal_c_insn_id_o ($adff) from module cve2_core (D = \if_stage_i.compressed_decoder_i.illegal_instr_o, Q = \if_stage_i.illegal_c_insn_id_o).
Adding EN signal on $driver$id_stage_i.imd_val_q[1] ($adff) from module cve2_core (D = \ex_block_i.imd_val_d_o [33:32], Q = \id_stage_i.imd_val_q [33:32]).
Adding EN signal on $driver$id_stage_i.imd_val_q[1] ($adff) from module cve2_core (D = \ex_block_i.imd_val_d_o [31:0], Q = \id_stage_i.imd_val_q [31:0]).
Adding EN signal on $driver$id_stage_i.imd_val_q[0] ($adff) from module cve2_core (D = \ex_block_i.imd_val_d_o [67:34], Q = \id_stage_i.imd_val_q [67:34]).
Adding EN signal on $driver$id_stage_i.id_fsm_q ($adff) from module cve2_core (D = \id_stage_i.id_fsm_d, Q = \id_stage_i.id_fsm_q).
Adding EN signal on $driver$id_stage_i.controller_i.nmi_mode_q ($adff) from module cve2_core (D = \id_stage_i.controller_i.nmi_mode_d, Q = \id_stage_i.controller_i.nmi_mode_q).
Adding EN signal on $driver$id_stage_i.controller_i.debug_mode_q ($adff) from module cve2_core (D = \id_stage_i.controller_i.debug_mode_d, Q = \id_stage_i.controller_i.debug_mode_q).
Adding EN signal on $driver$ex_block_i.gen_multdiv_fast.multdiv_i.op_quotient_q ($adff) from module cve2_core (D = \ex_block_i.gen_multdiv_fast.multdiv_i.op_quotient_d, Q = \ex_block_i.gen_multdiv_fast.multdiv_i.op_quotient_q).
Adding EN signal on $driver$ex_block_i.gen_multdiv_fast.multdiv_i.op_numerator_q ($adff) from module cve2_core (D = $948y, Q = \ex_block_i.gen_multdiv_fast.multdiv_i.op_numerator_q).
Adding EN signal on $driver$ex_block_i.gen_multdiv_fast.multdiv_i.div_counter_q ($adff) from module cve2_core (D = \ex_block_i.gen_multdiv_fast.multdiv_i.div_counter_d, Q = \ex_block_i.gen_multdiv_fast.multdiv_i.div_counter_q).
Adding EN signal on $driver$ex_block_i.gen_multdiv_fast.multdiv_i.div_by_zero_q ($adff) from module cve2_core (D = \ex_block_i.alu_i.is_equal, Q = \ex_block_i.gen_multdiv_fast.multdiv_i.div_by_zero_q).
Adding EN signal on $driver$cs_registers_i.u_mtvec_csr.rdata_q ($adff) from module cve2_core (D = \cs_registers_i.mtvec_d, Q = \cs_registers_i.u_mtvec_csr.rdata_q).
Adding EN signal on $driver$cs_registers_i.u_mtval_csr.rdata_q ($adff) from module cve2_core (D = \cs_registers_i.mtval_d, Q = \cs_registers_i.u_mtval_csr.rdata_q).
Adding EN signal on $driver$cs_registers_i.u_mstatus_csr.rdata_q ($adff) from module cve2_core (D = \cs_registers_i.mstatus_d [5:1], Q = \cs_registers_i.u_mstatus_csr.rdata_q [5:1]).
Adding EN signal on $driver$cs_registers_i.u_mstatus_csr.rdata_q ($adff) from module cve2_core (D = 1'0, Q = \cs_registers_i.u_mstatus_csr.rdata_q [0]).
Adding EN signal on $driver$cs_registers_i.u_mstack_epc_csr.rdata_q ($adff) from module cve2_core (D = \cs_registers_i.u_mepc_csr.rdata_q, Q = \cs_registers_i.u_mstack_epc_csr.rdata_q).
Adding EN signal on $driver$cs_registers_i.u_mstack_csr.rdata_q ($adff) from module cve2_core (D = \cs_registers_i.u_mstatus_csr.rdata_q [4:2], Q = \cs_registers_i.u_mstack_csr.rdata_q).
Adding EN signal on $driver$cs_registers_i.u_mstack_cause_csr.rdata_q ($adff) from module cve2_core (D = \cs_registers_i.u_mcause_csr.rdata_q, Q = \cs_registers_i.u_mstack_cause_csr.rdata_q).
Adding EN signal on $driver$cs_registers_i.u_mscratch_csr.rdata_q ($adff) from module cve2_core (D = \cs_registers_i.csr_wdata_int, Q = \cs_registers_i.u_mscratch_csr.rdata_q).
Adding EN signal on $driver$cs_registers_i.u_mie_csr.rdata_q ($adff) from module cve2_core (D = { \cs_registers_i.csr_wdata_int [3] \cs_registers_i.csr_wdata_int [7] \cs_registers_i.csr_wdata_int [11] \cs_registers_i.csr_wdata_int [31:16] }, Q = \cs_registers_i.u_mie_csr.rdata_q).
Adding EN signal on $driver$cs_registers_i.u_mepc_csr.rdata_q ($adff) from module cve2_core (D = \cs_registers_i.mepc_d, Q = \cs_registers_i.u_mepc_csr.rdata_q).
Adding EN signal on $driver$cs_registers_i.u_mcause_csr.rdata_q ($adff) from module cve2_core (D = \cs_registers_i.mcause_d, Q = \cs_registers_i.u_mcause_csr.rdata_q).
Adding EN signal on $driver$cs_registers_i.u_dscratch1_csr.rdata_q ($adff) from module cve2_core (D = \cs_registers_i.csr_wdata_int, Q = \cs_registers_i.u_dscratch1_csr.rdata_q).
Adding EN signal on $driver$cs_registers_i.u_dscratch0_csr.rdata_q ($adff) from module cve2_core (D = \cs_registers_i.csr_wdata_int, Q = \cs_registers_i.u_dscratch0_csr.rdata_q).
Adding EN signal on $driver$cs_registers_i.u_depc_csr.rdata_q ($adff) from module cve2_core (D = \cs_registers_i.depc_d, Q = \cs_registers_i.u_depc_csr.rdata_q).
Adding EN signal on $driver$cs_registers_i.u_dcsr_csr.rdata_q ($adff) from module cve2_core (D = { \cs_registers_i.dcsr_d [8:6] \cs_registers_i.dcsr_d [1:0] }, Q = { \cs_registers_i.u_dcsr_csr.rdata_q [8:6] \cs_registers_i.u_dcsr_csr.rdata_q [1:0] }).
Adding EN signal on $driver$cs_registers_i.u_dcsr_csr.rdata_q ($adff) from module cve2_core (D = { 16'0100000000000000 \cs_registers_i.csr_wdata_int [15] 1'0 \cs_registers_i.csr_wdata_int [13:12] 6'000000 \cs_registers_i.csr_wdata_int [2] }, Q = { \cs_registers_i.u_dcsr_csr.rdata_q [31:9] \cs_registers_i.u_dcsr_csr.rdata_q [5:2] }).
Adding EN signal on $driver$cs_registers_i.priv_lvl_q ($adff) from module cve2_core (D = \cs_registers_i.priv_lvl_d, Q = \cs_registers_i.priv_lvl_q).
Adding EN signal on $driver$cs_registers_i.minstret_counter_i.counter_q ($adff) from module cve2_core (D = \cs_registers_i.minstret_counter_i.counter_d [63:32], Q = \cs_registers_i.minstret_counter_i.counter_q [63:32]).
Adding EN signal on $driver$cs_registers_i.minstret_counter_i.counter_q ($adff) from module cve2_core (D = \cs_registers_i.minstret_counter_i.counter_d [31:0], Q = \cs_registers_i.minstret_counter_i.counter_q [31:0]).
Adding EN signal on $driver$cs_registers_i.mcycle_counter_i.counter_q ($adff) from module cve2_core (D = \cs_registers_i.mcycle_counter_i.counter_d [63:32], Q = \cs_registers_i.mcycle_counter_i.counter_q [63:32]).
Adding EN signal on $driver$cs_registers_i.mcycle_counter_i.counter_q ($adff) from module cve2_core (D = \cs_registers_i.mcycle_counter_i.counter_d [31:0], Q = \cs_registers_i.mcycle_counter_i.counter_q [31:0]).
Adding EN signal on $driver$cs_registers_i.mcountinhibit_q ($adff) from module cve2_core (D = { \cs_registers_i.csr_wdata_int [3:2] 1'0 \cs_registers_i.csr_wdata_int [0] }, Q = \cs_registers_i.mcountinhibit_q).
Adding EN signal on $driver$cs_registers_i.gen_cntrs[0].gen_imp.mcounters_variable_i.counter_q ($adff) from module cve2_core (D = \cs_registers_i.gen_cntrs[0].gen_imp.mcounters_variable_i.counter_d [39:32], Q = \cs_registers_i.gen_cntrs[0].gen_imp.mcounters_variable_i.counter_q [39:32]).
Adding EN signal on $driver$cs_registers_i.gen_cntrs[0].gen_imp.mcounters_variable_i.counter_q ($adff) from module cve2_core (D = \cs_registers_i.gen_cntrs[0].gen_imp.mcounters_variable_i.counter_d [31:0], Q = \cs_registers_i.gen_cntrs[0].gen_imp.mcounters_variable_i.counter_q [31:0]).
Setting constant 0-bit at position 1 on $auto$ff.cc:337:slice$5783 ($adffe) from module cve2_core.
Setting constant 0-bit at position 1 on $auto$ff.cc:337:slice$5749 ($adffe) from module cve2_core.
Setting constant 0-bit at position 2 on $auto$ff.cc:337:slice$5749 ($adffe) from module cve2_core.
Setting constant 0-bit at position 3 on $auto$ff.cc:337:slice$5749 ($adffe) from module cve2_core.
Setting constant 0-bit at position 4 on $auto$ff.cc:337:slice$5749 ($adffe) from module cve2_core.
Setting constant 0-bit at position 5 on $auto$ff.cc:337:slice$5749 ($adffe) from module cve2_core.
Setting constant 0-bit at position 6 on $auto$ff.cc:337:slice$5749 ($adffe) from module cve2_core.
Setting constant 0-bit at position 9 on $auto$ff.cc:337:slice$5749 ($adffe) from module cve2_core.
Setting constant 0-bit at position 11 on $auto$ff.cc:337:slice$5749 ($adffe) from module cve2_core.
Setting constant 0-bit at position 12 on $auto$ff.cc:337:slice$5749 ($adffe) from module cve2_core.
Setting constant 0-bit at position 13 on $auto$ff.cc:337:slice$5749 ($adffe) from module cve2_core.
Setting constant 0-bit at position 14 on $auto$ff.cc:337:slice$5749 ($adffe) from module cve2_core.
Setting constant 0-bit at position 15 on $auto$ff.cc:337:slice$5749 ($adffe) from module cve2_core.
Setting constant 0-bit at position 16 on $auto$ff.cc:337:slice$5749 ($adffe) from module cve2_core.
Setting constant 0-bit at position 17 on $auto$ff.cc:337:slice$5749 ($adffe) from module cve2_core.
Setting constant 0-bit at position 18 on $auto$ff.cc:337:slice$5749 ($adffe) from module cve2_core.
Setting constant 0-bit at position 19 on $auto$ff.cc:337:slice$5749 ($adffe) from module cve2_core.
Setting constant 0-bit at position 20 on $auto$ff.cc:337:slice$5749 ($adffe) from module cve2_core.
Setting constant 0-bit at position 21 on $auto$ff.cc:337:slice$5749 ($adffe) from module cve2_core.
Setting constant 0-bit at position 22 on $auto$ff.cc:337:slice$5749 ($adffe) from module cve2_core.
Setting constant 0-bit at position 23 on $auto$ff.cc:337:slice$5749 ($adffe) from module cve2_core.
Setting constant 0-bit at position 24 on $auto$ff.cc:337:slice$5749 ($adffe) from module cve2_core.
Setting constant 1-bit at position 25 on $auto$ff.cc:337:slice$5749 ($adffe) from module cve2_core.
Setting constant 0-bit at position 26 on $auto$ff.cc:337:slice$5749 ($adffe) from module cve2_core.
Setting constant 0-bit at position 0 on $auto$ff.cc:337:slice$5735 ($adffe) from module cve2_core.
Setting constant 0-bit at position 0 on $auto$ff.cc:337:slice$5672 ($adffe) from module cve2_core.

3.9.7. Executing OPT_CLEAN pass (remove unused cells and wires).
Finding unused cells or wires in module \cve2_core..
Removed 80 unused cells and 139 unused wires.
<suppressed ~85 debug messages>

3.9.8. Executing OPT_EXPR pass (perform const folding).
Optimizing module cve2_core.
<suppressed ~13 debug messages>

3.9.9. Rerunning OPT passes. (Maybe there is more to do..)

3.9.10. Executing OPT_MUXTREE pass (detect dead branches in mux trees).
Running muxtree optimizer on module \cve2_core..
  Creating internal representation of mux trees.
  Evaluating internal representation of mux trees.
  Analyzing evaluation results.
Removed 0 multiplexer ports.
<suppressed ~1012 debug messages>

3.9.11. Executing OPT_REDUCE pass (consolidate $*mux and $reduce_* inputs).
  Optimizing cells in module \cve2_core.
Performed a total of 0 changes.

3.9.12. Executing OPT_MERGE pass (detect identical cells).
Finding identical cells in module `\cve2_core'.
<suppressed ~162 debug messages>
Removed a total of 54 cells.

3.9.13. Executing OPT_DFF pass (perform DFF optimizations).

3.9.14. Executing OPT_CLEAN pass (remove unused cells and wires).
Finding unused cells or wires in module \cve2_core..
Removed 0 unused cells and 41 unused wires.
<suppressed ~1 debug messages>

3.9.15. Executing OPT_EXPR pass (perform const folding).
Optimizing module cve2_core.

3.9.16. Rerunning OPT passes. (Maybe there is more to do..)

3.9.17. Executing OPT_MUXTREE pass (detect dead branches in mux trees).
Running muxtree optimizer on module \cve2_core..
  Creating internal representation of mux trees.
  Evaluating internal representation of mux trees.
  Analyzing evaluation results.
Removed 0 multiplexer ports.
<suppressed ~1012 debug messages>

3.9.18. Executing OPT_REDUCE pass (consolidate $*mux and $reduce_* inputs).
  Optimizing cells in module \cve2_core.
Performed a total of 0 changes.

3.9.19. Executing OPT_MERGE pass (detect identical cells).
Finding identical cells in module `\cve2_core'.
Removed a total of 0 cells.

3.9.20. Executing OPT_DFF pass (perform DFF optimizations).

3.9.21. Executing OPT_CLEAN pass (remove unused cells and wires).
Finding unused cells or wires in module \cve2_core..

3.9.22. Executing OPT_EXPR pass (perform const folding).
Optimizing module cve2_core.

3.9.23. Finished fast OPT passes. (There is nothing left to do.)

3.10. Executing WREDUCE pass (reducing word size of cells).
Removed top 27 address bits (of 32) from memory init port cve2_core.$auto$mem.cc:351:emit$4 ($auto$proc_rom.cc:155:do_switch$2).
Removed top 1 bits (of 2) from port B of cell cve2_core.$auto$opt_dff.cc:248:make_patterns_logic$5771 ($ne).
Removed top 1 bits (of 2) from port B of cell cve2_core.$auto$opt_dff.cc:248:make_patterns_logic$5715 ($ne).
Removed top 1 bits (of 2) from port B of cell cve2_core.$auto$opt_dff.cc:248:make_patterns_logic$5706 ($ne).
Removed top 1 bits (of 2) from port B of cell cve2_core.$auto$opt_dff.cc:248:make_patterns_logic$5704 ($ne).
Removed top 1 bits (of 2) from port B of cell cve2_core.$auto$opt_dff.cc:248:make_patterns_logic$5700 ($ne).
Removed top 5 bits (of 7) from port B of cell cve2_core.$auto$opt_dff.cc:248:make_patterns_logic$5692 ($ne).
Removed top 1 bits (of 5) from port B of cell cve2_core.$auto$opt_dff.cc:248:make_patterns_logic$5688 ($ne).
Removed top 1 bits (of 2) from port B of cell cve2_core.$auto$opt_dff.cc:248:make_patterns_logic$5683 ($ne).
Removed top 2 bits (of 4) from port B of cell cve2_core.$auto$fsm_map.cc:77:implement_pattern_cache$5554 ($eq).
Removed top 2 bits (of 3) from port B of cell cve2_core.$auto$fsm_map.cc:77:implement_pattern_cache$5528 ($eq).
Removed top 2 bits (of 4) from port B of cell cve2_core.$auto$fsm_map.cc:77:implement_pattern_cache$5524 ($eq).
Removed top 2 bits (of 4) from port B of cell cve2_core.$auto$fsm_map.cc:77:implement_pattern_cache$5508 ($eq).
Removed top 1 bits (of 3) from port B of cell cve2_core.$auto$fsm_map.cc:77:implement_pattern_cache$5504 ($eq).
Removed top 2 bits (of 3) from port B of cell cve2_core.$auto$fsm_map.cc:77:implement_pattern_cache$5500 ($eq).
Removed top 1 bits (of 4) from port B of cell cve2_core.$auto$fsm_map.cc:77:implement_pattern_cache$5496 ($eq).
Removed top 1 bits (of 2) from port B of cell cve2_core.$auto$fsm_map.cc:77:implement_pattern_cache$5487 ($eq).
Removed top 2 bits (of 5) from port B of cell cve2_core.$auto$fsm_map.cc:77:implement_pattern_cache$5479 ($eq).
Removed top 1 bits (of 2) from port B of cell cve2_core.$auto$fsm_map.cc:77:implement_pattern_cache$5440 ($eq).
Removed top 1 bits (of 2) from port B of cell cve2_core.$auto$fsm_map.cc:77:implement_pattern_cache$5369 ($eq).
Removed top 29 bits (of 31) from port B of cell cve2_core.$51 ($add).
Removed top 29 bits (of 32) from port B of cell cve2_core.$137 ($add).
Removed top 3 bits (of 5) from port B of cell cve2_core.$184 ($eq).
Removed top 27 bits (of 32) from mux cell cve2_core.$268 ($mux).
Removed top 29 bits (of 32) from mux cell cve2_core.$272 ($mux).
Removed top 1 bits (of 5) from port B of cell cve2_core.$420 ($eq).
Removed top 2 bits (of 12) from port B of cell cve2_core.$459 ($eq).
Removed top 2 bits (of 12) from port B of cell cve2_core.$460 ($eq).
Removed top 1 bits (of 12) from port B of cell cve2_core.$462 ($eq).
Removed top 2 bits (of 7) from port B of cell cve2_core.$464 ($eq).
Removed top 1 bits (of 12) from port B of cell cve2_core.$470 ($eq).
Removed top 1 bits (of 12) from port B of cell cve2_core.$471 ($eq).
Removed top 1 bits (of 12) from port B of cell cve2_core.$473 ($eq).
Removed top 1 bits (of 12) from port B of cell cve2_core.$475 ($eq).
Removed top 30 bits (of 32) from port B of cell cve2_core.$628 ($add).
Removed top 5 bits (of 7) from mux cell cve2_core.$632 ($mux).
Removed top 2 bits (of 34) from mux cell cve2_core.$815 ($mux).
Removed top 1 bits (of 34) from port A of cell cve2_core.$825 ($add).
Removed top 1 bits (of 34) from port B of cell cve2_core.$825 ($add).
Removed top 1 bits (of 34) from port Y of cell cve2_core.$825 ($add).
Removed top 26 bits (of 32) from port A of cell cve2_core.$842 ($sub).
Removed top 27 bits (of 32) from port B of cell cve2_core.$842 ($sub).
Removed top 27 bits (of 32) from port Y of cell cve2_core.$842 ($sub).
Removed top 5 bits (of 6) from port A of cell cve2_core.$842 ($sub).
Removed top 3 bits (of 7) from port B of cell cve2_core.$853 ($eq).
Removed top 1 bits (of 33) from port Y of cell cve2_core.$861 ($sshr).
Removed top 5 bits (of 7) from port B of cell cve2_core.$869 ($eq).
Removed top 4 bits (of 7) from port B of cell cve2_core.$870 ($eq).
Removed top 4 bits (of 7) from port B of cell cve2_core.$872 ($eq).
Removed top 4 bits (of 7) from port B of cell cve2_core.$873 ($eq).
Converting cell cve2_core.$895 ($mul) from unsigned to signed.
Removed top 18 bits (of 35) from port A of cell cve2_core.$895 ($mul).
Removed top 18 bits (of 35) from port B of cell cve2_core.$895 ($mul).
Removed top 1 bits (of 35) from port Y of cell cve2_core.$895 ($mul).
Converting cell cve2_core.$896 ($add) from unsigned to signed.
Removed top 1 bits (of 35) from port A of cell cve2_core.$896 ($add).
Removed top 1 bits (of 35) from port B of cell cve2_core.$896 ($add).
Removed top 1 bits (of 35) from port Y of cell cve2_core.$896 ($add).
Removed top 1 bits (of 33) from port A of cell cve2_core.$925 ($or).
Removed top 1 bits (of 33) from port B of cell cve2_core.$925 ($or).
Removed top 1 bits (of 33) from port Y of cell cve2_core.$925 ($or).
Removed top 1 bits (of 33) from mux cell cve2_core.$926 ($mux).
Removed top 31 bits (of 32) from port A of cell cve2_core.$927 ($shl).
Removed top 4 bits (of 5) from port B of cell cve2_core.$939 ($sub).
Converting cell cve2_core.$952 ($lt) from signed to unsigned.
Removed top 1 bits (of 6) from port A of cell cve2_core.$952 ($lt).
Removed top 1 bits (of 7) from port B of cell cve2_core.$952 ($lt).
Removed top 4 bits (of 5) from port B of cell cve2_core.$955 ($eq).
Removed top 30 bits (of 32) from mux cell cve2_core.$1007 ($mux).
Removed top 1 bits (of 2) from port B of cell cve2_core.$1039 ($eq).
Removed top 1 bits (of 3) from mux cell cve2_core.$1045 ($mux).
Removed top 1 bits (of 3) from mux cell cve2_core.$1046 ($mux).
Removed top 1 bits (of 3) from mux cell cve2_core.$1068 ($mux).
Removed top 4 bits (of 5) from port B of cell cve2_core.$1135 ($eq).
Removed top 3 bits (of 5) from port B of cell cve2_core.$1137 ($eq).
Removed top 3 bits (of 5) from port B of cell cve2_core.$1139 ($eq).
Removed top 2 bits (of 5) from port B of cell cve2_core.$1141 ($eq).
Removed top 2 bits (of 5) from port B of cell cve2_core.$1143 ($eq).
Removed top 2 bits (of 5) from port B of cell cve2_core.$1145 ($eq).
Removed top 2 bits (of 5) from port B of cell cve2_core.$1147 ($eq).
Removed top 1 bits (of 5) from port B of cell cve2_core.$1149 ($eq).
Removed top 1 bits (of 5) from port B of cell cve2_core.$1151 ($eq).
Removed top 1 bits (of 5) from port B of cell cve2_core.$1153 ($eq).
Removed top 1 bits (of 5) from port B of cell cve2_core.$1155 ($eq).
Removed top 1 bits (of 5) from port B of cell cve2_core.$1157 ($eq).
Removed top 1 bits (of 5) from port B of cell cve2_core.$1159 ($eq).
Removed top 1 bits (of 5) from port B of cell cve2_core.$1161 ($eq).
Removed top 1 bits (of 5) from port B of cell cve2_core.$1163 ($eq).
Converting cell cve2_core.$1321 ($lt) from signed to unsigned.
Removed top 1 bits (of 6) from port A of cell cve2_core.$1321 ($lt).
Removed top 1 bits (of 7) from port B of cell cve2_core.$1321 ($lt).
Converting cell cve2_core.$1324 ($lt) from signed to unsigned.
Removed top 1 bits (of 6) from port A of cell cve2_core.$1324 ($lt).
Removed top 1 bits (of 7) from port B of cell cve2_core.$1324 ($lt).
Removed top 1 bits (of 6) from port A of cell cve2_core.$1341 ($not).
Removed top 2 bits (of 12) from port B of cell cve2_core.$1358 ($eq).
Removed top 2 bits (of 12) from port B of cell cve2_core.$1359 ($eq).
Removed top 2 bits (of 12) from port B of cell cve2_core.$1360 ($eq).
Removed top 2 bits (of 12) from port B of cell cve2_core.$1361 ($eq).
Removed top 2 bits (of 12) from port B of cell cve2_core.$1362 ($eq).
Removed top 2 bits (of 12) from port B of cell cve2_core.$1363 ($eq).
Removed top 2 bits (of 12) from port B of cell cve2_core.$1364 ($eq).
Removed top 2 bits (of 12) from port B of cell cve2_core.$1365 ($eq).
Removed top 2 bits (of 12) from port B of cell cve2_core.$1366 ($eq).
Removed top 2 bits (of 12) from port B of cell cve2_core.$1367 ($eq).
Removed top 2 bits (of 12) from port B of cell cve2_core.$1368 ($eq).
Removed top 2 bits (of 12) from port B of cell cve2_core.$1369 ($eq).
Removed top 2 bits (of 12) from port B of cell cve2_core.$1370 ($eq).
Removed top 2 bits (of 12) from port B of cell cve2_core.$1371 ($eq).
Removed top 2 bits (of 12) from port B of cell cve2_core.$1372 ($eq).
Removed top 2 bits (of 12) from port B of cell cve2_core.$1373 ($eq).
Removed top 2 bits (of 12) from port B of cell cve2_core.$1374 ($eq).
Removed top 2 bits (of 12) from port B of cell cve2_core.$1375 ($eq).
Removed top 2 bits (of 12) from port B of cell cve2_core.$1376 ($eq).
Removed top 2 bits (of 12) from port B of cell cve2_core.$1377 ($eq).
Converting cell cve2_core.$1397 ($lt) from signed to unsigned.
Removed top 1 bits (of 6) from port A of cell cve2_core.$1397 ($lt).
Removed top 1 bits (of 7) from port B of cell cve2_core.$1397 ($lt).
Converting cell cve2_core.$1398 ($ge) from signed to unsigned.
Removed top 1 bits (of 6) from port A of cell cve2_core.$1398 ($ge).
Removed top 1 bits (of 2) from port B of cell cve2_core.$1501 ($eq).
Removed top 63 bits (of 64) from port B of cell cve2_core.$1571 ($add).
Removed top 63 bits (of 64) from port B of cell cve2_core.$1582 ($add).
Removed top 39 bits (of 40) from port B of cell cve2_core.$1593 ($add).
Removed top 1 bits (of 12) from port B of cell cve2_core.$procmux$441_CMP0 ($eq).
Removed top 2 bits (of 12) from port B of cell cve2_core.$procmux$461_CMP0 ($eq).
Removed top 2 bits (of 12) from port B of cell cve2_core.$procmux$479_CMP0 ($eq).
Removed top 1 bits (of 12) from port B of cell cve2_core.$procmux$487_CMP0 ($eq).
Removed top 1 bits (of 12) from port B of cell cve2_core.$procmux$496_CMP0 ($eq).
Removed top 1 bits (of 12) from port B of cell cve2_core.$procmux$506_CMP0 ($eq).
Removed top 16 bits (of 32) from mux cell cve2_core.$procmux$529 ($mux).
Removed top 2 bits (of 12) from port B of cell cve2_core.$procmux$542_CMP0 ($eq).
Removed top 2 bits (of 12) from port B of cell cve2_core.$procmux$555_CMP0 ($eq).
Removed top 2 bits (of 12) from port B of cell cve2_core.$procmux$569_CMP0 ($eq).
Removed top 2 bits (of 12) from port B of cell cve2_core.$procmux$584_CMP0 ($eq).
Removed top 2 bits (of 12) from port B of cell cve2_core.$procmux$600_CMP0 ($eq).
Removed top 2 bits (of 12) from port B of cell cve2_core.$procmux$617_CMP0 ($eq).
Removed top 28 bits (of 32) from mux cell cve2_core.$procmux$659 ($mux).
Removed top 28 bits (of 32) from mux cell cve2_core.$procmux$662 ($mux).
Removed top 23 bits (of 32) from mux cell cve2_core.$procmux$680 ($mux).
Removed top 1 bits (of 12) from port B of cell cve2_core.$procmux$790_CMP0 ($eq).
Removed top 2 bits (of 12) from port B of cell cve2_core.$procmux$793_CMP0 ($eq).
Removed top 2 bits (of 12) from port B of cell cve2_core.$procmux$793_CMP1 ($eq).
Removed top 2 bits (of 12) from port B of cell cve2_core.$procmux$793_CMP2 ($eq).
Removed top 2 bits (of 12) from port B of cell cve2_core.$procmux$793_CMP3 ($eq).
Removed top 2 bits (of 12) from port B of cell cve2_core.$procmux$793_CMP4 ($eq).
Removed top 2 bits (of 12) from port B of cell cve2_core.$procmux$793_CMP5 ($eq).
Removed top 2 bits (of 12) from port B of cell cve2_core.$procmux$793_CMP6 ($eq).
Removed top 2 bits (of 12) from port B of cell cve2_core.$procmux$793_CMP7 ($eq).
Removed top 2 bits (of 12) from port B of cell cve2_core.$procmux$793_CMP8 ($eq).
Removed top 2 bits (of 12) from port B of cell cve2_core.$procmux$793_CMP9 ($eq).
Removed top 2 bits (of 12) from port B of cell cve2_core.$procmux$793_CMP10 ($eq).
Removed top 2 bits (of 12) from port B of cell cve2_core.$procmux$793_CMP11 ($eq).
Removed top 2 bits (of 12) from port B of cell cve2_core.$procmux$793_CMP12 ($eq).
Removed top 2 bits (of 12) from port B of cell cve2_core.$procmux$793_CMP13 ($eq).
Removed top 2 bits (of 12) from port B of cell cve2_core.$procmux$793_CMP14 ($eq).
Removed top 2 bits (of 12) from port B of cell cve2_core.$procmux$793_CMP15 ($eq).
Removed top 2 bits (of 12) from port B of cell cve2_core.$procmux$793_CMP16 ($eq).
Removed top 2 bits (of 12) from port B of cell cve2_core.$procmux$793_CMP17 ($eq).
Removed top 2 bits (of 12) from port B of cell cve2_core.$procmux$793_CMP18 ($eq).
Removed top 2 bits (of 12) from port B of cell cve2_core.$procmux$793_CMP19 ($eq).
Removed top 2 bits (of 12) from port B of cell cve2_core.$procmux$793_CMP20 ($eq).
Removed top 2 bits (of 12) from port B of cell cve2_core.$procmux$793_CMP21 ($eq).
Removed top 2 bits (of 12) from port B of cell cve2_core.$procmux$793_CMP22 ($eq).
Removed top 2 bits (of 12) from port B of cell cve2_core.$procmux$793_CMP23 ($eq).
Removed top 2 bits (of 12) from port B of cell cve2_core.$procmux$793_CMP24 ($eq).
Removed top 2 bits (of 12) from port B of cell cve2_core.$procmux$793_CMP25 ($eq).
Removed top 2 bits (of 12) from port B of cell cve2_core.$procmux$793_CMP26 ($eq).
Removed top 2 bits (of 12) from port B of cell cve2_core.$procmux$793_CMP27 ($eq).
Removed top 2 bits (of 12) from port B of cell cve2_core.$procmux$793_CMP28 ($eq).
Removed top 2 bits (of 12) from port B of cell cve2_core.$procmux$821_CMP0 ($eq).
Removed top 2 bits (of 12) from port B of cell cve2_core.$procmux$827_CMP0 ($eq).
Removed top 2 bits (of 12) from port B of cell cve2_core.$procmux$829_CMP0 ($eq).
Removed top 2 bits (of 12) from port B of cell cve2_core.$procmux$830_CMP0 ($eq).
Removed top 2 bits (of 12) from port B of cell cve2_core.$procmux$830_CMP1 ($eq).
Removed top 2 bits (of 12) from port B of cell cve2_core.$procmux$831_CMP0 ($eq).
Removed top 24 bits (of 64) from mux cell cve2_core.$procmux$951 ($mux).
Removed top 1 bits (of 3) from port B of cell cve2_core.$procmux$1001_CMP0 ($eq).
Removed top 1 bits (of 3) from port B of cell cve2_core.$procmux$1011_CMP0 ($eq).
Removed top 2 bits (of 3) from port B of cell cve2_core.$procmux$1079_CMP0 ($eq).
Removed top 1 bits (of 3) from mux cell cve2_core.$procmux$1122 ($mux).
Removed top 1 bits (of 2) from port B of cell cve2_core.$procmux$1363_CMP0 ($eq).
Removed top 1 bits (of 2) from port B of cell cve2_core.$procmux$1436_CMP0 ($eq).
Removed top 2 bits (of 34) from mux cell cve2_core.$procmux$1514 ($mux).
Removed top 2 bits (of 7) from port B of cell cve2_core.$procmux$1770_CMP0 ($eq).
Removed top 2 bits (of 7) from port B of cell cve2_core.$procmux$1770_CMP1 ($eq).
Removed top 2 bits (of 7) from port B of cell cve2_core.$procmux$1770_CMP2 ($eq).
Removed top 2 bits (of 7) from port B of cell cve2_core.$procmux$1770_CMP3 ($eq).
Removed top 2 bits (of 7) from port B of cell cve2_core.$procmux$1770_CMP4 ($eq).
Removed top 2 bits (of 7) from port B of cell cve2_core.$procmux$1770_CMP5 ($eq).
Removed top 1 bits (of 7) from port B of cell cve2_core.$procmux$1770_CMP6 ($eq).
Removed top 1 bits (of 7) from port B of cell cve2_core.$procmux$1770_CMP7 ($eq).
Removed top 3 bits (of 7) from port B of cell cve2_core.$procmux$1771_CMP0 ($eq).
Removed top 3 bits (of 7) from port B of cell cve2_core.$procmux$1771_CMP1 ($eq).
Removed top 3 bits (of 7) from port B of cell cve2_core.$procmux$1771_CMP3 ($eq).
Removed top 3 bits (of 7) from port B of cell cve2_core.$procmux$1771_CMP4 ($eq).
Removed top 6 bits (of 7) from port B of cell cve2_core.$procmux$1772_CMP1 ($eq).
Removed top 2 bits (of 7) from port B of cell cve2_core.$procmux$1772_CMP2 ($eq).
Removed top 2 bits (of 7) from port B of cell cve2_core.$procmux$1772_CMP3 ($eq).
Removed top 2 bits (of 7) from port B of cell cve2_core.$procmux$1772_CMP4 ($eq).
Removed top 5 bits (of 7) from port B of cell cve2_core.$procmux$1773_CMP0 ($eq).
Removed top 4 bits (of 7) from port B of cell cve2_core.$procmux$1773_CMP1 ($eq).
Removed top 2 bits (of 7) from port B of cell cve2_core.$procmux$1798_CMP2 ($eq).
Removed top 1 bits (of 7) from port B of cell cve2_core.$procmux$1798_CMP3 ($eq).
Removed top 1 bits (of 7) from port B of cell cve2_core.$procmux$1799_CMP2 ($eq).
Removed top 1 bits (of 7) from port B of cell cve2_core.$procmux$1799_CMP3 ($eq).
Removed top 5 bits (of 7) from mux cell cve2_core.$procmux$2369 ($mux).
Removed top 3 bits (of 7) from mux cell cve2_core.$procmux$2454 ($pmux).
Removed top 3 bits (of 7) from mux cell cve2_core.$procmux$2537 ($mux).
Removed top 4 bits (of 7) from mux cell cve2_core.$procmux$2596 ($mux).
Removed top 3 bits (of 7) from mux cell cve2_core.$procmux$2617 ($mux).
Removed top 2 bits (of 7) from mux cell cve2_core.$procmux$2635 ($mux).
Removed top 1 bits (of 7) from mux cell cve2_core.$procmux$2650 ($mux).
Removed top 3 bits (of 7) from port B of cell cve2_core.$procmux$3434_CMP0 ($eq).
Removed top 2 bits (of 3) from port B of cell cve2_core.$procmux$3439_CMP0 ($eq).
Removed top 1 bits (of 7) from mux cell cve2_core.$procmux$3446 ($mux).
Removed top 6 bits (of 10) from port B of cell cve2_core.$procmux$3463_CMP0 ($eq).
Removed top 6 bits (of 10) from port B of cell cve2_core.$procmux$3464_CMP0 ($eq).
Removed top 6 bits (of 10) from port B of cell cve2_core.$procmux$3465_CMP0 ($eq).
Removed top 6 bits (of 10) from port B of cell cve2_core.$procmux$3466_CMP0 ($eq).
Removed top 1 bits (of 7) from port B of cell cve2_core.$procmux$3471_CMP0 ($eq).
Removed top 6 bits (of 10) from port B of cell cve2_core.$procmux$3481_CMP0 ($eq).
Removed top 6 bits (of 10) from port B of cell cve2_core.$procmux$3482_CMP0 ($eq).
Removed top 6 bits (of 10) from port B of cell cve2_core.$procmux$3483_CMP0 ($eq).
Removed top 6 bits (of 10) from port B of cell cve2_core.$procmux$3484_CMP0 ($eq).
Removed top 1 bits (of 7) from mux cell cve2_core.$procmux$3494 ($pmux).
Removed top 1 bits (of 10) from port B of cell cve2_core.$procmux$3503_CMP0 ($eq).
Removed top 7 bits (of 10) from port B of cell cve2_core.$procmux$3504_CMP0 ($eq).
Removed top 9 bits (of 10) from port B of cell cve2_core.$procmux$3505_CMP0 ($eq).
Removed top 7 bits (of 10) from port B of cell cve2_core.$procmux$3506_CMP0 ($eq).
Removed top 7 bits (of 10) from port B of cell cve2_core.$procmux$3507_CMP0 ($eq).
Removed top 7 bits (of 10) from port B of cell cve2_core.$procmux$3508_CMP0 ($eq).
Removed top 8 bits (of 10) from port B of cell cve2_core.$procmux$3509_CMP0 ($eq).
Removed top 1 bits (of 10) from port B of cell cve2_core.$procmux$3510_CMP0 ($eq).
Removed top 1 bits (of 7) from mux cell cve2_core.$procmux$3540 ($mux).
Removed top 2 bits (of 7) from port B of cell cve2_core.$procmux$3552_CMP0 ($eq).
Removed top 1 bits (of 7) from mux cell cve2_core.$procmux$3557 ($mux).
Removed top 1 bits (of 7) from mux cell cve2_core.$procmux$3572 ($mux).
Removed top 1 bits (of 3) from port B of cell cve2_core.$procmux$3598_CMP0 ($eq).
Removed top 1 bits (of 3) from port B of cell cve2_core.$procmux$3599_CMP0 ($eq).
Removed top 1 bits (of 7) from port B of cell cve2_core.$procmux$3614_CMP0 ($eq).
Removed top 2 bits (of 3) from mux cell cve2_core.$procmux$3623 ($mux).
Removed top 1 bits (of 3) from mux cell cve2_core.$procmux$3681 ($mux).
Removed top 1 bits (of 7) from mux cell cve2_core.$procmux$3695 ($pmux).
Removed top 2 bits (of 3) from mux cell cve2_core.$procmux$3819 ($mux).
Removed top 2 bits (of 7) from port B of cell cve2_core.$procmux$3862_CMP0 ($eq).
Removed top 5 bits (of 7) from port B of cell cve2_core.$procmux$3863_CMP0 ($eq).
Removed top 1 bits (of 7) from port B of cell cve2_core.$procmux$3882_CMP0 ($eq).
Removed top 1 bits (of 2) from port B of cell cve2_core.$procmux$3943_CMP0 ($eq).
Removed top 3 bits (of 12) from port B of cell cve2_core.$procmux$3990_CMP0 ($eq).
Removed top 2 bits (of 12) from port B of cell cve2_core.$procmux$3992_CMP0 ($eq).
Removed top 11 bits (of 12) from port B of cell cve2_core.$procmux$3993_CMP0 ($eq).
Removed top 8 bits (of 10) from port B of cell cve2_core.$procmux$4185_CMP3 ($eq).
Removed top 1 bits (of 5) from port B of cell cve2_core.$procmux$4372_CMP0 ($eq).
Removed top 1 bits (of 3) from port B of cell cve2_core.$procmux$4799_CMP0 ($eq).
Removed top 1 bits (of 3) from port B of cell cve2_core.$procmux$4800_CMP0 ($eq).
Removed top 2 bits (of 3) from port B of cell cve2_core.$procmux$4801_CMP0 ($eq).
Removed top 1 bits (of 2) from port B of cell cve2_core.$procmux$4806_CMP0 ($eq).
Removed top 11 bits (of 32) from mux cell cve2_core.$procmux$4832 ($mux).
Removed top 7 bits (of 32) from mux cell cve2_core.$procmux$4849 ($mux).
Removed top 7 bits (of 32) from mux cell cve2_core.$procmux$4891 ($mux).
Removed top 1 bits (of 3) from port B of cell cve2_core.$procmux$4931_CMP0 ($eq).
Removed top 2 bits (of 3) from port B of cell cve2_core.$procmux$4947_CMP0 ($eq).
Removed top 1 bits (of 3) from port B of cell cve2_core.$procmux$4947_CMP1 ($eq).
Removed top 1 bits (of 2) from port B of cell cve2_core.$procmux$4978_CMP0 ($eq).
Removed top 1 bits (of 3) from port B of cell cve2_core.$procmux$4984_CMP0 ($eq).
Removed top 1 bits (of 3) from port B of cell cve2_core.$procmux$4985_CMP0 ($eq).
Removed top 2 bits (of 3) from port B of cell cve2_core.$procmux$4986_CMP0 ($eq).
Removed top 1 bits (of 2) from port B of cell cve2_core.$procmux$5002_CMP1 ($eq).
Removed top 3 bits (of 32) from mux cell cve2_core.$procmux$5047 ($mux).
Removed top 1 bits (of 3) from port B of cell cve2_core.$procmux$5171_CMP0 ($eq).
Removed top 1 bits (of 3) from port B of cell cve2_core.$procmux$5172_CMP0 ($eq).
Removed top 2 bits (of 3) from port B of cell cve2_core.$procmux$5173_CMP0 ($eq).
Removed top 1 bits (of 2) from port B of cell cve2_core.$procmux$5177_CMP0 ($eq).
Removed top 28 bits (of 32) from mux cell cve2_core.$procmux$465 ($mux).
Removed top 28 bits (of 32) from mux cell cve2_core.$procmux$471 ($mux).
Removed top 13 bits (of 16) from mux cell cve2_core.$procmux$529 ($mux).
Removed top 7 bits (of 32) from mux cell cve2_core.$procmux$4864 ($mux).
Removed top 7 bits (of 9) from mux cell cve2_core.$procmux$680 ($mux).
Removed top 1 bits (of 3) from mux cell cve2_core.$procmux$529 ($mux).
Removed top 1 bits (of 3) from wire cve2_core.$1045y.
Removed top 1 bits (of 3) from wire cve2_core.$1046y.
Removed top 1 bits (of 3) from wire cve2_core.$1068y.
Removed top 29 bits (of 32) from wire cve2_core.$272y.
Removed top 5 bits (of 7) from wire cve2_core.$632y.
Removed top 27 bits (of 32) from wire cve2_core.$842y.
Removed top 1 bits (of 33) from wire cve2_core.$925y.
Removed top 23 bits (of 32) from wire cve2_core.$cs_registers_i.dcsr_d$1419.
Removed top 23 bits (of 32) from wire cve2_core.$cs_registers_i.dcsr_d$1435.
Removed top 28 bits (of 32) from wire cve2_core.$cs_registers_i.mhpmcounter_we$1425.
Removed top 28 bits (of 32) from wire cve2_core.$cs_registers_i.mhpmcounterh_we$1426.
Removed top 11 bits (of 34) from wire cve2_core.$ex_block_i.gen_multdiv_fast.multdiv_i.accum$903.
Removed top 1 bits (of 34) from wire cve2_core.$ex_block_i.gen_multdiv_fast.multdiv_i.mac_res_d$900.
Removed top 2 bits (of 34) from wire cve2_core.$ex_block_i.gen_multdiv_fast.multdiv_i.op_remainder_d$959.
Removed top 4 bits (of 7) from wire cve2_core.$id_stage_i.controller_i.exc_cause_o$607.
Removed top 3 bits (of 7) from wire cve2_core.$id_stage_i.controller_i.exc_cause_o$608.
Removed top 2 bits (of 7) from wire cve2_core.$id_stage_i.controller_i.exc_cause_o$609.
Removed top 1 bits (of 7) from wire cve2_core.$id_stage_i.controller_i.exc_cause_o$610.
Removed top 5 bits (of 7) from wire cve2_core.$id_stage_i.controller_i.exc_cause_o$635.
Removed top 3 bits (of 7) from wire cve2_core.$id_stage_i.controller_i.exc_cause_o$641.
Removed top 3 bits (of 7) from wire cve2_core.$id_stage_i.controller_i.exc_cause_o$664.
Removed top 1 bits (of 7) from wire cve2_core.$id_stage_i.decoder_i.alu_operator_o$410.
Removed top 1 bits (of 7) from wire cve2_core.$id_stage_i.decoder_i.alu_operator_o$421.
Removed top 1 bits (of 7) from wire cve2_core.$id_stage_i.decoder_i.alu_operator_o$422.
Removed top 1 bits (of 7) from wire cve2_core.$id_stage_i.decoder_i.alu_operator_o$425.
Removed top 1 bits (of 7) from wire cve2_core.$id_stage_i.decoder_i.alu_operator_o$428.
Removed top 1 bits (of 7) from wire cve2_core.$id_stage_i.decoder_i.alu_operator_o$432.
Removed top 2 bits (of 3) from wire cve2_core.$id_stage_i.decoder_i.imm_b_mux_sel_o$402.
Removed top 1 bits (of 3) from wire cve2_core.$id_stage_i.decoder_i.imm_b_mux_sel_o$411.
Removed top 2 bits (of 3) from wire cve2_core.$id_stage_i.decoder_i.imm_b_mux_sel_o$416.
Removed top 2 bits (of 3) from wire cve2_core.$id_stage_i.decoder_i.imm_b_mux_sel_o$431.
Removed top 7 bits (of 32) from wire cve2_core.$if_stage_i.compressed_decoder_i.instr_o$204.
Removed top 11 bits (of 32) from wire cve2_core.$if_stage_i.compressed_decoder_i.instr_o$208.
Removed top 7 bits (of 32) from wire cve2_core.$if_stage_i.compressed_decoder_i.instr_o$209.
Removed top 7 bits (of 32) from wire cve2_core.$if_stage_i.compressed_decoder_i.instr_o$210.
Removed top 1 bits (of 3) from wire cve2_core.$load_store_unit_i.ls_fsm_ns$1050.

3.11. Executing PEEPOPT pass (run peephole optimizers).

3.12. Executing OPT_CLEAN pass (remove unused cells and wires).
Finding unused cells or wires in module \cve2_core..
Removed 0 unused cells and 37 unused wires.
<suppressed ~1 debug messages>

3.13. Executing ALUMACC pass (create $alu and $macc cells).
Extracting $alu and $macc cells in module cve2_core:
  creating $macc model for $137 ($add).
  creating $macc model for $1571 ($add).
  creating $macc model for $1582 ($add).
  creating $macc model for $1593 ($add).
  creating $macc model for $51 ($add).
  creating $macc model for $628 ($add).
  creating $macc model for $825 ($add).
  creating $macc model for $842 ($sub).
  creating $macc model for $895 ($mul).
  creating $macc model for $896 ($add).
  creating $macc model for $939 ($sub).
  merging $macc model for $895 into $896.
  creating $alu model for $macc $939.
  creating $alu model for $macc $842.
  creating $alu model for $macc $825.
  creating $alu model for $macc $628.
  creating $alu model for $macc $51.
  creating $alu model for $macc $1593.
  creating $alu model for $macc $1582.
  creating $alu model for $macc $1571.
  creating $alu model for $macc $137.
  creating $macc cell for $896: $auto$alumacc.cc:382:replace_macc$5837
  creating $alu model for $1321 ($lt): new $alu
  creating $alu model for $1324 ($lt): new $alu
  creating $alu model for $1328 ($gt): new $alu
  creating $alu model for $1342 ($ge): new $alu
  creating $alu model for $1397 ($lt): new $alu
  creating $alu model for $1398 ($ge): new $alu
  creating $alu model for $952 ($lt): new $alu
  creating $alu model for $955 ($eq): merged with $939.
  creating $alu cell for $952: $auto$alumacc.cc:512:replace_alu$5845
  creating $alu cell for $1398: $auto$alumacc.cc:512:replace_alu$5850
  creating $alu cell for $1397: $auto$alumacc.cc:512:replace_alu$5863
  creating $alu cell for $1342: $auto$alumacc.cc:512:replace_alu$5868
  creating $alu cell for $1328: $auto$alumacc.cc:512:replace_alu$5883
  creating $alu cell for $1324: $auto$alumacc.cc:512:replace_alu$5894
  creating $alu cell for $1321: $auto$alumacc.cc:512:replace_alu$5899
  creating $alu cell for $137: $auto$alumacc.cc:512:replace_alu$5904
  creating $alu cell for $1571: $auto$alumacc.cc:512:replace_alu$5907
  creating $alu cell for $1582: $auto$alumacc.cc:512:replace_alu$5910
  creating $alu cell for $1593: $auto$alumacc.cc:512:replace_alu$5913
  creating $alu cell for $51: $auto$alumacc.cc:512:replace_alu$5916
  creating $alu cell for $628: $auto$alumacc.cc:512:replace_alu$5919
  creating $alu cell for $825: $auto$alumacc.cc:512:replace_alu$5922
  creating $alu cell for $842: $auto$alumacc.cc:512:replace_alu$5925
  creating $alu cell for $939, $955: $auto$alumacc.cc:512:replace_alu$5928
  created 16 $alu and 1 $macc cells.

3.14. Executing SHARE pass (SAT-based resource sharing).
Found 4 cells in module cve2_core that may be considered for resource sharing.
  Analyzing resource sharing options for $auto$mem.cc:305:emit$3 ($memrd_v2):
    Found 1 activation_patterns using ctrl signal { $procmux$4372_CMP $procmux$3552_CMP $procmux$3439_CMP $314y \if_stage_i.illegal_c_insn_id_o }.
    No candidates found.
  Analyzing resource sharing options for $927 ($shl):
    Found 2 activation_patterns using ctrl signal { $941y \ex_block_i.gen_multdiv_fast.multdiv_i.md_state_q [6] \ex_block_i.gen_multdiv_fast.multdiv_i.md_state_q [1] \ex_block_i.gen_multdiv_fast.multdiv_i.is_greater_equal \ex_block_i.multdiv_sel \ex_block_i.div_sel_i }.
    No candidates found.
  Analyzing resource sharing options for $895 ($mul):
    Found cell that is never activated: $895
    Cell is never active. Sharing is pointless, we simply remove it.
  Analyzing resource sharing options for $861 ($sshr):
    Found 1 activation_patterns using ctrl signal { $procmux$4789_CMP $procmux$1771_CTRL \ex_block_i.multdiv_sel }.
    No candidates found.
Removing 1 cells in module cve2_core:
  Removing cell $895 ($mul).

3.15. Executing OPT pass (performing simple optimizations).

3.15.1. Executing OPT_EXPR pass (perform const folding).
Optimizing module cve2_core.
<suppressed ~9 debug messages>

3.15.2. Executing OPT_MERGE pass (detect identical cells).
Finding identical cells in module `\cve2_core'.
Removed a total of 0 cells.

3.15.3. Executing OPT_MUXTREE pass (detect dead branches in mux trees).
Running muxtree optimizer on module \cve2_core..
  Creating internal representation of mux trees.
  Evaluating internal representation of mux trees.
  Analyzing evaluation results.
Removed 0 multiplexer ports.
<suppressed ~1006 debug messages>

3.15.4. Executing OPT_REDUCE pass (consolidate $*mux and $reduce_* inputs).
  Optimizing cells in module \cve2_core.
Performed a total of 0 changes.

3.15.5. Executing OPT_MERGE pass (detect identical cells).
Finding identical cells in module `\cve2_core'.
<suppressed ~9 debug messages>
Removed a total of 3 cells.

3.15.6. Executing OPT_DFF pass (perform DFF optimizations).
Adding EN signal on $auto$ff.cc:337:slice$5748 ($adffe) from module cve2_core (D = \cs_registers_i.debug_cause_i, Q = \cs_registers_i.u_dcsr_csr.rdata_q [8:6]).

3.15.7. Executing OPT_CLEAN pass (remove unused cells and wires).
Finding unused cells or wires in module \cve2_core..
Removed 9 unused cells and 27 unused wires.
<suppressed ~11 debug messages>

3.15.8. Executing OPT_EXPR pass (perform const folding).
Optimizing module cve2_core.

3.15.9. Rerunning OPT passes. (Maybe there is more to do..)

3.15.10. Executing OPT_MUXTREE pass (detect dead branches in mux trees).
Running muxtree optimizer on module \cve2_core..
  Creating internal representation of mux trees.
  Evaluating internal representation of mux trees.
  Analyzing evaluation results.
Removed 0 multiplexer ports.
<suppressed ~1008 debug messages>

3.15.11. Executing OPT_REDUCE pass (consolidate $*mux and $reduce_* inputs).
  Optimizing cells in module \cve2_core.
Performed a total of 0 changes.

3.15.12. Executing OPT_MERGE pass (detect identical cells).
Finding identical cells in module `\cve2_core'.
Removed a total of 0 cells.

3.15.13. Executing OPT_DFF pass (perform DFF optimizations).

3.15.14. Executing OPT_CLEAN pass (remove unused cells and wires).
Finding unused cells or wires in module \cve2_core..

3.15.15. Executing OPT_EXPR pass (perform const folding).
Optimizing module cve2_core.

3.15.16. Finished fast OPT passes. (There is nothing left to do.)

3.16. Executing MEMORY pass.

3.16.1. Executing OPT_MEM pass (optimize memories).
cve2_core.$auto$proc_rom.cc:155:do_switch$2: removing const-1 lane 0
Performed a total of 1 transformations.

3.16.2. Executing OPT_MEM_PRIORITY pass (removing unnecessary memory write priority relations).
Performed a total of 0 transformations.

3.16.3. Executing OPT_MEM_FEEDBACK pass (finding memory read-to-write feedback paths).

3.16.4. Executing MEMORY_BMUX2ROM pass (converting muxes to ROMs).

3.16.5. Executing MEMORY_DFF pass (merging $dff cells to $memrd).
Checking read port `$auto$memory_bmux2rom.cc:63:execute$5939'[0] in module `\cve2_core': no output FF found.
Checking read port address `$auto$memory_bmux2rom.cc:63:execute$5939'[0] in module `\cve2_core': no address FF found.

3.16.6. Executing OPT_CLEAN pass (remove unused cells and wires).
Finding unused cells or wires in module \cve2_core..
Removed 0 unused cells and 1 unused wires.
<suppressed ~1 debug messages>

3.16.7. Executing MEMORY_SHARE pass (consolidating $memrd/$memwr cells).

3.16.8. Executing OPT_MEM_WIDEN pass (optimize memories where all ports are wide).
Performed a total of 0 transformations.

3.16.9. Executing OPT_CLEAN pass (remove unused cells and wires).
Finding unused cells or wires in module \cve2_core..

3.16.10. Executing MEMORY_COLLECT pass (generating $mem cells).

3.17. Executing OPT_CLEAN pass (remove unused cells and wires).
Finding unused cells or wires in module \cve2_core..

3.18. Executing OPT pass (performing simple optimizations).

3.18.1. Executing OPT_EXPR pass (perform const folding).
Optimizing module cve2_core.
<suppressed ~295 debug messages>

3.18.2. Executing OPT_MERGE pass (detect identical cells).
Finding identical cells in module `\cve2_core'.
<suppressed ~33 debug messages>
Removed a total of 9 cells.

3.18.3. Executing OPT_DFF pass (perform DFF optimizations).

3.18.4. Executing OPT_CLEAN pass (remove unused cells and wires).
Finding unused cells or wires in module \cve2_core..
Removed 37 unused cells and 155 unused wires.
<suppressed ~38 debug messages>

3.18.5. Finished fast OPT passes.

3.19. Executing MEMORY_MAP pass (converting memories to logic and flip-flops).
Mapping memory $auto$memory_bmux2rom.cc:63:execute$5939 in module \cve2_core:
  created 32 $dff cells and 0 static cells of width 32.
  read interface: 0 $dff and 31 $mux cells.
  write interface: 0 write mux blocks.

3.20. Executing OPT pass (performing simple optimizations).

3.20.1. Executing OPT_EXPR pass (perform const folding).
Optimizing module cve2_core.
<suppressed ~28 debug messages>

3.20.2. Executing OPT_MERGE pass (detect identical cells).
Finding identical cells in module `\cve2_core'.
Removed a total of 0 cells.

3.20.3. Executing OPT_MUXTREE pass (detect dead branches in mux trees).
Running muxtree optimizer on module \cve2_core..
  Creating internal representation of mux trees.
  Evaluating internal representation of mux trees.
  Analyzing evaluation results.
Removed 0 multiplexer ports.
<suppressed ~636 debug messages>

3.20.4. Executing OPT_REDUCE pass (consolidate $*mux and $reduce_* inputs).
  Optimizing cells in module \cve2_core.
    Consolidated identical input bits for $mux cell $1045:
      Old ports: A=2'00, B=2'10, Y=$1045y
      New ports: A=1'0, B=1'1, Y=$1045y [1]
      New connections: $1045y [0] = 1'0
    Consolidated identical input bits for $mux cell $1046:
      Old ports: A=2'11, B=2'01, Y=$1046y
      New ports: A=1'1, B=1'0, Y=$1046y [1]
      New connections: $1046y [0] = 1'1
    Consolidated identical input bits for $mux cell $1068:
      Old ports: A=2'11, B=2'00, Y=$1068y
      New ports: A=1'1, B=1'0, Y=$1068y [0]
      New connections: $1068y [1] = $1068y [0]
    Consolidated identical input bits for $mux cell $134:
      Old ports: A={ \if_stage_i.prefetch_buffer_i.fetch_addr_q [31:2] 2'00 }, B={ \if_stage_i.fetch_addr_n [31:1] 1'0 }, Y={ $134y [31:2] \if_stage_i.prefetch_buffer_i.fetch_addr_d [1:0] }
      New ports: A={ \if_stage_i.prefetch_buffer_i.fetch_addr_q [31:2] 1'0 }, B=\if_stage_i.fetch_addr_n [31:1], Y={ $134y [31:2] \if_stage_i.prefetch_buffer_i.fetch_addr_d [1] }
      New connections: \if_stage_i.prefetch_buffer_i.fetch_addr_d [0] = 1'0
    Consolidated identical input bits for $mux cell $1382:
      Old ports: A={ \cs_registers_i.csr_wdata_int [31:8] 8'00000001 }, B={ \boot_addr_i [31:8] 8'00000001 }, Y=\cs_registers_i.mtvec_d
      New ports: A=\cs_registers_i.csr_wdata_int [31:8], B=\boot_addr_i [31:8], Y=\cs_registers_i.mtvec_d [31:8]
      New connections: \cs_registers_i.mtvec_d [7:0] = 8'00000001
    Consolidated identical input bits for $mux cell $16:
      Old ports: A={ \instr_rdata_i [15:0] \if_stage_i.prefetch_buffer_i.fifo_i.rdata [31:16] }, B={ \if_stage_i.prefetch_buffer_i.fifo_i.rdata_q [47:32] \if_stage_i.prefetch_buffer_i.fifo_i.rdata [31:16] }, Y=\if_stage_i.prefetch_buffer_i.fifo_i.rdata_unaligned
      New ports: A=\instr_rdata_i [15:0], B=\if_stage_i.prefetch_buffer_i.fifo_i.rdata_q [47:32], Y=\if_stage_i.prefetch_buffer_i.fifo_i.rdata_unaligned [31:16]
      New connections: \if_stage_i.prefetch_buffer_i.fifo_i.rdata_unaligned [15:0] = \if_stage_i.prefetch_buffer_i.fifo_i.rdata [31:16]
    Consolidated identical input bits for $mux cell $272:
      Old ports: A=3'100, B=3'010, Y=$272y
      New ports: A=2'10, B=2'01, Y=$272y [2:1]
      New connections: $272y [0] = 1'0
    Consolidated identical input bits for $mux cell $627:
      Old ports: A=2'00, B=2'11, Y=$627y
      New ports: A=1'0, B=1'1, Y=$627y [0]
      New connections: $627y [1] = $627y [0]
    Consolidated identical input bits for $mux cell $629:
      Old ports: A={ \if_stage_i.pc_id_o [31:1] 1'0 }, B={ $628y [31:1] 1'0 }, Y=$629y
      New ports: A=\if_stage_i.pc_id_o [31:1], B=$628y [31:1], Y=$629y [31:1]
      New connections: $629y [0] = 1'0
    Consolidated identical input bits for $mux cell $632:
      Old ports: A=2'00, B=2'11, Y=$632y
      New ports: A=1'0, B=1'1, Y=$632y [0]
      New connections: $632y [1] = $632y [0]
    Consolidated identical input bits for $mux cell $memory$auto$memory_bmux2rom.cc:63:execute$5939$rdmux[0][4][15]$6096:
      Old ports: A=0, B=1, Y=$memory$auto$memory_bmux2rom.cc:63:execute$5939$rdmux[0][3][7]$b$6050
      New ports: A=1'0, B=1'1, Y=$memory$auto$memory_bmux2rom.cc:63:execute$5939$rdmux[0][3][7]$b$6050 [0]
      New connections: $memory$auto$memory_bmux2rom.cc:63:execute$5939$rdmux[0][3][7]$b$6050 [31:1] = 31'0000000000000000000000000000000
    New ctrl vector for $pmux cell $procmux$1106: { $1111y $procmux$1079_CMP $procmux$1011_CMP }
    Consolidated identical input bits for $pmux cell $procmux$1263:
      Old ports: A=1'0, B=2'00, Y=\load_store_unit_i.pmp_err_d
      New connections: \load_store_unit_i.pmp_err_d = 1'0
    Consolidated identical input bits for $mux cell $procmux$1347:
      Old ports: A={ 24'000000000000000000000000 \data_rdata_i [31:24] }, B={ \data_rdata_i [31] \data_rdata_i [31] \data_rdata_i [31] \data_rdata_i [31] \data_rdata_i [31] \data_rdata_i [31] \data_rdata_i [31] \data_rdata_i [31] \data_rdata_i [31] \data_rdata_i [31] \data_rdata_i [31] \data_rdata_i [31] \data_rdata_i [31] \data_rdata_i [31] \data_rdata_i [31] \data_rdata_i [31] \data_rdata_i [31] \data_rdata_i [31] \data_rdata_i [31] \data_rdata_i [31] \data_rdata_i [31] \data_rdata_i [31] \data_rdata_i [31] \data_rdata_i [31] \data_rdata_i [31:24] }, Y=$load_store_unit_i.rdata_b_ext$1032
      New ports: A=1'0, B=\data_rdata_i [31], Y=$load_store_unit_i.rdata_b_ext$1032 [8]
      New connections: { $load_store_unit_i.rdata_b_ext$1032 [31:9] $load_store_unit_i.rdata_b_ext$1032 [7:0] } = { $load_store_unit_i.rdata_b_ext$1032 [8] $load_store_unit_i.rdata_b_ext$1032 [8] $load_store_unit_i.rdata_b_ext$1032 [8] $load_store_unit_i.rdata_b_ext$1032 [8] $load_store_unit_i.rdata_b_ext$1032 [8] $load_store_unit_i.rdata_b_ext$1032 [8] $load_store_unit_i.rdata_b_ext$1032 [8] $load_store_unit_i.rdata_b_ext$1032 [8] $load_store_unit_i.rdata_b_ext$1032 [8] $load_store_unit_i.rdata_b_ext$1032 [8] $load_store_unit_i.rdata_b_ext$1032 [8] $load_store_unit_i.rdata_b_ext$1032 [8] $load_store_unit_i.rdata_b_ext$1032 [8] $load_store_unit_i.rdata_b_ext$1032 [8] $load_store_unit_i.rdata_b_ext$1032 [8] $load_store_unit_i.rdata_b_ext$1032 [8] $load_store_unit_i.rdata_b_ext$1032 [8] $load_store_unit_i.rdata_b_ext$1032 [8] $load_store_unit_i.rdata_b_ext$1032 [8] $load_store_unit_i.rdata_b_ext$1032 [8] $load_store_unit_i.rdata_b_ext$1032 [8] $load_store_unit_i.rdata_b_ext$1032 [8] $load_store_unit_i.rdata_b_ext$1032 [8] \data_rdata_i [31:24] }
    Consolidated identical input bits for $mux cell $procmux$1353:
      Old ports: A={ 24'000000000000000000000000 \data_rdata_i [23:16] }, B={ \data_rdata_i [23] \data_rdata_i [23] \data_rdata_i [23] \data_rdata_i [23] \data_rdata_i [23] \data_rdata_i [23] \data_rdata_i [23] \data_rdata_i [23] \data_rdata_i [23] \data_rdata_i [23] \data_rdata_i [23] \data_rdata_i [23] \data_rdata_i [23] \data_rdata_i [23] \data_rdata_i [23] \data_rdata_i [23] \data_rdata_i [23] \data_rdata_i [23] \data_rdata_i [23] \data_rdata_i [23] \data_rdata_i [23] \data_rdata_i [23] \data_rdata_i [23] \data_rdata_i [23] \data_rdata_i [23:16] }, Y=$load_store_unit_i.rdata_b_ext$1030
      New ports: A=1'0, B=\data_rdata_i [23], Y=$load_store_unit_i.rdata_b_ext$1030 [8]
      New connections: { $load_store_unit_i.rdata_b_ext$1030 [31:9] $load_store_unit_i.rdata_b_ext$1030 [7:0] } = { $load_store_unit_i.rdata_b_ext$1030 [8] $load_store_unit_i.rdata_b_ext$1030 [8] $load_store_unit_i.rdata_b_ext$1030 [8] $load_store_unit_i.rdata_b_ext$1030 [8] $load_store_unit_i.rdata_b_ext$1030 [8] $load_store_unit_i.rdata_b_ext$1030 [8] $load_store_unit_i.rdata_b_ext$1030 [8] $load_store_unit_i.rdata_b_ext$1030 [8] $load_store_unit_i.rdata_b_ext$1030 [8] $load_store_unit_i.rdata_b_ext$1030 [8] $load_store_unit_i.rdata_b_ext$1030 [8] $load_store_unit_i.rdata_b_ext$1030 [8] $load_store_unit_i.rdata_b_ext$1030 [8] $load_store_unit_i.rdata_b_ext$1030 [8] $load_store_unit_i.rdata_b_ext$1030 [8] $load_store_unit_i.rdata_b_ext$1030 [8] $load_store_unit_i.rdata_b_ext$1030 [8] $load_store_unit_i.rdata_b_ext$1030 [8] $load_store_unit_i.rdata_b_ext$1030 [8] $load_store_unit_i.rdata_b_ext$1030 [8] $load_store_unit_i.rdata_b_ext$1030 [8] $load_store_unit_i.rdata_b_ext$1030 [8] $load_store_unit_i.rdata_b_ext$1030 [8] \data_rdata_i [23:16] }
    Consolidated identical input bits for $mux cell $procmux$1360:
      Old ports: A={ 24'000000000000000000000000 \data_rdata_i [15:8] }, B={ \data_rdata_i [15] \data_rdata_i [15] \data_rdata_i [15] \data_rdata_i [15] \data_rdata_i [15] \data_rdata_i [15] \data_rdata_i [15] \data_rdata_i [15] \data_rdata_i [15] \data_rdata_i [15] \data_rdata_i [15] \data_rdata_i [15] \data_rdata_i [15] \data_rdata_i [15] \data_rdata_i [15] \data_rdata_i [15] \data_rdata_i [15] \data_rdata_i [15] \data_rdata_i [15] \data_rdata_i [15] \data_rdata_i [15] \data_rdata_i [15] \data_rdata_i [15] \data_rdata_i [15] \data_rdata_i [15:8] }, Y=$load_store_unit_i.rdata_b_ext$1028
      New ports: A=1'0, B=\data_rdata_i [15], Y=$load_store_unit_i.rdata_b_ext$1028 [8]
      New connections: { $load_store_unit_i.rdata_b_ext$1028 [31:9] $load_store_unit_i.rdata_b_ext$1028 [7:0] } = { $load_store_unit_i.rdata_b_ext$1028 [8] $load_store_unit_i.rdata_b_ext$1028 [8] $load_store_unit_i.rdata_b_ext$1028 [8] $load_store_unit_i.rdata_b_ext$1028 [8] $load_store_unit_i.rdata_b_ext$1028 [8] $load_store_unit_i.rdata_b_ext$1028 [8] $load_store_unit_i.rdata_b_ext$1028 [8] $load_store_unit_i.rdata_b_ext$1028 [8] $load_store_unit_i.rdata_b_ext$1028 [8] $load_store_unit_i.rdata_b_ext$1028 [8] $load_store_unit_i.rdata_b_ext$1028 [8] $load_store_unit_i.rdata_b_ext$1028 [8] $load_store_unit_i.rdata_b_ext$1028 [8] $load_store_unit_i.rdata_b_ext$1028 [8] $load_store_unit_i.rdata_b_ext$1028 [8] $load_store_unit_i.rdata_b_ext$1028 [8] $load_store_unit_i.rdata_b_ext$1028 [8] $load_store_unit_i.rdata_b_ext$1028 [8] $load_store_unit_i.rdata_b_ext$1028 [8] $load_store_unit_i.rdata_b_ext$1028 [8] $load_store_unit_i.rdata_b_ext$1028 [8] $load_store_unit_i.rdata_b_ext$1028 [8] $load_store_unit_i.rdata_b_ext$1028 [8] \data_rdata_i [15:8] }
    Consolidated identical input bits for $mux cell $procmux$1377:
      Old ports: A={ 24'000000000000000000000000 \data_rdata_i [7:0] }, B={ \data_rdata_i [7] \data_rdata_i [7] \data_rdata_i [7] \data_rdata_i [7] \data_rdata_i [7] \data_rdata_i [7] \data_rdata_i [7] \data_rdata_i [7] \data_rdata_i [7] \data_rdata_i [7] \data_rdata_i [7] \data_rdata_i [7] \data_rdata_i [7] \data_rdata_i [7] \data_rdata_i [7] \data_rdata_i [7] \data_rdata_i [7] \data_rdata_i [7] \data_rdata_i [7] \data_rdata_i [7] \data_rdata_i [7] \data_rdata_i [7] \data_rdata_i [7] \data_rdata_i [7] \data_rdata_i [7:0] }, Y=$load_store_unit_i.rdata_b_ext$1026
      New ports: A=1'0, B=\data_rdata_i [7], Y=$load_store_unit_i.rdata_b_ext$1026 [8]
      New connections: { $load_store_unit_i.rdata_b_ext$1026 [31:9] $load_store_unit_i.rdata_b_ext$1026 [7:0] } = { $load_store_unit_i.rdata_b_ext$1026 [8] $load_store_unit_i.rdata_b_ext$1026 [8] $load_store_unit_i.rdata_b_ext$1026 [8] $load_store_unit_i.rdata_b_ext$1026 [8] $load_store_unit_i.rdata_b_ext$1026 [8] $load_store_unit_i.rdata_b_ext$1026 [8] $load_store_unit_i.rdata_b_ext$1026 [8] $load_store_unit_i.rdata_b_ext$1026 [8] $load_store_unit_i.rdata_b_ext$1026 [8] $load_store_unit_i.rdata_b_ext$1026 [8] $load_store_unit_i.rdata_b_ext$1026 [8] $load_store_unit_i.rdata_b_ext$1026 [8] $load_store_unit_i.rdata_b_ext$1026 [8] $load_store_unit_i.rdata_b_ext$1026 [8] $load_store_unit_i.rdata_b_ext$1026 [8] $load_store_unit_i.rdata_b_ext$1026 [8] $load_store_unit_i.rdata_b_ext$1026 [8] $load_store_unit_i.rdata_b_ext$1026 [8] $load_store_unit_i.rdata_b_ext$1026 [8] $load_store_unit_i.rdata_b_ext$1026 [8] $load_store_unit_i.rdata_b_ext$1026 [8] $load_store_unit_i.rdata_b_ext$1026 [8] $load_store_unit_i.rdata_b_ext$1026 [8] \data_rdata_i [7:0] }
    Consolidated identical input bits for $mux cell $procmux$1382:
      Old ports: A={ 16'0000000000000000 \data_rdata_i [7:0] \load_store_unit_i.rdata_q [23:16] }, B={ \data_rdata_i [7] \data_rdata_i [7] \data_rdata_i [7] \data_rdata_i [7] \data_rdata_i [7] \data_rdata_i [7] \data_rdata_i [7] \data_rdata_i [7] \data_rdata_i [7] \data_rdata_i [7] \data_rdata_i [7] \data_rdata_i [7] \data_rdata_i [7] \data_rdata_i [7] \data_rdata_i [7] \data_rdata_i [7] \data_rdata_i [7:0] \load_store_unit_i.rdata_q [23:16] }, Y=$load_store_unit_i.rdata_h_ext$1022
      New ports: A=1'0, B=\data_rdata_i [7], Y=$load_store_unit_i.rdata_h_ext$1022 [16]
      New connections: { $load_store_unit_i.rdata_h_ext$1022 [31:17] $load_store_unit_i.rdata_h_ext$1022 [15:0] } = { $load_store_unit_i.rdata_h_ext$1022 [16] $load_store_unit_i.rdata_h_ext$1022 [16] $load_store_unit_i.rdata_h_ext$1022 [16] $load_store_unit_i.rdata_h_ext$1022 [16] $load_store_unit_i.rdata_h_ext$1022 [16] $load_store_unit_i.rdata_h_ext$1022 [16] $load_store_unit_i.rdata_h_ext$1022 [16] $load_store_unit_i.rdata_h_ext$1022 [16] $load_store_unit_i.rdata_h_ext$1022 [16] $load_store_unit_i.rdata_h_ext$1022 [16] $load_store_unit_i.rdata_h_ext$1022 [16] $load_store_unit_i.rdata_h_ext$1022 [16] $load_store_unit_i.rdata_h_ext$1022 [16] $load_store_unit_i.rdata_h_ext$1022 [16] $load_store_unit_i.rdata_h_ext$1022 [16] \data_rdata_i [7:0] \load_store_unit_i.rdata_q [23:16] }
    Consolidated identical input bits for $mux cell $procmux$1388:
      Old ports: A={ 16'0000000000000000 \data_rdata_i [31:16] }, B={ \data_rdata_i [31] \data_rdata_i [31] \data_rdata_i [31] \data_rdata_i [31] \data_rdata_i [31] \data_rdata_i [31] \data_rdata_i [31] \data_rdata_i [31] \data_rdata_i [31] \data_rdata_i [31] \data_rdata_i [31] \data_rdata_i [31] \data_rdata_i [31] \data_rdata_i [31] \data_rdata_i [31] \data_rdata_i [31] \data_rdata_i [31:16] }, Y=$load_store_unit_i.rdata_h_ext$1020
      New ports: A=1'0, B=\data_rdata_i [31], Y=$load_store_unit_i.rdata_h_ext$1020 [16]
      New connections: { $load_store_unit_i.rdata_h_ext$1020 [31:17] $load_store_unit_i.rdata_h_ext$1020 [15:0] } = { $load_store_unit_i.rdata_h_ext$1020 [16] $load_store_unit_i.rdata_h_ext$1020 [16] $load_store_unit_i.rdata_h_ext$1020 [16] $load_store_unit_i.rdata_h_ext$1020 [16] $load_store_unit_i.rdata_h_ext$1020 [16] $load_store_unit_i.rdata_h_ext$1020 [16] $load_store_unit_i.rdata_h_ext$1020 [16] $load_store_unit_i.rdata_h_ext$1020 [16] $load_store_unit_i.rdata_h_ext$1020 [16] $load_store_unit_i.rdata_h_ext$1020 [16] $load_store_unit_i.rdata_h_ext$1020 [16] $load_store_unit_i.rdata_h_ext$1020 [16] $load_store_unit_i.rdata_h_ext$1020 [16] $load_store_unit_i.rdata_h_ext$1020 [16] $load_store_unit_i.rdata_h_ext$1020 [16] \data_rdata_i [31:16] }
    Consolidated identical input bits for $mux cell $procmux$1395:
      Old ports: A={ 16'0000000000000000 \data_rdata_i [23:8] }, B={ \data_rdata_i [23] \data_rdata_i [23] \data_rdata_i [23] \data_rdata_i [23] \data_rdata_i [23] \data_rdata_i [23] \data_rdata_i [23] \data_rdata_i [23] \data_rdata_i [23] \data_rdata_i [23] \data_rdata_i [23] \data_rdata_i [23] \data_rdata_i [23] \data_rdata_i [23] \data_rdata_i [23] \data_rdata_i [23] \data_rdata_i [23:8] }, Y=$load_store_unit_i.rdata_h_ext$1018
      New ports: A=1'0, B=\data_rdata_i [23], Y=$load_store_unit_i.rdata_h_ext$1018 [16]
      New connections: { $load_store_unit_i.rdata_h_ext$1018 [31:17] $load_store_unit_i.rdata_h_ext$1018 [15:0] } = { $load_store_unit_i.rdata_h_ext$1018 [16] $load_store_unit_i.rdata_h_ext$1018 [16] $load_store_unit_i.rdata_h_ext$1018 [16] $load_store_unit_i.rdata_h_ext$1018 [16] $load_store_unit_i.rdata_h_ext$1018 [16] $load_store_unit_i.rdata_h_ext$1018 [16] $load_store_unit_i.rdata_h_ext$1018 [16] $load_store_unit_i.rdata_h_ext$1018 [16] $load_store_unit_i.rdata_h_ext$1018 [16] $load_store_unit_i.rdata_h_ext$1018 [16] $load_store_unit_i.rdata_h_ext$1018 [16] $load_store_unit_i.rdata_h_ext$1018 [16] $load_store_unit_i.rdata_h_ext$1018 [16] $load_store_unit_i.rdata_h_ext$1018 [16] $load_store_unit_i.rdata_h_ext$1018 [16] \data_rdata_i [23:8] }
    Consolidated identical input bits for $mux cell $procmux$1412:
      Old ports: A={ 16'0000000000000000 \data_rdata_i [15:0] }, B={ \data_rdata_i [15] \data_rdata_i [15] \data_rdata_i [15] \data_rdata_i [15] \data_rdata_i [15] \data_rdata_i [15] \data_rdata_i [15] \data_rdata_i [15] \data_rdata_i [15] \data_rdata_i [15] \data_rdata_i [15] \data_rdata_i [15] \data_rdata_i [15] \data_rdata_i [15] \data_rdata_i [15] \data_rdata_i [15] \data_rdata_i [15:0] }, Y=$load_store_unit_i.rdata_h_ext$1016
      New ports: A=1'0, B=\data_rdata_i [15], Y=$load_store_unit_i.rdata_h_ext$1016 [16]
      New connections: { $load_store_unit_i.rdata_h_ext$1016 [31:17] $load_store_unit_i.rdata_h_ext$1016 [15:0] } = { $load_store_unit_i.rdata_h_ext$1016 [16] $load_store_unit_i.rdata_h_ext$1016 [16] $load_store_unit_i.rdata_h_ext$1016 [16] $load_store_unit_i.rdata_h_ext$1016 [16] $load_store_unit_i.rdata_h_ext$1016 [16] $load_store_unit_i.rdata_h_ext$1016 [16] $load_store_unit_i.rdata_h_ext$1016 [16] $load_store_unit_i.rdata_h_ext$1016 [16] $load_store_unit_i.rdata_h_ext$1016 [16] $load_store_unit_i.rdata_h_ext$1016 [16] $load_store_unit_i.rdata_h_ext$1016 [16] $load_store_unit_i.rdata_h_ext$1016 [16] $load_store_unit_i.rdata_h_ext$1016 [16] $load_store_unit_i.rdata_h_ext$1016 [16] $load_store_unit_i.rdata_h_ext$1016 [16] \data_rdata_i [15:0] }
    Consolidated identical input bits for $pmux cell $procmux$1472:
      Old ports: A=4'0000, B=12'000100110111, Y=$load_store_unit_i.data_be$987
      New ports: A=3'000, B=9'001011111, Y=$load_store_unit_i.data_be$987 [2:0]
      New connections: $load_store_unit_i.data_be$987 [3] = 1'0
    Consolidated identical input bits for $pmux cell $procmux$1494:
      Old ports: A=4'1111, B=12'111011001000, Y=$load_store_unit_i.data_be$986
      New ports: A=3'111, B=9'110100000, Y=$load_store_unit_i.data_be$986 [2:0]
      New connections: $load_store_unit_i.data_be$986 [3] = 1'1
    Consolidated identical input bits for $mux cell $procmux$1550:
      Old ports: A={ 2'00 \ex_block_i.gen_multdiv_fast.multdiv_i.op_a_i }, B=34'1111111111111111111111111111111111, Y=$ex_block_i.gen_multdiv_fast.multdiv_i.op_remainder_d$944
      New ports: A={ 1'0 \ex_block_i.gen_multdiv_fast.multdiv_i.op_a_i }, B=33'111111111111111111111111111111111, Y=$ex_block_i.gen_multdiv_fast.multdiv_i.op_remainder_d$944 [32:0]
      New connections: $ex_block_i.gen_multdiv_fast.multdiv_i.op_remainder_d$944 [33] = $ex_block_i.gen_multdiv_fast.multdiv_i.op_remainder_d$944 [32]
    Consolidated identical input bits for $pmux cell $procmux$1633:
      Old ports: A={ $940y 1'1 }, B={ $949y 1'1 $957y 1'1 $965y 1'1 }, Y=\ex_block_i.alu_i.multdiv_operand_b_i
      New ports: A=$940y, B={ $949y $957y $965y }, Y=\ex_block_i.alu_i.multdiv_operand_b_i [32:1]
      New connections: \ex_block_i.alu_i.multdiv_operand_b_i [0] = 1'1
    Consolidated identical input bits for $mux cell $procmux$1647:
      Old ports: A=33'000000000000000000000000000000001, B={ \id_stage_i.imd_val_q [65:34] 1'1 }, Y=\ex_block_i.alu_i.multdiv_operand_a_i
      New ports: A=0, B=\id_stage_i.imd_val_q [65:34], Y=\ex_block_i.alu_i.multdiv_operand_a_i [32:1]
      New connections: \ex_block_i.alu_i.multdiv_operand_a_i [0] = 1'1
    Consolidated identical input bits for $mux cell $memory$auto$memory_bmux2rom.cc:63:execute$5939$rdmux[0][4][14]$6093:
      Old ports: A=8, B=4, Y=$memory$auto$memory_bmux2rom.cc:63:execute$5939$rdmux[0][3][7]$a$6049
      New ports: A=2'10, B=2'01, Y=$memory$auto$memory_bmux2rom.cc:63:execute$5939$rdmux[0][3][7]$a$6049 [3:2]
      New connections: { $memory$auto$memory_bmux2rom.cc:63:execute$5939$rdmux[0][3][7]$a$6049 [31:4] $memory$auto$memory_bmux2rom.cc:63:execute$5939$rdmux[0][3][7]$a$6049 [1:0] } = 30'000000000000000000000000000000
    Consolidated identical input bits for $mux cell $procmux$2179:
      Old ports: A=3'000, B=3'100, Y=$id_stage_i.controller_i.pc_mux_o$650
      New ports: A=1'0, B=1'1, Y=$id_stage_i.controller_i.pc_mux_o$650 [2]
      New connections: $id_stage_i.controller_i.pc_mux_o$650 [1:0] = 2'00
    Consolidated identical input bits for $mux cell $procmux$2369:
      Old ports: A=2'11, B=2'00, Y=$auto$wreduce.cc:514:run$5819 [1:0]
      New ports: A=1'1, B=1'0, Y=$auto$wreduce.cc:514:run$5819 [0]
      New connections: $auto$wreduce.cc:514:run$5819 [1] = $auto$wreduce.cc:514:run$5819 [0]
    Consolidated identical input bits for $mux cell $procmux$2575:
      Old ports: A=3'100, B=3'011, Y=$id_stage_i.controller_i.debug_cause_o$617
      New ports: A=2'10, B=2'01, Y={ $id_stage_i.controller_i.debug_cause_o$617 [2] $id_stage_i.controller_i.debug_cause_o$617 [0] }
      New connections: $id_stage_i.controller_i.debug_cause_o$617 [1] = $id_stage_i.controller_i.debug_cause_o$617 [0]
    Consolidated identical input bits for $mux cell $procmux$2596:
      Old ports: A=3'111, B=3'011, Y=$auto$wreduce.cc:514:run$5815 [2:0]
      New ports: A=1'1, B=1'0, Y=$auto$wreduce.cc:514:run$5815 [2]
      New connections: $auto$wreduce.cc:514:run$5815 [1:0] = 2'11
    Consolidated identical input bits for $mux cell $procmux$311:
      Old ports: A={ \if_stage_i.pc_id_o [31:1] 1'0 }, B={ \if_stage_i.prefetch_buffer_i.fifo_i.instr_addr_q 1'0 }, Y=$cs_registers_i.exception_pc$1443
      New ports: A=\if_stage_i.pc_id_o [31:1], B=\if_stage_i.prefetch_buffer_i.fifo_i.instr_addr_q, Y=$cs_registers_i.exception_pc$1443 [31:1]
      New connections: $cs_registers_i.exception_pc$1443 [0] = 1'0
    Consolidated identical input bits for $mux cell $procmux$3186:
      Old ports: A=4'0000, B=4'1111, Y=$id_stage_i.controller_i.mfip_id$550
      New ports: A=1'0, B=1'1, Y=$id_stage_i.controller_i.mfip_id$550 [0]
      New connections: $id_stage_i.controller_i.mfip_id$550 [3:1] = { $id_stage_i.controller_i.mfip_id$550 [0] $id_stage_i.controller_i.mfip_id$550 [0] $id_stage_i.controller_i.mfip_id$550 [0] }
    Consolidated identical input bits for $mux cell $procmux$3395:
      Old ports: A=2'00, B=2'11, Y=$id_stage_i.decoder_i.alu_op_a_mux_sel_o$436
      New ports: A=1'0, B=1'1, Y=$id_stage_i.decoder_i.alu_op_a_mux_sel_o$436 [0]
      New connections: $id_stage_i.decoder_i.alu_op_a_mux_sel_o$436 [1] = $id_stage_i.decoder_i.alu_op_a_mux_sel_o$436 [0]
    Consolidated identical input bits for $mux cell $procmux$3446:
      Old ports: A=6'101100, B=6'000000, Y=$auto$wreduce.cc:514:run$5827 [5:0]
      New ports: A=1'1, B=1'0, Y=$auto$wreduce.cc:514:run$5827 [2]
      New connections: { $auto$wreduce.cc:514:run$5827 [5:3] $auto$wreduce.cc:514:run$5827 [1:0] } = { $auto$wreduce.cc:514:run$5827 [2] 1'0 $auto$wreduce.cc:514:run$5827 [2] 2'00 }
    Consolidated identical input bits for $mux cell $procmux$3454:
      Old ports: A=3'000, B=3'101, Y=$auto$wreduce.cc:514:run$5831
      New ports: A=1'0, B=1'1, Y=$auto$wreduce.cc:514:run$5831 [0]
      New connections: $auto$wreduce.cc:514:run$5831 [2:1] = { $auto$wreduce.cc:514:run$5831 [0] 1'0 }
    Consolidated identical input bits for $pmux cell $procmux$3494:
      Old ports: A=6'101100, B=54'000001101011000010000011000100001010001001001000000000, Y=$auto$wreduce.cc:514:run$5825 [5:0]
      New ports: A=5'11100, B=45'000011101100010000110010001010010010100000000, Y={ $auto$wreduce.cc:514:run$5825 [5] $auto$wreduce.cc:514:run$5825 [3:0] }
      New connections: $auto$wreduce.cc:514:run$5825 [4] = 1'0
    Consolidated identical input bits for $mux cell $procmux$3557:
      Old ports: A=6'101100, B=6'001000, Y=$auto$wreduce.cc:514:run$5823 [5:0]
      New ports: A=1'1, B=1'0, Y=$auto$wreduce.cc:514:run$5823 [2]
      New connections: { $auto$wreduce.cc:514:run$5823 [5:3] $auto$wreduce.cc:514:run$5823 [1:0] } = { $auto$wreduce.cc:514:run$5823 [2] 4'0100 }
    Consolidated identical input bits for $pmux cell $procmux$3592:
      Old ports: A=7'0000000, B={ 43'0101011010110000000100000011000010000010100 $auto$wreduce.cc:514:run$5824 [5:0] }, Y=$id_stage_i.decoder_i.alu_operator_o$424
      New ports: A=6'000000, B={ 36'101011101100000010000011000100001010 $auto$wreduce.cc:514:run$5824 [5:0] }, Y=$id_stage_i.decoder_i.alu_operator_o$424 [5:0]
      New connections: $id_stage_i.decoder_i.alu_operator_o$424 [6] = 1'0
    Consolidated identical input bits for $mux cell $procmux$3651:
      Old ports: A=2'10, B=2'00, Y=$auto$wreduce.cc:514:run$5829 [1:0]
      New ports: A=1'1, B=1'0, Y=$auto$wreduce.cc:514:run$5829 [1]
      New connections: $auto$wreduce.cc:514:run$5829 [0] = 1'0
    Consolidated identical input bits for $mux cell $procmux$3666:
      Old ports: A=7'0000000, B={ 1'0 $auto$wreduce.cc:514:run$5822 [5:0] }, Y=$id_stage_i.decoder_i.alu_operator_o$412
      New ports: A=6'000000, B=$auto$wreduce.cc:514:run$5822 [5:0], Y=$id_stage_i.decoder_i.alu_operator_o$412 [5:0]
      New connections: $id_stage_i.decoder_i.alu_operator_o$412 [6] = 1'0
    Consolidated identical input bits for $pmux cell $procmux$3695:
      Old ports: A=6'101100, B=36'011101011110011001011011011010011100, Y=$auto$wreduce.cc:514:run$5822 [5:0]
      New ports: A=5'10100, B=30'011010111001001010110101001100, Y={ $auto$wreduce.cc:514:run$5822 [5:4] $auto$wreduce.cc:514:run$5822 [2:0] }
      New connections: $auto$wreduce.cc:514:run$5822 [3] = 1'1
    Consolidated identical input bits for $mux cell $procmux$3758:
      Old ports: A=3'101, B=3'000, Y=$id_stage_i.decoder_i.imm_b_mux_sel_o$406
      New ports: A=1'1, B=1'0, Y=$id_stage_i.decoder_i.imm_b_mux_sel_o$406 [0]
      New connections: $id_stage_i.decoder_i.imm_b_mux_sel_o$406 [2:1] = { $id_stage_i.decoder_i.imm_b_mux_sel_o$406 [0] 1'0 }
    New ctrl vector for $pmux cell $procmux$4399: $419y
    Consolidated identical input bits for $mux cell $procmux$4832:
      Old ports: A={ 1'0 \if_stage_i.compressed_decoder_i.instr_i [11:7] 15'000000011100111 }, B=21'100000000000001110011, Y=$auto$wreduce.cc:514:run$5833 [20:0]
      New ports: A={ \if_stage_i.compressed_decoder_i.instr_i [11:7] 2'01 }, B=7'0000010, Y={ $auto$wreduce.cc:514:run$5833 [19:15] $auto$wreduce.cc:514:run$5833 [4] $auto$wreduce.cc:514:run$5833 [2] }
      New connections: { $auto$wreduce.cc:514:run$5833 [20] $auto$wreduce.cc:514:run$5833 [14:5] $auto$wreduce.cc:514:run$5833 [3] $auto$wreduce.cc:514:run$5833 [1:0] } = { $auto$wreduce.cc:514:run$5833 [4] 7'0000000 $auto$wreduce.cc:514:run$5833 [2] 5'11011 }
    Consolidated identical input bits for $mux cell $procmux$4891:
      Old ports: A={ 5'00000 \if_stage_i.compressed_decoder_i.instr_i [11:7] 15'000000001100111 }, B={ \if_stage_i.compressed_decoder_i.instr_i [6:2] 8'00000000 \if_stage_i.compressed_decoder_i.instr_i [11:7] 7'0110011 }, Y=$auto$wreduce.cc:514:run$5832 [24:0]
      New ports: A={ 5'00000 \if_stage_i.compressed_decoder_i.instr_i [11:7] 7'0000001 }, B={ \if_stage_i.compressed_decoder_i.instr_i [6:2] 5'00000 \if_stage_i.compressed_decoder_i.instr_i [11:7] 2'10 }, Y={ $auto$wreduce.cc:514:run$5832 [24:15] $auto$wreduce.cc:514:run$5832 [11:7] $auto$wreduce.cc:514:run$5832 [4] $auto$wreduce.cc:514:run$5832 [2] }
      New connections: { $auto$wreduce.cc:514:run$5832 [14:12] $auto$wreduce.cc:514:run$5832 [6:5] $auto$wreduce.cc:514:run$5832 [3] $auto$wreduce.cc:514:run$5832 [1:0] } = { 3'000 $auto$wreduce.cc:514:run$5832 [2] 4'1011 }
    Consolidated identical input bits for $pmux cell $procmux$4983:
      Old ports: A=\if_stage_i.compressed_decoder_i.instr_i, B={ 9'010000001 \if_stage_i.compressed_decoder_i.instr_i [4:2] 2'01 \if_stage_i.compressed_decoder_i.instr_i [9:7] 5'00001 \if_stage_i.compressed_decoder_i.instr_i [9:7] 16'0110011000000001 \if_stage_i.compressed_decoder_i.instr_i [4:2] 2'01 \if_stage_i.compressed_decoder_i.instr_i [9:7] 5'10001 \if_stage_i.compressed_decoder_i.instr_i [9:7] 16'0110011000000001 \if_stage_i.compressed_decoder_i.instr_i [4:2] 2'01 \if_stage_i.compressed_decoder_i.instr_i [9:7] 5'11001 \if_stage_i.compressed_decoder_i.instr_i [9:7] 16'0110011000000001 \if_stage_i.compressed_decoder_i.instr_i [4:2] 2'01 \if_stage_i.compressed_decoder_i.instr_i [9:7] 5'11101 \if_stage_i.compressed_decoder_i.instr_i [9:7] 7'0110011 }, Y=$if_stage_i.compressed_decoder_i.instr_o$190
      New ports: A={ \if_stage_i.compressed_decoder_i.instr_i [31:10] \if_stage_i.compressed_decoder_i.instr_i [6:0] }, B={ 9'010000001 \if_stage_i.compressed_decoder_i.instr_i [4:2] 2'01 \if_stage_i.compressed_decoder_i.instr_i [9:7] 21'000010110011000000001 \if_stage_i.compressed_decoder_i.instr_i [4:2] 2'01 \if_stage_i.compressed_decoder_i.instr_i [9:7] 21'100010110011000000001 \if_stage_i.compressed_decoder_i.instr_i [4:2] 2'01 \if_stage_i.compressed_decoder_i.instr_i [9:7] 21'110010110011000000001 \if_stage_i.compressed_decoder_i.instr_i [4:2] 2'01 \if_stage_i.compressed_decoder_i.instr_i [9:7] 12'111010110011 }, Y={ $if_stage_i.compressed_decoder_i.instr_o$190 [31:10] $if_stage_i.compressed_decoder_i.instr_o$190 [6:0] }
      New connections: $if_stage_i.compressed_decoder_i.instr_o$190 [9:7] = \if_stage_i.compressed_decoder_i.instr_i [9:7]
    Consolidated identical input bits for $mux cell $procmux$5047:
      Old ports: A={ \if_stage_i.compressed_decoder_i.instr_i [12] \if_stage_i.compressed_decoder_i.instr_i [12] \if_stage_i.compressed_decoder_i.instr_i [12] \if_stage_i.compressed_decoder_i.instr_i [12] \if_stage_i.compressed_decoder_i.instr_i [12] \if_stage_i.compressed_decoder_i.instr_i [12] \if_stage_i.compressed_decoder_i.instr_i [12] \if_stage_i.compressed_decoder_i.instr_i [12] \if_stage_i.compressed_decoder_i.instr_i [12] \if_stage_i.compressed_decoder_i.instr_i [12] \if_stage_i.compressed_decoder_i.instr_i [12] \if_stage_i.compressed_decoder_i.instr_i [12] \if_stage_i.compressed_decoder_i.instr_i [6:2] \if_stage_i.compressed_decoder_i.instr_i [11:7] 7'0110111 }, B={ \if_stage_i.compressed_decoder_i.instr_i [4:3] \if_stage_i.compressed_decoder_i.instr_i [5] \if_stage_i.compressed_decoder_i.instr_i [2] \if_stage_i.compressed_decoder_i.instr_i [6] 24'000000010000000100010011 }, Y=$if_stage_i.compressed_decoder_i.instr_o$185 [28:0]
      New ports: A={ \if_stage_i.compressed_decoder_i.instr_i [12] \if_stage_i.compressed_decoder_i.instr_i [12] \if_stage_i.compressed_decoder_i.instr_i [12] \if_stage_i.compressed_decoder_i.instr_i [12] \if_stage_i.compressed_decoder_i.instr_i [12] \if_stage_i.compressed_decoder_i.instr_i [12] \if_stage_i.compressed_decoder_i.instr_i [6:2] \if_stage_i.compressed_decoder_i.instr_i [11:7] 1'1 }, B={ \if_stage_i.compressed_decoder_i.instr_i [4:3] \if_stage_i.compressed_decoder_i.instr_i [5] \if_stage_i.compressed_decoder_i.instr_i [2] \if_stage_i.compressed_decoder_i.instr_i [6] 12'010000000100 }, Y={ $if_stage_i.compressed_decoder_i.instr_o$185 [28:24] $if_stage_i.compressed_decoder_i.instr_o$185 [17:7] $if_stage_i.compressed_decoder_i.instr_o$185 [2] }
      New connections: { $if_stage_i.compressed_decoder_i.instr_o$185 [23:18] $if_stage_i.compressed_decoder_i.instr_o$185 [6:3] $if_stage_i.compressed_decoder_i.instr_o$185 [1:0] } = { $if_stage_i.compressed_decoder_i.instr_o$185 [17] $if_stage_i.compressed_decoder_i.instr_o$185 [17] $if_stage_i.compressed_decoder_i.instr_o$185 [17] $if_stage_i.compressed_decoder_i.instr_o$185 [17] $if_stage_i.compressed_decoder_i.instr_o$185 [17] $if_stage_i.compressed_decoder_i.instr_o$185 [17] 1'0 $if_stage_i.compressed_decoder_i.instr_o$185 [2] 4'1011 }
    Consolidated identical input bits for $mux cell $procmux$654:
      Old ports: A={ \cs_registers_i.u_mstatus_csr.rdata_q [5:1] 1'0 }, B={ \cs_registers_i.csr_wdata_int [3] \cs_registers_i.csr_wdata_int [7] $cs_registers_i.mstatus_d[3:2]$1390 2'00 }, Y=$cs_registers_i.mstatus_d$1411
      New ports: A=\cs_registers_i.u_mstatus_csr.rdata_q [5:1], B={ \cs_registers_i.csr_wdata_int [3] \cs_registers_i.csr_wdata_int [7] $cs_registers_i.mstatus_d[3:2]$1390 1'0 }, Y=$cs_registers_i.mstatus_d$1411 [5:1]
      New connections: $cs_registers_i.mstatus_d$1411 [0] = 1'0
  Optimizing cells in module \cve2_core.
    Consolidated identical input bits for $mux cell $procmux$1027:
      Old ports: A=3'100, B={ 1'0 $1068y }, Y=$load_store_unit_i.ls_fsm_ns$1080
      New ports: A=2'10, B={ 1'0 $1068y [0] }, Y={ $load_store_unit_i.ls_fsm_ns$1080 [2] $load_store_unit_i.ls_fsm_ns$1080 [0] }
      New connections: $load_store_unit_i.ls_fsm_ns$1080 [1] = $load_store_unit_i.ls_fsm_ns$1080 [0]
    Consolidated identical input bits for $mux cell $memory$auto$memory_bmux2rom.cc:63:execute$5939$rdmux[0][3][7]$6048:
      Old ports: A=$memory$auto$memory_bmux2rom.cc:63:execute$5939$rdmux[0][3][7]$a$6049, B=$memory$auto$memory_bmux2rom.cc:63:execute$5939$rdmux[0][3][7]$b$6050, Y=$memory$auto$memory_bmux2rom.cc:63:execute$5939$rdmux[0][2][3]$b$6026
      New ports: A={ $memory$auto$memory_bmux2rom.cc:63:execute$5939$rdmux[0][3][7]$a$6049 [3:2] 1'0 }, B={ 2'00 $memory$auto$memory_bmux2rom.cc:63:execute$5939$rdmux[0][3][7]$b$6050 [0] }, Y={ $memory$auto$memory_bmux2rom.cc:63:execute$5939$rdmux[0][2][3]$b$6026 [3:2] $memory$auto$memory_bmux2rom.cc:63:execute$5939$rdmux[0][2][3]$b$6026 [0] }
      New connections: { $memory$auto$memory_bmux2rom.cc:63:execute$5939$rdmux[0][2][3]$b$6026 [31:4] $memory$auto$memory_bmux2rom.cc:63:execute$5939$rdmux[0][2][3]$b$6026 [1] } = 29'00000000000000000000000000000
    Consolidated identical input bits for $pmux cell $procmux$1365:
      Old ports: A=$load_store_unit_i.rdata_b_ext$1026, B={ $load_store_unit_i.rdata_b_ext$1028 $load_store_unit_i.rdata_b_ext$1030 $load_store_unit_i.rdata_b_ext$1032 }, Y=\load_store_unit_i.rdata_b_ext
      New ports: A={ $load_store_unit_i.rdata_b_ext$1026 [8] \data_rdata_i [7:0] }, B={ $load_store_unit_i.rdata_b_ext$1028 [8] \data_rdata_i [15:8] $load_store_unit_i.rdata_b_ext$1030 [8] \data_rdata_i [23:16] $load_store_unit_i.rdata_b_ext$1032 [8] \data_rdata_i [31:24] }, Y=\load_store_unit_i.rdata_b_ext [8:0]
      New connections: \load_store_unit_i.rdata_b_ext [31:9] = { \load_store_unit_i.rdata_b_ext [8] \load_store_unit_i.rdata_b_ext [8] \load_store_unit_i.rdata_b_ext [8] \load_store_unit_i.rdata_b_ext [8] \load_store_unit_i.rdata_b_ext [8] \load_store_unit_i.rdata_b_ext [8] \load_store_unit_i.rdata_b_ext [8] \load_store_unit_i.rdata_b_ext [8] \load_store_unit_i.rdata_b_ext [8] \load_store_unit_i.rdata_b_ext [8] \load_store_unit_i.rdata_b_ext [8] \load_store_unit_i.rdata_b_ext [8] \load_store_unit_i.rdata_b_ext [8] \load_store_unit_i.rdata_b_ext [8] \load_store_unit_i.rdata_b_ext [8] \load_store_unit_i.rdata_b_ext [8] \load_store_unit_i.rdata_b_ext [8] \load_store_unit_i.rdata_b_ext [8] \load_store_unit_i.rdata_b_ext [8] \load_store_unit_i.rdata_b_ext [8] \load_store_unit_i.rdata_b_ext [8] \load_store_unit_i.rdata_b_ext [8] \load_store_unit_i.rdata_b_ext [8] }
    Consolidated identical input bits for $pmux cell $procmux$1400:
      Old ports: A=$load_store_unit_i.rdata_h_ext$1016, B={ $load_store_unit_i.rdata_h_ext$1018 $load_store_unit_i.rdata_h_ext$1020 $load_store_unit_i.rdata_h_ext$1022 }, Y=\load_store_unit_i.rdata_h_ext
      New ports: A={ $load_store_unit_i.rdata_h_ext$1016 [16] \data_rdata_i [15:0] }, B={ $load_store_unit_i.rdata_h_ext$1018 [16] \data_rdata_i [23:8] $load_store_unit_i.rdata_h_ext$1020 [16] \data_rdata_i [31:16] $load_store_unit_i.rdata_h_ext$1022 [16] \data_rdata_i [7:0] \load_store_unit_i.rdata_q [23:16] }, Y=\load_store_unit_i.rdata_h_ext [16:0]
      New connections: \load_store_unit_i.rdata_h_ext [31:17] = { \load_store_unit_i.rdata_h_ext [16] \load_store_unit_i.rdata_h_ext [16] \load_store_unit_i.rdata_h_ext [16] \load_store_unit_i.rdata_h_ext [16] \load_store_unit_i.rdata_h_ext [16] \load_store_unit_i.rdata_h_ext [16] \load_store_unit_i.rdata_h_ext [16] \load_store_unit_i.rdata_h_ext [16] \load_store_unit_i.rdata_h_ext [16] \load_store_unit_i.rdata_h_ext [16] \load_store_unit_i.rdata_h_ext [16] \load_store_unit_i.rdata_h_ext [16] \load_store_unit_i.rdata_h_ext [16] \load_store_unit_i.rdata_h_ext [16] \load_store_unit_i.rdata_h_ext [16] }
    Consolidated identical input bits for $mux cell $procmux$144:
      Old ports: A=$cs_registers_i.exception_pc$1443, B={ \cs_registers_i.csr_wdata_int [31:1] 1'0 }, Y=$cs_registers_i.mepc_d$1447
      New ports: A=$cs_registers_i.exception_pc$1443 [31:1], B=\cs_registers_i.csr_wdata_int [31:1], Y=$cs_registers_i.mepc_d$1447 [31:1]
      New connections: $cs_registers_i.mepc_d$1447 [0] = 1'0
    Consolidated identical input bits for $mux cell $procmux$1812:
      Old ports: A={ \cs_registers_i.csr_wdata_i 1'1 }, B=\ex_block_i.alu_i.multdiv_operand_a_i, Y=\ex_block_i.alu_i.adder_in_a
      New ports: A=\cs_registers_i.csr_wdata_i, B=\ex_block_i.alu_i.multdiv_operand_a_i [32:1], Y=\ex_block_i.alu_i.adder_in_a [32:1]
      New connections: \ex_block_i.alu_i.adder_in_a [0] = 1'1
    Consolidated identical input bits for $mux cell $procmux$195:
      Old ports: A={ \cs_registers_i.csr_wdata_int [31:1] 1'0 }, B=$cs_registers_i.exception_pc$1443, Y=$cs_registers_i.depc_d$1465
      New ports: A=\cs_registers_i.csr_wdata_int [31:1], B=$cs_registers_i.exception_pc$1443 [31:1], Y=$cs_registers_i.depc_d$1465 [31:1]
      New connections: $cs_registers_i.depc_d$1465 [0] = 1'0
    Consolidated identical input bits for $mux cell $procmux$2205:
      Old ports: A=$id_stage_i.controller_i.pc_mux_o$650, B=3'011, Y=$id_stage_i.controller_i.pc_mux_o$655
      New ports: A={ $id_stage_i.controller_i.pc_mux_o$650 [2] 1'0 }, B=2'01, Y={ $id_stage_i.controller_i.pc_mux_o$655 [2] $id_stage_i.controller_i.pc_mux_o$655 [0] }
      New connections: $id_stage_i.controller_i.pc_mux_o$655 [1] = $id_stage_i.controller_i.pc_mux_o$655 [0]
    Consolidated identical input bits for $mux cell $procmux$2617:
      Old ports: A={ 1'0 $auto$wreduce.cc:514:run$5815 [2:0] }, B=4'1011, Y=$auto$wreduce.cc:514:run$5816 [3:0]
      New ports: A={ 1'0 $auto$wreduce.cc:514:run$5815 [2] }, B=2'10, Y=$auto$wreduce.cc:514:run$5816 [3:2]
      New connections: $auto$wreduce.cc:514:run$5816 [1:0] = 2'11
    Consolidated identical input bits for $mux cell $procmux$3184:
      Old ports: A=$id_stage_i.controller_i.mfip_id$550, B=4'1110, Y=$id_stage_i.controller_i.mfip_id$551
      New ports: A={ $id_stage_i.controller_i.mfip_id$550 [0] $id_stage_i.controller_i.mfip_id$550 [0] }, B=2'10, Y=$id_stage_i.controller_i.mfip_id$551 [1:0]
      New connections: $id_stage_i.controller_i.mfip_id$551 [3:2] = { $id_stage_i.controller_i.mfip_id$551 [1] $id_stage_i.controller_i.mfip_id$551 [1] }
    Consolidated identical input bits for $mux cell $procmux$3411:
      Old ports: A=$id_stage_i.decoder_i.alu_op_a_mux_sel_o$436, B=2'00, Y=$id_stage_i.decoder_i.alu_op_a_mux_sel_o$439
      New ports: A=$id_stage_i.decoder_i.alu_op_a_mux_sel_o$436 [0], B=1'0, Y=$id_stage_i.decoder_i.alu_op_a_mux_sel_o$439 [0]
      New connections: $id_stage_i.decoder_i.alu_op_a_mux_sel_o$439 [1] = $id_stage_i.decoder_i.alu_op_a_mux_sel_o$439 [0]
    Consolidated identical input bits for $mux cell $procmux$3540:
      Old ports: A=$auto$wreduce.cc:514:run$5825 [5:0], B=6'101100, Y=$auto$wreduce.cc:514:run$5826 [5:0]
      New ports: A={ $auto$wreduce.cc:514:run$5825 [5] $auto$wreduce.cc:514:run$5825 [3:0] }, B=5'11100, Y={ $auto$wreduce.cc:514:run$5826 [5] $auto$wreduce.cc:514:run$5826 [3:0] }
      New connections: $auto$wreduce.cc:514:run$5826 [4] = 1'0
    Consolidated identical input bits for $mux cell $procmux$3572:
      Old ports: A=$auto$wreduce.cc:514:run$5823 [5:0], B=6'001001, Y=$auto$wreduce.cc:514:run$5824 [5:0]
      New ports: A={ $auto$wreduce.cc:514:run$5823 [2] 1'0 }, B=2'01, Y={ $auto$wreduce.cc:514:run$5824 [2] $auto$wreduce.cc:514:run$5824 [0] }
      New connections: { $auto$wreduce.cc:514:run$5824 [5:3] $auto$wreduce.cc:514:run$5824 [1] } = { $auto$wreduce.cc:514:run$5824 [2] 3'010 }
    Consolidated identical input bits for $pmux cell $procmux$3875:
      Old ports: A=7'0101100, B={ $id_stage_i.decoder_i.alu_operator_o$412 7'0000000 $id_stage_i.decoder_i.alu_operator_o$424 1'0 $auto$wreduce.cc:514:run$5826 [5:0] 1'0 $auto$wreduce.cc:514:run$5827 [5:0] }, Y=\ex_block_i.alu_i.operator_i
      New ports: A=6'101100, B={ $id_stage_i.decoder_i.alu_operator_o$412 [5:0] 6'000000 $id_stage_i.decoder_i.alu_operator_o$424 [5:0] $auto$wreduce.cc:514:run$5826 [5:0] $auto$wreduce.cc:514:run$5827 [2] 1'0 $auto$wreduce.cc:514:run$5827 [2] $auto$wreduce.cc:514:run$5827 [2] 2'00 }, Y=\ex_block_i.alu_i.operator_i [5:0]
      New connections: \ex_block_i.alu_i.operator_i [6] = 1'0
    Consolidated identical input bits for $mux cell $procmux$4849:
      Old ports: A={ 4'0000 $auto$wreduce.cc:514:run$5833 [20:0] }, B={ \if_stage_i.compressed_decoder_i.instr_i [6:2] \if_stage_i.compressed_decoder_i.instr_i [11:7] 3'000 \if_stage_i.compressed_decoder_i.instr_i [11:7] 7'0110011 }, Y=$auto$wreduce.cc:514:run$5834 [24:0]
      New ports: A={ 4'0000 $auto$wreduce.cc:514:run$5833 [4] $auto$wreduce.cc:514:run$5833 [19:15] 4'0000 $auto$wreduce.cc:514:run$5833 [2] 1'1 $auto$wreduce.cc:514:run$5833 [4] $auto$wreduce.cc:514:run$5833 [2] }, B={ \if_stage_i.compressed_decoder_i.instr_i [6:2] \if_stage_i.compressed_decoder_i.instr_i [11:7] \if_stage_i.compressed_decoder_i.instr_i [11:7] 3'010 }, Y={ $auto$wreduce.cc:514:run$5834 [24:15] $auto$wreduce.cc:514:run$5834 [11:6] $auto$wreduce.cc:514:run$5834 [4] $auto$wreduce.cc:514:run$5834 [2] }
      New connections: { $auto$wreduce.cc:514:run$5834 [14:12] $auto$wreduce.cc:514:run$5834 [5] $auto$wreduce.cc:514:run$5834 [3] $auto$wreduce.cc:514:run$5834 [1:0] } = 7'0001011
    Consolidated identical input bits for $pmux cell $procmux$4998:
      Old ports: A={ 1'0 \if_stage_i.compressed_decoder_i.instr_i [10] 5'00000 \if_stage_i.compressed_decoder_i.instr_i [6:2] 2'01 \if_stage_i.compressed_decoder_i.instr_i [9:7] 5'10101 \if_stage_i.compressed_decoder_i.instr_i [9:7] 7'0010011 }, B={ \if_stage_i.compressed_decoder_i.instr_i [12] \if_stage_i.compressed_decoder_i.instr_i [12] \if_stage_i.compressed_decoder_i.instr_i [12] \if_stage_i.compressed_decoder_i.instr_i [12] \if_stage_i.compressed_decoder_i.instr_i [12] \if_stage_i.compressed_decoder_i.instr_i [12] \if_stage_i.compressed_decoder_i.instr_i [12] \if_stage_i.compressed_decoder_i.instr_i [6:2] 2'01 \if_stage_i.compressed_decoder_i.instr_i [9:7] 5'11101 \if_stage_i.compressed_decoder_i.instr_i [9:7] 7'0010011 $if_stage_i.compressed_decoder_i.instr_o$190 }, Y=$if_stage_i.compressed_decoder_i.instr_o$192
      New ports: A={ 1'0 \if_stage_i.compressed_decoder_i.instr_i [10] 5'00000 \if_stage_i.compressed_decoder_i.instr_i [6:2] 2'01 \if_stage_i.compressed_decoder_i.instr_i [9:7] 12'101010010011 }, B={ \if_stage_i.compressed_decoder_i.instr_i [12] \if_stage_i.compressed_decoder_i.instr_i [12] \if_stage_i.compressed_decoder_i.instr_i [12] \if_stage_i.compressed_decoder_i.instr_i [12] \if_stage_i.compressed_decoder_i.instr_i [12] \if_stage_i.compressed_decoder_i.instr_i [12] \if_stage_i.compressed_decoder_i.instr_i [12] \if_stage_i.compressed_decoder_i.instr_i [6:2] 2'01 \if_stage_i.compressed_decoder_i.instr_i [9:7] 12'111010010011 $if_stage_i.compressed_decoder_i.instr_o$190 [31:10] $if_stage_i.compressed_decoder_i.instr_o$190 [6:0] }, Y={ $if_stage_i.compressed_decoder_i.instr_o$192 [31:10] $if_stage_i.compressed_decoder_i.instr_o$192 [6:0] }
      New connections: $if_stage_i.compressed_decoder_i.instr_o$192 [9:7] = \if_stage_i.compressed_decoder_i.instr_i [9:7]
    Consolidated identical input bits for $mux cell $procmux$704:
      Old ports: A={ \cs_registers_i.u_mstatus_csr.rdata_q [5:1] 1'0 }, B=$cs_registers_i.mstatus_d$1411, Y={ $cs_registers_i.mstatus_d$1427 [5:1] \cs_registers_i.mstatus_d [0] }
      New ports: A=\cs_registers_i.u_mstatus_csr.rdata_q [5:1], B=$cs_registers_i.mstatus_d$1411 [5:1], Y=$cs_registers_i.mstatus_d$1427 [5:1]
      New connections: \cs_registers_i.mstatus_d [0] = 1'0
  Optimizing cells in module \cve2_core.
    Consolidated identical input bits for $mux cell $memory$auto$memory_bmux2rom.cc:63:execute$5939$rdmux[0][2][3]$6024:
      Old ports: A=0, B=$memory$auto$memory_bmux2rom.cc:63:execute$5939$rdmux[0][2][3]$b$6026, Y=$memory$auto$memory_bmux2rom.cc:63:execute$5939$rdmux[0][1][1]$b$6014
      New ports: A=3'000, B={ $memory$auto$memory_bmux2rom.cc:63:execute$5939$rdmux[0][2][3]$b$6026 [3:2] $memory$auto$memory_bmux2rom.cc:63:execute$5939$rdmux[0][2][3]$b$6026 [0] }, Y={ $memory$auto$memory_bmux2rom.cc:63:execute$5939$rdmux[0][1][1]$b$6014 [3:2] $memory$auto$memory_bmux2rom.cc:63:execute$5939$rdmux[0][1][1]$b$6014 [0] }
      New connections: { $memory$auto$memory_bmux2rom.cc:63:execute$5939$rdmux[0][1][1]$b$6014 [31:4] $memory$auto$memory_bmux2rom.cc:63:execute$5939$rdmux[0][1][1]$b$6014 [1] } = 29'00000000000000000000000000000
    Consolidated identical input bits for $mux cell $procmux$282:
      Old ports: A=$cs_registers_i.mepc_d$1447, B={ \cs_registers_i.csr_wdata_int [31:1] 1'0 }, Y=$cs_registers_i.mepc_d$1456
      New ports: A=$cs_registers_i.mepc_d$1447 [31:1], B=\cs_registers_i.csr_wdata_int [31:1], Y=$cs_registers_i.mepc_d$1456 [31:1]
      New connections: $cs_registers_i.mepc_d$1456 [0] = 1'0
    Consolidated identical input bits for $mux cell $procmux$3181:
      Old ports: A=$id_stage_i.controller_i.mfip_id$551, B=4'1101, Y=$id_stage_i.controller_i.mfip_id$552
      New ports: A={ $id_stage_i.controller_i.mfip_id$551 [1] $id_stage_i.controller_i.mfip_id$551 [1:0] }, B=3'101, Y=$id_stage_i.controller_i.mfip_id$552 [2:0]
      New connections: $id_stage_i.controller_i.mfip_id$552 [3] = $id_stage_i.controller_i.mfip_id$552 [2]
    Consolidated identical input bits for $mux cell $procmux$334:
      Old ports: A={ \cs_registers_i.csr_wdata_int [31:1] 1'0 }, B=$cs_registers_i.depc_d$1465, Y=\cs_registers_i.depc_d
      New ports: A=\cs_registers_i.csr_wdata_int [31:1], B=$cs_registers_i.depc_d$1465 [31:1], Y=\cs_registers_i.depc_d [31:1]
      New connections: \cs_registers_i.depc_d [0] = 1'0
    Consolidated identical input bits for $pmux cell $procmux$3592:
      Old ports: A=6'000000, B={ 36'101011101100000010000011000100001010 $auto$wreduce.cc:514:run$5824 [5:0] }, Y=$id_stage_i.decoder_i.alu_operator_o$424 [5:0]
      New ports: A=5'00000, B={ 30'110111110000010000110010001010 $auto$wreduce.cc:514:run$5824 [2] 1'1 $auto$wreduce.cc:514:run$5824 [2] 1'0 $auto$wreduce.cc:514:run$5824 [0] }, Y={ $id_stage_i.decoder_i.alu_operator_o$424 [5] $id_stage_i.decoder_i.alu_operator_o$424 [3:0] }
      New connections: $id_stage_i.decoder_i.alu_operator_o$424 [4] = 1'0
    Consolidated identical input bits for $mux cell $procmux$4864:
      Old ports: A=$auto$wreduce.cc:514:run$5832 [24:0], B=$auto$wreduce.cc:514:run$5834 [24:0], Y=$auto$wreduce.cc:514:run$5835 [24:0]
      New ports: A={ $auto$wreduce.cc:514:run$5832 [24:15] $auto$wreduce.cc:514:run$5832 [11:7] $auto$wreduce.cc:514:run$5832 [2] $auto$wreduce.cc:514:run$5832 [4] $auto$wreduce.cc:514:run$5832 [2] }, B={ $auto$wreduce.cc:514:run$5834 [24:15] $auto$wreduce.cc:514:run$5834 [11:6] $auto$wreduce.cc:514:run$5834 [4] $auto$wreduce.cc:514:run$5834 [2] }, Y={ $auto$wreduce.cc:514:run$5835 [24:15] $auto$wreduce.cc:514:run$5835 [11:6] $auto$wreduce.cc:514:run$5835 [4] $auto$wreduce.cc:514:run$5835 [2] }
      New connections: { $auto$wreduce.cc:514:run$5835 [14:12] $auto$wreduce.cc:514:run$5835 [5] $auto$wreduce.cc:514:run$5835 [3] $auto$wreduce.cc:514:run$5835 [1:0] } = 7'0001011
  Optimizing cells in module \cve2_core.
    Consolidated identical input bits for $mux cell $memory$auto$memory_bmux2rom.cc:63:execute$5939$rdmux[0][1][1]$6012:
      Old ports: A=0, B=$memory$auto$memory_bmux2rom.cc:63:execute$5939$rdmux[0][1][1]$b$6014, Y=$memory$auto$memory_bmux2rom.cc:63:execute$5939$rdmux[0][0][0]$b$6008
      New ports: A=3'000, B={ $memory$auto$memory_bmux2rom.cc:63:execute$5939$rdmux[0][1][1]$b$6014 [3:2] $memory$auto$memory_bmux2rom.cc:63:execute$5939$rdmux[0][1][1]$b$6014 [0] }, Y={ $memory$auto$memory_bmux2rom.cc:63:execute$5939$rdmux[0][0][0]$b$6008 [3:2] $memory$auto$memory_bmux2rom.cc:63:execute$5939$rdmux[0][0][0]$b$6008 [0] }
      New connections: { $memory$auto$memory_bmux2rom.cc:63:execute$5939$rdmux[0][0][0]$b$6008 [31:4] $memory$auto$memory_bmux2rom.cc:63:execute$5939$rdmux[0][0][0]$b$6008 [1] } = 29'00000000000000000000000000000
    Consolidated identical input bits for $mux cell $procmux$3178:
      Old ports: A=$id_stage_i.controller_i.mfip_id$552, B=4'1100, Y=$id_stage_i.controller_i.mfip_id$553
      New ports: A=$id_stage_i.controller_i.mfip_id$552 [2:0], B=3'100, Y=$id_stage_i.controller_i.mfip_id$553 [2:0]
      New connections: $id_stage_i.controller_i.mfip_id$553 [3] = $id_stage_i.controller_i.mfip_id$553 [2]
  Optimizing cells in module \cve2_core.
    Consolidated identical input bits for $mux cell $memory$auto$memory_bmux2rom.cc:63:execute$5939$rdmux[0][0][0]$6006:
      Old ports: A=0, B=$memory$auto$memory_bmux2rom.cc:63:execute$5939$rdmux[0][0][0]$b$6008, Y=$1343y
      New ports: A=3'000, B={ $memory$auto$memory_bmux2rom.cc:63:execute$5939$rdmux[0][0][0]$b$6008 [3:2] $memory$auto$memory_bmux2rom.cc:63:execute$5939$rdmux[0][0][0]$b$6008 [0] }, Y={ $1343y [3:2] $1343y [0] }
      New connections: { $1343y [31:4] $1343y [1] } = 29'00000000000000000000000000000
  Optimizing cells in module \cve2_core.
Performed a total of 75 changes.

3.20.5. Executing OPT_MERGE pass (detect identical cells).
Finding identical cells in module `\cve2_core'.
<suppressed ~15 debug messages>
Removed a total of 5 cells.

3.20.6. Executing OPT_SHARE pass.
    Found cells that share an operand and can be merged by moving the $mux $32 in front of them:
        $28
        $31

    Found cells that share an operand and can be merged by moving the $pmux $procmux$1282 in front of them:
        $procmux$969
        $procmux$1060

3.20.7. Executing OPT_DFF pass (perform DFF optimizations).

3.20.8. Executing OPT_CLEAN pass (remove unused cells and wires).
Finding unused cells or wires in module \cve2_core..
Removed 1 unused cells and 68 unused wires.
<suppressed ~2 debug messages>

3.20.9. Executing OPT_EXPR pass (perform const folding).
Optimizing module cve2_core.
<suppressed ~22 debug messages>

3.20.10. Rerunning OPT passes. (Maybe there is more to do..)

3.20.11. Executing OPT_MUXTREE pass (detect dead branches in mux trees).
Running muxtree optimizer on module \cve2_core..
  Creating internal representation of mux trees.
  Evaluating internal representation of mux trees.
  Analyzing evaluation results.
Removed 0 multiplexer ports.
<suppressed ~589 debug messages>

3.20.12. Executing OPT_REDUCE pass (consolidate $*mux and $reduce_* inputs).
  Optimizing cells in module \cve2_core.
    New ctrl vector for $pmux cell $procmux$1282: $auto$opt_reduce.cc:137:opt_pmux$6106
  Optimizing cells in module \cve2_core.
Performed a total of 1 changes.

3.20.13. Executing OPT_MERGE pass (detect identical cells).
Finding identical cells in module `\cve2_core'.
<suppressed ~15 debug messages>
Removed a total of 5 cells.

3.20.14. Executing OPT_SHARE pass.

3.20.15. Executing OPT_DFF pass (perform DFF optimizations).
Setting constant 0-bit at position 0 on $auto$ff.cc:337:slice$5607 ($adffe) from module cve2_core.
Setting constant 0-bit at position 0 on $auto$ff.cc:337:slice$5671 ($adffe) from module cve2_core.
Setting constant 1-bit at position 0 on $auto$ff.cc:337:slice$5732 ($adffe) from module cve2_core.
Setting constant 0-bit at position 1 on $auto$ff.cc:337:slice$5732 ($adffe) from module cve2_core.
Setting constant 0-bit at position 2 on $auto$ff.cc:337:slice$5732 ($adffe) from module cve2_core.
Setting constant 0-bit at position 3 on $auto$ff.cc:337:slice$5732 ($adffe) from module cve2_core.
Setting constant 0-bit at position 4 on $auto$ff.cc:337:slice$5732 ($adffe) from module cve2_core.
Setting constant 0-bit at position 5 on $auto$ff.cc:337:slice$5732 ($adffe) from module cve2_core.
Setting constant 0-bit at position 6 on $auto$ff.cc:337:slice$5732 ($adffe) from module cve2_core.
Setting constant 0-bit at position 7 on $auto$ff.cc:337:slice$5732 ($adffe) from module cve2_core.
Setting constant 0-bit at position 0 on $auto$ff.cc:337:slice$5747 ($adffe) from module cve2_core.

3.20.16. Executing OPT_CLEAN pass (remove unused cells and wires).
Finding unused cells or wires in module \cve2_core..
Removed 1 unused cells and 15 unused wires.
<suppressed ~2 debug messages>

3.20.17. Executing OPT_EXPR pass (perform const folding).
Optimizing module cve2_core.
<suppressed ~7 debug messages>

3.20.18. Rerunning OPT passes. (Maybe there is more to do..)

3.20.19. Executing OPT_MUXTREE pass (detect dead branches in mux trees).
Running muxtree optimizer on module \cve2_core..
  Creating internal representation of mux trees.
  Evaluating internal representation of mux trees.
  Analyzing evaluation results.
Removed 0 multiplexer ports.
<suppressed ~585 debug messages>

3.20.20. Executing OPT_REDUCE pass (consolidate $*mux and $reduce_* inputs).
  Optimizing cells in module \cve2_core.
    Consolidated identical input bits for $mux cell $142:
      Old ports: A={ \if_stage_i.prefetch_buffer_i.fetch_addr_q [31:1] 1'0 }, B={ \if_stage_i.fetch_addr_n [31:1] 1'0 }, Y=$142y
      New ports: A=\if_stage_i.prefetch_buffer_i.fetch_addr_q [31:1], B=\if_stage_i.fetch_addr_n [31:1], Y=$142y [31:1]
      New connections: $142y [0] = 1'0
    New ctrl vector for $pmux cell $procmux$1255: $auto$opt_reduce.cc:137:opt_pmux$6111
  Optimizing cells in module \cve2_core.
Performed a total of 2 changes.

3.20.21. Executing OPT_MERGE pass (detect identical cells).
Finding identical cells in module `\cve2_core'.
<suppressed ~9 debug messages>
Removed a total of 3 cells.

3.20.22. Executing OPT_SHARE pass.
    Found cells that share an operand and can be merged by moving the $pmux $procmux$1297 in front of them:
        $procmux$974
        $procmux$1068

3.20.23. Executing OPT_DFF pass (perform DFF optimizations).

3.20.24. Executing OPT_CLEAN pass (remove unused cells and wires).
Finding unused cells or wires in module \cve2_core..
Removed 0 unused cells and 11 unused wires.
<suppressed ~1 debug messages>

3.20.25. Executing OPT_EXPR pass (perform const folding).
Optimizing module cve2_core.
<suppressed ~2 debug messages>

3.20.26. Rerunning OPT passes. (Maybe there is more to do..)

3.20.27. Executing OPT_MUXTREE pass (detect dead branches in mux trees).
Running muxtree optimizer on module \cve2_core..
  Creating internal representation of mux trees.
  Evaluating internal representation of mux trees.
  Analyzing evaluation results.
Removed 0 multiplexer ports.
<suppressed ~585 debug messages>

3.20.28. Executing OPT_REDUCE pass (consolidate $*mux and $reduce_* inputs).
  Optimizing cells in module \cve2_core.
    New ctrl vector for $pmux cell $procmux$1297: { $1111y $procmux$1079_CMP $procmux$1001_CMP $auto$opt_reduce.cc:137:opt_pmux$6116 }
  Optimizing cells in module \cve2_core.
Performed a total of 1 changes.

3.20.29. Executing OPT_MERGE pass (detect identical cells).
Finding identical cells in module `\cve2_core'.
<suppressed ~3 debug messages>
Removed a total of 1 cells.

3.20.30. Executing OPT_SHARE pass.

3.20.31. Executing OPT_DFF pass (perform DFF optimizations).
Setting constant 0-bit at position 0 on $auto$ff.cc:337:slice$5658 ($adffe) from module cve2_core.

3.20.32. Executing OPT_CLEAN pass (remove unused cells and wires).
Finding unused cells or wires in module \cve2_core..
Removed 0 unused cells and 1 unused wires.
<suppressed ~1 debug messages>

3.20.33. Executing OPT_EXPR pass (perform const folding).
Optimizing module cve2_core.

3.20.34. Rerunning OPT passes. (Maybe there is more to do..)

3.20.35. Executing OPT_MUXTREE pass (detect dead branches in mux trees).
Running muxtree optimizer on module \cve2_core..
  Creating internal representation of mux trees.
  Evaluating internal representation of mux trees.
  Analyzing evaluation results.
Removed 0 multiplexer ports.
<suppressed ~585 debug messages>

3.20.36. Executing OPT_REDUCE pass (consolidate $*mux and $reduce_* inputs).
  Optimizing cells in module \cve2_core.
    Consolidated identical input bits for $mux cell $143:
      Old ports: A={ $142y [31:1] 1'0 }, B={ \if_stage_i.prefetch_buffer_i.stored_addr_q [31:1] 1'0 }, Y=\if_stage_i.prefetch_buffer_i.instr_addr
      New ports: A=$142y [31:1], B=\if_stage_i.prefetch_buffer_i.stored_addr_q [31:1], Y=\if_stage_i.prefetch_buffer_i.instr_addr [31:1]
      New connections: \if_stage_i.prefetch_buffer_i.instr_addr [0] = 1'0
  Optimizing cells in module \cve2_core.
Performed a total of 1 changes.

3.20.37. Executing OPT_MERGE pass (detect identical cells).
Finding identical cells in module `\cve2_core'.
Removed a total of 0 cells.

3.20.38. Executing OPT_SHARE pass.

3.20.39. Executing OPT_DFF pass (perform DFF optimizations).

3.20.40. Executing OPT_CLEAN pass (remove unused cells and wires).
Finding unused cells or wires in module \cve2_core..

3.20.41. Executing OPT_EXPR pass (perform const folding).
Optimizing module cve2_core.

3.20.42. Rerunning OPT passes. (Maybe there is more to do..)

3.20.43. Executing OPT_MUXTREE pass (detect dead branches in mux trees).
Running muxtree optimizer on module \cve2_core..
  Creating internal representation of mux trees.
  Evaluating internal representation of mux trees.
  Analyzing evaluation results.
Removed 0 multiplexer ports.
<suppressed ~585 debug messages>

3.20.44. Executing OPT_REDUCE pass (consolidate $*mux and $reduce_* inputs).
  Optimizing cells in module \cve2_core.
Performed a total of 0 changes.

3.20.45. Executing OPT_MERGE pass (detect identical cells).
Finding identical cells in module `\cve2_core'.
Removed a total of 0 cells.

3.20.46. Executing OPT_SHARE pass.

3.20.47. Executing OPT_DFF pass (perform DFF optimizations).

3.20.48. Executing OPT_CLEAN pass (remove unused cells and wires).
Finding unused cells or wires in module \cve2_core..

3.20.49. Executing OPT_EXPR pass (perform const folding).
Optimizing module cve2_core.

3.20.50. Finished fast OPT passes. (There is nothing left to do.)

3.21. Executing TECHMAP pass (map to technology primitives).

3.21.1. Executing Verilog-2005 frontend: /foss/tools/yosys/bin/../share/yosys/techmap.v
Parsing Verilog input from `/foss/tools/yosys/bin/../share/yosys/techmap.v' to AST representation.
verilog frontend filename /foss/tools/yosys/bin/../share/yosys/techmap.v
Generating RTLIL representation for module `\_90_simplemap_bool_ops'.
Generating RTLIL representation for module `\_90_simplemap_reduce_ops'.
Generating RTLIL representation for module `\_90_simplemap_logic_ops'.
Generating RTLIL representation for module `\_90_simplemap_compare_ops'.
Generating RTLIL representation for module `\_90_simplemap_various'.
Generating RTLIL representation for module `\_90_simplemap_registers'.
Generating RTLIL representation for module `\_90_shift_ops_shr_shl_sshl_sshr'.
Generating RTLIL representation for module `\_90_shift_shiftx'.
Generating RTLIL representation for module `\_90_fa'.
Generating RTLIL representation for module `\_90_lcu_brent_kung'.
Generating RTLIL representation for module `\_90_alu'.
Generating RTLIL representation for module `\_90_macc'.
Generating RTLIL representation for module `\_90_alumacc'.
Generating RTLIL representation for module `\$__div_mod_u'.
Generating RTLIL representation for module `\$__div_mod_trunc'.
Generating RTLIL representation for module `\_90_div'.
Generating RTLIL representation for module `\_90_mod'.
Generating RTLIL representation for module `\$__div_mod_floor'.
Generating RTLIL representation for module `\_90_divfloor'.
Generating RTLIL representation for module `\_90_modfloor'.
Generating RTLIL representation for module `\_90_pow'.
Generating RTLIL representation for module `\_90_pmux'.
Generating RTLIL representation for module `\_90_demux'.
Generating RTLIL representation for module `\_90_lut'.
Generating RTLIL representation for module `\$connect'.
Generating RTLIL representation for module `\$input_port'.
Successfully finished Verilog frontend.

3.21.2. Continuing TECHMAP pass.
Using extmapper simplemap for cells of type $adffe.
Using extmapper simplemap for cells of type $reduce_or.
Using extmapper simplemap for cells of type $mux.
Using extmapper simplemap for cells of type $not.
Using extmapper simplemap for cells of type $reduce_and.
Using template $paramod$dc04b7d98e503a7bab16fce2df70e6e2c5ca34d6\_90_alu for cells of type $alu.
Using template $paramod$672a140277c71df8314410f22acc08d55222c3c7\_90_alu for cells of type $alu.
Using template $paramod$54d740639e1393b22262823179ff783ea9f17a35\_90_pmux for cells of type $pmux.
Using template $paramod$4fe6558ca5dbce8e35661465c5ec60854ca25402\_90_pmux for cells of type $pmux.
Using template $paramod$cc6a978c1b57cdb49efcec348c88d8e28bf1a01f\_90_alu for cells of type $alu.
Using template $paramod$788c3d57e5abb3a3f89aea6d4acd665be37f4e9b\_90_alu for cells of type $alu.
Using template $paramod$d901baf1fb63991ac0a40d2e3f4807d372bb57a2\_90_alu for cells of type $alu.
Using template $paramod$34c222451c49cd573fa5351335ef4308a65abab0\_90_alu for cells of type $alu.
Using template $paramod$cc80a4e89b0341cb117f5d28b0e7244620640141\_90_alu for cells of type $alu.
Using template $paramod$44a13d10af618e7fbe7b9aad2f6151ffcee1e2fa\_90_alu for cells of type $alu.
Using extmapper simplemap for cells of type $or.
Using template $paramod$7e708ae28ab761f11d0fb59d3ffc72f6a4baf5d9\_90_alu for cells of type $alu.
Using template $paramod$adbaf76fa5a3091a329503792521395f8ff4d1a4\_90_alu for cells of type $alu.
Using extmapper maccmap for cells of type $macc_v2.
  add { \ex_block_i.gen_multdiv_fast.multdiv_i.sign_a \ex_block_i.gen_multdiv_fast.multdiv_i.gen_mult_fast.mult_op_a } * { \ex_block_i.gen_multdiv_fast.multdiv_i.sign_b \ex_block_i.gen_multdiv_fast.multdiv_i.gen_mult_fast.mult_op_b } (17x17 bits, signed)
  add \ex_block_i.gen_multdiv_fast.multdiv_i.accum (34 bits, signed)
Using extmapper simplemap for cells of type $ne.
Using extmapper simplemap for cells of type $reduce_bool.
Using extmapper simplemap for cells of type $and.
Using extmapper simplemap for cells of type $eq.
Using extmapper simplemap for cells of type $adff.
Using extmapper simplemap for cells of type $logic_not.
Using extmapper simplemap for cells of type $logic_or.
Using extmapper simplemap for cells of type $logic_and.
Using extmapper simplemap for cells of type $xor.
Using template $paramod$constmap:87f69c0bea22f84de4bcd0314b57cb19e61b5eb7$paramod$455891ae50d34e43581a517459d55825f76fa58e\_90_shift_ops_shr_shl_sshl_sshr for cells of type $sshr.
Using template $paramod$constmap:dbcddb7b4524c1c5fa25e15435f3b9049e3d7d7a$paramod$3bf4391c2edcd7fdc564361d03ba2cf3a33c67d4\_90_shift_ops_shr_shl_sshl_sshr for cells of type $shl.
Using extmapper simplemap for cells of type $bmux.
Using template $paramod$2407ada40cc3dda6c6015be2b49b748cddb5a800\_90_demux for cells of type $demux.
Using template $paramod$8fabc56b80a569262acfc42757a02ca0b8e91278\_90_pmux for cells of type $pmux.
Using template $paramod$b3b6ac92d800c6f07aa48f510f923d86a674e5a7\_90_pmux for cells of type $pmux.
Using template $paramod$bf2533632d512eac76dd186c0da49367e29b8e98\_90_pmux for cells of type $pmux.
Using template $paramod$c5c783b17ab1d780abfad8cfe6563a0a7b47a3b0\_90_pmux for cells of type $pmux.
Using template $paramod$b756e651b7db7aeb455331d9a2df073db93fcc2e\_90_pmux for cells of type $pmux.
Using template $paramod$521ce43182eecb9f60c72393a788160d2c356bf5\_90_pmux for cells of type $pmux.
Using template $paramod$7106058a5c4034a81d3860a7c5166b1897e84750\_90_pmux for cells of type $pmux.
Using template $paramod$85df5dc01c7df96a7d8e5f1fdf76ce9ac452af63\_90_pmux for cells of type $pmux.
Using template $paramod$d629d85c8826a74239b9178d1930215a43b0ceb0\_90_pmux for cells of type $pmux.
Using template $paramod$200cf4763a5dd97104da97c2740bc6396db7fa25\_90_pmux for cells of type $pmux.
Using template $paramod$24d84da3a13a7952fabd852af4b40b86275330c3\_90_pmux for cells of type $pmux.
Using template $paramod$c2e415ef15bc3ccd2723772353a6b450d3d76206\_90_pmux for cells of type $pmux.
Using template $paramod$485347036a0659aa9372d9259fdffee185c48f49\_90_pmux for cells of type $pmux.
Using template $paramod$aba99f37686444d372c22a3c83be12c6bdd3f75e\_90_pmux for cells of type $pmux.
Using template $paramod$b098bc6f249c0ac91c4d6e19d54b23c285914115\_90_pmux for cells of type $pmux.
Using template $paramod$a13703aa027da371a1931fc542d213d7de559b19\_90_pmux for cells of type $pmux.
Using template $paramod$730057d8259da96d4776b15a47b747852ed4c479\_90_pmux for cells of type $pmux.
Using template $paramod$ae63dc3b50d8e8327f3f28c91126b1f0b8c3a12c\_90_pmux for cells of type $pmux.
Using template $paramod$8e2cd9e836d46c40867c8d0d57053a4e1c3bcdbc\_90_pmux for cells of type $pmux.
Using template $paramod$9174beaf0f44375ab754acac146039d243ace676\_90_pmux for cells of type $pmux.
Using template $paramod$90ef9d3919151a0ff7c15c5c14550fb560f421a1\_90_pmux for cells of type $pmux.
Using template $paramod$57f63e8a3282e053be0430389b09fa050ac7dca0\_90_pmux for cells of type $pmux.
Using template $paramod$97565c3687be688407d1272a293bd9d0ae6852dc\_90_pmux for cells of type $pmux.
Using template $paramod$eb7b5fa594d21f32e2ff3bd05b81752f0f326d5f\_90_pmux for cells of type $pmux.
Using template $paramod$c96def1cdcef2eee3c62e5dfb7ba2dd09c9f74dd\_90_pmux for cells of type $pmux.
Using template $paramod$a75cda08a00cd2ec286ea508f3ad43ec36b77618\_90_pmux for cells of type $pmux.
Using template $paramod$3aec434ea322cab681ad20f744a80c5503010ba7\_90_pmux for cells of type $pmux.
Using template $paramod$59b03ae2620a41577de8da5f5c97b2919e82362b\_90_pmux for cells of type $pmux.
Using template $paramod\_90_fa\WIDTH=32'00000000000000000000000000100010 for cells of type $fa.
Using template $paramod$dbef6e48cd28208af1b77a9bd7dfc80580f16131\_90_alu for cells of type $alu.
Using extmapper simplemap for cells of type $pos.
Using template $paramod\_90_fa\WIDTH=32'00000000000000000000000000000101 for cells of type $fa.
Using template $paramod\_90_lcu_brent_kung\WIDTH=32'00000000000000000000000000000101 for cells of type $lcu.
Using template $paramod\_90_fa\WIDTH=32'00000000000000000000000000011111 for cells of type $fa.
Using template $paramod\_90_lcu_brent_kung\WIDTH=32'00000000000000000000000000011111 for cells of type $lcu.
Using template $paramod\_90_fa\WIDTH=32'00000000000000000000000000100001 for cells of type $fa.
Using template $paramod\_90_lcu_brent_kung\WIDTH=32'00000000000000000000000000100001 for cells of type $lcu.
Using template $paramod$63301a5e78ceb1f2c17a4ac1894f292ed5701c1f\_90_demux for cells of type $demux.
Using template $paramod$46c272b461898a6a76adeeeedb0917ce1a81b478\_90_demux for cells of type $demux.
Using template $paramod\_90_fa\WIDTH=32'00000000000000000000000000000001 for cells of type $fa.
Using template $paramod\_90_lcu_brent_kung\WIDTH=32'00000000000000000000000000000001 for cells of type $lcu.
Using template $paramod\_90_fa\WIDTH=32'00000000000000000000000000000010 for cells of type $fa.
Using template $paramod\_90_lcu_brent_kung\WIDTH=32'00000000000000000000000000000010 for cells of type $lcu.
Using template $paramod\_90_fa\WIDTH=32'00000000000000000000000000011110 for cells of type $fa.
Using template $paramod\_90_lcu_brent_kung\WIDTH=32'00000000000000000000000000011110 for cells of type $lcu.
Using template $paramod\_90_fa\WIDTH=32'00000000000000000000000001000000 for cells of type $fa.
Using template $paramod\_90_lcu_brent_kung\WIDTH=32'00000000000000000000000001000000 for cells of type $lcu.
Using template $paramod\_90_fa\WIDTH=32'00000000000000000000000000101000 for cells of type $fa.
Using template $paramod\_90_lcu_brent_kung\WIDTH=32'00000000000000000000000000101000 for cells of type $lcu.
Using template $paramod\_90_lcu_brent_kung\WIDTH=32'00000000000000000000000000100010 for cells of type $lcu.
Using template $paramod$5d1d2614b24accd0f9d06c4779fd9ef771faf494\_90_demux for cells of type $demux.
No more expansions possible.
<suppressed ~7478 debug messages>

3.22. Executing OPT pass (performing simple optimizations).

3.22.1. Executing OPT_EXPR pass (perform const folding).
Optimizing module cve2_core.
<suppressed ~13621 debug messages>

3.22.2. Executing OPT_MERGE pass (detect identical cells).
Finding identical cells in module `\cve2_core'.
<suppressed ~11319 debug messages>
Removed a total of 3773 cells.

3.22.3. Executing OPT_DFF pass (perform DFF optimizations).

3.22.4. Executing OPT_CLEAN pass (remove unused cells and wires).
Finding unused cells or wires in module \cve2_core..
Removed 450 unused cells and 7794 unused wires.
<suppressed ~451 debug messages>

3.22.5. Finished fast OPT passes.

3.23. Executing ABC pass (technology mapping using ABC).

3.23.1. Extracting gate netlist of module `\cve2_core' to `<abc-temp-dir>/input.blif'..
Replacing 168 occurrences of constant undef bits with constant zero bits

3.23.1.1. Executed ABC.
Extracted 15460 gates and 17659 wires to a netlist network with 2196 inputs and 914 outputs.
Running ABC script: <abc-temp-dir>/abc.script
ABC: UC Berkeley, ABC 1.01 (compiled Dec 21 2025 19:49:10)
ABC: abc 01> empty
ABC: abc 01> source <abc-temp-dir>/abc.script
ABC: + read_blif <abc-temp-dir>/input.blif 
ABC: + read_library /tmp/yosys-abc-Z4Xj6E/stdcells.genlib 
ABC: + strash 
ABC: + dretime 
ABC: + map 
ABC: + write_blif <abc-temp-dir>/output.blif 
ABC: 

3.23.1.2. Re-integrating ABC results.
ABC RESULTS:               AND cells:      672
ABC RESULTS:            ANDNOT cells:     4319
ABC RESULTS:               MUX cells:     4160
ABC RESULTS:              NAND cells:      424
ABC RESULTS:               NOR cells:      688
ABC RESULTS:               NOT cells:     1614
ABC RESULTS:                OR cells:     2598
ABC RESULTS:             ORNOT cells:      597
ABC RESULTS:              XNOR cells:      340
ABC RESULTS:               XOR cells:      840
ABC RESULTS:        internal signals:    14549
ABC RESULTS:           input signals:     2196
ABC RESULTS:          output signals:      914
Removing temp directory.
Removing global temp directory.

3.24. Executing OPT pass (performing simple optimizations).

3.24.1. Executing OPT_EXPR pass (perform const folding).
Optimizing module cve2_core.
<suppressed ~2297 debug messages>

3.24.2. Executing OPT_MERGE pass (detect identical cells).
Finding identical cells in module `\cve2_core'.
<suppressed ~45 debug messages>
Removed a total of 15 cells.

3.24.3. Executing OPT_DFF pass (perform DFF optimizations).

3.24.4. Executing OPT_CLEAN pass (remove unused cells and wires).
Finding unused cells or wires in module \cve2_core..
Removed 7 unused cells and 6475 unused wires.
<suppressed ~432 debug messages>

3.24.5. Finished fast OPT passes.

3.25. Executing HIERARCHY pass (managing design hierarchy).
Attribute `top' found on module `cve2_core'. Setting top module to cve2_core.

3.25.1. Analyzing design hierarchy..
Top module:  \cve2_core

3.25.2. Analyzing design hierarchy..
Top module:  \cve2_core
Removed 0 unused modules.

3.26. Printing statistics.

=== cve2_core ===

        +----------Local Count, excluding submodules.
        | 
    16122 wires
    32609 wire bits
      763 public wires
    17219 public wire bits
       43 ports
      781 port bits
    18210 cells
     4314   $_ANDNOT_
      672   $_AND_
     1930   $_DFFE_PN0P_
        9   $_DFFE_PN1P_
       38   $_DFF_PN0_
        3   $_DFF_PN1_
     4157   $_MUX_
      423   $_NAND_
      687   $_NOR_
     1607   $_NOT_
      595   $_ORNOT_
     2595   $_OR_
      340   $_XNOR_
      840   $_XOR_

3.27. Executing CHECK pass (checking for obvious problems).
Checking module cve2_core...
Found and reported 0 problems.

4. Executing DFFLIBMAP pass (mapping DFF cells to sequential cells from liberty file).
  cell sg13g2_dfrbpq_1 (noninv, pins=4, area=48.99) is a direct match for cell type $_DFF_PN0_.
  final dff cell mappings:
    unmapped dff cell: $_DFF_N_
    unmapped dff cell: $_DFF_P_
    unmapped dff cell: $_DFF_NN0_
    unmapped dff cell: $_DFF_NN1_
    unmapped dff cell: $_DFF_NP0_
    unmapped dff cell: $_DFF_NP1_
    \sg13g2_dfrbpq_1 _DFF_PN0_ (.CLK( C), .D( D), .Q( Q), .RESET_B( R));
    unmapped dff cell: $_DFF_PN1_
    unmapped dff cell: $_DFF_PP0_
    unmapped dff cell: $_DFF_PP1_
    unmapped dff cell: $_DFFE_NN_
    unmapped dff cell: $_DFFE_NP_
    unmapped dff cell: $_DFFE_PN_
    unmapped dff cell: $_DFFE_PP_
    unmapped dff cell: $_DFFSR_NNN_
    unmapped dff cell: $_DFFSR_NNP_
    unmapped dff cell: $_DFFSR_NPN_
    unmapped dff cell: $_DFFSR_NPP_
    unmapped dff cell: $_DFFSR_PNN_
    unmapped dff cell: $_DFFSR_PNP_
    unmapped dff cell: $_DFFSR_PPN_
    unmapped dff cell: $_DFFSR_PPP_

4.1. Executing DFFLEGALIZE pass (convert FFs to types supported by the target).
<suppressed ~4 debug messages>
Mapping DFF cells in module `\cve2_core':
  mapped 1980 $_DFF_PN0_ cells to \sg13g2_dfrbpq_1 cells.

5. Executing ABC pass (technology mapping using ABC).

5.1. Extracting gate netlist of module `\cve2_core' to `<abc-temp-dir>/input.blif'..

5.1.1. Executed ABC.
Extracted 18193 gates and 20389 wires to a netlist network with 2196 inputs and 2081 outputs.
Running ABC script: <abc-temp-dir>/abc.script
ABC: UC Berkeley, ABC 1.01 (compiled Dec 21 2025 19:49:10)
ABC: abc 01> empty
ABC: abc 01> source <abc-temp-dir>/abc.script
ABC: + read_blif <abc-temp-dir>/input.blif 
ABC: + read_lib -w /foss/pdks/ihp-sg13g2/libs.ref/sg13g2_stdcell/lib/sg13g2_stdcell_typ_1p20V_25C.lib 
ABC: Parsing finished successfully.  Parsing time =     0.01 sec
ABC: Scl_LibertyReadGenlib() skipped cell "sg13g2_antennanp" due to dont_use attribute.
ABC: Scl_LibertyReadGenlib() skipped cell "sg13g2_decap_4" due to dont_use attribute.
ABC: Scl_LibertyReadGenlib() skipped cell "sg13g2_decap_8" due to dont_use attribute.
ABC: Scl_LibertyReadGenlib() skipped sequential cell "sg13g2_dfrbp_1".
ABC: Scl_LibertyReadGenlib() skipped sequential cell "sg13g2_dfrbp_2".
ABC: Scl_LibertyReadGenlib() skipped sequential cell "sg13g2_dfrbpq_1".
ABC: Scl_LibertyReadGenlib() skipped sequential cell "sg13g2_dfrbpq_2".
ABC: Scl_LibertyReadGenlib() skipped sequential cell "sg13g2_dlhq_1".
ABC: Scl_LibertyReadGenlib() skipped sequential cell "sg13g2_dlhr_1".
ABC: Scl_LibertyReadGenlib() skipped sequential cell "sg13g2_dlhrq_1".
ABC: Scl_LibertyReadGenlib() skipped sequential cell "sg13g2_dllr_1".
ABC: Scl_LibertyReadGenlib() skipped sequential cell "sg13g2_dllrq_1".
ABC: Scl_LibertyReadGenlib() skipped three-state cell "sg13g2_ebufn_2".
ABC: Scl_LibertyReadGenlib() skipped three-state cell "sg13g2_ebufn_4".
ABC: Scl_LibertyReadGenlib() skipped three-state cell "sg13g2_ebufn_8".
ABC: Scl_LibertyReadGenlib() skipped three-state cell "sg13g2_einvn_2".
ABC: Scl_LibertyReadGenlib() skipped three-state cell "sg13g2_einvn_4".
ABC: Scl_LibertyReadGenlib() skipped three-state cell "sg13g2_einvn_8".
ABC: Scl_LibertyReadGenlib() skipped cell "sg13g2_fill_1" due to dont_use attribute.
ABC: Scl_LibertyReadGenlib() skipped cell "sg13g2_fill_2" due to dont_use attribute.
ABC: Scl_LibertyReadGenlib() skipped cell "sg13g2_fill_4" due to dont_use attribute.
ABC: Scl_LibertyReadGenlib() skipped cell "sg13g2_fill_8" due to dont_use attribute.
ABC: Scl_LibertyReadGenlib() skipped cell "sg13g2_lgcp_1" due to dont_use attribute.
ABC: Scl_LibertyReadGenlib() skipped sequential cell "sg13g2_sdfbbp_1".
ABC: Scl_LibertyReadGenlib() skipped sequential cell "sg13g2_sdfrbp_1".
ABC: Scl_LibertyReadGenlib() skipped sequential cell "sg13g2_sdfrbp_2".
ABC: Scl_LibertyReadGenlib() skipped sequential cell "sg13g2_sdfrbpq_1".
ABC: Scl_LibertyReadGenlib() skipped sequential cell "sg13g2_sdfrbpq_2".
ABC: Scl_LibertyReadGenlib() skipped cell "sg13g2_sighold" due to dont_use attribute.
ABC: Scl_LibertyReadGenlib() skipped cell "sg13g2_slgcp_1" due to dont_use attribute.
ABC: Library "sg13g2_stdcell_typ_1p20V_25C" from "/foss/pdks/ihp-sg13g2/libs.ref/sg13g2_stdcell/lib/sg13g2_stdcell_typ_1p20V_25C.lib" has 54 cells (30 skipped: 14 seq; 6 tri-state; 0 no func; 10 dont_use; 0 with 2 outputs; 0 with 3+ outputs).  Time =     0.01 sec
ABC: Memory =    2.85 MB. Time =     0.01 sec
ABC: + strash 
ABC: + &get -n 
ABC: + &fraig -x 
ABC: + &put 
ABC: + scorr 
ABC: Warning: The network is combinational (run "fraig" or "fraig_sweep").
ABC: + dc2 
ABC: + dretime 
ABC: + strash 
ABC: + &get -n 
ABC: + &dch -f 
ABC: + &nf 
ABC: + &put 
ABC: + write_blif <abc-temp-dir>/output.blif 
ABC: 

5.1.2. Re-integrating ABC results.
ABC RESULTS:     sg13g2_a21o_1 cells:      315
ABC RESULTS:    sg13g2_a21oi_1 cells:     1460
ABC RESULTS:   sg13g2_a221oi_1 cells:      393
ABC RESULTS:    sg13g2_a22oi_1 cells:      750
ABC RESULTS:     sg13g2_and2_1 cells:      288
ABC RESULTS:     sg13g2_and3_1 cells:       74
ABC RESULTS:     sg13g2_and4_1 cells:       32
ABC RESULTS:      sg13g2_inv_1 cells:      472
ABC RESULTS:     sg13g2_mux2_1 cells:     1141
ABC RESULTS:     sg13g2_mux4_1 cells:      311
ABC RESULTS:    sg13g2_nand2_1 cells:     1484
ABC RESULTS:   sg13g2_nand2b_1 cells:      343
ABC RESULTS:    sg13g2_nand3_1 cells:      406
ABC RESULTS:   sg13g2_nand3b_1 cells:       31
ABC RESULTS:    sg13g2_nand4_1 cells:      120
ABC RESULTS:     sg13g2_nor2_1 cells:     1587
ABC RESULTS:    sg13g2_nor2b_1 cells:      272
ABC RESULTS:     sg13g2_nor3_1 cells:      329
ABC RESULTS:     sg13g2_nor4_1 cells:      107
ABC RESULTS:    sg13g2_o21ai_1 cells:     1830
ABC RESULTS:      sg13g2_or2_1 cells:      171
ABC RESULTS:      sg13g2_or3_1 cells:       61
ABC RESULTS:      sg13g2_or4_1 cells:       42
ABC RESULTS:    sg13g2_xnor2_1 cells:      524
ABC RESULTS:     sg13g2_xor2_1 cells:      307
ABC RESULTS:        internal signals:    16112
ABC RESULTS:           input signals:     2196
ABC RESULTS:          output signals:     2081
Removing temp directory.
Removing global temp directory.

6. Executing OPT_CLEAN pass (remove unused cells and wires).
Finding unused cells or wires in module \cve2_core..
Removed 0 unused cells and 20268 unused wires.
<suppressed ~644 debug messages>

7. Printing statistics.

=== cve2_core ===

        +----------Local Count, excluding submodules.
        |        +-Local Area, excluding submodules.
        |        | 
    12863        - wires
    17569        - wire bits
      120        - public wires
     4826        - public wire bits
       43        - ports
      781        - port bits
    14830 2.36E+05 cells
      315    4E+03   sg13g2_a21o_1
     1460 1.32E+04   sg13g2_a21oi_1
      393  5.7E+03   sg13g2_a221oi_1
      750  8136.45   sg13g2_a22oi_1
      288 2.61E+03   sg13g2_and2_1
       74  939.859   sg13g2_and3_1
       32  464.486   sg13g2_and4_1
     1980  9.7E+04   sg13g2_dfrbpq_1
      472  2569.19   sg13g2_inv_1
     1141 2.07E+04   sg13g2_mux2_1
      311 1.18E+04   sg13g2_mux4_1
     1484 1.08E+04   sg13g2_nand2_1
      343 3.11E+03   sg13g2_nand2b_1
      406 3.68E+03   sg13g2_nand3_1
       31  393.725   sg13g2_nand3b_1
      120 1.31E+03   sg13g2_nand4_1
     1587 1.15E+04   sg13g2_nor2_1
      272 2.47E+03   sg13g2_nor2b_1
      329 2.98E+03   sg13g2_nor3_1
      107 1.16E+03   sg13g2_nor4_1
     1830 1.66E+04   sg13g2_o21ai_1
      171 1.55E+03   sg13g2_or2_1
       61  774.749   sg13g2_or3_1
       42  609.638   sg13g2_or4_1
      524 7.61E+03   sg13g2_xnor2_1
      307 4.46E+03   sg13g2_xor2_1

   Chip area for module '\cve2_core': 236222.859600
     of which used for sequential elements: 96997.824000 (41.06%)

End of script. Logfile hash: e5b8984ddf, CPU: user 4.03s system 0.06s, MEM: 127.80 MB peak
Yosys 0.60 (git sha1 5bafeb77d, g++ 13.3.0-6ubuntu2~24.04 -fPIC -O3)
Time spent: 63% 2x abc (6 sec), 9% 33x opt_clean (0 sec), ...
