
 /----------------------------------------------------------------------------\
 |  yosys -- Yosys Open SYnthesis Suite                                       |
 |  Copyright (C) 2012 - 2025  Claire Xenia Wolf <claire@yosyshq.com>         |
 |  Distributed under an ISC-like license, type "license" to see terms        |
 \----------------------------------------------------------------------------/
 Yosys 0.60 (git sha1 5bafeb77d, g++ 13.3.0-6ubuntu2~24.04 -fPIC -O3)

-- Running command `
    plugin -i slang
    read_liberty -lib /foss/pdks/ihp-sg13g2/libs.ref/sg13g2_stdcell/lib/sg13g2_stdcell_typ_1p20V_25C.lib
    read_slang -D SYNTHESIS --top cv32e40p_core -G DIV_ENABLE=0 -G PULP_XPULP=0 -G FPU=0 -G NUM_MHPMCOUNTERS=1 /foss/designs/pulpissimo/.bender/git/checkouts/common_cells-bdd3ba741800de55/src/cf_math_pkg.sv /foss/designs/pulpissimo/.bender/git/checkouts/fpnew-e9fe7ed2e5aad413/src/fpnew_pkg.sv -I /foss/designs/pulpissimo/working_dir/cv32e40p/rtl/include /foss/designs/pulpissimo/working_dir/cv32e40p/rtl/include/cv32e40p_apu_core_pkg.sv /foss/designs/pulpissimo/working_dir/cv32e40p/rtl/include/cv32e40p_pkg.sv /foss/designs/pulpissimo/working_dir/cv32e40p/rtl/cv32e40p_alu.sv /foss/designs/pulpissimo/working_dir/cv32e40p/rtl/cv32e40p_alu_div.sv /foss/designs/pulpissimo/working_dir/cv32e40p/rtl/cv32e40p_aligner.sv /foss/designs/pulpissimo/working_dir/cv32e40p/rtl/cv32e40p_compressed_decoder.sv /foss/designs/pulpissimo/working_dir/cv32e40p/rtl/cv32e40p_controller.sv /foss/designs/pulpissimo/working_dir/cv32e40p/rtl/cv32e40p_cs_registers.sv /foss/designs/pulpissimo/working_dir/cv32e40p/rtl/cv32e40p_decoder.sv /foss/designs/pulpissimo/working_dir/cv32e40p/rtl/cv32e40p_int_controller.sv /foss/designs/pulpissimo/working_dir/cv32e40p/rtl/cv32e40p_ex_stage.sv /foss/designs/pulpissimo/working_dir/cv32e40p/rtl/cv32e40p_fifo.sv /foss/designs/pulpissimo/working_dir/cv32e40p/rtl/cv32e40p_hwloop_regs.sv /foss/designs/pulpissimo/working_dir/cv32e40p/rtl/cv32e40p_id_stage.sv /foss/designs/pulpissimo/working_dir/cv32e40p/rtl/cv32e40p_if_stage.sv /foss/designs/pulpissimo/working_dir/cv32e40p/rtl/cv32e40p_load_store_unit.sv /foss/designs/pulpissimo/working_dir/cv32e40p/rtl/cv32e40p_mult.sv /foss/designs/pulpissimo/working_dir/cv32e40p/rtl/cv32e40p_prefetch_buffer.sv /foss/designs/pulpissimo/working_dir/cv32e40p/rtl/cv32e40p_prefetch_controller.sv /foss/designs/pulpissimo/working_dir/cv32e40p/rtl/cv32e40p_obi_interface.sv /foss/designs/pulpissimo/working_dir/cv32e40p/rtl/cv32e40p_core.sv /foss/designs/pulpissimo/working_dir/cv32e40p/rtl/cv32e40p_apu_disp.sv /foss/designs/pulpissimo/working_dir/cv32e40p/rtl/cv32e40p_popcnt.sv /foss/designs/pulpissimo/working_dir/cv32e40p/rtl/cv32e40p_ff_one.sv /foss/designs/pulpissimo/working_dir/cv32e40p/rtl/cv32e40p_sleep_unit.sv /foss/designs/pulpissimo/working_dir/cv32e40p/rtl/cv32e40p_register_file_ff.sv /foss/designs/pulpissimo/doc/dungpc_doc/lab3/synth/cv32e40p_clock_gate_sg13g2.sv
    hierarchy -top cv32e40p_core
    synth -top cv32e40p_core -flatten
    dfflibmap -liberty /foss/pdks/ihp-sg13g2/libs.ref/sg13g2_stdcell/lib/sg13g2_stdcell_typ_1p20V_25C.lib
    abc -D 20000 -liberty /foss/pdks/ihp-sg13g2/libs.ref/sg13g2_stdcell/lib/sg13g2_stdcell_typ_1p20V_25C.lib
    opt_clean -purge
    tee -o /foss/designs/pulpissimo/doc/dungpc_doc/lab3/synth/results/cv32e40p_div0.stat stat -liberty /foss/pdks/ihp-sg13g2/libs.ref/sg13g2_stdcell/lib/sg13g2_stdcell_typ_1p20V_25C.lib
    write_verilog -noattr /foss/designs/pulpissimo/doc/dungpc_doc/lab3/synth/results/cv32e40p_div0.v
  ' --

1. Executing Liberty frontend: /foss/pdks/ihp-sg13g2/libs.ref/sg13g2_stdcell/lib/sg13g2_stdcell_typ_1p20V_25C.lib
Imported 84 cell types from liberty file.

2. Executing SLANG frontend.

2.1. Executing UNDRIVEN pass. (resolve undriven signals)

2.2. Executing PROC_CLEAN pass (remove empty switches from decision trees).
Removing empty process `cv32e40p_core.$3087'.
Removing empty process `cv32e40p_core.$3084'.
Removing empty process `cv32e40p_core.$3081'.
Removing empty process `cv32e40p_core.$3078'.
Found and cleaned up 2 empty switches in `\cv32e40p_core.$3071'.
Found and cleaned up 2 empty switches in `\cv32e40p_core.$3064'.
Found and cleaned up 2 empty switches in `\cv32e40p_core.$3057'.
Found and cleaned up 2 empty switches in `\cv32e40p_core.$2804'.
Found and cleaned up 1 empty switch in `\cv32e40p_core.$2703'.
Found and cleaned up 4 empty switches in `\cv32e40p_core.$2691'.
Found and cleaned up 1 empty switch in `\cv32e40p_core.$2677'.
Found and cleaned up 8 empty switches in `\cv32e40p_core.$2620'.
Found and cleaned up 1 empty switch in `\cv32e40p_core.$2609'.
Found and cleaned up 1 empty switch in `\cv32e40p_core.$2599'.
Removing empty process `cv32e40p_core.$2596'.
Found and cleaned up 1 empty switch in `\cv32e40p_core.$2592'.
Found and cleaned up 1 empty switch in `\cv32e40p_core.$2562'.
Found and cleaned up 1 empty switch in `\cv32e40p_core.$2545'.
Found and cleaned up 1 empty switch in `\cv32e40p_core.$2543'.
Found and cleaned up 1 empty switch in `\cv32e40p_core.$2525'.
Found and cleaned up 1 empty switch in `\cv32e40p_core.$2507'.
Found and cleaned up 1 empty switch in `\cv32e40p_core.$2505'.
Found and cleaned up 1 empty switch in `\cv32e40p_core.$2493'.
Found and cleaned up 1 empty switch in `\cv32e40p_core.$2491'.
Found and cleaned up 1 empty switch in `\cv32e40p_core.$2480'.
Found and cleaned up 1 empty switch in `\cv32e40p_core.$2453'.
Found and cleaned up 1 empty switch in `\cv32e40p_core.$2449'.
Found and cleaned up 1 empty switch in `\cv32e40p_core.$2399'.
Found and cleaned up 1 empty switch in `\cv32e40p_core.$2383'.
Found and cleaned up 1 empty switch in `\cv32e40p_core.$2357'.
Found and cleaned up 1 empty switch in `\cv32e40p_core.$2343'.
Found and cleaned up 1 empty switch in `\cv32e40p_core.$2321'.
Found and cleaned up 1 empty switch in `\cv32e40p_core.$2222'.
Found and cleaned up 1 empty switch in `\cv32e40p_core.$2149'.
Found and cleaned up 1 empty switch in `\cv32e40p_core.$2120'.
Found and cleaned up 1 empty switch in `\cv32e40p_core.$2113'.
Found and cleaned up 1 empty switch in `\cv32e40p_core.$2088'.
Found and cleaned up 1 empty switch in `\cv32e40p_core.$2070'.
Found and cleaned up 1 empty switch in `\cv32e40p_core.$2051'.
Found and cleaned up 1 empty switch in `\cv32e40p_core.$2047'.
Found and cleaned up 1 empty switch in `\cv32e40p_core.$2031'.
Found and cleaned up 1 empty switch in `\cv32e40p_core.$1978'.
Found and cleaned up 1 empty switch in `\cv32e40p_core.$1949'.
Found and cleaned up 1 empty switch in `\cv32e40p_core.$1916'.
Found and cleaned up 1 empty switch in `\cv32e40p_core.$1901'.
Removing empty process `cv32e40p_core.$1867'.
Found and cleaned up 1 empty switch in `\cv32e40p_core.$1647'.
Found and cleaned up 1 empty switch in `\cv32e40p_core.$1614'.
Removing empty process `cv32e40p_core.$1605'.
Found and cleaned up 1 empty switch in `\cv32e40p_core.$1596'.
Removing empty process `cv32e40p_core.$1593'.
Found and cleaned up 1 empty switch in `\cv32e40p_core.$1588'.
Removing empty process `cv32e40p_core.$1571'.
Found and cleaned up 1 empty switch in `\cv32e40p_core.$1546'.
Found and cleaned up 1 empty switch in `\cv32e40p_core.$1503'.
Found and cleaned up 4 empty switches in `\cv32e40p_core.$1077'.
Found and cleaned up 98 empty switches in `\cv32e40p_core.$786'.
Found and cleaned up 1 empty switch in `\cv32e40p_core.$779'.
Found and cleaned up 1 empty switch in `\cv32e40p_core.$772'.
Found and cleaned up 1 empty switch in `\cv32e40p_core.$765'.
Found and cleaned up 1 empty switch in `\cv32e40p_core.$758'.
Found and cleaned up 1 empty switch in `\cv32e40p_core.$751'.
Found and cleaned up 1 empty switch in `\cv32e40p_core.$744'.
Found and cleaned up 1 empty switch in `\cv32e40p_core.$737'.
Found and cleaned up 1 empty switch in `\cv32e40p_core.$730'.
Found and cleaned up 1 empty switch in `\cv32e40p_core.$723'.
Found and cleaned up 1 empty switch in `\cv32e40p_core.$716'.
Found and cleaned up 1 empty switch in `\cv32e40p_core.$709'.
Found and cleaned up 1 empty switch in `\cv32e40p_core.$702'.
Found and cleaned up 1 empty switch in `\cv32e40p_core.$695'.
Found and cleaned up 1 empty switch in `\cv32e40p_core.$688'.
Found and cleaned up 1 empty switch in `\cv32e40p_core.$681'.
Found and cleaned up 1 empty switch in `\cv32e40p_core.$674'.
Found and cleaned up 1 empty switch in `\cv32e40p_core.$667'.
Found and cleaned up 1 empty switch in `\cv32e40p_core.$660'.
Found and cleaned up 1 empty switch in `\cv32e40p_core.$653'.
Found and cleaned up 1 empty switch in `\cv32e40p_core.$646'.
Found and cleaned up 1 empty switch in `\cv32e40p_core.$639'.
Found and cleaned up 1 empty switch in `\cv32e40p_core.$632'.
Found and cleaned up 1 empty switch in `\cv32e40p_core.$625'.
Found and cleaned up 1 empty switch in `\cv32e40p_core.$618'.
Found and cleaned up 1 empty switch in `\cv32e40p_core.$611'.
Found and cleaned up 1 empty switch in `\cv32e40p_core.$604'.
Found and cleaned up 1 empty switch in `\cv32e40p_core.$597'.
Found and cleaned up 1 empty switch in `\cv32e40p_core.$590'.
Found and cleaned up 1 empty switch in `\cv32e40p_core.$583'.
Found and cleaned up 1 empty switch in `\cv32e40p_core.$576'.
Found and cleaned up 1 empty switch in `\cv32e40p_core.$569'.
Removing empty process `cv32e40p_core.$566'.
Found and cleaned up 1 empty switch in `\cv32e40p_core.$423'.
Found and cleaned up 1 empty switch in `\cv32e40p_core.$421'.
Found and cleaned up 1 empty switch in `\cv32e40p_core.$419'.
Found and cleaned up 1 empty switch in `\cv32e40p_core.$417'.
Found and cleaned up 1 empty switch in `\cv32e40p_core.$415'.
Found and cleaned up 1 empty switch in `\cv32e40p_core.$413'.
Found and cleaned up 1 empty switch in `\cv32e40p_core.$408'.
Found and cleaned up 1 empty switch in `\cv32e40p_core.$406'.
Found and cleaned up 1 empty switch in `\cv32e40p_core.$404'.
Found and cleaned up 1 empty switch in `\cv32e40p_core.$398'.
Found and cleaned up 1 empty switch in `\cv32e40p_core.$396'.
Found and cleaned up 1 empty switch in `\cv32e40p_core.$393'.
Found and cleaned up 1 empty switch in `\cv32e40p_core.$391'.
Found and cleaned up 1 empty switch in `\cv32e40p_core.$389'.
Found and cleaned up 1 empty switch in `\cv32e40p_core.$387'.
Found and cleaned up 1 empty switch in `\cv32e40p_core.$381'.
Found and cleaned up 1 empty switch in `\cv32e40p_core.$325'.
Found and cleaned up 17 empty switches in `\cv32e40p_core.$257'.
Found and cleaned up 1 empty switch in `\cv32e40p_core.$206'.
Found and cleaned up 1 empty switch in `\cv32e40p_core.$195'.
Found and cleaned up 1 empty switch in `\cv32e40p_core.$178'.
Found and cleaned up 1 empty switch in `\cv32e40p_core.$169'.
Found and cleaned up 1 empty switch in `\cv32e40p_core.$157'.
Found and cleaned up 1 empty switch in `\cv32e40p_core.$149'.
Found and cleaned up 1 empty switch in `\cv32e40p_core.$143'.
Found and cleaned up 1 empty switch in `\cv32e40p_core.$137'.
Found and cleaned up 1 empty switch in `\cv32e40p_core.$124'.
Found and cleaned up 2 empty switches in `\cv32e40p_core.$89'.
Found and cleaned up 1 empty switch in `\cv32e40p_core.$77'.
Found and cleaned up 1 empty switch in `\cv32e40p_core.$65'.
Found and cleaned up 1 empty switch in `\cv32e40p_core.$61'.
Found and cleaned up 1 empty switch in `\cv32e40p_core.$38'.
Found and cleaned up 1 empty switch in `\cv32e40p_core.$20'.
Found and cleaned up 1 empty switch in `\cv32e40p_core.$16'.
Removing empty process `cv32e40p_core.$12'.
Cleaned up 244 empty switches.

2.3. Executing TRIBUF pass.

2.4. Executing PROC_RMDEAD pass (remove dead branches from decision trees).
Marked 17 switch rules as full_case in process $2620 in module cv32e40p_core.
Marked 1 switch rules as full_case in process $2609 in module cv32e40p_core.
Marked 1 switch rules as full_case in process $2599 in module cv32e40p_core.
Marked 5 switch rules as full_case in process $3071 in module cv32e40p_core.
Marked 3 switch rules as full_case in process $2562 in module cv32e40p_core.
Marked 2 switch rules as full_case in process $2545 in module cv32e40p_core.
Marked 1 switch rules as full_case in process $2543 in module cv32e40p_core.
Marked 17 switch rules as full_case in process $2525 in module cv32e40p_core.
Marked 17 switch rules as full_case in process $2507 in module cv32e40p_core.
Marked 1 switch rules as full_case in process $2505 in module cv32e40p_core.
Marked 1 switch rules as full_case in process $2491 in module cv32e40p_core.
Marked 13 switch rules as full_case in process $2480 in module cv32e40p_core.
Marked 3 switch rules as full_case in process $2453 in module cv32e40p_core.
Marked 4 switch rules as full_case in process $2449 in module cv32e40p_core.
Marked 2 switch rules as full_case in process $2399 in module cv32e40p_core.
Marked 2 switch rules as full_case in process $2383 in module cv32e40p_core.
Marked 4 switch rules as full_case in process $2321 in module cv32e40p_core.
Marked 2 switch rules as full_case in process $2222 in module cv32e40p_core.
Marked 4 switch rules as full_case in process $2149 in module cv32e40p_core.
Marked 10 switch rules as full_case in process $2120 in module cv32e40p_core.
Marked 5 switch rules as full_case in process $2113 in module cv32e40p_core.
Marked 2 switch rules as full_case in process $2051 in module cv32e40p_core.
Marked 1 switch rules as full_case in process $2047 in module cv32e40p_core.
Marked 1 switch rules as full_case in process $2031 in module cv32e40p_core.
Marked 1 switch rules as full_case in process $1978 in module cv32e40p_core.
Marked 3 switch rules as full_case in process $1949 in module cv32e40p_core.
Marked 3 switch rules as full_case in process $1916 in module cv32e40p_core.
Marked 5 switch rules as full_case in process $1901 in module cv32e40p_core.
Marked 5 switch rules as full_case in process $3064 in module cv32e40p_core.
Marked 19 switch rules as full_case in process $1647 in module cv32e40p_core.
Marked 63 switch rules as full_case in process $1614 in module cv32e40p_core.
Marked 5 switch rules as full_case in process $3057 in module cv32e40p_core.
Marked 6 switch rules as full_case in process $1596 in module cv32e40p_core.
Marked 1 switch rules as full_case in process $2804 in module cv32e40p_core.
Marked 2 switch rules as full_case in process $1588 in module cv32e40p_core.
Marked 1 switch rules as full_case in process $2703 in module cv32e40p_core.
Marked 10 switch rules as full_case in process $1546 in module cv32e40p_core.
Marked 4 switch rules as full_case in process $1503 in module cv32e40p_core.
Marked 76 switch rules as full_case in process $1077 in module cv32e40p_core.
Marked 48 switch rules as full_case in process $786 in module cv32e40p_core.
Marked 2 switch rules as full_case in process $779 in module cv32e40p_core.
Marked 2 switch rules as full_case in process $772 in module cv32e40p_core.
Marked 2 switch rules as full_case in process $765 in module cv32e40p_core.
Marked 2 switch rules as full_case in process $758 in module cv32e40p_core.
Marked 2 switch rules as full_case in process $751 in module cv32e40p_core.
Marked 2 switch rules as full_case in process $744 in module cv32e40p_core.
Marked 2 switch rules as full_case in process $737 in module cv32e40p_core.
Marked 2 switch rules as full_case in process $730 in module cv32e40p_core.
Marked 2 switch rules as full_case in process $723 in module cv32e40p_core.
Marked 2 switch rules as full_case in process $716 in module cv32e40p_core.
Marked 2 switch rules as full_case in process $709 in module cv32e40p_core.
Marked 2 switch rules as full_case in process $702 in module cv32e40p_core.
Marked 2 switch rules as full_case in process $695 in module cv32e40p_core.
Marked 2 switch rules as full_case in process $688 in module cv32e40p_core.
Marked 2 switch rules as full_case in process $681 in module cv32e40p_core.
Marked 2 switch rules as full_case in process $674 in module cv32e40p_core.
Marked 2 switch rules as full_case in process $667 in module cv32e40p_core.
Marked 2 switch rules as full_case in process $660 in module cv32e40p_core.
Marked 2 switch rules as full_case in process $653 in module cv32e40p_core.
Marked 2 switch rules as full_case in process $646 in module cv32e40p_core.
Marked 2 switch rules as full_case in process $639 in module cv32e40p_core.
Marked 2 switch rules as full_case in process $632 in module cv32e40p_core.
Marked 2 switch rules as full_case in process $625 in module cv32e40p_core.
Marked 2 switch rules as full_case in process $618 in module cv32e40p_core.
Marked 2 switch rules as full_case in process $611 in module cv32e40p_core.
Marked 2 switch rules as full_case in process $604 in module cv32e40p_core.
Marked 2 switch rules as full_case in process $597 in module cv32e40p_core.
Marked 2 switch rules as full_case in process $590 in module cv32e40p_core.
Marked 2 switch rules as full_case in process $583 in module cv32e40p_core.
Marked 2 switch rules as full_case in process $576 in module cv32e40p_core.
Marked 2 switch rules as full_case in process $569 in module cv32e40p_core.
Marked 1 switch rules as full_case in process $413 in module cv32e40p_core.
Marked 1 switch rules as full_case in process $408 in module cv32e40p_core.
Marked 1 switch rules as full_case in process $406 in module cv32e40p_core.
Marked 1 switch rules as full_case in process $404 in module cv32e40p_core.
Marked 1 switch rules as full_case in process $398 in module cv32e40p_core.
Marked 1 switch rules as full_case in process $396 in module cv32e40p_core.
Marked 1 switch rules as full_case in process $391 in module cv32e40p_core.
Marked 1 switch rules as full_case in process $387 in module cv32e40p_core.
Marked 36 switch rules as full_case in process $257 in module cv32e40p_core.
Marked 10 switch rules as full_case in process $206 in module cv32e40p_core.
Marked 2 switch rules as full_case in process $195 in module cv32e40p_core.
Marked 2 switch rules as full_case in process $178 in module cv32e40p_core.
Marked 3 switch rules as full_case in process $169 in module cv32e40p_core.
Marked 1 switch rules as full_case in process $149 in module cv32e40p_core.
Marked 3 switch rules as full_case in process $143 in module cv32e40p_core.
Marked 6 switch rules as full_case in process $89 in module cv32e40p_core.
Marked 5 switch rules as full_case in process $65 in module cv32e40p_core.
Marked 1 switch rules as full_case in process $61 in module cv32e40p_core.
Marked 7 switch rules as full_case in process $38 in module cv32e40p_core.
Marked 2 switch rules as full_case in process $16 in module cv32e40p_core.
Marked 1 switch rules as full_case in process $2677 in module cv32e40p_core.
Removed a total of 0 dead cases.

2.5. Executing PROC_PRUNE pass (remove redundant assignments in processes).
Removed 351 redundant assignments.
Promoted 3 assignments to connections.

2.6. Executing PROC_INIT pass (extract init attributes).

2.7. Executing PROC_ROM pass (convert switches to ROMs).
Converted 0 switches.
<suppressed ~729 debug messages>

2.8. Executing PROC_MUX pass (convert decision trees to multiplexers).
Creating decoders for process `\cv32e40p_core.$2620'.
     1/52: $cs_registers_i.priv_lvl_n$2667
     2/52: $cs_registers_i.mcause_n$2666
     3/52: $cs_registers_i.mstatus_n[5]$2665
     4/52: $cs_registers_i.mstatus_n[3:1]$2664
     5/52: $cs_registers_i.depc_n$2663
     6/52: $cs_registers_i.dcsr_n[8:6]$2662
     7/52: $cs_registers_i.dcsr_n[1:0]$2661
     8/52: $cs_registers_i.mepc_n$2660
     9/52: $cs_registers_i.exception_pc$2659
    10/52: $cs_registers_i.priv_lvl_n$2676
    11/52: $cs_registers_i.mcause_n$2675
    12/52: $cs_registers_i.mstatus_n[5]$2674
    13/52: $cs_registers_i.mstatus_n[3:1]$2673
    14/52: $cs_registers_i.exception_pc$2672
    15/52: $cs_registers_i.depc_n$2671
    16/52: $cs_registers_i.dcsr_n[8:6]$2670
    17/52: $cs_registers_i.dcsr_n[1:0]$2669
    18/52: $cs_registers_i.mepc_n$2668
    19/52: $cs_registers_i.dscratch1_n$2642
    20/52: $cs_registers_i.dscratch0_n$2641
    21/52: $cs_registers_i.depc_n$2640
    22/52: $cs_registers_i.dcsr_n[15]$2638
    23/52: $cs_registers_i.dcsr_n[13:9]$2637
    24/52: $cs_registers_i.dcsr_n[4]$2636
    25/52: $cs_registers_i.dcsr_n[2:0]$2635
    26/52: $cs_registers_i.mcause_n$2634
    27/52: $cs_registers_i.mepc_n$2633
    28/52: $cs_registers_i.mscratch_n$2631
    29/52: $cs_registers_i.mtvec_mode_n$2630
    30/52: $cs_registers_i.mtvec_n$2629
    31/52: $cs_registers_i.mie_n$2628
    32/52: $cs_registers_i.mstatus_n$2626
    33/52: $cs_registers_i.fflags_n$2625
    34/52: $cs_registers_i.frm_n$2624
    35/52: $cs_registers_i.frm_n$2623
    36/52: $cs_registers_i.fflags_n$2622
    37/52: $cs_registers_i.mie_n$2658
    38/52: $cs_registers_i.mtvec_mode_n$2657
    39/52: $cs_registers_i.mtvec_n$2656
    40/52: $cs_registers_i.mcause_n$2655
    41/52: $cs_registers_i.mstatus_n$2654
    42/52: $cs_registers_i.mscratch_n$2653
    43/52: $cs_registers_i.dscratch1_n$2652
    44/52: $cs_registers_i.dscratch0_n$2651
    45/52: $cs_registers_i.depc_n$2650
    46/52: $cs_registers_i.dcsr_n[15]$2649
    47/52: $cs_registers_i.dcsr_n[13:9]$2648
    48/52: $cs_registers_i.dcsr_n[4]$2647
    49/52: $cs_registers_i.dcsr_n[2:0]$2646
    50/52: $cs_registers_i.mepc_n$2645
    51/52: $cs_registers_i.fflags_n$2644
    52/52: $cs_registers_i.frm_n$2643
Creating decoders for process `\cv32e40p_core.$2609'.
     1/1: $cs_registers_i.csr_rdata_int$2619
Creating decoders for process `\cv32e40p_core.$2599'.
     1/2: $cs_registers_i.csr_mie_wdata$2603
     2/2: $cs_registers_i.csr_mie_we$2604
Creating decoders for process `\cv32e40p_core.$3071'.
     1/6: $cs_registers_i.mhpmcounter_q[255:192]$3077
     2/6: $cs_registers_i.mhpmcounter_q[255:192]$3076 [63:32]
     3/6: $cs_registers_i.mhpmcounter_q[255:192]$3075 [31:0]
     4/6: $cs_registers_i.mhpmcounter_q[255:192]$3074
     5/6: $cs_registers_i.mhpmcounter_q[255:192]$3075 [63:32]
     6/6: $cs_registers_i.mhpmcounter_q[255:192]$3076 [31:0]
Creating decoders for process `\cv32e40p_core.$2592'.
     1/1: $load_store_unit_i.next_cnt$2595
Creating decoders for process `\cv32e40p_core.$2562'.
     1/4: $load_store_unit_i.data_misaligned_o$2569
     2/4: $load_store_unit_i.data_misaligned_o$2567
     3/4: $load_store_unit_i.data_misaligned_o$2570
     4/4: $load_store_unit_i.data_misaligned_o$2571
Creating decoders for process `\cv32e40p_core.$2545'.
     1/2: $load_store_unit_i.rdata_q$2553
     2/2: $load_store_unit_i.rdata_q$2554
Creating decoders for process `\cv32e40p_core.$2543'.
     1/1: $load_store_unit_i.data_rdata_ext$2544
Creating decoders for process `\cv32e40p_core.$2525'.
     1/9: $load_store_unit_i.rdata_b_ext$2540
     2/9: $load_store_unit_i.rdata_b_ext$2541
     3/9: $load_store_unit_i.rdata_b_ext$2536
     4/9: $load_store_unit_i.rdata_b_ext$2537
     5/9: $load_store_unit_i.rdata_b_ext$2532
     6/9: $load_store_unit_i.rdata_b_ext$2533
     7/9: $load_store_unit_i.rdata_b_ext$2542
     8/9: $load_store_unit_i.rdata_b_ext$2528
     9/9: $load_store_unit_i.rdata_b_ext$2529
Creating decoders for process `\cv32e40p_core.$2507'.
     1/9: $load_store_unit_i.rdata_h_ext$2522
     2/9: $load_store_unit_i.rdata_h_ext$2523
     3/9: $load_store_unit_i.rdata_h_ext$2518
     4/9: $load_store_unit_i.rdata_h_ext$2519
     5/9: $load_store_unit_i.rdata_h_ext$2514
     6/9: $load_store_unit_i.rdata_h_ext$2515
     7/9: $load_store_unit_i.rdata_h_ext$2524
     8/9: $load_store_unit_i.rdata_h_ext$2510
     9/9: $load_store_unit_i.rdata_h_ext$2511
Creating decoders for process `\cv32e40p_core.$2505'.
     1/1: $load_store_unit_i.rdata_w_ext$2506
Creating decoders for process `\cv32e40p_core.$2493'.
     1/5: $load_store_unit_i.data_load_event_q$2500
     2/5: $load_store_unit_i.data_we_q$2499
     3/5: $load_store_unit_i.data_sign_ext_q$2498
     4/5: $load_store_unit_i.rdata_offset_q$2497
     5/5: $load_store_unit_i.data_type_q$2496
Creating decoders for process `\cv32e40p_core.$2491'.
     1/1: $load_store_unit_i.data_wdata$2492
Creating decoders for process `\cv32e40p_core.$2480'.
     1/7: $load_store_unit_i.data_be$2488
     2/7: $load_store_unit_i.data_be$2487
     3/7: $load_store_unit_i.data_be$2486
     4/7: $load_store_unit_i.data_be$2489
     5/7: $load_store_unit_i.data_be$2483
     6/7: $load_store_unit_i.data_be$2484
     7/7: $load_store_unit_i.data_be$2482
Creating decoders for process `\cv32e40p_core.$2453'.
     1/4: $ex_stage_i.regfile_we_lsu$2461
     2/4: $ex_stage_i.regfile_we_lsu$2462
     3/4: $ex_stage_i.regfile_waddr_lsu$2460
     4/4: $ex_stage_i.regfile_waddr_lsu$2463
Creating decoders for process `\cv32e40p_core.$2449'.
     1/3: $ex_stage_i.mult_i.result_o$2451
     2/3: $ex_stage_i.mult_i.result_o$2450
     3/3: $ex_stage_i.mult_i.result_o$2452
Creating decoders for process `\cv32e40p_core.$2399'.
     1/2: $ex_stage_i.mult_i.mulh_carry_q$2404
     2/2: $ex_stage_i.mult_i.mulh_carry_q$2405
Creating decoders for process `\cv32e40p_core.$2383'.
     1/13: $ex_stage_i.mult_i.mulh_NS$2388
     2/13: $ex_stage_i.mult_i.mulh_NS$2387
     3/13: $ex_stage_i.mult_i.mulh_ready$2386
     4/13: $ex_stage_i.mult_i.mulh_NS$2398
     5/13: $ex_stage_i.mult_i.mulh_ready$2397
     6/13: $ex_stage_i.mult_i.mulh_clearcarry$2396
     7/13: $ex_stage_i.mult_i.mulh_save$2395
     8/13: $ex_stage_i.mult_i.mulh_active$2394
     9/13: $ex_stage_i.mult_i.mulh_shift_arith$2393
    10/13: $ex_stage_i.mult_i.mulh_signed$2392
    11/13: $ex_stage_i.mult_i.mulh_subword$2391
    12/13: $ex_stage_i.mult_i.mulh_imm$2390
    13/13: $ex_stage_i.mult_i.multicycle_o$2389
Creating decoders for process `\cv32e40p_core.$2357'.
     1/1: $ex_stage_i.alu_i.result_o$2362
Creating decoders for process `\cv32e40p_core.$2343'.
     1/1: $ex_stage_i.alu_i.reverse_result$2344
Creating decoders for process `\cv32e40p_core.$2321'.
     1/3: $ex_stage_i.alu_i.bitop_result$2325
     2/3: $ex_stage_i.alu_i.bitop_result$2324
     3/3: $ex_stage_i.alu_i.bitop_result$2326
Creating decoders for process `\cv32e40p_core.$2222'.
     1/2: $ex_stage_i.alu_i.ff_input$2223
     2/2: $ex_stage_i.alu_i.ff_input$2224
Creating decoders for process `\cv32e40p_core.$2149'.
     1/5: $ex_stage_i.alu_i.shuffle_byte_sel$2153
     2/5: $ex_stage_i.alu_i.shuffle_byte_sel$2152
     3/5: $ex_stage_i.alu_i.shuffle_byte_sel$2151
     4/5: $ex_stage_i.alu_i.shuffle_byte_sel$2150
     5/5: $ex_stage_i.alu_i.shuffle_byte_sel$2154
Creating decoders for process `\cv32e40p_core.$2120'.
     1/14: $ex_stage_i.alu_i.shuffle_reg_sel$2140
     2/14: $ex_stage_i.alu_i.shuffle_reg0_sel$2144
     3/14: $ex_stage_i.alu_i.shuffle_reg_sel$2143
     4/14: $ex_stage_i.alu_i.shuffle_reg_sel$2139
     5/14: $ex_stage_i.alu_i.shuffle_reg_sel$2129
     6/14: $ex_stage_i.alu_i.shuffle_through$2130
     7/14: $ex_stage_i.alu_i.shuffle_reg_sel$2126
     8/14: $ex_stage_i.alu_i.shuffle_through$2127
     9/14: $ex_stage_i.alu_i.shuffle_reg_sel$2124
    10/14: $ex_stage_i.alu_i.shuffle_reg1_sel$2122
    11/14: $ex_stage_i.alu_i.shuffle_through$2148
    12/14: $ex_stage_i.alu_i.shuffle_reg0_sel$2147
    13/14: $ex_stage_i.alu_i.shuffle_reg1_sel$2146
    14/14: $ex_stage_i.alu_i.shuffle_reg_sel$2145
Creating decoders for process `\cv32e40p_core.$2113'.
     1/3: $ex_stage_i.alu_i.clip_result$2118
     2/3: $ex_stage_i.alu_i.clip_result$2119
     3/3: $ex_stage_i.alu_i.clip_result$2116
Creating decoders for process `\cv32e40p_core.$2088'.
     1/1: $ex_stage_i.alu_i.cmp_result$2094
Creating decoders for process `\cv32e40p_core.$2070'.
     1/2: $ex_stage_i.alu_i.is_greater$2087
     2/2: $ex_stage_i.alu_i.is_equal$2086
Creating decoders for process `\cv32e40p_core.$2051'.
     1/2: $ex_stage_i.alu_i.cmp_signed$2052
     2/2: $ex_stage_i.alu_i.cmp_signed$2053
Creating decoders for process `\cv32e40p_core.$2047'.
     1/1: $ex_stage_i.alu_i.operand_b_eq$2049
Creating decoders for process `\cv32e40p_core.$2031'.
     1/1: $ex_stage_i.alu_i.shift_right_result$2045
Creating decoders for process `\cv32e40p_core.$1978'.
     1/1: $ex_stage_i.alu_i.shift_amt_left$1979
Creating decoders for process `\cv32e40p_core.$1949'.
     1/13: $ex_stage_i.alu_i.adder_in_a[27]$1959
     2/13: $ex_stage_i.alu_i.adder_in_a[18]$1958
     3/13: $ex_stage_i.alu_i.adder_in_a[9]$1957
     4/13: $ex_stage_i.alu_i.adder_in_b[27]$1956
     5/13: $ex_stage_i.alu_i.adder_in_b[18]$1955
     6/13: $ex_stage_i.alu_i.adder_in_b[9]$1954
     7/13: $ex_stage_i.alu_i.adder_in_b[27]$1966
     8/13: $ex_stage_i.alu_i.adder_in_b[18]$1965
     9/13: $ex_stage_i.alu_i.adder_in_b[9]$1964
    10/13: $ex_stage_i.alu_i.adder_in_b[0]$1963
    11/13: $ex_stage_i.alu_i.adder_in_a[27]$1962
    12/13: $ex_stage_i.alu_i.adder_in_a[18]$1961
    13/13: $ex_stage_i.alu_i.adder_in_a[9]$1960
Creating decoders for process `\cv32e40p_core.$1916'.
     1/8: $ex_stage_i.regfile_wdata_wb_o$1928
     2/8: $ex_stage_i.regfile_we_wb_o$1927
     3/8: $ex_stage_i.regfile_waddr_wb_o$1926
     4/8: $ex_stage_i.regfile_we_wb_o$1930
     5/8: $ex_stage_i.wb_contention_lsu$1921
     6/8: $ex_stage_i.wb_contention_lsu$1932
     7/8: $ex_stage_i.regfile_wdata_wb_o$1931
     8/8: $ex_stage_i.regfile_waddr_wb_o$1929
Creating decoders for process `\cv32e40p_core.$1901'.
     1/8: $ex_stage_i.regfile_alu_wdata_fw_o$1911
     2/8: $ex_stage_i.regfile_alu_wdata_fw_o$1910
     3/8: $ex_stage_i.regfile_alu_wdata_fw_o$1909
     4/8: $ex_stage_i.regfile_alu_wdata_fw_o$1914
     5/8: $ex_stage_i.regfile_alu_we_fw_o$1913
     6/8: $ex_stage_i.regfile_alu_waddr_fw_o$1912
     7/8: $ex_stage_i.wb_contention$1906
     8/8: $ex_stage_i.wb_contention$1915
Creating decoders for process `\cv32e40p_core.$3064'.
     1/6: $cs_registers_i.mhpmcounter_q[191:128]$3070
     2/6: $cs_registers_i.mhpmcounter_q[191:128]$3069 [63:32]
     3/6: $cs_registers_i.mhpmcounter_q[191:128]$3068 [31:0]
     4/6: $cs_registers_i.mhpmcounter_q[191:128]$3067
     5/6: $cs_registers_i.mhpmcounter_q[191:128]$3068 [63:32]
     6/6: $cs_registers_i.mhpmcounter_q[191:128]$3069 [31:0]
Creating decoders for process `\cv32e40p_core.$1647'.
     1/208: $id_stage_i.regfile_alu_we_ex_o$1700
     2/208: $id_stage_i.regfile_alu_we_ex_o$1703
     3/208: $id_stage_i.data_misaligned_ex_o$1711
     4/208: $id_stage_i.data_load_event_ex_o$1710
     5/208: $id_stage_i.data_req_ex_o$1709
     6/208: $id_stage_i.csr_op_ex_o$1708
     7/208: $id_stage_i.apu_en_ex_o$1707
     8/208: $id_stage_i.mult_en_ex_o$1706
     9/208: $id_stage_i.alu_operator_ex_o$1705
    10/208: $id_stage_i.alu_en_ex_o$1704
    11/208: $id_stage_i.regfile_we_ex_o$1702
    12/208: $id_stage_i.branch_in_ex_o$1701
    13/208: $id_stage_i.data_misaligned_ex_o$1759
    14/208: $id_stage_i.data_load_event_ex_o$1758
    15/208: $id_stage_i.data_req_ex_o$1753
    16/208: $id_stage_i.csr_op_ex_o$1752
    17/208: $id_stage_i.apu_en_ex_o$1745
    18/208: $id_stage_i.mult_en_ex_o$1734
    19/208: $id_stage_i.alu_operator_ex_o$1726
    20/208: $id_stage_i.alu_en_ex_o$1725
    21/208: $id_stage_i.regfile_alu_we_ex_o$1724
    22/208: $id_stage_i.regfile_we_ex_o$1722
    23/208: $id_stage_i.branch_in_ex_o$1712
    24/208: $id_stage_i.pc_ex_o$1698
    25/208: $id_stage_i.data_load_event_ex_o$1694
    26/208: $id_stage_i.atop_ex_o$1695
    27/208: $id_stage_i.data_reg_offset_ex_o$1693
    28/208: $id_stage_i.data_sign_ext_ex_o$1692
    29/208: $id_stage_i.data_type_ex_o$1691
    30/208: $id_stage_i.data_we_ex_o$1690
    31/208: $id_stage_i.regfile_alu_waddr_ex_o$1689
    32/208: $id_stage_i.regfile_waddr_ex_o$1688
    33/208: $id_stage_i.apu_waddr_ex_o$1687
    34/208: $id_stage_i.apu_flags_ex_o$1686
    35/208: $id_stage_i.apu_operands_ex_o$1685
    36/208: $id_stage_i.apu_lat_ex_o$1684
    37/208: $id_stage_i.apu_op_ex_o$1683
    38/208: $id_stage_i.mult_clpx_img_ex_o$1682
    39/208: $id_stage_i.mult_clpx_shift_ex_o$1681
    40/208: $id_stage_i.mult_is_clpx_ex_o$1680
    41/208: $id_stage_i.mult_dot_signed_ex_o$1679
    42/208: $id_stage_i.mult_dot_op_c_ex_o$1678
    43/208: $id_stage_i.mult_dot_op_b_ex_o$1677
    44/208: $id_stage_i.mult_dot_op_a_ex_o$1676
    45/208: $id_stage_i.mult_operator_ex_o$1675
    46/208: $id_stage_i.mult_imm_ex_o$1674
    47/208: $id_stage_i.mult_signed_mode_ex_o$1673
    48/208: $id_stage_i.mult_sel_subword_ex_o$1672
    49/208: $id_stage_i.mult_operand_c_ex_o$1671
    50/208: $id_stage_i.mult_operand_b_ex_o$1670
    51/208: $id_stage_i.mult_operand_a_ex_o$1669
    52/208: $id_stage_i.mult_operator_ex_o$1668
    53/208: $id_stage_i.alu_clpx_shift_ex_o$1667
    54/208: $id_stage_i.alu_is_subrot_ex_o$1666
    55/208: $id_stage_i.alu_is_clpx_ex_o$1665
    56/208: $id_stage_i.alu_operator_ex_o$1664
    57/208: $id_stage_i.alu_vec_mode_ex_o$1663
    58/208: $id_stage_i.imm_vec_ext_ex_o$1662
    59/208: $id_stage_i.bmask_b_ex_o$1661
    60/208: $id_stage_i.bmask_a_ex_o$1660
    61/208: $id_stage_i.alu_operand_c_ex_o$1659
    62/208: $id_stage_i.alu_operand_b_ex_o$1658
    63/208: $id_stage_i.alu_operand_a_ex_o$1657
    64/208: $id_stage_i.atop_ex_o$1761
    65/208: $id_stage_i.prepost_useincr_ex_o$1760
    66/208: $id_stage_i.data_reg_offset_ex_o$1757
    67/208: $id_stage_i.data_sign_ext_ex_o$1756
    68/208: $id_stage_i.data_type_ex_o$1755
    69/208: $id_stage_i.data_we_ex_o$1754
    70/208: $id_stage_i.csr_access_ex_o$1751
    71/208: $id_stage_i.apu_waddr_ex_o$1750
    72/208: $id_stage_i.apu_flags_ex_o$1749
    73/208: $id_stage_i.apu_operands_ex_o$1748
    74/208: $id_stage_i.apu_lat_ex_o$1747
    75/208: $id_stage_i.apu_op_ex_o$1746
    76/208: $id_stage_i.mult_clpx_img_ex_o$1744
    77/208: $id_stage_i.mult_clpx_shift_ex_o$1743
    78/208: $id_stage_i.mult_is_clpx_ex_o$1742
    79/208: $id_stage_i.mult_dot_signed_ex_o$1741
    80/208: $id_stage_i.mult_dot_op_c_ex_o$1740
    81/208: $id_stage_i.mult_dot_op_b_ex_o$1739
    82/208: $id_stage_i.mult_dot_op_a_ex_o$1738
    83/208: $id_stage_i.mult_imm_ex_o$1737
    84/208: $id_stage_i.mult_signed_mode_ex_o$1736
    85/208: $id_stage_i.mult_sel_subword_ex_o$1735
    86/208: $id_stage_i.mult_operand_c_ex_o$1733
    87/208: $id_stage_i.mult_operand_b_ex_o$1732
    88/208: $id_stage_i.mult_operand_a_ex_o$1731
    89/208: $id_stage_i.mult_operator_ex_o$1730
    90/208: $id_stage_i.alu_clpx_shift_ex_o$1729
    91/208: $id_stage_i.alu_is_subrot_ex_o$1728
    92/208: $id_stage_i.alu_is_clpx_ex_o$1727
    93/208: $id_stage_i.regfile_alu_waddr_ex_o$1723
    94/208: $id_stage_i.regfile_waddr_ex_o$1721
    95/208: $id_stage_i.alu_vec_mode_ex_o$1720
    96/208: $id_stage_i.imm_vec_ext_ex_o$1719
    97/208: $id_stage_i.bmask_b_ex_o$1718
    98/208: $id_stage_i.bmask_a_ex_o$1717
    99/208: $id_stage_i.alu_operand_c_ex_o$1716
   100/208: $id_stage_i.alu_operand_b_ex_o$1715
   101/208: $id_stage_i.alu_operand_a_ex_o$1714
   102/208: $id_stage_i.pc_ex_o$1713
   103/208: $id_stage_i.mult_operand_c_ex_o$1783
   104/208: $id_stage_i.atop_ex_o$1811
   105/208: $id_stage_i.prepost_useincr_ex_o$1810
   106/208: $id_stage_i.data_misaligned_ex_o$1809
   107/208: $id_stage_i.data_load_event_ex_o$1808
   108/208: $id_stage_i.data_reg_offset_ex_o$1807
   109/208: $id_stage_i.data_sign_ext_ex_o$1806
   110/208: $id_stage_i.data_type_ex_o$1805
   111/208: $id_stage_i.data_we_ex_o$1804
   112/208: $id_stage_i.data_req_ex_o$1803
   113/208: $id_stage_i.csr_op_ex_o$1802
   114/208: $id_stage_i.csr_access_ex_o$1801
   115/208: $id_stage_i.apu_waddr_ex_o$1800
   116/208: $id_stage_i.apu_flags_ex_o$1799
   117/208: $id_stage_i.apu_operands_ex_o$1798
   118/208: $id_stage_i.apu_lat_ex_o$1797
   119/208: $id_stage_i.apu_op_ex_o$1796
   120/208: $id_stage_i.apu_en_ex_o$1795
   121/208: $id_stage_i.mult_clpx_img_ex_o$1794
   122/208: $id_stage_i.mult_clpx_shift_ex_o$1793
   123/208: $id_stage_i.mult_is_clpx_ex_o$1792
   124/208: $id_stage_i.mult_dot_signed_ex_o$1791
   125/208: $id_stage_i.mult_dot_op_c_ex_o$1790
   126/208: $id_stage_i.mult_dot_op_b_ex_o$1789
   127/208: $id_stage_i.mult_dot_op_a_ex_o$1788
   128/208: $id_stage_i.mult_imm_ex_o$1787
   129/208: $id_stage_i.mult_signed_mode_ex_o$1786
   130/208: $id_stage_i.mult_sel_subword_ex_o$1785
   131/208: $id_stage_i.mult_en_ex_o$1784
   132/208: $id_stage_i.mult_operand_b_ex_o$1782
   133/208: $id_stage_i.mult_operand_a_ex_o$1781
   134/208: $id_stage_i.mult_operator_ex_o$1780
   135/208: $id_stage_i.alu_clpx_shift_ex_o$1779
   136/208: $id_stage_i.alu_is_subrot_ex_o$1778
   137/208: $id_stage_i.alu_is_clpx_ex_o$1777
   138/208: $id_stage_i.alu_operator_ex_o$1776
   139/208: $id_stage_i.alu_en_ex_o$1775
   140/208: $id_stage_i.regfile_alu_we_ex_o$1774
   141/208: $id_stage_i.regfile_alu_waddr_ex_o$1773
   142/208: $id_stage_i.regfile_we_ex_o$1772
   143/208: $id_stage_i.regfile_waddr_ex_o$1771
   144/208: $id_stage_i.alu_vec_mode_ex_o$1770
   145/208: $id_stage_i.imm_vec_ext_ex_o$1769
   146/208: $id_stage_i.bmask_b_ex_o$1768
   147/208: $id_stage_i.bmask_a_ex_o$1767
   148/208: $id_stage_i.alu_operand_c_ex_o$1766
   149/208: $id_stage_i.alu_operand_b_ex_o$1765
   150/208: $id_stage_i.alu_operand_a_ex_o$1764
   151/208: $id_stage_i.pc_ex_o$1763
   152/208: $id_stage_i.branch_in_ex_o$1762
   153/208: $id_stage_i.prepost_useincr_ex_o$1860
   154/208: $id_stage_i.data_misaligned_ex_o$1859
   155/208: $id_stage_i.regfile_alu_we_ex_o$1824
   156/208: $id_stage_i.alu_operand_b_ex_o$1815
   157/208: $id_stage_i.alu_operand_a_ex_o$1814
   158/208: $id_stage_i.alu_operand_a_ex_o$1651
   159/208: $id_stage_i.prepost_useincr_ex_o$1656
   160/208: $id_stage_i.data_misaligned_ex_o$1655
   161/208: $id_stage_i.regfile_alu_we_ex_o$1654
   162/208: $id_stage_i.alu_operand_b_ex_o$1653
   163/208: $id_stage_i.alu_operand_a_ex_o$1652
   164/208: $id_stage_i.atop_ex_o$1861
   165/208: $id_stage_i.data_load_event_ex_o$1858
   166/208: $id_stage_i.data_reg_offset_ex_o$1857
   167/208: $id_stage_i.data_sign_ext_ex_o$1856
   168/208: $id_stage_i.data_type_ex_o$1855
   169/208: $id_stage_i.data_we_ex_o$1854
   170/208: $id_stage_i.data_req_ex_o$1853
   171/208: $id_stage_i.csr_op_ex_o$1852
   172/208: $id_stage_i.csr_access_ex_o$1851
   173/208: $id_stage_i.apu_waddr_ex_o$1850
   174/208: $id_stage_i.apu_flags_ex_o$1849
   175/208: $id_stage_i.apu_operands_ex_o$1848
   176/208: $id_stage_i.apu_lat_ex_o$1847
   177/208: $id_stage_i.apu_op_ex_o$1846
   178/208: $id_stage_i.apu_en_ex_o$1845
   179/208: $id_stage_i.mult_clpx_img_ex_o$1844
   180/208: $id_stage_i.mult_clpx_shift_ex_o$1843
   181/208: $id_stage_i.mult_is_clpx_ex_o$1842
   182/208: $id_stage_i.mult_dot_signed_ex_o$1841
   183/208: $id_stage_i.mult_dot_op_c_ex_o$1840
   184/208: $id_stage_i.mult_dot_op_b_ex_o$1839
   185/208: $id_stage_i.mult_dot_op_a_ex_o$1838
   186/208: $id_stage_i.mult_imm_ex_o$1837
   187/208: $id_stage_i.mult_signed_mode_ex_o$1836
   188/208: $id_stage_i.mult_sel_subword_ex_o$1835
   189/208: $id_stage_i.mult_en_ex_o$1834
   190/208: $id_stage_i.mult_operand_c_ex_o$1833
   191/208: $id_stage_i.mult_operand_b_ex_o$1832
   192/208: $id_stage_i.mult_operand_a_ex_o$1831
   193/208: $id_stage_i.mult_operator_ex_o$1830
   194/208: $id_stage_i.alu_clpx_shift_ex_o$1829
   195/208: $id_stage_i.alu_is_subrot_ex_o$1828
   196/208: $id_stage_i.alu_is_clpx_ex_o$1827
   197/208: $id_stage_i.alu_operator_ex_o$1826
   198/208: $id_stage_i.alu_en_ex_o$1825
   199/208: $id_stage_i.regfile_alu_waddr_ex_o$1823
   200/208: $id_stage_i.regfile_we_ex_o$1822
   201/208: $id_stage_i.regfile_waddr_ex_o$1821
   202/208: $id_stage_i.alu_vec_mode_ex_o$1820
   203/208: $id_stage_i.imm_vec_ext_ex_o$1819
   204/208: $id_stage_i.bmask_b_ex_o$1818
   205/208: $id_stage_i.bmask_a_ex_o$1817
   206/208: $id_stage_i.alu_operand_c_ex_o$1816
   207/208: $id_stage_i.pc_ex_o$1813
   208/208: $id_stage_i.branch_in_ex_o$1812
Creating decoders for process `\cv32e40p_core.$1614'.
     1/32: $id_stage_i.int_controller_i.irq_id_ctrl_o$1615
     2/32: $id_stage_i.int_controller_i.irq_id_ctrl_o$1616
     3/32: $id_stage_i.int_controller_i.irq_id_ctrl_o$1617
     4/32: $id_stage_i.int_controller_i.irq_id_ctrl_o$1618
     5/32: $id_stage_i.int_controller_i.irq_id_ctrl_o$1619
     6/32: $id_stage_i.int_controller_i.irq_id_ctrl_o$1620
     7/32: $id_stage_i.int_controller_i.irq_id_ctrl_o$1621
     8/32: $id_stage_i.int_controller_i.irq_id_ctrl_o$1622
     9/32: $id_stage_i.int_controller_i.irq_id_ctrl_o$1623
    10/32: $id_stage_i.int_controller_i.irq_id_ctrl_o$1624
    11/32: $id_stage_i.int_controller_i.irq_id_ctrl_o$1625
    12/32: $id_stage_i.int_controller_i.irq_id_ctrl_o$1626
    13/32: $id_stage_i.int_controller_i.irq_id_ctrl_o$1627
    14/32: $id_stage_i.int_controller_i.irq_id_ctrl_o$1628
    15/32: $id_stage_i.int_controller_i.irq_id_ctrl_o$1629
    16/32: $id_stage_i.int_controller_i.irq_id_ctrl_o$1630
    17/32: $id_stage_i.int_controller_i.irq_id_ctrl_o$1631
    18/32: $id_stage_i.int_controller_i.irq_id_ctrl_o$1632
    19/32: $id_stage_i.int_controller_i.irq_id_ctrl_o$1633
    20/32: $id_stage_i.int_controller_i.irq_id_ctrl_o$1634
    21/32: $id_stage_i.int_controller_i.irq_id_ctrl_o$1635
    22/32: $id_stage_i.int_controller_i.irq_id_ctrl_o$1636
    23/32: $id_stage_i.int_controller_i.irq_id_ctrl_o$1637
    24/32: $id_stage_i.int_controller_i.irq_id_ctrl_o$1638
    25/32: $id_stage_i.int_controller_i.irq_id_ctrl_o$1639
    26/32: $id_stage_i.int_controller_i.irq_id_ctrl_o$1640
    27/32: $id_stage_i.int_controller_i.irq_id_ctrl_o$1641
    28/32: $id_stage_i.int_controller_i.irq_id_ctrl_o$1642
    29/32: $id_stage_i.int_controller_i.irq_id_ctrl_o$1643
    30/32: $id_stage_i.int_controller_i.irq_id_ctrl_o$1644
    31/32: $id_stage_i.int_controller_i.irq_id_ctrl_o$1645
    32/32: $id_stage_i.int_controller_i.irq_id_ctrl_o$1646
Creating decoders for process `\cv32e40p_core.$3057'.
     1/6: $cs_registers_i.mhpmcounter_q[63:0]$3063
     2/6: $cs_registers_i.mhpmcounter_q[63:0]$3062 [63:32]
     3/6: $cs_registers_i.mhpmcounter_q[63:0]$3061 [31:0]
     4/6: $cs_registers_i.mhpmcounter_q[63:0]$3060
     5/6: $cs_registers_i.mhpmcounter_q[63:0]$3061 [63:32]
     6/6: $cs_registers_i.mhpmcounter_q[63:0]$3062 [31:0]
Creating decoders for process `\cv32e40p_core.$1596'.
     1/5: $id_stage_i.controller_i.debug_fsm_ns$1603
     2/5: $id_stage_i.controller_i.debug_fsm_ns$1601
     3/5: $id_stage_i.controller_i.debug_fsm_ns$1604
     4/5: $id_stage_i.controller_i.debug_fsm_ns$1599
     5/5: $id_stage_i.controller_i.debug_fsm_ns$1600
Creating decoders for process `\cv32e40p_core.$2804'.
     1/2: $cs_registers_i.mhpmevent_n$2813
     2/2: $cs_registers_i.mcountinhibit_n$2805
Creating decoders for process `\cv32e40p_core.$1588'.
     1/2: $id_stage_i.controller_i.debug_req_q$1591
     2/2: $id_stage_i.controller_i.debug_req_q$1592
Creating decoders for process `\cv32e40p_core.$2703'.
     1/2: $cs_registers_i.gen_trigger_regs.tmatch_value_q$2707
     2/2: $cs_registers_i.gen_trigger_regs.tmatch_control_exec_q$2706
Creating decoders for process `\cv32e40p_core.$1546'.
     1/16: $id_stage_i.controller_i.operand_c_fw_mux_sel_o$1567
     2/16: $id_stage_i.controller_i.operand_c_fw_mux_sel_o$1570
     3/16: $id_stage_i.controller_i.operand_b_fw_mux_sel_o$1569
     4/16: $id_stage_i.controller_i.operand_a_fw_mux_sel_o$1568
     5/16: $id_stage_i.controller_i.operand_c_fw_mux_sel_o$1563
     6/16: $id_stage_i.controller_i.operand_b_fw_mux_sel_o$1561
     7/16: $id_stage_i.controller_i.operand_a_fw_mux_sel_o$1559
     8/16: $id_stage_i.controller_i.operand_c_fw_mux_sel_o$1566
     9/16: $id_stage_i.controller_i.operand_b_fw_mux_sel_o$1565
    10/16: $id_stage_i.controller_i.operand_a_fw_mux_sel_o$1564
    11/16: $id_stage_i.controller_i.operand_c_fw_mux_sel_o$1553
    12/16: $id_stage_i.controller_i.operand_b_fw_mux_sel_o$1551
    13/16: $id_stage_i.controller_i.operand_a_fw_mux_sel_o$1549
    14/16: $id_stage_i.controller_i.operand_c_fw_mux_sel_o$1556
    15/16: $id_stage_i.controller_i.operand_b_fw_mux_sel_o$1555
    16/16: $id_stage_i.controller_i.operand_a_fw_mux_sel_o$1554
Creating decoders for process `\cv32e40p_core.$1503'.
     1/6: $id_stage_i.controller_i.jr_stall_o$1542
     2/6: $id_stage_i.controller_i.deassert_we_o$1541
     3/6: $id_stage_i.controller_i.load_stall_o$1527
     4/6: $id_stage_i.controller_i.deassert_we_o$1526
     5/6: $id_stage_i.controller_i.deassert_we_o$1506
     6/6: $id_stage_i.controller_i.deassert_we_o$1505
Creating decoders for process `\cv32e40p_core.$1077'.
     1/330: $id_stage_i.controller_i.ctrl_fsm_ns$1463
     2/330: $id_stage_i.controller_i.ctrl_fsm_ns$1468
     3/330: $id_stage_i.controller_i.csr_save_cause_o$1467
     4/330: $id_stage_i.controller_i.csr_cause_o$1466
     5/330: $id_stage_i.controller_i.csr_save_ex_o$1465
     6/330: $id_stage_i.controller_i.data_err_ack_o$1464
     7/330: $id_stage_i.controller_i.debug_cause_o$1455
     8/330: $id_stage_i.controller_i.debug_cause_o$1456
     9/330: $id_stage_i.controller_i.debug_cause_o$1448
    10/330: $id_stage_i.controller_i.debug_cause_o$1449
    11/330: $id_stage_i.controller_i.debug_cause_o$1450
    12/330: $id_stage_i.controller_i.csr_save_cause_o$1454
    13/330: $id_stage_i.controller_i.csr_save_id_o$1453
    14/330: $id_stage_i.controller_i.debug_csr_save_o$1452
    15/330: $id_stage_i.controller_i.debug_cause_o$1451
    16/330: $id_stage_i.controller_i.pc_mux_o$1445
    17/330: $id_stage_i.controller_i.pc_set_o$1444
    18/330: $id_stage_i.controller_i.ctrl_fsm_ns$1443
    19/330: $id_stage_i.controller_i.debug_mode_n$1440
    20/330: $id_stage_i.controller_i.exc_pc_mux_o$1439
    21/330: $id_stage_i.controller_i.pc_mux_o$1438
    22/330: $id_stage_i.controller_i.pc_set_o$1437
    23/330: $id_stage_i.controller_i.ctrl_fsm_ns$1388
    24/330: $id_stage_i.controller_i.debug_force_wakeup_n$1389
    25/330: $id_stage_i.controller_i.hwlp_dec_cnt_o[1]$1387
    26/330: $id_stage_i.controller_i.pc_mux_o$1386
    27/330: $id_stage_i.controller_i.pc_set_o$1385
    28/330: $id_stage_i.controller_i.hwlp_dec_cnt_o[0]$1383
    29/330: $id_stage_i.controller_i.pc_mux_o$1382
    30/330: $id_stage_i.controller_i.pc_set_o$1381
    31/330: $id_stage_i.controller_i.ctrl_fsm_ns$1377
    32/330: $id_stage_i.controller_i.ctrl_fsm_ns$1373
    33/330: $id_stage_i.controller_i.debug_force_wakeup_n$1399
    34/330: $id_stage_i.controller_i.ctrl_fsm_ns$1398
    35/330: $id_stage_i.controller_i.csr_restore_dret_id_o$1397
    36/330: $id_stage_i.controller_i.csr_restore_uret_id_o$1396
    37/330: $id_stage_i.controller_i.csr_restore_mret_id_o$1395
    38/330: $id_stage_i.controller_i.hwlp_dec_cnt_o$1394
    39/330: $id_stage_i.controller_i.trap_addr_mux_o$1393
    40/330: $id_stage_i.controller_i.exc_pc_mux_o$1392
    41/330: $id_stage_i.controller_i.pc_mux_o$1391
    42/330: $id_stage_i.controller_i.pc_set_o$1390
    43/330: $id_stage_i.controller_i.ctrl_fsm_ns$1408
    44/330: $id_stage_i.controller_i.trap_addr_mux_o$1403
    45/330: $id_stage_i.controller_i.exc_pc_mux_o$1402
    46/330: $id_stage_i.controller_i.pc_mux_o$1401
    47/330: $id_stage_i.controller_i.pc_set_o$1400
    48/330: $id_stage_i.controller_i.ctrl_fsm_ns$1370
    49/330: $id_stage_i.controller_i.debug_force_wakeup_n$1410
    50/330: $id_stage_i.controller_i.illegal_insn_n$1409
    51/330: $id_stage_i.controller_i.csr_restore_dret_id_o$1407
    52/330: $id_stage_i.controller_i.csr_restore_uret_id_o$1406
    53/330: $id_stage_i.controller_i.csr_restore_mret_id_o$1405
    54/330: $id_stage_i.controller_i.hwlp_dec_cnt_o$1404
    55/330: $id_stage_i.controller_i.trap_addr_mux_o$1414
    56/330: $id_stage_i.controller_i.exc_pc_mux_o$1413
    57/330: $id_stage_i.controller_i.pc_mux_o$1412
    58/330: $id_stage_i.controller_i.pc_set_o$1411
    59/330: $id_stage_i.controller_i.debug_force_wakeup_n$1422
    60/330: $id_stage_i.controller_i.illegal_insn_n$1421
    61/330: $id_stage_i.controller_i.ctrl_fsm_ns$1420
    62/330: $id_stage_i.controller_i.csr_restore_dret_id_o$1419
    63/330: $id_stage_i.controller_i.csr_restore_uret_id_o$1418
    64/330: $id_stage_i.controller_i.csr_restore_mret_id_o$1417
    65/330: $id_stage_i.controller_i.exc_cause_o$1416
    66/330: $id_stage_i.controller_i.hwlp_dec_cnt_o$1415
    67/330: $id_stage_i.controller_i.exc_cause_o$1428
    68/330: $id_stage_i.controller_i.trap_addr_mux_o$1426
    69/330: $id_stage_i.controller_i.exc_pc_mux_o$1425
    70/330: $id_stage_i.controller_i.pc_mux_o$1424
    71/330: $id_stage_i.controller_i.pc_set_o$1423
    72/330: $id_stage_i.controller_i.debug_force_wakeup_n$1434
    73/330: $id_stage_i.controller_i.illegal_insn_n$1433
    74/330: $id_stage_i.controller_i.ctrl_fsm_ns$1432
    75/330: $id_stage_i.controller_i.csr_restore_dret_id_o$1431
    76/330: $id_stage_i.controller_i.csr_restore_uret_id_o$1430
    77/330: $id_stage_i.controller_i.csr_restore_mret_id_o$1429
    78/330: $id_stage_i.controller_i.hwlp_dec_cnt_o$1427
    79/330: $id_stage_i.controller_i.csr_save_cause_o$1350
    80/330: $id_stage_i.controller_i.csr_cause_o$1349
    81/330: $id_stage_i.controller_i.csr_save_id_o$1348
    82/330: $id_stage_i.controller_i.csr_save_cause_o$1353
    83/330: $id_stage_i.controller_i.csr_cause_o$1352
    84/330: $id_stage_i.controller_i.csr_save_id_o$1351
    85/330: $id_stage_i.controller_i.ctrl_fsm_ns$1357
    86/330: $id_stage_i.controller_i.csr_save_cause_o$1356
    87/330: $id_stage_i.controller_i.csr_cause_o$1355
    88/330: $id_stage_i.controller_i.csr_save_id_o$1354
    89/330: $id_stage_i.controller_i.ctrl_fsm_ns$1363
    90/330: $id_stage_i.controller_i.csr_save_cause_o$1362
    91/330: $id_stage_i.controller_i.csr_cause_o$1361
    92/330: $id_stage_i.controller_i.illegal_insn_n$1364
    93/330: $id_stage_i.controller_i.csr_save_ex_o$1360
    94/330: $id_stage_i.controller_i.csr_save_id_o$1359
    95/330: $id_stage_i.controller_i.data_err_ack_o$1358
    96/330: $id_stage_i.controller_i.is_decoding_o$1248
    97/330: $id_stage_i.controller_i.ctrl_fsm_ns$1203
    98/330: $id_stage_i.controller_i.ctrl_fsm_ns$1204
    99/330: $id_stage_i.controller_i.ctrl_fsm_ns$1206
   100/330: $id_stage_i.controller_i.halt_if_o$1205
   101/330: $id_stage_i.controller_i.jump_done$1172
   102/330: $id_stage_i.controller_i.hwlp_dec_cnt_o[1]$1171
   103/330: $id_stage_i.controller_i.pc_set_o$1170
   104/330: $id_stage_i.controller_i.jump_done$1176
   105/330: $id_stage_i.controller_i.hwlp_dec_cnt_o[1]$1175
   106/330: $id_stage_i.controller_i.pc_mux_o$1174
   107/330: $id_stage_i.controller_i.pc_set_o$1173
   108/330: $id_stage_i.controller_i.jump_done$1163
   109/330: $id_stage_i.controller_i.hwlp_dec_cnt_o[0]$1162
   110/330: $id_stage_i.controller_i.pc_set_o$1161
   111/330: $id_stage_i.controller_i.jump_done$1167
   112/330: $id_stage_i.controller_i.hwlp_dec_cnt_o[0]$1166
   113/330: $id_stage_i.controller_i.pc_mux_o$1165
   114/330: $id_stage_i.controller_i.pc_set_o$1164
   115/330: $id_stage_i.controller_i.jump_done$1181
   116/330: $id_stage_i.controller_i.ctrl_fsm_ns$1180
   117/330: $id_stage_i.controller_i.hwlp_dec_cnt_o$1179
   118/330: $id_stage_i.controller_i.pc_mux_o$1178
   119/330: $id_stage_i.controller_i.pc_set_o$1177
   120/330: $id_stage_i.controller_i.ctrl_fsm_ns$1147
   121/330: $id_stage_i.controller_i.ctrl_fsm_ns$1148
   122/330: $id_stage_i.controller_i.jump_done$1145
   123/330: $id_stage_i.controller_i.pc_set_o$1144
   124/330: $id_stage_i.controller_i.jump_done$1188
   125/330: $id_stage_i.controller_i.ctrl_fsm_ns$1187
   126/330: $id_stage_i.controller_i.halt_id_o$1186
   127/330: $id_stage_i.controller_i.halt_if_o$1185
   128/330: $id_stage_i.controller_i.hwlp_dec_cnt_o$1184
   129/330: $id_stage_i.controller_i.pc_mux_o$1183
   130/330: $id_stage_i.controller_i.pc_set_o$1182
   131/330: $id_stage_i.controller_i.ctrl_fsm_ns$1194
   132/330: $id_stage_i.controller_i.halt_id_o$1193
   133/330: $id_stage_i.controller_i.halt_if_o$1192
   134/330: $id_stage_i.controller_i.illegal_insn_n$1196
   135/330: $id_stage_i.controller_i.jump_done$1195
   136/330: $id_stage_i.controller_i.hwlp_dec_cnt_o$1191
   137/330: $id_stage_i.controller_i.pc_mux_o$1190
   138/330: $id_stage_i.controller_i.pc_set_o$1189
   139/330: $id_stage_i.controller_i.halt_id_o$1222
   140/330: $id_stage_i.controller_i.halt_if_o$1221
   141/330: $id_stage_i.controller_i.pc_mux_o$1210
   142/330: $id_stage_i.controller_i.pc_set_o$1209
   143/330: $id_stage_i.controller_i.trap_addr_mux_o$1130
   144/330: $id_stage_i.controller_i.illegal_insn_n$1226
   145/330: $id_stage_i.controller_i.is_hwlp_illegal$1225
   146/330: $id_stage_i.controller_i.jump_done$1224
   147/330: $id_stage_i.controller_i.ctrl_fsm_ns$1223
   148/330: $id_stage_i.controller_i.csr_save_cause_o$1220
   149/330: $id_stage_i.controller_i.csr_irq_sec_o$1219
   150/330: $id_stage_i.controller_i.csr_cause_o$1218
   151/330: $id_stage_i.controller_i.csr_save_id_o$1217
   152/330: $id_stage_i.controller_i.exc_cause_o$1216
   153/330: $id_stage_i.controller_i.irq_id_o$1215
   154/330: $id_stage_i.controller_i.irq_ack_o$1214
   155/330: $id_stage_i.controller_i.hwlp_dec_cnt_o$1213
   156/330: $id_stage_i.controller_i.trap_addr_mux_o$1212
   157/330: $id_stage_i.controller_i.exc_pc_mux_o$1211
   158/330: $id_stage_i.controller_i.hwlp_mask_o$1208
   159/330: $id_stage_i.controller_i.is_decoding_o$1207
   160/330: $id_stage_i.controller_i.ctrl_fsm_ns$1243
   161/330: $id_stage_i.controller_i.halt_id_o$1242
   162/330: $id_stage_i.controller_i.halt_if_o$1241
   163/330: $id_stage_i.controller_i.debug_req_entry_n$1247
   164/330: $id_stage_i.controller_i.illegal_insn_n$1246
   165/330: $id_stage_i.controller_i.is_hwlp_illegal$1245
   166/330: $id_stage_i.controller_i.jump_done$1244
   167/330: $id_stage_i.controller_i.csr_save_cause_o$1240
   168/330: $id_stage_i.controller_i.csr_irq_sec_o$1239
   169/330: $id_stage_i.controller_i.csr_cause_o$1238
   170/330: $id_stage_i.controller_i.csr_save_id_o$1237
   171/330: $id_stage_i.controller_i.exc_cause_o$1236
   172/330: $id_stage_i.controller_i.irq_id_o$1235
   173/330: $id_stage_i.controller_i.irq_ack_o$1234
   174/330: $id_stage_i.controller_i.hwlp_dec_cnt_o$1233
   175/330: $id_stage_i.controller_i.trap_addr_mux_o$1232
   176/330: $id_stage_i.controller_i.exc_pc_mux_o$1231
   177/330: $id_stage_i.controller_i.pc_mux_o$1230
   178/330: $id_stage_i.controller_i.pc_set_o$1229
   179/330: $id_stage_i.controller_i.hwlp_mask_o$1228
   180/330: $id_stage_i.controller_i.is_decoding_o$1227
   181/330: $id_stage_i.controller_i.debug_req_entry_n$1269
   182/330: $id_stage_i.controller_i.illegal_insn_n$1268
   183/330: $id_stage_i.controller_i.is_hwlp_illegal$1267
   184/330: $id_stage_i.controller_i.jump_done$1266
   185/330: $id_stage_i.controller_i.ctrl_fsm_ns$1265
   186/330: $id_stage_i.controller_i.perf_pipeline_stall_o$1264
   187/330: $id_stage_i.controller_i.halt_id_o$1263
   188/330: $id_stage_i.controller_i.halt_if_o$1262
   189/330: $id_stage_i.controller_i.csr_save_cause_o$1261
   190/330: $id_stage_i.controller_i.csr_irq_sec_o$1260
   191/330: $id_stage_i.controller_i.csr_cause_o$1259
   192/330: $id_stage_i.controller_i.csr_save_id_o$1258
   193/330: $id_stage_i.controller_i.exc_cause_o$1257
   194/330: $id_stage_i.controller_i.irq_id_o$1256
   195/330: $id_stage_i.controller_i.irq_ack_o$1255
   196/330: $id_stage_i.controller_i.hwlp_dec_cnt_o$1254
   197/330: $id_stage_i.controller_i.trap_addr_mux_o$1253
   198/330: $id_stage_i.controller_i.exc_pc_mux_o$1252
   199/330: $id_stage_i.controller_i.pc_mux_o$1251
   200/330: $id_stage_i.controller_i.pc_set_o$1250
   201/330: $id_stage_i.controller_i.hwlp_mask_o$1249
   202/330: $id_stage_i.controller_i.ctrl_fsm_ns$1288
   203/330: $id_stage_i.controller_i.halt_id_o$1286
   204/330: $id_stage_i.controller_i.halt_if_o$1285
   205/330: $id_stage_i.controller_i.csr_save_cause_o$1284
   206/330: $id_stage_i.controller_i.csr_cause_o$1282
   207/330: $id_stage_i.controller_i.is_decoding_o$1270
   208/330: $id_stage_i.controller_i.debug_req_entry_n$1292
   209/330: $id_stage_i.controller_i.illegal_insn_n$1291
   210/330: $id_stage_i.controller_i.is_hwlp_illegal$1290
   211/330: $id_stage_i.controller_i.jump_done$1289
   212/330: $id_stage_i.controller_i.perf_pipeline_stall_o$1287
   213/330: $id_stage_i.controller_i.csr_irq_sec_o$1283
   214/330: $id_stage_i.controller_i.csr_save_id_o$1281
   215/330: $id_stage_i.controller_i.csr_save_if_o$1280
   216/330: $id_stage_i.controller_i.exc_cause_o$1279
   217/330: $id_stage_i.controller_i.irq_id_o$1278
   218/330: $id_stage_i.controller_i.irq_ack_o$1277
   219/330: $id_stage_i.controller_i.hwlp_dec_cnt_o$1276
   220/330: $id_stage_i.controller_i.trap_addr_mux_o$1275
   221/330: $id_stage_i.controller_i.exc_pc_mux_o$1274
   222/330: $id_stage_i.controller_i.pc_mux_o$1273
   223/330: $id_stage_i.controller_i.pc_set_o$1272
   224/330: $id_stage_i.controller_i.hwlp_mask_o$1271
   225/330: $id_stage_i.controller_i.ctrl_fsm_ns$1313
   226/330: $id_stage_i.controller_i.halt_id_o$1311
   227/330: $id_stage_i.controller_i.halt_if_o$1310
   228/330: $id_stage_i.controller_i.csr_save_cause_o$1309
   229/330: $id_stage_i.controller_i.csr_cause_o$1307
   230/330: $id_stage_i.controller_i.is_decoding_o$1293
   231/330: $id_stage_i.controller_i.debug_req_entry_n$1317
   232/330: $id_stage_i.controller_i.illegal_insn_n$1316
   233/330: $id_stage_i.controller_i.is_hwlp_illegal$1315
   234/330: $id_stage_i.controller_i.jump_done$1314
   235/330: $id_stage_i.controller_i.perf_pipeline_stall_o$1312
   236/330: $id_stage_i.controller_i.csr_irq_sec_o$1308
   237/330: $id_stage_i.controller_i.csr_save_ex_o$1306
   238/330: $id_stage_i.controller_i.csr_save_id_o$1305
   239/330: $id_stage_i.controller_i.csr_save_if_o$1304
   240/330: $id_stage_i.controller_i.exc_cause_o$1303
   241/330: $id_stage_i.controller_i.irq_id_o$1302
   242/330: $id_stage_i.controller_i.irq_ack_o$1301
   243/330: $id_stage_i.controller_i.data_err_ack_o$1300
   244/330: $id_stage_i.controller_i.hwlp_dec_cnt_o$1299
   245/330: $id_stage_i.controller_i.trap_addr_mux_o$1298
   246/330: $id_stage_i.controller_i.exc_pc_mux_o$1297
   247/330: $id_stage_i.controller_i.pc_mux_o$1296
   248/330: $id_stage_i.controller_i.pc_set_o$1295
   249/330: $id_stage_i.controller_i.hwlp_mask_o$1294
   250/330: $id_stage_i.controller_i.pc_mux_o$1321
   251/330: $id_stage_i.controller_i.pc_set_o$1320
   252/330: $id_stage_i.controller_i.is_decoding_o$1318
   253/330: $id_stage_i.controller_i.debug_req_entry_n$1342
   254/330: $id_stage_i.controller_i.illegal_insn_n$1341
   255/330: $id_stage_i.controller_i.is_hwlp_illegal$1340
   256/330: $id_stage_i.controller_i.jump_done$1339
   257/330: $id_stage_i.controller_i.ctrl_fsm_ns$1338
   258/330: $id_stage_i.controller_i.perf_pipeline_stall_o$1337
   259/330: $id_stage_i.controller_i.halt_id_o$1336
   260/330: $id_stage_i.controller_i.halt_if_o$1335
   261/330: $id_stage_i.controller_i.csr_save_cause_o$1334
   262/330: $id_stage_i.controller_i.csr_irq_sec_o$1333
   263/330: $id_stage_i.controller_i.csr_cause_o$1332
   264/330: $id_stage_i.controller_i.csr_save_ex_o$1331
   265/330: $id_stage_i.controller_i.csr_save_id_o$1330
   266/330: $id_stage_i.controller_i.csr_save_if_o$1329
   267/330: $id_stage_i.controller_i.exc_cause_o$1328
   268/330: $id_stage_i.controller_i.irq_id_o$1327
   269/330: $id_stage_i.controller_i.irq_ack_o$1326
   270/330: $id_stage_i.controller_i.data_err_ack_o$1325
   271/330: $id_stage_i.controller_i.hwlp_dec_cnt_o$1324
   272/330: $id_stage_i.controller_i.trap_addr_mux_o$1323
   273/330: $id_stage_i.controller_i.exc_pc_mux_o$1322
   274/330: $id_stage_i.controller_i.hwlp_mask_o$1319
   275/330: $id_stage_i.controller_i.trap_addr_mux_o$1107
   276/330: $id_stage_i.controller_i.halt_id_o$1120
   277/330: $id_stage_i.controller_i.halt_if_o$1119
   278/330: $id_stage_i.controller_i.csr_save_cause_o$1118
   279/330: $id_stage_i.controller_i.csr_irq_sec_o$1117
   280/330: $id_stage_i.controller_i.csr_cause_o$1116
   281/330: $id_stage_i.controller_i.csr_save_if_o$1115
   282/330: $id_stage_i.controller_i.exc_cause_o$1114
   283/330: $id_stage_i.controller_i.irq_id_o$1113
   284/330: $id_stage_i.controller_i.irq_ack_o$1112
   285/330: $id_stage_i.controller_i.trap_addr_mux_o$1111
   286/330: $id_stage_i.controller_i.exc_pc_mux_o$1110
   287/330: $id_stage_i.controller_i.pc_mux_o$1109
   288/330: $id_stage_i.controller_i.pc_set_o$1108
   289/330: $id_stage_i.controller_i.ctrl_fsm_ns$1097
   290/330: $id_stage_i.controller_i.debug_force_wakeup_n$1098
   291/330: $id_stage_i.controller_i.debug_force_wakeup_n$1101
   292/330: $id_stage_i.controller_i.ctrl_fsm_ns$1100
   293/330: $id_stage_i.controller_i.ctrl_busy_o$1099
   294/330: $id_stage_i.controller_i.ctrl_fsm_ns$1095
   295/330: $id_stage_i.controller_i.debug_force_wakeup_n$1096
   296/330: $id_stage_i.controller_i.ctrl_fsm_ns$1094
   297/330: $id_stage_i.controller_i.debug_force_wakeup_n$1502
   298/330: $id_stage_i.controller_i.debug_req_entry_n$1501
   299/330: $id_stage_i.controller_i.illegal_insn_n$1500
   300/330: $id_stage_i.controller_i.is_hwlp_illegal$1499
   301/330: $id_stage_i.controller_i.debug_mode_n$1498
   302/330: $id_stage_i.controller_i.jump_done$1497
   303/330: $id_stage_i.controller_i.ctrl_fsm_ns$1496
   304/330: $id_stage_i.controller_i.perf_pipeline_stall_o$1495
   305/330: $id_stage_i.controller_i.halt_id_o$1494
   306/330: $id_stage_i.controller_i.halt_if_o$1493
   307/330: $id_stage_i.controller_i.csr_save_cause_o$1492
   308/330: $id_stage_i.controller_i.csr_restore_dret_id_o$1491
   309/330: $id_stage_i.controller_i.csr_restore_uret_id_o$1490
   310/330: $id_stage_i.controller_i.csr_restore_mret_id_o$1489
   311/330: $id_stage_i.controller_i.csr_irq_sec_o$1488
   312/330: $id_stage_i.controller_i.csr_cause_o$1487
   313/330: $id_stage_i.controller_i.csr_save_ex_o$1486
   314/330: $id_stage_i.controller_i.csr_save_id_o$1485
   315/330: $id_stage_i.controller_i.csr_save_if_o$1484
   316/330: $id_stage_i.controller_i.debug_csr_save_o$1483
   317/330: $id_stage_i.controller_i.debug_cause_o$1482
   318/330: $id_stage_i.controller_i.exc_cause_o$1481
   319/330: $id_stage_i.controller_i.irq_id_o$1480
   320/330: $id_stage_i.controller_i.irq_ack_o$1479
   321/330: $id_stage_i.controller_i.data_err_ack_o$1478
   322/330: $id_stage_i.controller_i.hwlp_dec_cnt_o$1477
   323/330: $id_stage_i.controller_i.trap_addr_mux_o$1476
   324/330: $id_stage_i.controller_i.exc_pc_mux_o$1475
   325/330: $id_stage_i.controller_i.pc_mux_o$1474
   326/330: $id_stage_i.controller_i.pc_set_o$1473
   327/330: $id_stage_i.controller_i.instr_req_o$1472
   328/330: $id_stage_i.controller_i.hwlp_mask_o$1471
   329/330: $id_stage_i.controller_i.is_decoding_o$1470
   330/330: $id_stage_i.controller_i.ctrl_busy_o$1469
Creating decoders for process `\cv32e40p_core.$786'.
     1/248: $id_stage_i.decoder_i.illegal_insn_o$1066
     2/248: $id_stage_i.decoder_i.illegal_insn_o$1026
     3/248: $id_stage_i.decoder_i.csr_illegal$1002
     4/248: $id_stage_i.decoder_i.csr_status_o$1001
     5/248: $id_stage_i.decoder_i.csr_illegal$1000
     6/248: $id_stage_i.decoder_i.csr_illegal$999
     7/248: $id_stage_i.decoder_i.csr_status_o$998
     8/248: $id_stage_i.decoder_i.csr_illegal$997
     9/248: $id_stage_i.decoder_i.csr_illegal$996
    10/248: $id_stage_i.decoder_i.csr_status_o$995
    11/248: $id_stage_i.decoder_i.csr_illegal$993
    12/248: $id_stage_i.decoder_i.csr_status_o$992
    13/248: $id_stage_i.decoder_i.csr_illegal$991
    14/248: $id_stage_i.decoder_i.csr_status_o$990
    15/248: $id_stage_i.decoder_i.csr_illegal$987
    16/248: $id_stage_i.decoder_i.csr_illegal$985
    17/248: $id_stage_i.decoder_i.csr_illegal$1004
    18/248: $id_stage_i.decoder_i.csr_status_o$1003
    19/248: $id_stage_i.decoder_i.csr_illegal$984
    20/248: $id_stage_i.decoder_i.csr_op$982
    21/248: $id_stage_i.decoder_i.csr_illegal$981
    22/248: $id_stage_i.decoder_i.alu_op_a_mux_sel_o$976
    23/248: $id_stage_i.decoder_i.rega_used_o$975
    24/248: $id_stage_i.decoder_i.imm_b_mux_sel_o$1020
    25/248: $id_stage_i.decoder_i.alu_op_b_mux_sel_o$1018
    26/248: $id_stage_i.decoder_i.illegal_insn_o$1005
    27/248: $id_stage_i.decoder_i.illegal_insn_o$961
    28/248: $id_stage_i.decoder_i.imm_b_mux_sel_o$947
    29/248: $id_stage_i.decoder_i.alu_op_b_mux_sel_o$946
    30/248: $id_stage_i.decoder_i.alu_operator_o$945
    31/248: $id_stage_i.decoder_i.imm_b_mux_sel_o$960
    32/248: $id_stage_i.decoder_i.alu_op_b_mux_sel_o$959
    33/248: $id_stage_i.decoder_i.alu_operator_o$958
    34/248: $id_stage_i.decoder_i.wfi_o$957
    35/248: $id_stage_i.decoder_i.ecall_insn_o$956
    36/248: $id_stage_i.decoder_i.dret_dec_o$955
    37/248: $id_stage_i.decoder_i.uret_dec_o$954
    38/248: $id_stage_i.decoder_i.mret_dec_o$953
    39/248: $id_stage_i.decoder_i.dret_insn_o$952
    40/248: $id_stage_i.decoder_i.uret_insn_o$951
    41/248: $id_stage_i.decoder_i.mret_insn_o$950
    42/248: $id_stage_i.decoder_i.ebrk_insn_o$949
    43/248: $id_stage_i.decoder_i.illegal_insn_o$948
    44/248: $id_stage_i.decoder_i.imm_b_mux_sel_o$973
    45/248: $id_stage_i.decoder_i.alu_op_b_mux_sel_o$972
    46/248: $id_stage_i.decoder_i.alu_operator_o$971
    47/248: $id_stage_i.decoder_i.wfi_o$970
    48/248: $id_stage_i.decoder_i.ecall_insn_o$969
    49/248: $id_stage_i.decoder_i.dret_dec_o$968
    50/248: $id_stage_i.decoder_i.uret_dec_o$967
    51/248: $id_stage_i.decoder_i.mret_dec_o$966
    52/248: $id_stage_i.decoder_i.dret_insn_o$965
    53/248: $id_stage_i.decoder_i.uret_insn_o$964
    54/248: $id_stage_i.decoder_i.mret_insn_o$963
    55/248: $id_stage_i.decoder_i.ebrk_insn_o$962
    56/248: $id_stage_i.decoder_i.csr_op$1025
    57/248: $id_stage_i.decoder_i.csr_illegal$1024
    58/248: $id_stage_i.decoder_i.regfile_alu_we$1023
    59/248: $id_stage_i.decoder_i.csr_status_o$1022
    60/248: $id_stage_i.decoder_i.csr_access_o$1021
    61/248: $id_stage_i.decoder_i.imm_a_mux_sel_o$1019
    62/248: $id_stage_i.decoder_i.alu_op_a_mux_sel_o$1017
    63/248: $id_stage_i.decoder_i.alu_operator_o$1016
    64/248: $id_stage_i.decoder_i.rega_used_o$1015
    65/248: $id_stage_i.decoder_i.wfi_o$1014
    66/248: $id_stage_i.decoder_i.ecall_insn_o$1013
    67/248: $id_stage_i.decoder_i.dret_dec_o$1012
    68/248: $id_stage_i.decoder_i.uret_dec_o$1011
    69/248: $id_stage_i.decoder_i.mret_dec_o$1010
    70/248: $id_stage_i.decoder_i.dret_insn_o$1009
    71/248: $id_stage_i.decoder_i.uret_insn_o$1008
    72/248: $id_stage_i.decoder_i.mret_insn_o$1007
    73/248: $id_stage_i.decoder_i.ebrk_insn_o$1006
    74/248: $id_stage_i.decoder_i.fencei_insn_o$941
    75/248: $id_stage_i.decoder_i.illegal_insn_o$940
    76/248: $id_stage_i.decoder_i.illegal_insn_o$939
    77/248: $id_stage_i.decoder_i.illegal_insn_o$938
    78/248: $id_stage_i.decoder_i.illegal_insn_o$937
    79/248: $id_stage_i.decoder_i.illegal_insn_o$936
    80/248: $id_stage_i.decoder_i.illegal_insn_o$935
    81/248: $id_stage_i.decoder_i.illegal_insn_o$934
    82/248: $id_stage_i.decoder_i.illegal_insn_o$896
    83/248: $id_stage_i.decoder_i.illegal_insn_o$895
    84/248: $id_stage_i.decoder_i.illegal_insn_o$894
    85/248: $id_stage_i.decoder_i.illegal_insn_o$893
    86/248: $id_stage_i.decoder_i.illegal_insn_o$892
    87/248: $id_stage_i.decoder_i.illegal_insn_o$891
    88/248: $id_stage_i.decoder_i.illegal_insn_o$890
    89/248: $id_stage_i.decoder_i.illegal_insn_o$889
    90/248: $id_stage_i.decoder_i.illegal_insn_o$888
    91/248: $id_stage_i.decoder_i.illegal_insn_o$887
    92/248: $id_stage_i.decoder_i.illegal_insn_o$886
    93/248: $id_stage_i.decoder_i.illegal_insn_o$885
    94/248: $id_stage_i.decoder_i.illegal_insn_o$884
    95/248: $id_stage_i.decoder_i.illegal_insn_o$883
    96/248: $id_stage_i.decoder_i.illegal_insn_o$882
    97/248: $id_stage_i.decoder_i.illegal_insn_o$881
    98/248: $id_stage_i.decoder_i.illegal_insn_o$880
    99/248: $id_stage_i.decoder_i.illegal_insn_o$879
   100/248: $id_stage_i.decoder_i.illegal_insn_o$878
   101/248: $id_stage_i.decoder_i.illegal_insn_o$877
   102/248: $id_stage_i.decoder_i.illegal_insn_o$876
   103/248: $id_stage_i.decoder_i.illegal_insn_o$875
   104/248: $id_stage_i.decoder_i.illegal_insn_o$874
   105/248: $id_stage_i.decoder_i.illegal_insn_o$873
   106/248: $id_stage_i.decoder_i.illegal_insn_o$872
   107/248: $id_stage_i.decoder_i.illegal_insn_o$871
   108/248: $id_stage_i.decoder_i.mult_int_en$907
   109/248: $id_stage_i.decoder_i.alu_en$906
   110/248: $id_stage_i.decoder_i.mult_signed_mode_o$905
   111/248: $id_stage_i.decoder_i.mult_operator_o$904
   112/248: $id_stage_i.decoder_i.regc_mux_o$903
   113/248: $id_stage_i.decoder_i.alu_op_b_mux_sel_o$902
   114/248: $id_stage_i.decoder_i.alu_op_a_mux_sel_o$901
   115/248: $id_stage_i.decoder_i.alu_operator_o$900
   116/248: $id_stage_i.decoder_i.regc_used_o$899
   117/248: $id_stage_i.decoder_i.regb_used_o$898
   118/248: $id_stage_i.decoder_i.illegal_insn_o$897
   119/248: $id_stage_i.decoder_i.regb_used_o$870
   120/248: $id_stage_i.decoder_i.illegal_insn_o$908
   121/248: $id_stage_i.decoder_i.illegal_insn_o$867
   122/248: $id_stage_i.decoder_i.illegal_insn_o$868
   123/248: $id_stage_i.decoder_i.illegal_insn_o$866
   124/248: $id_stage_i.decoder_i.mult_int_en$920
   125/248: $id_stage_i.decoder_i.alu_en$919
   126/248: $id_stage_i.decoder_i.regfile_alu_we$918
   127/248: $id_stage_i.decoder_i.mult_signed_mode_o$917
   128/248: $id_stage_i.decoder_i.mult_operator_o$916
   129/248: $id_stage_i.decoder_i.regc_mux_o$915
   130/248: $id_stage_i.decoder_i.alu_op_b_mux_sel_o$914
   131/248: $id_stage_i.decoder_i.alu_op_a_mux_sel_o$913
   132/248: $id_stage_i.decoder_i.alu_operator_o$912
   133/248: $id_stage_i.decoder_i.regc_used_o$911
   134/248: $id_stage_i.decoder_i.regb_used_o$910
   135/248: $id_stage_i.decoder_i.rega_used_o$909
   136/248: $id_stage_i.decoder_i.illegal_insn_o$921
   137/248: $id_stage_i.decoder_i.illegal_insn_o$863
   138/248: $id_stage_i.decoder_i.mult_int_en$933
   139/248: $id_stage_i.decoder_i.alu_en$932
   140/248: $id_stage_i.decoder_i.regfile_alu_we$931
   141/248: $id_stage_i.decoder_i.mult_signed_mode_o$930
   142/248: $id_stage_i.decoder_i.mult_operator_o$929
   143/248: $id_stage_i.decoder_i.regc_mux_o$928
   144/248: $id_stage_i.decoder_i.alu_op_b_mux_sel_o$927
   145/248: $id_stage_i.decoder_i.alu_op_a_mux_sel_o$926
   146/248: $id_stage_i.decoder_i.alu_operator_o$925
   147/248: $id_stage_i.decoder_i.regc_used_o$924
   148/248: $id_stage_i.decoder_i.regb_used_o$923
   149/248: $id_stage_i.decoder_i.rega_used_o$922
   150/248: $id_stage_i.decoder_i.alu_operator_o$857
   151/248: $id_stage_i.decoder_i.illegal_insn_o$856
   152/248: $id_stage_i.decoder_i.alu_operator_o$859
   153/248: $id_stage_i.decoder_i.illegal_insn_o$858
   154/248: $id_stage_i.decoder_i.illegal_insn_o$853
   155/248: $id_stage_i.decoder_i.alu_operator_o$861
   156/248: $id_stage_i.decoder_i.illegal_insn_o$860
   157/248: $id_stage_i.decoder_i.illegal_insn_o$851
   158/248: $id_stage_i.decoder_i.illegal_insn_o$839
   159/248: $id_stage_i.decoder_i.illegal_insn_o$838
   160/248: $id_stage_i.decoder_i.illegal_insn_o$835
   161/248: $id_stage_i.decoder_i.illegal_insn_o$836
   162/248: $id_stage_i.decoder_i.illegal_insn_o$832
   163/248: $id_stage_i.decoder_i.illegal_insn_o$833
   164/248: $id_stage_i.decoder_i.data_type_o$830
   165/248: $id_stage_i.decoder_i.regfile_alu_we$828
   166/248: $id_stage_i.decoder_i.prepost_useincr_o$827
   167/248: $id_stage_i.decoder_i.regfile_alu_waddr_sel_o$826
   168/248: $id_stage_i.decoder_i.data_req$850
   169/248: $id_stage_i.decoder_i.regfile_alu_we$849
   170/248: $id_stage_i.decoder_i.regfile_mem_we$848
   171/248: $id_stage_i.decoder_i.data_sign_extension_o$847
   172/248: $id_stage_i.decoder_i.data_type_o$846
   173/248: $id_stage_i.decoder_i.prepost_useincr_o$845
   174/248: $id_stage_i.decoder_i.regfile_alu_waddr_sel_o$844
   175/248: $id_stage_i.decoder_i.imm_b_mux_sel_o$843
   176/248: $id_stage_i.decoder_i.alu_op_b_mux_sel_o$842
   177/248: $id_stage_i.decoder_i.alu_operator_o$841
   178/248: $id_stage_i.decoder_i.rega_used_o$840
   179/248: $id_stage_i.decoder_i.illegal_insn_o$810
   180/248: $id_stage_i.decoder_i.data_req$809
   181/248: $id_stage_i.decoder_i.data_type_o$808
   182/248: $id_stage_i.decoder_i.data_we_o$807
   183/248: $id_stage_i.decoder_i.illegal_insn_o$806
   184/248: $id_stage_i.decoder_i.illegal_insn_o$802
   185/248: $id_stage_i.decoder_i.imm_b_mux_sel_o$805
   186/248: $id_stage_i.decoder_i.alu_op_b_mux_sel_o$804
   187/248: $id_stage_i.decoder_i.illegal_insn_o$803
   188/248: $id_stage_i.decoder_i.regfile_alu_we$800
   189/248: $id_stage_i.decoder_i.prepost_useincr_o$799
   190/248: $id_stage_i.decoder_i.regfile_alu_waddr_sel_o$798
   191/248: $id_stage_i.decoder_i.data_req$822
   192/248: $id_stage_i.decoder_i.regfile_alu_we$821
   193/248: $id_stage_i.decoder_i.data_type_o$820
   194/248: $id_stage_i.decoder_i.prepost_useincr_o$819
   195/248: $id_stage_i.decoder_i.data_we_o$818
   196/248: $id_stage_i.decoder_i.regfile_alu_waddr_sel_o$817
   197/248: $id_stage_i.decoder_i.imm_b_mux_sel_o$816
   198/248: $id_stage_i.decoder_i.alu_op_c_mux_sel_o$815
   199/248: $id_stage_i.decoder_i.alu_op_b_mux_sel_o$814
   200/248: $id_stage_i.decoder_i.alu_operator_o$813
   201/248: $id_stage_i.decoder_i.regb_used_o$812
   202/248: $id_stage_i.decoder_i.rega_used_o$811
   203/248: $id_stage_i.decoder_i.illegal_insn_o$792
   204/248: $id_stage_i.decoder_i.illegal_insn_o$791
   205/248: $id_stage_i.decoder_i.alu_operator_o$794
   206/248: $id_stage_i.decoder_i.illegal_insn_o$793
   207/248: $id_stage_i.decoder_i.ctrl_transfer_insn$790
   208/248: $id_stage_i.decoder_i.regfile_alu_we$789
   209/248: $id_stage_i.decoder_i.illegal_insn_o$788
   210/248: $id_stage_i.decoder_i.mult_int_en$1065
   211/248: $id_stage_i.decoder_i.alu_en$1064
   212/248: $id_stage_i.decoder_i.csr_op$1063
   213/248: $id_stage_i.decoder_i.ctrl_transfer_insn$1062
   214/248: $id_stage_i.decoder_i.csr_illegal$1061
   215/248: $id_stage_i.decoder_i.data_req$1060
   216/248: $id_stage_i.decoder_i.regfile_alu_we$1059
   217/248: $id_stage_i.decoder_i.regfile_mem_we$1058
   218/248: $id_stage_i.decoder_i.ctrl_transfer_target_mux_sel_o$1057
   219/248: $id_stage_i.decoder_i.data_sign_extension_o$1056
   220/248: $id_stage_i.decoder_i.data_type_o$1055
   221/248: $id_stage_i.decoder_i.prepost_useincr_o$1054
   222/248: $id_stage_i.decoder_i.data_we_o$1053
   223/248: $id_stage_i.decoder_i.csr_status_o$1052
   224/248: $id_stage_i.decoder_i.csr_access_o$1051
   225/248: $id_stage_i.decoder_i.regfile_alu_waddr_sel_o$1050
   226/248: $id_stage_i.decoder_i.mult_signed_mode_o$1049
   227/248: $id_stage_i.decoder_i.mult_operator_o$1048
   228/248: $id_stage_i.decoder_i.regc_mux_o$1047
   229/248: $id_stage_i.decoder_i.imm_b_mux_sel_o$1046
   230/248: $id_stage_i.decoder_i.imm_a_mux_sel_o$1045
   231/248: $id_stage_i.decoder_i.alu_op_c_mux_sel_o$1044
   232/248: $id_stage_i.decoder_i.alu_op_b_mux_sel_o$1043
   233/248: $id_stage_i.decoder_i.alu_op_a_mux_sel_o$1042
   234/248: $id_stage_i.decoder_i.alu_operator_o$1041
   235/248: $id_stage_i.decoder_i.regc_used_o$1040
   236/248: $id_stage_i.decoder_i.regb_used_o$1039
   237/248: $id_stage_i.decoder_i.rega_used_o$1038
   238/248: $id_stage_i.decoder_i.fencei_insn_o$1037
   239/248: $id_stage_i.decoder_i.wfi_o$1036
   240/248: $id_stage_i.decoder_i.ecall_insn_o$1035
   241/248: $id_stage_i.decoder_i.dret_dec_o$1034
   242/248: $id_stage_i.decoder_i.uret_dec_o$1033
   243/248: $id_stage_i.decoder_i.mret_dec_o$1032
   244/248: $id_stage_i.decoder_i.dret_insn_o$1031
   245/248: $id_stage_i.decoder_i.uret_insn_o$1030
   246/248: $id_stage_i.decoder_i.mret_insn_o$1029
   247/248: $id_stage_i.decoder_i.ebrk_insn_o$1028
   248/248: $id_stage_i.decoder_i.illegal_insn_o$1027
Creating decoders for process `\cv32e40p_core.$779'.
     1/2: $id_stage_i.register_file_i.mem[1023:992]$784
     2/2: $id_stage_i.register_file_i.mem[1023:992]$785
Creating decoders for process `\cv32e40p_core.$772'.
     1/2: $id_stage_i.register_file_i.mem[991:960]$777
     2/2: $id_stage_i.register_file_i.mem[991:960]$778
Creating decoders for process `\cv32e40p_core.$765'.
     1/2: $id_stage_i.register_file_i.mem[959:928]$770
     2/2: $id_stage_i.register_file_i.mem[959:928]$771
Creating decoders for process `\cv32e40p_core.$758'.
     1/2: $id_stage_i.register_file_i.mem[927:896]$763
     2/2: $id_stage_i.register_file_i.mem[927:896]$764
Creating decoders for process `\cv32e40p_core.$751'.
     1/2: $id_stage_i.register_file_i.mem[895:864]$756
     2/2: $id_stage_i.register_file_i.mem[895:864]$757
Creating decoders for process `\cv32e40p_core.$744'.
     1/2: $id_stage_i.register_file_i.mem[863:832]$749
     2/2: $id_stage_i.register_file_i.mem[863:832]$750
Creating decoders for process `\cv32e40p_core.$737'.
     1/2: $id_stage_i.register_file_i.mem[831:800]$742
     2/2: $id_stage_i.register_file_i.mem[831:800]$743
Creating decoders for process `\cv32e40p_core.$730'.
     1/2: $id_stage_i.register_file_i.mem[799:768]$735
     2/2: $id_stage_i.register_file_i.mem[799:768]$736
Creating decoders for process `\cv32e40p_core.$723'.
     1/2: $id_stage_i.register_file_i.mem[767:736]$728
     2/2: $id_stage_i.register_file_i.mem[767:736]$729
Creating decoders for process `\cv32e40p_core.$716'.
     1/2: $id_stage_i.register_file_i.mem[735:704]$721
     2/2: $id_stage_i.register_file_i.mem[735:704]$722
Creating decoders for process `\cv32e40p_core.$709'.
     1/2: $id_stage_i.register_file_i.mem[703:672]$714
     2/2: $id_stage_i.register_file_i.mem[703:672]$715
Creating decoders for process `\cv32e40p_core.$702'.
     1/2: $id_stage_i.register_file_i.mem[671:640]$707
     2/2: $id_stage_i.register_file_i.mem[671:640]$708
Creating decoders for process `\cv32e40p_core.$695'.
     1/2: $id_stage_i.register_file_i.mem[639:608]$700
     2/2: $id_stage_i.register_file_i.mem[639:608]$701
Creating decoders for process `\cv32e40p_core.$688'.
     1/2: $id_stage_i.register_file_i.mem[607:576]$693
     2/2: $id_stage_i.register_file_i.mem[607:576]$694
Creating decoders for process `\cv32e40p_core.$681'.
     1/2: $id_stage_i.register_file_i.mem[575:544]$686
     2/2: $id_stage_i.register_file_i.mem[575:544]$687
Creating decoders for process `\cv32e40p_core.$674'.
     1/2: $id_stage_i.register_file_i.mem[543:512]$679
     2/2: $id_stage_i.register_file_i.mem[543:512]$680
Creating decoders for process `\cv32e40p_core.$667'.
     1/2: $id_stage_i.register_file_i.mem[511:480]$672
     2/2: $id_stage_i.register_file_i.mem[511:480]$673
Creating decoders for process `\cv32e40p_core.$660'.
     1/2: $id_stage_i.register_file_i.mem[479:448]$665
     2/2: $id_stage_i.register_file_i.mem[479:448]$666
Creating decoders for process `\cv32e40p_core.$653'.
     1/2: $id_stage_i.register_file_i.mem[447:416]$658
     2/2: $id_stage_i.register_file_i.mem[447:416]$659
Creating decoders for process `\cv32e40p_core.$646'.
     1/2: $id_stage_i.register_file_i.mem[415:384]$651
     2/2: $id_stage_i.register_file_i.mem[415:384]$652
Creating decoders for process `\cv32e40p_core.$639'.
     1/2: $id_stage_i.register_file_i.mem[383:352]$644
     2/2: $id_stage_i.register_file_i.mem[383:352]$645
Creating decoders for process `\cv32e40p_core.$632'.
     1/2: $id_stage_i.register_file_i.mem[351:320]$637
     2/2: $id_stage_i.register_file_i.mem[351:320]$638
Creating decoders for process `\cv32e40p_core.$625'.
     1/2: $id_stage_i.register_file_i.mem[319:288]$630
     2/2: $id_stage_i.register_file_i.mem[319:288]$631
Creating decoders for process `\cv32e40p_core.$618'.
     1/2: $id_stage_i.register_file_i.mem[287:256]$623
     2/2: $id_stage_i.register_file_i.mem[287:256]$624
Creating decoders for process `\cv32e40p_core.$611'.
     1/2: $id_stage_i.register_file_i.mem[255:224]$616
     2/2: $id_stage_i.register_file_i.mem[255:224]$617
Creating decoders for process `\cv32e40p_core.$604'.
     1/2: $id_stage_i.register_file_i.mem[223:192]$609
     2/2: $id_stage_i.register_file_i.mem[223:192]$610
Creating decoders for process `\cv32e40p_core.$597'.
     1/2: $id_stage_i.register_file_i.mem[191:160]$602
     2/2: $id_stage_i.register_file_i.mem[191:160]$603
Creating decoders for process `\cv32e40p_core.$590'.
     1/2: $id_stage_i.register_file_i.mem[159:128]$595
     2/2: $id_stage_i.register_file_i.mem[159:128]$596
Creating decoders for process `\cv32e40p_core.$583'.
     1/2: $id_stage_i.register_file_i.mem[127:96]$588
     2/2: $id_stage_i.register_file_i.mem[127:96]$589
Creating decoders for process `\cv32e40p_core.$576'.
     1/2: $id_stage_i.register_file_i.mem[95:64]$581
     2/2: $id_stage_i.register_file_i.mem[95:64]$582
Creating decoders for process `\cv32e40p_core.$569'.
     1/2: $id_stage_i.register_file_i.mem[63:32]$574
     2/2: $id_stage_i.register_file_i.mem[63:32]$575
Creating decoders for process `\cv32e40p_core.$2691'.
Creating decoders for process `\cv32e40p_core.$423'.
     1/1: $id_stage_i.mult_imm_id$424
Creating decoders for process `\cv32e40p_core.$421'.
     1/1: $id_stage_i.bmask_b_id$422
Creating decoders for process `\cv32e40p_core.$419'.
     1/1: $id_stage_i.bmask_a_id$420
Creating decoders for process `\cv32e40p_core.$417'.
     1/1: $id_stage_i.bmask_b_id_imm$418
Creating decoders for process `\cv32e40p_core.$415'.
     1/1: $id_stage_i.bmask_a_id_imm$416
Creating decoders for process `\cv32e40p_core.$413'.
     1/1: $id_stage_i.operand_c_fw_id$414
Creating decoders for process `\cv32e40p_core.$408'.
     1/1: $id_stage_i.operand_c_vec$410
Creating decoders for process `\cv32e40p_core.$406'.
     1/1: $id_stage_i.operand_c$407
Creating decoders for process `\cv32e40p_core.$404'.
     1/1: $id_stage_i.operand_b_fw_id$405
Creating decoders for process `\cv32e40p_core.$398'.
     1/2: $id_stage_i.operand_b_vec$401
     2/2: $id_stage_i.imm_shuffle_type$400
Creating decoders for process `\cv32e40p_core.$396'.
     1/1: $id_stage_i.operand_b$397
Creating decoders for process `\cv32e40p_core.$393'.
     1/1: $id_stage_i.imm_b$395
Creating decoders for process `\cv32e40p_core.$391'.
     1/1: $id_stage_i.operand_a_fw_id$392
Creating decoders for process `\cv32e40p_core.$389'.
     1/1: $id_stage_i.imm_a$390
Creating decoders for process `\cv32e40p_core.$387'.
     1/1: $id_stage_i.alu_operand_a$388
Creating decoders for process `\cv32e40p_core.$381'.
     1/1: $id_stage_i.jump_target$386
Creating decoders for process `\cv32e40p_core.$325'.
     1/1: $id_stage_i.regfile_addr_rc_id$329
Creating decoders for process `\cv32e40p_core.$257'.
     1/42: $if_stage_i.compressed_decoder_i.illegal_instr_o$315
     2/42: $if_stage_i.compressed_decoder_i.illegal_instr_o$314
     3/42: $if_stage_i.compressed_decoder_i.instr_o$310
     4/42: $if_stage_i.compressed_decoder_i.instr_o$311
     5/42: $if_stage_i.compressed_decoder_i.instr_o$308
     6/42: $if_stage_i.compressed_decoder_i.instr_o$312
     7/42: $if_stage_i.compressed_decoder_i.instr_o$303
     8/42: $if_stage_i.compressed_decoder_i.instr_o$304
     9/42: $if_stage_i.compressed_decoder_i.illegal_instr_o$301
    10/42: $if_stage_i.compressed_decoder_i.illegal_instr_o$305
    11/42: $if_stage_i.compressed_decoder_i.illegal_instr_o$313
    12/42: $if_stage_i.compressed_decoder_i.illegal_instr_o$297
    13/42: $if_stage_i.compressed_decoder_i.illegal_instr_o$296
    14/42: $if_stage_i.compressed_decoder_i.illegal_instr_o$294
    15/42: $if_stage_i.compressed_decoder_i.instr_o$291
    16/42: $if_stage_i.compressed_decoder_i.instr_o$292
    17/42: $if_stage_i.compressed_decoder_i.illegal_instr_o$293
    18/42: $if_stage_i.compressed_decoder_i.illegal_instr_o$317
    19/42: $if_stage_i.compressed_decoder_i.instr_o$316
    20/42: $if_stage_i.compressed_decoder_i.illegal_instr_o$282
    21/42: $if_stage_i.compressed_decoder_i.instr_o$281
    22/42: $if_stage_i.compressed_decoder_i.instr_o$283
    23/42: $if_stage_i.compressed_decoder_i.instr_o$278
    24/42: $if_stage_i.compressed_decoder_i.instr_o$279
    25/42: $if_stage_i.compressed_decoder_i.illegal_instr_o$280
    26/42: $if_stage_i.compressed_decoder_i.illegal_instr_o$284
    27/42: $if_stage_i.compressed_decoder_i.instr_o$272
    28/42: $if_stage_i.compressed_decoder_i.instr_o$273
    29/42: $if_stage_i.compressed_decoder_i.illegal_instr_o$275
    30/42: $if_stage_i.compressed_decoder_i.instr_o$274
    31/42: $if_stage_i.compressed_decoder_i.instr_o$268
    32/42: $if_stage_i.compressed_decoder_i.instr_o$285
    33/42: $if_stage_i.compressed_decoder_i.illegal_instr_o$286
    34/42: $if_stage_i.compressed_decoder_i.instr_o$318
    35/42: $if_stage_i.compressed_decoder_i.illegal_instr_o$263
    36/42: $if_stage_i.compressed_decoder_i.illegal_instr_o$262
    37/42: $if_stage_i.compressed_decoder_i.illegal_instr_o$261
    38/42: $if_stage_i.compressed_decoder_i.illegal_instr_o$260
    39/42: $if_stage_i.compressed_decoder_i.illegal_instr_o$259
    40/42: $if_stage_i.compressed_decoder_i.illegal_instr_o$265
    41/42: $if_stage_i.compressed_decoder_i.instr_o$264
    42/42: $if_stage_i.compressed_decoder_i.illegal_instr_o$319
Creating decoders for process `\cv32e40p_core.$206'.
     1/29: $if_stage_i.aligner_i.update_state$256
     2/29: $if_stage_i.aligner_i.pc_n$255
     3/29: $if_stage_i.aligner_i.next_state$254
     4/29: $if_stage_i.aligner_i.update_state$246
     5/29: $if_stage_i.aligner_i.pc_n$245
     6/29: $if_stage_i.aligner_i.next_state$244
     7/29: $if_stage_i.aligner_i.instr_aligned_o$242
     8/29: $if_stage_i.aligner_i.instr_valid_o$243
     9/29: $if_stage_i.aligner_i.update_state$238
    10/29: $if_stage_i.aligner_i.pc_n$237
    11/29: $if_stage_i.aligner_i.next_state$236
    12/29: $if_stage_i.aligner_i.instr_aligned_o$235
    13/29: $if_stage_i.aligner_i.update_state$225
    14/29: $if_stage_i.aligner_i.pc_n$224
    15/29: $if_stage_i.aligner_i.next_state$223
    16/29: $if_stage_i.aligner_i.instr_aligned_o$221
    17/29: $if_stage_i.aligner_i.instr_valid_o$222
    18/29: $if_stage_i.aligner_i.aligner_ready_o$220
    19/29: $if_stage_i.aligner_i.update_state$216
    20/29: $if_stage_i.aligner_i.pc_n$215
    21/29: $if_stage_i.aligner_i.next_state$214
    22/29: $if_stage_i.aligner_i.instr_aligned_o$213
    23/29: $if_stage_i.aligner_i.pc_n$211
    24/29: $if_stage_i.aligner_i.update_state$252
    25/29: $if_stage_i.aligner_i.pc_n$251
    26/29: $if_stage_i.aligner_i.next_state$250
    27/29: $if_stage_i.aligner_i.instr_valid_o$249
    28/29: $if_stage_i.aligner_i.instr_aligned_o$248
    29/29: $if_stage_i.aligner_i.aligner_ready_o$247
Creating decoders for process `\cv32e40p_core.$195'.
     1/8: $if_stage_i.aligner_i.hwlp_update_pc_q$199
     2/8: $if_stage_i.aligner_i.hwlp_addr_q$198
     3/8: $if_stage_i.aligner_i.hwlp_update_pc_q$205
     4/8: $if_stage_i.aligner_i.aligner_ready_q$204
     5/8: $if_stage_i.aligner_i.pc_q$203
     6/8: $if_stage_i.aligner_i.hwlp_addr_q$202
     7/8: $if_stage_i.aligner_i.r_instr_h$201
     8/8: $if_stage_i.aligner_i.state$200
Creating decoders for process `\cv32e40p_core.$178'.
     1/8: $if_stage_i.is_fetch_failed_o$183
     2/8: $if_stage_i.instr_valid_id_o$182
     3/8: $if_stage_i.is_fetch_failed_o$189
     4/8: $if_stage_i.instr_valid_id_o$184
     5/8: $if_stage_i.pc_id_o$188
     6/8: $if_stage_i.illegal_c_insn_id_o$187
     7/8: $if_stage_i.is_compressed_id_o$186
     8/8: $if_stage_i.instr_rdata_id_o$185
Creating decoders for process `\cv32e40p_core.$169'.
     1/4: $if_stage_i.fetch_ready$171
     2/4: $if_stage_i.fetch_ready$172
     3/4: $if_stage_i.fetch_ready$174
     4/4: $if_stage_i.branch_req$173
Creating decoders for process `\cv32e40p_core.$157'.
     1/5: $if_stage_i.prefetch_buffer_i.instruction_obi_i.gen_no_trans_stable.obi_atop_q$167
     2/5: $if_stage_i.prefetch_buffer_i.instruction_obi_i.gen_no_trans_stable.obi_wdata_q$166
     3/5: $if_stage_i.prefetch_buffer_i.instruction_obi_i.gen_no_trans_stable.obi_be_q$165
     4/5: $if_stage_i.prefetch_buffer_i.instruction_obi_i.gen_no_trans_stable.obi_we_q$164
     5/5: $if_stage_i.prefetch_buffer_i.instruction_obi_i.gen_no_trans_stable.obi_addr_q$163
Creating decoders for process `\cv32e40p_core.$149'.
     1/6: $if_stage_i.prefetch_buffer_i.instruction_obi_i.obi_atop_o$156
     2/6: $if_stage_i.prefetch_buffer_i.instruction_obi_i.obi_wdata_o$155
     3/6: $if_stage_i.prefetch_buffer_i.instruction_obi_i.obi_be_o$154
     4/6: $if_stage_i.prefetch_buffer_i.instruction_obi_i.obi_we_o$153
     5/6: $if_stage_i.prefetch_buffer_i.instruction_obi_i.obi_addr_o$152
     6/6: $if_stage_i.prefetch_buffer_i.instruction_obi_i.obi_req_o$151
Creating decoders for process `\cv32e40p_core.$143'.
     1/3: $if_stage_i.prefetch_buffer_i.instruction_obi_i.next_state$147
     2/3: $if_stage_i.prefetch_buffer_i.instruction_obi_i.next_state$148
     3/3: $if_stage_i.prefetch_buffer_i.instruction_obi_i.next_state$146
Creating decoders for process `\cv32e40p_core.$137'.
     1/1: $if_stage_i.prefetch_buffer_i.fifo_i.mem_q$141
Creating decoders for process `\cv32e40p_core.$124'.
     1/3: $if_stage_i.prefetch_buffer_i.fifo_i.status_cnt_q$136
     2/3: $if_stage_i.prefetch_buffer_i.fifo_i.write_pointer_q$135
     3/3: $if_stage_i.prefetch_buffer_i.fifo_i.read_pointer_q$134
Creating decoders for process `\cv32e40p_core.$89'.
     1/9: $if_stage_i.prefetch_buffer_i.fifo_i.status_cnt_n$123
     2/9: $if_stage_i.prefetch_buffer_i.fifo_i.read_pointer_n$114
     3/9: $if_stage_i.prefetch_buffer_i.fifo_i.status_cnt_n$117
     4/9: $if_stage_i.prefetch_buffer_i.fifo_i.read_pointer_n$116
     5/9: $if_stage_i.prefetch_buffer_i.fifo_i.write_pointer_n$104
     6/9: $if_stage_i.prefetch_buffer_i.fifo_i.mem_n$109
     7/9: $if_stage_i.prefetch_buffer_i.fifo_i.status_cnt_n$108
     8/9: $if_stage_i.prefetch_buffer_i.fifo_i.write_pointer_n$107
     9/9: $if_stage_i.prefetch_buffer_i.fifo_i.gate_clock$106
Creating decoders for process `\cv32e40p_core.$77'.
     1/1: $if_stage_i.prefetch_buffer_i.prefetch_controller_i.trans_addr_q$83
Creating decoders for process `\cv32e40p_core.$65'.
     1/4: $if_stage_i.prefetch_buffer_i.prefetch_controller_i.next_flush_cnt$74
     2/4: $if_stage_i.prefetch_buffer_i.prefetch_controller_i.next_flush_cnt$75
     3/4: $if_stage_i.prefetch_buffer_i.prefetch_controller_i.next_flush_cnt$76
     4/4: $if_stage_i.prefetch_buffer_i.prefetch_controller_i.next_flush_cnt$70
Creating decoders for process `\cv32e40p_core.$61'.
     1/1: $if_stage_i.prefetch_buffer_i.prefetch_controller_i.next_cnt$64
Creating decoders for process `\cv32e40p_core.$38'.
     1/6: $if_stage_i.prefetch_buffer_i.prefetch_controller_i.next_state$48
     2/6: $if_stage_i.prefetch_buffer_i.prefetch_controller_i.next_state$50
     3/6: $if_stage_i.prefetch_buffer_i.prefetch_controller_i.trans_addr_o$49
     4/6: $if_stage_i.prefetch_buffer_i.prefetch_controller_i.next_state$45
     5/6: $if_stage_i.prefetch_buffer_i.prefetch_controller_i.trans_addr_o$39
     6/6: $if_stage_i.prefetch_buffer_i.prefetch_controller_i.trans_addr_o$40
Creating decoders for process `\cv32e40p_core.$20'.
     1/1: $if_stage_i.branch_addr_n$22
Creating decoders for process `\cv32e40p_core.$16'.
     1/3: $if_stage_i.exc_pc$19
     2/3: $if_stage_i.exc_vec_pc_mux$18
     3/3: $if_stage_i.trap_base_addr$17
Creating decoders for process `\cv32e40p_core.$2677'.
     1/2: $cs_registers_i.csr_wdata_int$2681
     2/2: $cs_registers_i.csr_we_int$2682

2.9. Executing PROC_CLEAN pass (remove empty switches from decision trees).
Found and cleaned up 33 empty switches in `\cv32e40p_core.$2620'.
Removing empty process `cv32e40p_core.$2620'.
Found and cleaned up 1 empty switch in `\cv32e40p_core.$2609'.
Removing empty process `cv32e40p_core.$2609'.
Found and cleaned up 1 empty switch in `\cv32e40p_core.$2599'.
Removing empty process `cv32e40p_core.$2599'.
Found and cleaned up 6 empty switches in `\cv32e40p_core.$3071'.
Removing empty process `cv32e40p_core.$3071'.
Found and cleaned up 1 empty switch in `\cv32e40p_core.$2592'.
Removing empty process `cv32e40p_core.$2592'.
Found and cleaned up 7 empty switches in `\cv32e40p_core.$2562'.
Removing empty process `cv32e40p_core.$2562'.
Found and cleaned up 3 empty switches in `\cv32e40p_core.$2545'.
Removing empty process `cv32e40p_core.$2545'.
Found and cleaned up 1 empty switch in `\cv32e40p_core.$2543'.
Removing empty process `cv32e40p_core.$2543'.
Found and cleaned up 17 empty switches in `\cv32e40p_core.$2525'.
Removing empty process `cv32e40p_core.$2525'.
Found and cleaned up 17 empty switches in `\cv32e40p_core.$2507'.
Removing empty process `cv32e40p_core.$2507'.
Found and cleaned up 1 empty switch in `\cv32e40p_core.$2505'.
Removing empty process `cv32e40p_core.$2505'.
Found and cleaned up 1 empty switch in `\cv32e40p_core.$2493'.
Removing empty process `cv32e40p_core.$2493'.
Found and cleaned up 1 empty switch in `\cv32e40p_core.$2491'.
Removing empty process `cv32e40p_core.$2491'.
Found and cleaned up 13 empty switches in `\cv32e40p_core.$2480'.
Removing empty process `cv32e40p_core.$2480'.
Found and cleaned up 5 empty switches in `\cv32e40p_core.$2453'.
Removing empty process `cv32e40p_core.$2453'.
Found and cleaned up 5 empty switches in `\cv32e40p_core.$2449'.
Removing empty process `cv32e40p_core.$2449'.
Found and cleaned up 3 empty switches in `\cv32e40p_core.$2399'.
Removing empty process `cv32e40p_core.$2399'.
Found and cleaned up 5 empty switches in `\cv32e40p_core.$2383'.
Removing empty process `cv32e40p_core.$2383'.
Found and cleaned up 1 empty switch in `\cv32e40p_core.$2357'.
Removing empty process `cv32e40p_core.$2357'.
Found and cleaned up 1 empty switch in `\cv32e40p_core.$2343'.
Removing empty process `cv32e40p_core.$2343'.
Found and cleaned up 5 empty switches in `\cv32e40p_core.$2321'.
Removing empty process `cv32e40p_core.$2321'.
Found and cleaned up 3 empty switches in `\cv32e40p_core.$2222'.
Removing empty process `cv32e40p_core.$2222'.
Found and cleaned up 9 empty switches in `\cv32e40p_core.$2149'.
Removing empty process `cv32e40p_core.$2149'.
Found and cleaned up 15 empty switches in `\cv32e40p_core.$2120'.
Removing empty process `cv32e40p_core.$2120'.
Found and cleaned up 5 empty switches in `\cv32e40p_core.$2113'.
Removing empty process `cv32e40p_core.$2113'.
Found and cleaned up 1 empty switch in `\cv32e40p_core.$2088'.
Removing empty process `cv32e40p_core.$2088'.
Found and cleaned up 1 empty switch in `\cv32e40p_core.$2070'.
Removing empty process `cv32e40p_core.$2070'.
Found and cleaned up 3 empty switches in `\cv32e40p_core.$2051'.
Removing empty process `cv32e40p_core.$2051'.
Found and cleaned up 1 empty switch in `\cv32e40p_core.$2047'.
Removing empty process `cv32e40p_core.$2047'.
Found and cleaned up 1 empty switch in `\cv32e40p_core.$2031'.
Removing empty process `cv32e40p_core.$2031'.
Found and cleaned up 1 empty switch in `\cv32e40p_core.$1978'.
Removing empty process `cv32e40p_core.$1978'.
Found and cleaned up 5 empty switches in `\cv32e40p_core.$1949'.
Removing empty process `cv32e40p_core.$1949'.
Found and cleaned up 5 empty switches in `\cv32e40p_core.$1916'.
Removing empty process `cv32e40p_core.$1916'.
Found and cleaned up 9 empty switches in `\cv32e40p_core.$1901'.
Removing empty process `cv32e40p_core.$1901'.
Found and cleaned up 6 empty switches in `\cv32e40p_core.$3064'.
Removing empty process `cv32e40p_core.$3064'.
Found and cleaned up 29 empty switches in `\cv32e40p_core.$1647'.
Removing empty process `cv32e40p_core.$1647'.
Found and cleaned up 63 empty switches in `\cv32e40p_core.$1614'.
Removing empty process `cv32e40p_core.$1614'.
Found and cleaned up 6 empty switches in `\cv32e40p_core.$3057'.
Removing empty process `cv32e40p_core.$3057'.
Found and cleaned up 9 empty switches in `\cv32e40p_core.$1596'.
Removing empty process `cv32e40p_core.$1596'.
Found and cleaned up 3 empty switches in `\cv32e40p_core.$2804'.
Removing empty process `cv32e40p_core.$2804'.
Found and cleaned up 3 empty switches in `\cv32e40p_core.$1588'.
Removing empty process `cv32e40p_core.$1588'.
Found and cleaned up 3 empty switches in `\cv32e40p_core.$2703'.
Removing empty process `cv32e40p_core.$2703'.
Found and cleaned up 19 empty switches in `\cv32e40p_core.$1546'.
Removing empty process `cv32e40p_core.$1546'.
Found and cleaned up 7 empty switches in `\cv32e40p_core.$1503'.
Removing empty process `cv32e40p_core.$1503'.
Found and cleaned up 103 empty switches in `\cv32e40p_core.$1077'.
Removing empty process `cv32e40p_core.$1077'.
Found and cleaned up 69 empty switches in `\cv32e40p_core.$786'.
Removing empty process `cv32e40p_core.$786'.
Found and cleaned up 3 empty switches in `\cv32e40p_core.$779'.
Removing empty process `cv32e40p_core.$779'.
Found and cleaned up 3 empty switches in `\cv32e40p_core.$772'.
Removing empty process `cv32e40p_core.$772'.
Found and cleaned up 3 empty switches in `\cv32e40p_core.$765'.
Removing empty process `cv32e40p_core.$765'.
Found and cleaned up 3 empty switches in `\cv32e40p_core.$758'.
Removing empty process `cv32e40p_core.$758'.
Found and cleaned up 3 empty switches in `\cv32e40p_core.$751'.
Removing empty process `cv32e40p_core.$751'.
Found and cleaned up 3 empty switches in `\cv32e40p_core.$744'.
Removing empty process `cv32e40p_core.$744'.
Found and cleaned up 3 empty switches in `\cv32e40p_core.$737'.
Removing empty process `cv32e40p_core.$737'.
Found and cleaned up 3 empty switches in `\cv32e40p_core.$730'.
Removing empty process `cv32e40p_core.$730'.
Found and cleaned up 3 empty switches in `\cv32e40p_core.$723'.
Removing empty process `cv32e40p_core.$723'.
Found and cleaned up 3 empty switches in `\cv32e40p_core.$716'.
Removing empty process `cv32e40p_core.$716'.
Found and cleaned up 3 empty switches in `\cv32e40p_core.$709'.
Removing empty process `cv32e40p_core.$709'.
Found and cleaned up 3 empty switches in `\cv32e40p_core.$702'.
Removing empty process `cv32e40p_core.$702'.
Found and cleaned up 3 empty switches in `\cv32e40p_core.$695'.
Removing empty process `cv32e40p_core.$695'.
Found and cleaned up 3 empty switches in `\cv32e40p_core.$688'.
Removing empty process `cv32e40p_core.$688'.
Found and cleaned up 3 empty switches in `\cv32e40p_core.$681'.
Removing empty process `cv32e40p_core.$681'.
Found and cleaned up 3 empty switches in `\cv32e40p_core.$674'.
Removing empty process `cv32e40p_core.$674'.
Found and cleaned up 3 empty switches in `\cv32e40p_core.$667'.
Removing empty process `cv32e40p_core.$667'.
Found and cleaned up 3 empty switches in `\cv32e40p_core.$660'.
Removing empty process `cv32e40p_core.$660'.
Found and cleaned up 3 empty switches in `\cv32e40p_core.$653'.
Removing empty process `cv32e40p_core.$653'.
Found and cleaned up 3 empty switches in `\cv32e40p_core.$646'.
Removing empty process `cv32e40p_core.$646'.
Found and cleaned up 3 empty switches in `\cv32e40p_core.$639'.
Removing empty process `cv32e40p_core.$639'.
Found and cleaned up 3 empty switches in `\cv32e40p_core.$632'.
Removing empty process `cv32e40p_core.$632'.
Found and cleaned up 3 empty switches in `\cv32e40p_core.$625'.
Removing empty process `cv32e40p_core.$625'.
Found and cleaned up 3 empty switches in `\cv32e40p_core.$618'.
Removing empty process `cv32e40p_core.$618'.
Found and cleaned up 3 empty switches in `\cv32e40p_core.$611'.
Removing empty process `cv32e40p_core.$611'.
Found and cleaned up 3 empty switches in `\cv32e40p_core.$604'.
Removing empty process `cv32e40p_core.$604'.
Found and cleaned up 3 empty switches in `\cv32e40p_core.$597'.
Removing empty process `cv32e40p_core.$597'.
Found and cleaned up 3 empty switches in `\cv32e40p_core.$590'.
Removing empty process `cv32e40p_core.$590'.
Found and cleaned up 3 empty switches in `\cv32e40p_core.$583'.
Removing empty process `cv32e40p_core.$583'.
Found and cleaned up 3 empty switches in `\cv32e40p_core.$576'.
Removing empty process `cv32e40p_core.$576'.
Found and cleaned up 3 empty switches in `\cv32e40p_core.$569'.
Removing empty process `cv32e40p_core.$569'.
Removing empty process `cv32e40p_core.$2691'.
Found and cleaned up 1 empty switch in `\cv32e40p_core.$423'.
Removing empty process `cv32e40p_core.$423'.
Found and cleaned up 1 empty switch in `\cv32e40p_core.$421'.
Removing empty process `cv32e40p_core.$421'.
Found and cleaned up 1 empty switch in `\cv32e40p_core.$419'.
Removing empty process `cv32e40p_core.$419'.
Found and cleaned up 1 empty switch in `\cv32e40p_core.$417'.
Removing empty process `cv32e40p_core.$417'.
Found and cleaned up 1 empty switch in `\cv32e40p_core.$415'.
Removing empty process `cv32e40p_core.$415'.
Found and cleaned up 1 empty switch in `\cv32e40p_core.$413'.
Removing empty process `cv32e40p_core.$413'.
Found and cleaned up 1 empty switch in `\cv32e40p_core.$408'.
Removing empty process `cv32e40p_core.$408'.
Found and cleaned up 1 empty switch in `\cv32e40p_core.$406'.
Removing empty process `cv32e40p_core.$406'.
Found and cleaned up 1 empty switch in `\cv32e40p_core.$404'.
Removing empty process `cv32e40p_core.$404'.
Found and cleaned up 1 empty switch in `\cv32e40p_core.$398'.
Removing empty process `cv32e40p_core.$398'.
Found and cleaned up 1 empty switch in `\cv32e40p_core.$396'.
Removing empty process `cv32e40p_core.$396'.
Found and cleaned up 1 empty switch in `\cv32e40p_core.$393'.
Removing empty process `cv32e40p_core.$393'.
Found and cleaned up 1 empty switch in `\cv32e40p_core.$391'.
Removing empty process `cv32e40p_core.$391'.
Found and cleaned up 1 empty switch in `\cv32e40p_core.$389'.
Removing empty process `cv32e40p_core.$389'.
Found and cleaned up 1 empty switch in `\cv32e40p_core.$387'.
Removing empty process `cv32e40p_core.$387'.
Found and cleaned up 1 empty switch in `\cv32e40p_core.$381'.
Removing empty process `cv32e40p_core.$381'.
Found and cleaned up 1 empty switch in `\cv32e40p_core.$325'.
Removing empty process `cv32e40p_core.$325'.
Found and cleaned up 45 empty switches in `\cv32e40p_core.$257'.
Removing empty process `cv32e40p_core.$257'.
Found and cleaned up 13 empty switches in `\cv32e40p_core.$206'.
Removing empty process `cv32e40p_core.$206'.
Found and cleaned up 3 empty switches in `\cv32e40p_core.$195'.
Removing empty process `cv32e40p_core.$195'.
Found and cleaned up 3 empty switches in `\cv32e40p_core.$178'.
Removing empty process `cv32e40p_core.$178'.
Found and cleaned up 5 empty switches in `\cv32e40p_core.$169'.
Removing empty process `cv32e40p_core.$169'.
Found and cleaned up 1 empty switch in `\cv32e40p_core.$157'.
Removing empty process `cv32e40p_core.$157'.
Found and cleaned up 1 empty switch in `\cv32e40p_core.$149'.
Removing empty process `cv32e40p_core.$149'.
Found and cleaned up 5 empty switches in `\cv32e40p_core.$143'.
Removing empty process `cv32e40p_core.$143'.
Found and cleaned up 1 empty switch in `\cv32e40p_core.$137'.
Removing empty process `cv32e40p_core.$137'.
Found and cleaned up 1 empty switch in `\cv32e40p_core.$124'.
Removing empty process `cv32e40p_core.$124'.
Found and cleaned up 9 empty switches in `\cv32e40p_core.$89'.
Removing empty process `cv32e40p_core.$89'.
Found and cleaned up 1 empty switch in `\cv32e40p_core.$77'.
Removing empty process `cv32e40p_core.$77'.
Found and cleaned up 7 empty switches in `\cv32e40p_core.$65'.
Removing empty process `cv32e40p_core.$65'.
Found and cleaned up 1 empty switch in `\cv32e40p_core.$61'.
Removing empty process `cv32e40p_core.$61'.
Found and cleaned up 9 empty switches in `\cv32e40p_core.$38'.
Removing empty process `cv32e40p_core.$38'.
Found and cleaned up 1 empty switch in `\cv32e40p_core.$20'.
Removing empty process `cv32e40p_core.$20'.
Found and cleaned up 5 empty switches in `\cv32e40p_core.$16'.
Removing empty process `cv32e40p_core.$16'.
Found and cleaned up 1 empty switch in `\cv32e40p_core.$2677'.
Removing empty process `cv32e40p_core.$2677'.
Cleaned up 729 empty switches.

2.10. Executing OPT_EXPR pass (perform const folding).
Optimizing module cv32e40p_core.
Couldn't topologically sort cells, optimizing module cv32e40p_core may take a longer time.
<suppressed ~1169 debug messages>

3. Executing HIERARCHY pass (managing design hierarchy).

3.1. Analyzing design hierarchy..
Top module:  \cv32e40p_core

3.2. Analyzing design hierarchy..
Top module:  \cv32e40p_core
Removed 0 unused modules.

4. Executing SYNTH pass.

4.1. Executing HIERARCHY pass (managing design hierarchy).

4.1.1. Analyzing design hierarchy..
Top module:  \cv32e40p_core

4.1.2. Analyzing design hierarchy..
Top module:  \cv32e40p_core
Removed 0 unused modules.

4.2. Executing PROC pass (convert processes to netlists).

4.2.1. Executing PROC_CLEAN pass (remove empty switches from decision trees).
Cleaned up 0 empty switches.

4.2.2. Executing PROC_RMDEAD pass (remove dead branches from decision trees).
Removed a total of 0 dead cases.

4.2.3. Executing PROC_PRUNE pass (remove redundant assignments in processes).
Removed 0 redundant assignments.
Promoted 0 assignments to connections.

4.2.4. Executing PROC_INIT pass (extract init attributes).

4.2.5. Executing PROC_ARST pass (detect async resets in processes).

4.2.6. Executing PROC_ROM pass (convert switches to ROMs).
Converted 0 switches.

4.2.7. Executing PROC_MUX pass (convert decision trees to multiplexers).

4.2.8. Executing PROC_DLATCH pass (convert process syncs to latches).

4.2.9. Executing PROC_DFF pass (convert process syncs to FFs).

4.2.10. Executing PROC_MEMWR pass (convert process memory writes to cells).

4.2.11. Executing PROC_CLEAN pass (remove empty switches from decision trees).
Cleaned up 0 empty switches.

4.2.12. Executing OPT_EXPR pass (perform const folding).
Optimizing module cv32e40p_core.

4.3. Executing FLATTEN pass (flatten design).

4.4. Executing OPT_EXPR pass (perform const folding).
Optimizing module cv32e40p_core.

4.5. Executing OPT_CLEAN pass (remove unused cells and wires).
Finding unused cells or wires in module \cv32e40p_core..
Removed 830 unused cells and 6386 unused wires.
<suppressed ~889 debug messages>

4.6. Executing CHECK pass (checking for obvious problems).
Checking module cv32e40p_core...
Found and reported 0 problems.

4.7. Executing OPT pass (performing simple optimizations).

4.7.1. Executing OPT_EXPR pass (perform const folding).
Optimizing module cv32e40p_core.

4.7.2. Executing OPT_MERGE pass (detect identical cells).
Finding identical cells in module `\cv32e40p_core'.
<suppressed ~5496 debug messages>
Removed a total of 1832 cells.

4.7.3. Executing OPT_MUXTREE pass (detect dead branches in mux trees).
Running muxtree optimizer on module \cv32e40p_core..
  Creating internal representation of mux trees.
  Evaluating internal representation of mux trees.
      Replacing known input bits on port A of cell $procmux$18435: \if_stage_i.prefetch_buffer_i.instruction_obi_i.state_q -> 1'1
      Replacing known input bits on port A of cell $procmux$18445: \if_stage_i.prefetch_buffer_i.instruction_obi_i.state_q -> 1'0
      Replacing known input bits on port A of cell $procmux$18528: \if_stage_i.prefetch_buffer_i.prefetch_controller_i.state_q -> 1'1
      Replacing known input bits on port A of cell $procmux$18544: \if_stage_i.prefetch_buffer_i.prefetch_controller_i.state_q -> 1'0
      Replacing known input bits on port A of cell $procmux$5724: \id_stage_i.controller_i.illegal_insn_q -> 1'0
      Replacing known input bits on port A of cell $procmux$966: { \id_stage_i.alu_operand_a_ex_o [0] \id_stage_i.alu_operand_a_ex_o [1] \id_stage_i.alu_operand_a_ex_o [2] \id_stage_i.alu_operand_a_ex_o [3] \id_stage_i.alu_operand_a_ex_o [4] \id_stage_i.alu_operand_a_ex_o [5] \id_stage_i.alu_operand_a_ex_o [6] \id_stage_i.alu_operand_a_ex_o [7] \id_stage_i.alu_operand_a_ex_o [8] \id_stage_i.alu_operand_a_ex_o [9] \id_stage_i.alu_operand_a_ex_o [10] \id_stage_i.alu_operand_a_ex_o [11] \id_stage_i.alu_operand_a_ex_o [12] \id_stage_i.alu_operand_a_ex_o [13] \id_stage_i.alu_operand_a_ex_o [14] \id_stage_i.alu_operand_a_ex_o [15] \id_stage_i.alu_operand_a_ex_o [16] \id_stage_i.alu_operand_a_ex_o [17] \id_stage_i.alu_operand_a_ex_o [18] \id_stage_i.alu_operand_a_ex_o [19] \id_stage_i.alu_operand_a_ex_o [20] \id_stage_i.alu_operand_a_ex_o [21] \id_stage_i.alu_operand_a_ex_o [22] \id_stage_i.alu_operand_a_ex_o [23] \id_stage_i.alu_operand_a_ex_o [24] \id_stage_i.alu_operand_a_ex_o [25] \id_stage_i.alu_operand_a_ex_o [26] \id_stage_i.alu_operand_a_ex_o [27] \id_stage_i.alu_operand_a_ex_o [28] \id_stage_i.alu_operand_a_ex_o [29] \id_stage_i.alu_operand_a_ex_o [30] \id_stage_i.alu_operand_a_ex_o [31] } -> { \id_stage_i.alu_operand_a_ex_o [0] \id_stage_i.alu_operand_a_ex_o [1] \id_stage_i.alu_operand_a_ex_o [2] \id_stage_i.alu_operand_a_ex_o [3] \id_stage_i.alu_operand_a_ex_o [4] \id_stage_i.alu_operand_a_ex_o [5] \id_stage_i.alu_operand_a_ex_o [6] \id_stage_i.alu_operand_a_ex_o [7] \id_stage_i.alu_operand_a_ex_o [8] \id_stage_i.alu_operand_a_ex_o [9] \id_stage_i.alu_operand_a_ex_o [10] \id_stage_i.alu_operand_a_ex_o [11] \id_stage_i.alu_operand_a_ex_o [12] \id_stage_i.alu_operand_a_ex_o [13] \id_stage_i.alu_operand_a_ex_o [14] \id_stage_i.alu_operand_a_ex_o [15] \id_stage_i.alu_operand_a_ex_o [16] \id_stage_i.alu_operand_a_ex_o [17] \id_stage_i.alu_operand_a_ex_o [18] \id_stage_i.alu_operand_a_ex_o [19] \id_stage_i.alu_operand_a_ex_o [20] \id_stage_i.alu_operand_a_ex_o [21] \id_stage_i.alu_operand_a_ex_o [22] \id_stage_i.alu_operand_a_ex_o [23] \id_stage_i.alu_operand_a_ex_o [24] \id_stage_i.alu_operand_a_ex_o [25] \id_stage_i.alu_operand_a_ex_o [26] \id_stage_i.alu_operand_a_ex_o [27] \id_stage_i.alu_operand_a_ex_o [28] \id_stage_i.alu_operand_a_ex_o [29] \id_stage_i.alu_operand_a_ex_o [30] 1'0 }
  Analyzing evaluation results.
    dead port 1/2 on $mux $procmux$12482.
    dead port 2/2 on $mux $procmux$12484.
    dead port 2/2 on $mux $procmux$12491.
    dead port 1/2 on $mux $procmux$12494.
    dead port 2/2 on $mux $procmux$12496.
    dead port 2/2 on $mux $procmux$12503.
    dead port 1/2 on $mux $procmux$12506.
    dead port 2/2 on $mux $procmux$12508.
    dead port 2/2 on $mux $procmux$12516.
    dead port 1/2 on $mux $procmux$12519.
    dead port 2/2 on $mux $procmux$12521.
    dead port 2/2 on $mux $procmux$12534.
    dead port 1/2 on $mux $procmux$12537.
    dead port 2/2 on $mux $procmux$12539.
    dead port 2/2 on $mux $procmux$12552.
    dead port 1/2 on $mux $procmux$12555.
    dead port 2/2 on $mux $procmux$12557.
    dead port 2/2 on $mux $procmux$12568.
    dead port 1/2 on $mux $procmux$12571.
    dead port 2/2 on $mux $procmux$12573.
    dead port 2/2 on $mux $procmux$12584.
    dead port 1/2 on $mux $procmux$12587.
    dead port 2/2 on $mux $procmux$12589.
    dead port 1/2 on $mux $procmux$1260.
    dead port 2/2 on $mux $procmux$12604.
    dead port 1/2 on $mux $procmux$12607.
    dead port 2/2 on $mux $procmux$12609.
    dead port 2/2 on $mux $procmux$12624.
    dead port 1/2 on $mux $procmux$12627.
    dead port 2/2 on $mux $procmux$12629.
    dead port 1/2 on $mux $131.
    dead port 2/2 on $mux $131.
    dead port 2/2 on $mux $procmux$12647.
    dead port 1/2 on $mux $procmux$1265.
    dead port 1/2 on $mux $procmux$12650.
    dead port 2/2 on $mux $procmux$12652.
    dead port 2/2 on $mux $procmux$12669.
    dead port 1/2 on $mux $procmux$12672.
    dead port 2/2 on $mux $procmux$12674.
    dead port 1/2 on $mux $133.
    dead port 2/2 on $mux $133.
    dead port 1/2 on $mux $procmux$12698.
    dead port 1/2 on $mux $procmux$1270.
    dead port 2/2 on $mux $procmux$12700.
    dead port 2/2 on $mux $procmux$1227.
    dead port 1/2 on $mux $procmux$12717.
    dead port 2/2 on $mux $procmux$12719.
    dead port 1/2 on $mux $procmux$12727.
    dead port 2/2 on $mux $procmux$12729.
    dead port 1/2 on $mux $procmux$12753.
    dead port 2/2 on $mux $procmux$12755.
    dead port 1/2 on $mux $procmux$12763.
    dead port 2/2 on $mux $procmux$12765.
    dead port 1/2 on $mux $procmux$12773.
    dead port 2/2 on $mux $procmux$12775.
    dead port 2/2 on $mux $procmux$12784.
    dead port 2/2 on $mux $procmux$12793.
    dead port 2/2 on $mux $procmux$12802.
    dead port 2/2 on $mux $procmux$12811.
    dead port 2/2 on $mux $procmux$12813.
    dead port 2/2 on $mux $procmux$12821.
    dead port 2/2 on $mux $procmux$12823.
    dead port 2/2 on $mux $procmux$12825.
    dead port 2/2 on $mux $procmux$12827.
    dead port 2/2 on $mux $procmux$12836.
    dead port 2/2 on $mux $procmux$12838.
    dead port 2/2 on $mux $procmux$12840.
    dead port 2/2 on $mux $procmux$12842.
    dead port 2/2 on $mux $procmux$12851.
    dead port 2/2 on $mux $procmux$12853.
    dead port 2/2 on $mux $procmux$12855.
    dead port 2/2 on $mux $procmux$12857.
    dead port 2/2 on $mux $procmux$12867.
    dead port 2/2 on $mux $procmux$12869.
    dead port 2/2 on $mux $procmux$12871.
    dead port 2/2 on $mux $procmux$12881.
    dead port 2/2 on $mux $procmux$12883.
    dead port 2/2 on $mux $procmux$12885.
    dead port 2/2 on $mux $procmux$12895.
    dead port 2/2 on $mux $procmux$12897.
    dead port 2/2 on $mux $procmux$12899.
    dead port 2/2 on $mux $procmux$12909.
    dead port 2/2 on $mux $procmux$12911.
    dead port 2/2 on $mux $procmux$12913.
    dead port 2/2 on $mux $procmux$12927.
    dead port 2/2 on $mux $procmux$12929.
    dead port 2/2 on $mux $procmux$12931.
    dead port 2/2 on $mux $procmux$12941.
    dead port 2/2 on $mux $procmux$12943.
    dead port 2/2 on $mux $procmux$12945.
    dead port 2/2 on $mux $procmux$12956.
    dead port 2/2 on $mux $procmux$12958.
    dead port 2/2 on $mux $procmux$12960.
    dead port 2/2 on $mux $procmux$12972.
    dead port 2/2 on $mux $procmux$12974.
    dead port 2/2 on $mux $procmux$12976.
    dead port 2/2 on $mux $procmux$12986.
    dead port 2/2 on $mux $procmux$12988.
    dead port 2/2 on $mux $procmux$12990.
    dead port 2/2 on $mux $procmux$13003.
    dead port 2/2 on $mux $procmux$13005.
    dead port 2/2 on $mux $procmux$13007.
    dead port 2/2 on $mux $procmux$13019.
    dead port 2/2 on $mux $procmux$13021.
    dead port 2/2 on $mux $procmux$13023.
    dead port 2/2 on $mux $procmux$13036.
    dead port 2/2 on $mux $procmux$13038.
    dead port 2/2 on $mux $procmux$13040.
    dead port 2/2 on $mux $procmux$13053.
    dead port 2/2 on $mux $procmux$13055.
    dead port 2/2 on $mux $procmux$13057.
    dead port 2/2 on $mux $procmux$13066.
    dead port 2/2 on $mux $procmux$13068.
    dead port 2/2 on $mux $procmux$13077.
    dead port 2/2 on $mux $procmux$13079.
    dead port 2/2 on $mux $procmux$13088.
    dead port 2/2 on $mux $procmux$13090.
    dead port 2/2 on $mux $procmux$13099.
    dead port 2/2 on $mux $procmux$13101.
    dead port 2/2 on $mux $procmux$13110.
    dead port 2/2 on $mux $procmux$13112.
    dead port 2/2 on $mux $procmux$13121.
    dead port 2/2 on $mux $procmux$13123.
    dead port 2/2 on $mux $procmux$13132.
    dead port 2/2 on $mux $procmux$13134.
    dead port 2/2 on $mux $procmux$13143.
    dead port 2/2 on $mux $procmux$13145.
    dead port 2/2 on $mux $procmux$13154.
    dead port 2/2 on $mux $procmux$13156.
    dead port 2/2 on $mux $procmux$13165.
    dead port 2/2 on $mux $procmux$13167.
    dead port 2/2 on $mux $procmux$13176.
    dead port 2/2 on $mux $procmux$13178.
    dead port 2/2 on $mux $procmux$13187.
    dead port 2/2 on $mux $procmux$13189.
    dead port 2/2 on $mux $procmux$13197.
    dead port 2/2 on $mux $procmux$13213.
    dead port 2/2 on $mux $procmux$13221.
    dead port 2/2 on $mux $procmux$13229.
    dead port 2/2 on $mux $procmux$13237.
    dead port 2/2 on $mux $procmux$13245.
    dead port 2/2 on $mux $procmux$13253.
    dead port 2/2 on $mux $procmux$13261.
    dead port 2/2 on $mux $procmux$13269.
    dead port 2/2 on $mux $procmux$13277.
    dead port 2/2 on $mux $procmux$13285.
    dead port 2/2 on $mux $procmux$13293.
    dead port 2/2 on $mux $procmux$13301.
    dead port 2/2 on $mux $procmux$13309.
    dead port 2/2 on $mux $procmux$13317.
    dead port 2/2 on $mux $procmux$13325.
    dead port 2/2 on $mux $procmux$13333.
    dead port 2/2 on $mux $procmux$13342.
    dead port 2/2 on $mux $procmux$13351.
    dead port 2/2 on $mux $procmux$13357.
    dead port 2/2 on $mux $procmux$13364.
    dead port 2/2 on $mux $procmux$13372.
    dead port 2/2 on $mux $procmux$13381.
    dead port 2/2 on $mux $procmux$13391.
    dead port 2/2 on $mux $procmux$13402.
    dead port 2/2 on $mux $procmux$13415.
    dead port 1/2 on $mux $procmux$13418.
    dead port 1/2 on $mux $procmux$13421.
    dead port 2/2 on $mux $procmux$13423.
    dead port 2/2 on $mux $procmux$13437.
    dead port 1/2 on $mux $procmux$13440.
    dead port 1/2 on $mux $procmux$13443.
    dead port 2/2 on $mux $procmux$13445.
    dead port 1/2 on $mux $procmux$1345.
    dead port 2/2 on $mux $procmux$13460.
    dead port 1/2 on $mux $procmux$13463.
    dead port 1/2 on $mux $procmux$13466.
    dead port 2/2 on $mux $procmux$13468.
    dead port 2/2 on $mux $procmux$13484.
    dead port 1/2 on $mux $procmux$13487.
    dead port 1/2 on $mux $procmux$13490.
    dead port 2/2 on $mux $procmux$13492.
    dead port 1/2 on $mux $procmux$1350.
    dead port 2/2 on $mux $procmux$13509.
    dead port 1/2 on $mux $procmux$13512.
    dead port 1/2 on $mux $procmux$13515.
    dead port 2/2 on $mux $procmux$13517.
    dead port 1/2 on $mux $procmux$1353.
    dead port 2/2 on $mux $procmux$13535.
    dead port 1/2 on $mux $procmux$13538.
    dead port 1/2 on $mux $procmux$13541.
    dead port 2/2 on $mux $procmux$13543.
    dead port 2/2 on $mux $procmux$13562.
    dead port 1/2 on $mux $procmux$13565.
    dead port 1/2 on $mux $procmux$13568.
    dead port 2/2 on $mux $procmux$13570.
    dead port 2/2 on $mux $procmux$13590.
    dead port 1/2 on $mux $procmux$13593.
    dead port 1/2 on $mux $procmux$13596.
    dead port 2/2 on $mux $procmux$13598.
    dead port 1/2 on $mux $procmux$1360.
    dead port 2/2 on $mux $procmux$13619.
    dead port 1/2 on $mux $procmux$13622.
    dead port 1/2 on $mux $procmux$13625.
    dead port 2/2 on $mux $procmux$13627.
    dead port 2/2 on $mux $procmux$13649.
    dead port 1/2 on $mux $procmux$13652.
    dead port 1/2 on $mux $procmux$13655.
    dead port 2/2 on $mux $procmux$13657.
    dead port 2/2 on $mux $procmux$13680.
    dead port 1/2 on $mux $procmux$13683.
    dead port 1/2 on $mux $procmux$13686.
    dead port 2/2 on $mux $procmux$13688.
    dead port 1/2 on $mux $procmux$1369.
    dead port 2/2 on $mux $procmux$13712.
    dead port 1/2 on $mux $procmux$13715.
    dead port 1/2 on $mux $procmux$13718.
    dead port 1/2 on $mux $procmux$1372.
    dead port 2/2 on $mux $procmux$13720.
    dead port 2/2 on $mux $procmux$13745.
    dead port 1/2 on $mux $procmux$13748.
    dead port 1/2 on $mux $procmux$1375.
    dead port 1/2 on $mux $procmux$13751.
    dead port 2/2 on $mux $procmux$13753.
    dead port 2/2 on $mux $procmux$13779.
    dead port 1/2 on $mux $procmux$1378.
    dead port 1/2 on $mux $procmux$13782.
    dead port 1/2 on $mux $procmux$13785.
    dead port 2/2 on $mux $procmux$13787.
    dead port 2/2 on $mux $procmux$13814.
    dead port 1/2 on $mux $procmux$13817.
    dead port 1/2 on $mux $procmux$13820.
    dead port 2/2 on $mux $procmux$13822.
    dead port 1/2 on $mux $procmux$1385.
    dead port 2/2 on $mux $procmux$13850.
    dead port 1/2 on $mux $procmux$13853.
    dead port 1/2 on $mux $procmux$13856.
    dead port 2/2 on $mux $procmux$13858.
    dead port 1/2 on $mux $procmux$1388.
    dead port 2/2 on $mux $procmux$13887.
    dead port 1/2 on $mux $procmux$13890.
    dead port 1/2 on $mux $procmux$13893.
    dead port 2/2 on $mux $procmux$13895.
    dead port 1/2 on $mux $procmux$1391.
    dead port 2/2 on $mux $procmux$13925.
    dead port 1/2 on $mux $procmux$13928.
    dead port 1/2 on $mux $procmux$13931.
    dead port 2/2 on $mux $procmux$13933.
    dead port 2/2 on $mux $procmux$13964.
    dead port 1/2 on $mux $procmux$13967.
    dead port 1/2 on $mux $procmux$1397.
    dead port 1/2 on $mux $procmux$13970.
    dead port 2/2 on $mux $procmux$13972.
    dead port 1/2 on $mux $procmux$1400.
    dead port 2/2 on $mux $procmux$14004.
    dead port 1/2 on $mux $procmux$14007.
    dead port 1/2 on $mux $procmux$14010.
    dead port 2/2 on $mux $procmux$14012.
    dead port 1/2 on $mux $procmux$1403.
    dead port 2/2 on $mux $procmux$14045.
    dead port 1/2 on $mux $procmux$14048.
    dead port 1/2 on $mux $procmux$14051.
    dead port 2/2 on $mux $procmux$14053.
    dead port 2/2 on $mux $procmux$14087.
    dead port 1/2 on $mux $procmux$14090.
    dead port 1/2 on $mux $procmux$14093.
    dead port 2/2 on $mux $procmux$14095.
    dead port 2/2 on $mux $procmux$14130.
    dead port 1/2 on $mux $procmux$14133.
    dead port 1/2 on $mux $procmux$14136.
    dead port 2/2 on $mux $procmux$14138.
    dead port 2/2 on $mux $procmux$14174.
    dead port 1/2 on $mux $procmux$14177.
    dead port 1/2 on $mux $procmux$14180.
    dead port 2/2 on $mux $procmux$14182.
    dead port 1/2 on $mux $procmux$1421.
    dead port 2/2 on $mux $procmux$14219.
    dead port 1/2 on $mux $procmux$14222.
    dead port 1/2 on $mux $procmux$14225.
    dead port 2/2 on $mux $procmux$14227.
    dead port 1/2 on $mux $procmux$1424.
    dead port 2/2 on $mux $procmux$14265.
    dead port 1/2 on $mux $procmux$14268.
    dead port 1/2 on $mux $procmux$1427.
    dead port 1/2 on $mux $procmux$14271.
    dead port 2/2 on $mux $procmux$14273.
    dead port 1/2 on $mux $procmux$14319.
    dead port 1/2 on $mux $procmux$14322.
    dead port 2/2 on $mux $procmux$14324.
    dead port 1/2 on $mux $procmux$1433.
    dead port 1/2 on $mux $procmux$1436.
    dead port 1/2 on $mux $procmux$14370.
    dead port 1/2 on $mux $procmux$14373.
    dead port 2/2 on $mux $procmux$14375.
    dead port 1/2 on $mux $procmux$1439.
    dead port 1/2 on $mux $procmux$14420.
    dead port 1/2 on $mux $procmux$14423.
    dead port 2/2 on $mux $procmux$14425.
    dead port 1/2 on $mux $procmux$1445.
    dead port 1/2 on $mux $procmux$14471.
    dead port 1/2 on $mux $procmux$14474.
    dead port 2/2 on $mux $procmux$14476.
    dead port 1/2 on $mux $procmux$1448.
    dead port 2/2 on $mux $procmux$145.
    dead port 1/2 on $mux $procmux$1451.
    dead port 1/2 on $mux $procmux$14531.
    dead port 1/2 on $mux $procmux$14534.
    dead port 2/2 on $mux $procmux$14536.
    dead port 1/2 on $mux $procmux$1457.
    dead port 1/2 on $mux $procmux$14578.
    dead port 1/2 on $mux $procmux$14581.
    dead port 2/2 on $mux $procmux$14583.
    dead port 1/2 on $mux $procmux$1460.
    dead port 1/2 on $mux $procmux$14625.
    dead port 1/2 on $mux $procmux$14628.
    dead port 1/2 on $mux $procmux$1463.
    dead port 2/2 on $mux $procmux$14630.
    dead port 1/2 on $mux $procmux$14681.
    dead port 1/2 on $mux $procmux$14684.
    dead port 2/2 on $mux $procmux$14686.
    dead port 1/2 on $mux $procmux$1469.
    dead port 1/2 on $mux $procmux$1472.
    dead port 1/2 on $mux $procmux$14731.
    dead port 1/2 on $mux $procmux$14734.
    dead port 2/2 on $mux $procmux$14736.
    dead port 1/2 on $mux $procmux$1475.
    dead port 1/2 on $mux $procmux$14778.
    dead port 1/2 on $mux $procmux$14781.
    dead port 2/2 on $mux $procmux$14783.
    dead port 1/2 on $mux $procmux$1481.
    dead port 1/2 on $mux $procmux$14839.
    dead port 1/2 on $mux $procmux$1484.
    dead port 1/2 on $mux $procmux$14842.
    dead port 2/2 on $mux $procmux$14844.
    dead port 1/2 on $mux $procmux$14859.
    dead port 1/2 on $mux $procmux$14862.
    dead port 2/2 on $mux $procmux$14864.
    dead port 1/2 on $mux $procmux$1487.
    dead port 1/2 on $mux $procmux$14882.
    dead port 2/2 on $mux $procmux$14884.
    dead port 1/2 on $mux $procmux$14898.
    dead port 2/2 on $mux $procmux$14900.
    dead port 1/2 on $mux $procmux$14903.
    dead port 2/2 on $mux $procmux$14905.
    dead port 2/2 on $mux $procmux$14921.
    dead port 1/2 on $mux $procmux$14924.
    dead port 2/2 on $mux $procmux$14926.
    dead port 1/2 on $mux $procmux$1493.
    dead port 2/2 on $mux $procmux$14940.
    dead port 2/2 on $mux $procmux$14942.
    dead port 1/2 on $mux $procmux$14945.
    dead port 2/2 on $mux $procmux$14947.
    dead port 1/2 on $mux $procmux$1496.
    dead port 1/2 on $mux $procmux$14964.
    dead port 2/2 on $mux $procmux$14966.
    dead port 1/2 on $mux $procmux$14983.
    dead port 2/2 on $mux $procmux$14985.
    dead port 1/2 on $mux $procmux$1499.
    dead port 2/2 on $mux $procmux$150.
    dead port 1/2 on $mux $procmux$15002.
    dead port 2/2 on $mux $procmux$15004.
    dead port 1/2 on $mux $procmux$15021.
    dead port 2/2 on $mux $procmux$15023.
    dead port 1/2 on $mux $procmux$15040.
    dead port 2/2 on $mux $procmux$15042.
    dead port 1/2 on $mux $procmux$1505.
    dead port 1/2 on $mux $procmux$15059.
    dead port 2/2 on $mux $procmux$15061.
    dead port 1/2 on $mux $procmux$15078.
    dead port 1/2 on $mux $procmux$1508.
    dead port 2/2 on $mux $procmux$15080.
    dead port 1/2 on $mux $procmux$15097.
    dead port 2/2 on $mux $procmux$15099.
    dead port 1/2 on $mux $procmux$1511.
    dead port 1/2 on $mux $procmux$15116.
    dead port 2/2 on $mux $procmux$15118.
    dead port 1/2 on $mux $procmux$15135.
    dead port 2/2 on $mux $procmux$15137.
    dead port 1/2 on $mux $procmux$15154.
    dead port 2/2 on $mux $procmux$15156.
    dead port 1/2 on $mux $procmux$15173.
    dead port 2/2 on $mux $procmux$15175.
    dead port 1/2 on $mux $procmux$1519.
    dead port 2/2 on $mux $procmux$15191.
    dead port 2/2 on $mux $procmux$15204.
    dead port 2/2 on $mux $procmux$15206.
    dead port 1/2 on $mux $procmux$1522.
    dead port 2/2 on $mux $procmux$15222.
    dead port 2/2 on $mux $procmux$15238.
    dead port 2/2 on $mux $procmux$15254.
    dead port 2/2 on $mux $procmux$15270.
    dead port 2/2 on $mux $procmux$15286.
    dead port 2/2 on $mux $procmux$15302.
    dead port 2/2 on $mux $procmux$15318.
    dead port 2/2 on $mux $procmux$15334.
    dead port 2/2 on $mux $procmux$15350.
    dead port 2/2 on $mux $procmux$15366.
    dead port 2/2 on $mux $procmux$15382.
    dead port 2/2 on $mux $procmux$15398.
    dead port 1/2 on $mux $procmux$1541.
    dead port 1/2 on $mux $procmux$15415.
    dead port 2/2 on $mux $procmux$15417.
    dead port 2/2 on $mux $procmux$15419.
    dead port 1/2 on $mux $procmux$15436.
    dead port 2/2 on $mux $procmux$15438.
    dead port 1/2 on $mux $procmux$1544.
    dead port 2/2 on $mux $procmux$15440.
    dead port 2/2 on $mux $procmux$15457.
    dead port 2/2 on $mux $procmux$15459.
    dead port 2/2 on $mux $procmux$15476.
    dead port 2/2 on $mux $procmux$15478.
    dead port 2/2 on $mux $procmux$15494.
    dead port 2/2 on $mux $procmux$15496.
    dead port 1/2 on $mux $procmux$1552.
    dead port 2/2 on $mux $procmux$15520.
    dead port 2/2 on $mux $procmux$15538.
    dead port 1/2 on $mux $procmux$1555.
    dead port 2/2 on $mux $procmux$15554.
    dead port 2/2 on $mux $procmux$15575.
    dead port 2/2 on $mux $procmux$15596.
    dead port 2/2 on $mux $procmux$15598.
    dead port 2/2 on $mux $procmux$156.
    dead port 2/2 on $mux $procmux$15616.
    dead port 2/2 on $mux $procmux$15618.
    dead port 2/2 on $mux $procmux$15620.
    dead port 1/2 on $mux $procmux$1563.
    dead port 2/2 on $mux $procmux$15641.
    dead port 2/2 on $mux $procmux$15643.
    dead port 1/2 on $mux $procmux$1566.
    dead port 2/2 on $mux $procmux$15661.
    dead port 2/2 on $mux $procmux$15663.
    dead port 2/2 on $mux $procmux$15665.
    dead port 2/2 on $mux $procmux$15686.
    dead port 2/2 on $mux $procmux$15688.
    dead port 2/2 on $mux $procmux$15711.
    dead port 2/2 on $mux $procmux$15713.
    dead port 2/2 on $mux $procmux$15733.
    dead port 2/2 on $mux $procmux$15735.
    dead port 1/2 on $mux $procmux$1574.
    dead port 2/2 on $mux $procmux$15755.
    dead port 2/2 on $mux $procmux$15757.
    dead port 1/2 on $mux $procmux$1577.
    dead port 2/2 on $mux $procmux$15777.
    dead port 2/2 on $mux $procmux$15779.
    dead port 2/2 on $mux $procmux$15800.
    dead port 2/2 on $mux $procmux$15821.
    dead port 2/2 on $mux $procmux$15842.
    dead port 1/2 on $mux $procmux$1585.
    dead port 2/2 on $mux $procmux$15863.
    dead port 1/2 on $mux $procmux$1588.
    dead port 2/2 on $mux $procmux$15884.
    dead port 2/2 on $mux $procmux$15905.
    dead port 2/2 on $mux $procmux$15926.
    dead port 2/2 on $mux $procmux$15946.
    dead port 1/2 on $mux $procmux$1596.
    dead port 2/2 on $mux $procmux$15967.
    dead port 2/2 on $mux $procmux$15988.
    dead port 1/2 on $mux $procmux$1599.
    dead port 2/2 on $mux $procmux$16.
    dead port 2/2 on $mux $procmux$16009.
    dead port 2/2 on $mux $procmux$16031.
    dead port 2/2 on $mux $procmux$16056.
    dead port 2/2 on $mux $procmux$16058.
    dead port 1/2 on $mux $procmux$1607.
    dead port 2/2 on $mux $procmux$16083.
    dead port 2/2 on $mux $procmux$16085.
    dead port 1/2 on $mux $procmux$1610.
    dead port 2/2 on $mux $procmux$16110.
    dead port 2/2 on $mux $procmux$16112.
    dead port 2/2 on $mux $procmux$16137.
    dead port 2/2 on $mux $procmux$16139.
    dead port 2/2 on $mux $procmux$16159.
    dead port 2/2 on $mux $procmux$16161.
    dead port 2/2 on $mux $procmux$16163.
    dead port 1/2 on $mux $procmux$1618.
    dead port 2/2 on $mux $procmux$16186.
    dead port 2/2 on $mux $procmux$16188.
    dead port 1/2 on $mux $procmux$1621.
    dead port 2/2 on $mux $procmux$16211.
    dead port 2/2 on $mux $procmux$16213.
    dead port 2/2 on $mux $procmux$16236.
    dead port 2/2 on $mux $procmux$16238.
    dead port 2/2 on $mux $procmux$16259.
    dead port 2/2 on $mux $procmux$16261.
    dead port 2/2 on $mux $procmux$16282.
    dead port 2/2 on $mux $procmux$16284.
    dead port 1/2 on $mux $procmux$1629.
    dead port 2/2 on $mux $procmux$163.
    dead port 2/2 on $mux $procmux$16305.
    dead port 2/2 on $mux $procmux$16307.
    dead port 1/2 on $mux $procmux$1632.
    dead port 2/2 on $mux $procmux$16329.
    dead port 2/2 on $mux $procmux$16351.
    dead port 2/2 on $mux $procmux$16373.
    dead port 2/2 on $mux $procmux$1638.
    dead port 2/2 on $mux $procmux$16395.
    dead port 1/2 on $mux $procmux$1641.
    dead port 2/2 on $mux $procmux$16417.
    dead port 2/2 on $mux $procmux$16439.
    dead port 1/2 on $mux $procmux$1644.
    dead port 2/2 on $mux $procmux$16461.
    dead port 2/2 on $mux $procmux$16483.
    dead port 2/2 on $mux $procmux$16505.
    dead port 2/2 on $mux $procmux$16527.
    dead port 2/2 on $mux $procmux$16549.
    dead port 2/2 on $mux $procmux$16571.
    dead port 2/2 on $mux $procmux$16590.
    dead port 2/2 on $mux $procmux$16592.
    dead port 2/2 on $mux $procmux$16612.
    dead port 2/2 on $mux $procmux$16614.
    dead port 2/2 on $mux $procmux$16642.
    dead port 2/2 on $mux $procmux$16664.
    dead port 2/2 on $mux $procmux$16686.
    dead port 2/2 on $mux $procmux$16708.
    dead port 2/2 on $mux $procmux$16730.
    dead port 2/2 on $mux $procmux$1675.
    dead port 1/2 on $mux $procmux$1678.
    dead port 1/2 on $mux $128.
    dead port 2/2 on $mux $128.
    dead port 1/2 on $mux $procmux$1681.
    dead port 2/2 on $mux $procmux$1688.
    dead port 1/2 on $mux $procmux$1691.
    dead port 1/2 on $mux $procmux$1694.
    dead port 2/2 on $mux $procmux$170.
    dead port 2/2 on $mux $procmux$1701.
    dead port 2/2 on $mux $procmux$12453.
    dead port 1/2 on $mux $procmux$1704.
    dead port 2/2 on $mux $procmux$12458.
    dead port 1/2 on $mux $procmux$1707.
    dead port 2/2 on $mux $procmux$1714.
    dead port 1/2 on $mux $procmux$12461.
    dead port 2/2 on $mux $procmux$12463.
    dead port 1/2 on $mux $procmux$1717.
    dead port 1/2 on $mux $procmux$1720.
    dead port 2/2 on $mux $procmux$12468.
    dead port 1/2 on $mux $procmux$17236.
    dead port 1/2 on $mux $procmux$17245.
    dead port 1/2 on $mux $procmux$17254.
    dead port 2/2 on $mux $procmux$1726.
    dead port 1/2 on $mux $procmux$17263.
    dead port 1/2 on $mux $procmux$17272.
    dead port 1/2 on $mux $procmux$17281.
    dead port 1/2 on $mux $procmux$1729.
    dead port 1/2 on $mux $procmux$17290.
    dead port 1/2 on $mux $procmux$17299.
    dead port 1/2 on $mux $procmux$17308.
    dead port 1/2 on $mux $procmux$17317.
    dead port 1/2 on $mux $procmux$1732.
    dead port 1/2 on $mux $procmux$17326.
    dead port 1/2 on $mux $procmux$17335.
    dead port 1/2 on $mux $procmux$17344.
    dead port 1/2 on $mux $procmux$17353.
    dead port 1/2 on $mux $procmux$17362.
    dead port 1/2 on $mux $procmux$17371.
    dead port 2/2 on $mux $procmux$1738.
    dead port 1/2 on $mux $procmux$17380.
    dead port 1/2 on $mux $procmux$17389.
    dead port 1/2 on $mux $procmux$17398.
    dead port 1/2 on $mux $procmux$17407.
    dead port 1/2 on $mux $procmux$1741.
    dead port 1/2 on $mux $procmux$17416.
    dead port 1/2 on $mux $procmux$17425.
    dead port 1/2 on $mux $procmux$17434.
    dead port 1/2 on $mux $procmux$1744.
    dead port 1/2 on $mux $procmux$17443.
    dead port 1/2 on $mux $procmux$17452.
    dead port 1/2 on $mux $procmux$17461.
    dead port 1/2 on $mux $procmux$17470.
    dead port 1/2 on $mux $procmux$17479.
    dead port 1/2 on $mux $procmux$17488.
    dead port 1/2 on $mux $procmux$17497.
    dead port 1/2 on $mux $procmux$17506.
    dead port 1/3 on $pmux $procmux$17512.
    dead port 3/3 on $pmux $procmux$17512.
    dead port 1/3 on $pmux $procmux$17515.
    dead port 3/3 on $pmux $procmux$17515.
    dead port 1/3 on $pmux $procmux$17518.
    dead port 3/3 on $pmux $procmux$17518.
    dead port 1/5 on $pmux $procmux$17521.
    dead port 2/5 on $pmux $procmux$17521.
    dead port 3/5 on $pmux $procmux$17521.
    dead port 5/5 on $pmux $procmux$17521.
    dead port 1/3 on $pmux $procmux$17526.
    dead port 3/3 on $pmux $procmux$17526.
    dead port 2/2 on $mux $procmux$17595.
    dead port 2/2 on $mux $procmux$17597.
    dead port 2/2 on $mux $procmux$17602.
    dead port 2/2 on $mux $procmux$17604.
    dead port 1/2 on $mux $procmux$17613.
    dead port 2/2 on $mux $procmux$17616.
    dead port 2/2 on $mux $procmux$17618.
    dead port 2/2 on $mux $procmux$1762.
    dead port 2/2 on $mux $procmux$17620.
    dead port 2/2 on $mux $procmux$17632.
    dead port 2/2 on $mux $procmux$17634.
    dead port 2/2 on $mux $procmux$17636.
    dead port 2/2 on $mux $procmux$17646.
    dead port 2/2 on $mux $procmux$17649.
    dead port 1/2 on $mux $procmux$1765.
    dead port 2/2 on $mux $procmux$17651.
    dead port 2/2 on $mux $procmux$17653.
    dead port 2/2 on $mux $procmux$17664.
    dead port 2/2 on $mux $procmux$17666.
    dead port 1/2 on $mux $procmux$17676.
    dead port 1/2 on $mux $procmux$17678.
    dead port 1/2 on $mux $procmux$1768.
    dead port 2/2 on $mux $procmux$17680.
    dead port 2/2 on $mux $procmux$17682.
    dead port 1/2 on $mux $procmux$17694.
    dead port 2/2 on $mux $procmux$17696.
    dead port 2/2 on $mux $procmux$17698.
    dead port 1/2 on $mux $procmux$10030.
    dead port 2/2 on $mux $procmux$177.
    dead port 2/2 on $mux $procmux$17708.
    dead port 1/2 on $mux $procmux$17710.
    dead port 2/2 on $mux $procmux$17712.
    dead port 1/2 on $mux $procmux$10036.
    dead port 2/2 on $mux $procmux$17714.
    dead port 2/2 on $mux $procmux$10038.
    dead port 1/2 on $mux $procmux$17725.
    dead port 2/2 on $mux $procmux$17727.
    dead port 2/2 on $mux $procmux$17729.
    dead port 2/2 on $mux $procmux$17739.
    dead port 1/2 on $mux $procmux$10056.
    dead port 2/2 on $mux $procmux$17741.
    dead port 2/2 on $mux $procmux$17748.
    dead port 2/2 on $mux $procmux$17750.
    dead port 1/2 on $mux $procmux$10062.
    dead port 2/2 on $mux $procmux$17760.
    dead port 2/2 on $mux $procmux$17762.
    dead port 2/2 on $mux $procmux$10064.
    dead port 2/2 on $mux $procmux$17771.
    dead port 2/2 on $mux $procmux$17773.
    dead port 1/2 on $mux $procmux$17786.
    dead port 2/2 on $mux $procmux$17788.
    dead port 2/2 on $mux $procmux$17790.
    dead port 2/2 on $mux $procmux$17804.
    dead port 2/2 on $mux $procmux$17806.
    dead port 1/2 on $mux $procmux$10082.
    dead port 2/2 on $mux $procmux$17819.
    dead port 1/2 on $mux $procmux$10088.
    dead port 2/2 on $mux $procmux$17821.
    dead port 2/2 on $mux $procmux$1009.
    dead port 2/2 on $mux $procmux$10090.
    dead port 1/2 on $mux $procmux$10108.
    dead port 2/2 on $mux $procmux$17835.
    dead port 1/2 on $mux $procmux$10114.
    dead port 2/2 on $mux $procmux$10116.
    dead port 2/2 on $mux $procmux$17847.
    dead port 2/2 on $mux $procmux$17854.
    dead port 2/2 on $mux $procmux$17856.
    dead port 2/2 on $mux $procmux$17858.
    dead port 2/2 on $mux $procmux$1786.
    dead port 2/2 on $mux $procmux$17869.
    dead port 2/2 on $mux $procmux$17871.
    dead port 2/2 on $mux $procmux$17873.
    dead port 2/2 on $mux $procmux$17884.
    dead port 1/2 on $mux $procmux$10163.
    dead port 2/2 on $mux $procmux$17886.
    dead port 2/2 on $mux $procmux$10165.
    dead port 1/2 on $mux $procmux$1789.
    dead port 1/2 on $mux $procmux$17896.
    dead port 2/2 on $mux $procmux$17898.
    dead port 2/2 on $mux $procmux$17900.
    dead port 1/2 on $mux $procmux$10186.
    dead port 2/2 on $mux $procmux$17902.
    dead port 2/2 on $mux $procmux$10188.
    dead port 2/2 on $mux $procmux$17913.
    dead port 2/2 on $mux $procmux$17915.
    dead port 2/2 on $mux $procmux$17917.
    dead port 1/2 on $mux $procmux$10209.
    dead port 1/2 on $mux $procmux$1792.
    dead port 2/2 on $mux $procmux$17927.
    dead port 2/2 on $mux $procmux$10211.
    dead port 2/2 on $mux $procmux$17929.
    dead port 2/2 on $mux $procmux$17931.
    dead port 1/2 on $mux $procmux$10232.
    dead port 2/2 on $mux $procmux$17941.
    dead port 2/2 on $mux $procmux$10234.
    dead port 2/2 on $mux $procmux$17943.
    dead port 1/2 on $mux $procmux$17952.
    dead port 1/2 on $mux $procmux$17955.
    dead port 2/2 on $mux $procmux$17957.
    dead port 2/2 on $mux $procmux$17959.
    dead port 1/2 on $mux $procmux$17970.
    dead port 2/2 on $mux $procmux$17972.
    dead port 1/2 on $mux $procmux$10255.
    dead port 2/2 on $mux $procmux$17974.
    dead port 2/2 on $mux $procmux$10257.
    dead port 2/2 on $mux $procmux$17983.
    dead port 2/2 on $mux $procmux$17985.
    dead port 2/2 on $mux $procmux$17995.
    dead port 2/2 on $mux $procmux$17997.
    dead port 1/2 on $mux $procmux$10278.
    dead port 2/2 on $mux $procmux$18006.
    dead port 2/2 on $mux $procmux$18008.
    dead port 2/2 on $mux $procmux$10280.
    dead port 2/2 on $mux $procmux$1030.
    dead port 1/2 on $mux $procmux$10301.
    dead port 2/2 on $mux $procmux$10303.
    dead port 2/2 on $mux $procmux$18022.
    dead port 2/2 on $mux $procmux$1032.
    dead port 2/2 on $mux $procmux$18032.
    dead port 1/2 on $mux $procmux$10324.
    dead port 2/2 on $mux $procmux$10326.
    dead port 2/2 on $mux $procmux$18046.
    dead port 2/2 on $mux $procmux$18048.
    dead port 2/2 on $mux $procmux$18056.
    dead port 2/2 on $mux $procmux$18058.
    dead port 1/2 on $mux $procmux$10370.
    dead port 2/2 on $mux $procmux$18067.
    dead port 2/2 on $mux $procmux$10372.
    dead port 2/2 on $mux $procmux$18069.
    dead port 2/2 on $mux $procmux$18080.
    dead port 2/2 on $mux $procmux$18082.
    dead port 2/2 on $mux $procmux$18096.
    dead port 2/2 on $mux $procmux$18098.
    dead port 2/2 on $mux $procmux$1040.
    dead port 2/2 on $mux $procmux$1810.
    dead port 1/2 on $mux $procmux$10461.
    dead port 2/2 on $mux $procmux$10463.
    dead port 2/2 on $mux $procmux$18113.
    dead port 2/2 on $mux $procmux$1048.
    dead port 1/2 on $mux $procmux$10484.
    dead port 2/2 on $mux $procmux$18125.
    dead port 2/2 on $mux $procmux$10486.
    dead port 1/2 on $mux $procmux$1813.
    dead port 2/2 on $mux $procmux$18147.
    dead port 2/2 on $mux $procmux$18152.
    dead port 1/2 on $mux $procmux$10507.
    dead port 2/2 on $mux $procmux$18157.
    dead port 2/2 on $mux $procmux$10509.
    dead port 1/2 on $mux $procmux$1816.
    dead port 2/2 on $mux $procmux$18162.
    dead port 2/2 on $mux $procmux$18167.
    dead port 2/2 on $mux $procmux$18173.
    dead port 2/2 on $mux $procmux$18179.
    dead port 2/2 on $mux $procmux$18185.
    dead port 1/2 on $mux $procmux$10530.
    dead port 2/2 on $mux $procmux$18190.
    dead port 2/2 on $mux $procmux$10532.
    dead port 2/2 on $mux $procmux$18197.
    dead port 2/2 on $mux $procmux$18204.
    dead port 2/2 on $mux $procmux$18211.
    dead port 2/2 on $mux $procmux$18218.
    dead port 2/2 on $mux $procmux$1822.
    dead port 2/2 on $mux $procmux$18225.
    dead port 2/2 on $mux $procmux$1056.
    dead port 2/2 on $mux $procmux$18232.
    dead port 2/2 on $mux $procmux$18241.
    dead port 1/2 on $mux $procmux$1825.
    dead port 2/2 on $mux $procmux$18250.
    dead port 1/2 on $mux $procmux$10576.
    dead port 2/2 on $mux $procmux$18259.
    dead port 2/2 on $mux $procmux$10578.
    dead port 2/2 on $mux $procmux$18267.
    dead port 2/2 on $mux $procmux$18275.
    dead port 2/2 on $mux $procmux$18277.
    dead port 1/2 on $mux $procmux$1828.
    dead port 1/2 on $mux $procmux$10599.
    dead port 2/2 on $mux $procmux$10601.
    dead port 1/2 on $mux $procmux$10622.
    dead port 2/2 on $mux $procmux$10624.
    dead port 2/2 on $mux $procmux$1064.
    dead port 1/2 on $mux $procmux$10645.
    dead port 2/2 on $mux $procmux$10647.
    dead port 1/2 on $mux $procmux$10688.
    dead port 2/2 on $mux $procmux$10690.
    dead port 1/2 on $mux $procmux$10708.
    dead port 1/2 on $mux $procmux$18330.
    dead port 1/2 on $mux $procmux$18335.
    dead port 2/2 on $mux $procmux$1834.
    dead port 1/2 on $mux $procmux$18360.
    dead port 1/2 on $mux $procmux$18365.
    dead port 1/2 on $mux $procmux$1837.
    dead port 2/2 on $mux $procmux$18389.
    dead port 1/2 on $mux $procmux$18392.
    dead port 1/2 on $mux $procmux$18398.
    dead port 2/2 on $mux $procmux$184.
    dead port 1/2 on $mux $procmux$1840.
    dead port 2/2 on $mux $procmux$18437.
    dead port 2/2 on $mux $procmux$10710.
    dead port 1/2 on $mux $procmux$18447.
    dead port 1/3 on $pmux $procmux$18452.
    dead port 1/3 on $pmux $procmux$18456.
    dead port 2/2 on $mux $procmux$1846.
    dead port 1/3 on $pmux $procmux$18460.
    dead port 2/2 on $mux $procmux$18469.
    dead port 2/2 on $mux $procmux$18482.
    dead port 2/2 on $mux $procmux$18485.
    dead port 1/2 on $mux $procmux$1849.
    dead port 1/2 on $mux $procmux$18504.
    dead port 1/2 on $mux $procmux$18511.
    dead port 1/2 on $mux $procmux$1852.
    dead port 2/2 on $mux $procmux$18521.
    dead port 2/2 on $mux $procmux$18530.
    dead port 1/2 on $mux $procmux$18546.
    dead port 1/2 on $mux $procmux$18553.
    dead port 1/2 on $mux $procmux$18555.
    dead port 1/2 on $mux $procmux$18562.
    dead port 2/2 on $mux $procmux$1858.
    dead port 2/2 on $mux $procmux$1072.
    dead port 1/2 on $mux $procmux$10728.
    dead port 2/2 on $mux $procmux$10730.
    dead port 1/2 on $mux $procmux$1861.
    dead port 1/2 on $mux $procmux$1864.
    dead port 2/2 on $mux $procmux$1870.
    dead port 1/2 on $mux $procmux$1873.
    dead port 1/2 on $mux $procmux$1876.
    dead port 2/2 on $mux $procmux$1882.
    dead port 1/2 on $mux $procmux$1885.
    dead port 1/2 on $mux $procmux$1888.
    dead port 2/2 on $mux $procmux$1894.
    dead port 1/2 on $mux $procmux$1897.
    dead port 1/2 on $mux $procmux$1900.
    dead port 2/2 on $mux $procmux$1906.
    dead port 1/2 on $mux $procmux$1909.
    dead port 1/2 on $mux $procmux$1912.
    dead port 2/2 on $mux $procmux$1918.
    dead port 2/2 on $mux $procmux$192.
    dead port 1/2 on $mux $procmux$1921.
    dead port 1/2 on $mux $procmux$1924.
    dead port 2/2 on $mux $procmux$1930.
    dead port 1/2 on $mux $procmux$1933.
    dead port 1/2 on $mux $procmux$1936.
    dead port 2/2 on $mux $procmux$1942.
    dead port 1/2 on $mux $procmux$1945.
    dead port 1/2 on $mux $procmux$1948.
    dead port 2/2 on $mux $procmux$1954.
    dead port 1/2 on $mux $procmux$1957.
    dead port 1/2 on $mux $procmux$1960.
    dead port 2/2 on $mux $procmux$1966.
    dead port 1/2 on $mux $procmux$1969.
    dead port 1/2 on $mux $procmux$1972.
    dead port 2/2 on $mux $procmux$1978.
    dead port 1/2 on $mux $procmux$1981.
    dead port 1/2 on $mux $procmux$1984.
    dead port 2/2 on $mux $procmux$1989.
    dead port 1/2 on $mux $procmux$1992.
    dead port 1/2 on $mux $procmux$1995.
    dead port 2/2 on $mux $procmux$2000.
    dead port 1/2 on $mux $procmux$2003.
    dead port 1/2 on $mux $procmux$2006.
    dead port 2/2 on $mux $procmux$201.
    dead port 2/2 on $mux $procmux$2011.
    dead port 1/2 on $mux $procmux$2014.
    dead port 1/2 on $mux $procmux$2017.
    dead port 2/2 on $mux $procmux$2022.
    dead port 1/2 on $mux $procmux$2025.
    dead port 1/2 on $mux $procmux$2028.
    dead port 2/2 on $mux $procmux$2033.
    dead port 1/2 on $mux $procmux$2036.
    dead port 1/2 on $mux $procmux$2039.
    dead port 2/2 on $mux $procmux$2044.
    dead port 1/2 on $mux $procmux$2047.
    dead port 1/2 on $mux $procmux$2050.
    dead port 2/2 on $mux $procmux$2055.
    dead port 1/2 on $mux $procmux$2058.
    dead port 1/2 on $mux $procmux$2061.
    dead port 2/2 on $mux $procmux$2066.
    dead port 1/2 on $mux $procmux$2069.
    dead port 1/2 on $mux $procmux$2072.
    dead port 2/2 on $mux $procmux$2077.
    dead port 1/2 on $mux $procmux$2080.
    dead port 1/2 on $mux $procmux$2083.
    dead port 2/2 on $mux $procmux$2088.
    dead port 1/2 on $mux $procmux$2091.
    dead port 1/2 on $mux $procmux$2094.
    dead port 2/2 on $mux $procmux$2099.
    dead port 1/2 on $mux $procmux$2102.
    dead port 1/2 on $mux $procmux$2105.
    dead port 2/2 on $mux $procmux$211.
    dead port 1/2 on $mux $procmux$2122.
    dead port 1/2 on $mux $procmux$2125.
    dead port 1/2 on $mux $procmux$2132.
    dead port 1/2 on $mux $procmux$2135.
    dead port 1/2 on $mux $procmux$2142.
    dead port 1/2 on $mux $procmux$2145.
    dead port 1/2 on $mux $procmux$2152.
    dead port 1/2 on $mux $procmux$2155.
    dead port 1/2 on $mux $procmux$2162.
    dead port 1/2 on $mux $procmux$2165.
    dead port 1/2 on $mux $procmux$2172.
    dead port 1/2 on $mux $procmux$2175.
    dead port 1/2 on $mux $procmux$2192.
    dead port 1/2 on $mux $procmux$2195.
    dead port 1/2 on $mux $procmux$2212.
    dead port 1/2 on $mux $procmux$2215.
    dead port 2/2 on $mux $procmux$222.
    dead port 1/2 on $mux $procmux$2232.
    dead port 1/2 on $mux $procmux$2235.
    dead port 1/2 on $mux $procmux$2242.
    dead port 1/2 on $mux $procmux$2245.
    dead port 1/2 on $mux $procmux$2252.
    dead port 1/2 on $mux $procmux$2255.
    dead port 1/2 on $mux $procmux$2262.
    dead port 1/2 on $mux $procmux$2265.
    dead port 1/2 on $mux $procmux$2272.
    dead port 1/2 on $mux $procmux$2275.
    dead port 1/2 on $mux $procmux$2282.
    dead port 1/2 on $mux $procmux$2285.
    dead port 1/2 on $mux $procmux$2292.
    dead port 1/2 on $mux $procmux$2295.
    dead port 1/2 on $mux $procmux$2302.
    dead port 1/2 on $mux $procmux$2305.
    dead port 1/2 on $mux $procmux$2312.
    dead port 1/2 on $mux $procmux$2315.
    dead port 1/2 on $mux $procmux$2322.
    dead port 1/2 on $mux $procmux$2325.
    dead port 2/2 on $mux $procmux$233.
    dead port 1/2 on $mux $procmux$2332.
    dead port 1/2 on $mux $procmux$2335.
    dead port 1/2 on $mux $procmux$2342.
    dead port 1/2 on $mux $procmux$2345.
    dead port 1/2 on $mux $procmux$2352.
    dead port 1/2 on $mux $procmux$2355.
    dead port 1/2 on $mux $procmux$2362.
    dead port 1/2 on $mux $procmux$2365.
    dead port 1/2 on $mux $procmux$2372.
    dead port 1/2 on $mux $procmux$2375.
    dead port 1/2 on $mux $procmux$2382.
    dead port 1/2 on $mux $procmux$2385.
    dead port 1/2 on $mux $procmux$2392.
    dead port 1/2 on $mux $procmux$2395.
    dead port 1/2 on $mux $procmux$2402.
    dead port 1/2 on $mux $procmux$2405.
    dead port 1/2 on $mux $procmux$2412.
    dead port 1/2 on $mux $procmux$2415.
    dead port 1/2 on $mux $procmux$2422.
    dead port 1/2 on $mux $procmux$2425.
    dead port 1/2 on $mux $procmux$2432.
    dead port 1/2 on $mux $procmux$2435.
    dead port 1/2 on $mux $procmux$2442.
    dead port 1/2 on $mux $procmux$2445.
    dead port 2/2 on $mux $procmux$245.
    dead port 1/2 on $mux $procmux$2452.
    dead port 1/2 on $mux $procmux$2455.
    dead port 1/2 on $mux $procmux$2462.
    dead port 1/2 on $mux $procmux$2465.
    dead port 1/2 on $mux $procmux$2472.
    dead port 1/2 on $mux $procmux$2475.
    dead port 1/2 on $mux $procmux$2482.
    dead port 1/2 on $mux $procmux$2485.
    dead port 1/2 on $mux $procmux$2492.
    dead port 1/2 on $mux $procmux$2495.
    dead port 2/2 on $mux $procmux$25.
    dead port 1/2 on $mux $procmux$2502.
    dead port 1/2 on $mux $procmux$2516.
    dead port 1/2 on $mux $procmux$2523.
    dead port 1/2 on $mux $procmux$2537.
    dead port 1/2 on $mux $procmux$2544.
    dead port 1/2 on $mux $procmux$2551.
    dead port 1/2 on $mux $procmux$2558.
    dead port 1/2 on $mux $procmux$2565.
    dead port 1/2 on $mux $procmux$2572.
    dead port 1/2 on $mux $procmux$2579.
    dead port 2/2 on $mux $procmux$258.
    dead port 1/2 on $mux $procmux$2593.
    dead port 1/2 on $mux $procmux$2607.
    dead port 1/2 on $mux $procmux$2621.
    dead port 1/2 on $mux $procmux$2628.
    dead port 1/2 on $mux $procmux$2635.
    dead port 1/2 on $mux $procmux$2642.
    dead port 1/2 on $mux $procmux$2649.
    dead port 1/2 on $mux $procmux$2656.
    dead port 1/2 on $mux $procmux$2663.
    dead port 1/2 on $mux $procmux$2670.
    dead port 1/2 on $mux $procmux$2677.
    dead port 1/2 on $mux $procmux$2684.
    dead port 1/2 on $mux $procmux$2691.
    dead port 1/2 on $mux $procmux$2698.
    dead port 1/2 on $mux $procmux$2705.
    dead port 1/2 on $mux $procmux$2712.
    dead port 1/2 on $mux $procmux$2719.
    dead port 1/2 on $mux $procmux$2726.
    dead port 1/2 on $mux $procmux$2733.
    dead port 1/2 on $mux $procmux$2740.
    dead port 1/2 on $mux $procmux$2747.
    dead port 1/2 on $mux $procmux$2754.
    dead port 1/2 on $mux $procmux$2761.
    dead port 1/2 on $mux $procmux$2768.
    dead port 1/2 on $mux $procmux$2775.
    dead port 1/2 on $mux $procmux$2782.
    dead port 1/2 on $mux $procmux$2789.
    dead port 1/2 on $mux $procmux$2796.
    dead port 1/2 on $mux $procmux$2803.
    dead port 1/2 on $mux $procmux$2810.
    dead port 1/2 on $mux $procmux$2817.
    dead port 1/2 on $mux $procmux$2824.
    dead port 1/2 on $mux $procmux$2831.
    dead port 1/2 on $mux $procmux$2838.
    dead port 1/2 on $mux $procmux$2845.
    dead port 2/2 on $mux $procmux$2875.
    dead port 2/2 on $mux $procmux$2877.
    dead port 2/2 on $mux $procmux$2883.
    dead port 2/2 on $mux $procmux$2889.
    dead port 2/2 on $mux $procmux$2895.
    dead port 2/2 on $mux $procmux$2901.
    dead port 2/2 on $mux $procmux$2907.
    dead port 1/2 on $mux $procmux$3093.
    dead port 1/2 on $mux $procmux$3096.
    dead port 1/2 on $mux $procmux$3099.
    dead port 1/2 on $mux $procmux$3102.
    dead port 1/2 on $mux $procmux$3105.
    dead port 1/2 on $mux $procmux$3108.
    dead port 1/2 on $mux $procmux$3111.
    dead port 1/2 on $mux $procmux$3114.
    dead port 1/2 on $mux $procmux$3117.
    dead port 1/2 on $mux $procmux$3120.
    dead port 1/2 on $mux $procmux$3123.
    dead port 1/2 on $mux $procmux$3126.
    dead port 1/2 on $mux $procmux$3129.
    dead port 1/2 on $mux $procmux$3132.
    dead port 1/2 on $mux $procmux$3135.
    dead port 1/2 on $mux $procmux$3138.
    dead port 1/2 on $mux $procmux$3141.
    dead port 1/2 on $mux $procmux$3144.
    dead port 1/2 on $mux $procmux$3147.
    dead port 1/2 on $mux $procmux$3150.
    dead port 1/2 on $mux $procmux$3153.
    dead port 1/2 on $mux $procmux$3156.
    dead port 1/2 on $mux $procmux$3159.
    dead port 1/2 on $mux $procmux$3162.
    dead port 1/2 on $mux $procmux$3165.
    dead port 1/2 on $mux $procmux$3168.
    dead port 1/2 on $mux $procmux$3171.
    dead port 1/2 on $mux $procmux$3174.
    dead port 1/2 on $mux $procmux$3177.
    dead port 1/2 on $mux $procmux$3180.
    dead port 1/2 on $mux $procmux$3183.
    dead port 1/2 on $mux $procmux$3190.
    dead port 1/2 on $mux $procmux$3193.
    dead port 1/2 on $mux $procmux$3196.
    dead port 1/2 on $mux $procmux$3199.
    dead port 1/2 on $mux $procmux$3202.
    dead port 1/2 on $mux $procmux$3205.
    dead port 1/2 on $mux $procmux$3208.
    dead port 1/2 on $mux $procmux$3211.
    dead port 1/2 on $mux $procmux$3214.
    dead port 1/2 on $mux $procmux$3217.
    dead port 1/2 on $mux $procmux$3220.
    dead port 1/2 on $mux $procmux$3223.
    dead port 1/2 on $mux $procmux$3226.
    dead port 1/2 on $mux $procmux$3229.
    dead port 1/2 on $mux $procmux$3232.
    dead port 1/2 on $mux $procmux$3235.
    dead port 1/2 on $mux $procmux$3238.
    dead port 1/2 on $mux $procmux$3241.
    dead port 1/2 on $mux $procmux$3244.
    dead port 1/2 on $mux $procmux$3247.
    dead port 1/2 on $mux $procmux$3250.
    dead port 1/2 on $mux $procmux$3253.
    dead port 1/2 on $mux $procmux$3256.
    dead port 1/2 on $mux $procmux$3259.
    dead port 1/2 on $mux $procmux$3262.
    dead port 1/2 on $mux $procmux$3265.
    dead port 1/2 on $mux $procmux$3268.
    dead port 1/2 on $mux $procmux$3271.
    dead port 1/2 on $mux $procmux$3274.
    dead port 1/2 on $mux $procmux$3277.
    dead port 1/2 on $mux $procmux$3284.
    dead port 1/2 on $mux $procmux$3287.
    dead port 1/2 on $mux $procmux$3290.
    dead port 1/2 on $mux $procmux$3293.
    dead port 1/2 on $mux $procmux$3296.
    dead port 1/2 on $mux $procmux$3299.
    dead port 1/2 on $mux $procmux$10748.
    dead port 1/2 on $mux $procmux$3302.
    dead port 1/2 on $mux $procmux$3305.
    dead port 1/2 on $mux $procmux$3308.
    dead port 1/2 on $mux $procmux$3311.
    dead port 1/2 on $mux $procmux$3314.
    dead port 1/2 on $mux $procmux$3317.
    dead port 1/2 on $mux $procmux$3320.
    dead port 1/2 on $mux $procmux$3323.
    dead port 1/2 on $mux $procmux$3326.
    dead port 1/2 on $mux $procmux$3329.
    dead port 1/2 on $mux $procmux$3332.
    dead port 1/2 on $mux $procmux$3335.
    dead port 1/2 on $mux $procmux$3338.
    dead port 1/2 on $mux $procmux$3341.
    dead port 1/2 on $mux $procmux$3344.
    dead port 1/2 on $mux $procmux$3347.
    dead port 1/2 on $mux $procmux$3350.
    dead port 1/2 on $mux $procmux$3353.
    dead port 1/2 on $mux $procmux$3356.
    dead port 1/2 on $mux $procmux$3359.
    dead port 1/2 on $mux $procmux$3362.
    dead port 1/2 on $mux $procmux$3365.
    dead port 1/2 on $mux $procmux$3368.
    dead port 1/2 on $mux $procmux$3375.
    dead port 1/2 on $mux $procmux$3378.
    dead port 1/2 on $mux $procmux$3381.
    dead port 1/2 on $mux $procmux$3384.
    dead port 1/2 on $mux $procmux$3387.
    dead port 1/2 on $mux $procmux$3390.
    dead port 1/2 on $mux $procmux$3393.
    dead port 1/2 on $mux $procmux$3396.
    dead port 1/2 on $mux $procmux$3399.
    dead port 2/2 on $mux $procmux$10750.
    dead port 2/2 on $mux $procmux$34.
    dead port 1/2 on $mux $procmux$3402.
    dead port 1/2 on $mux $procmux$3405.
    dead port 1/2 on $mux $procmux$3408.
    dead port 1/2 on $mux $procmux$3411.
    dead port 1/2 on $mux $procmux$3414.
    dead port 1/2 on $mux $procmux$3417.
    dead port 1/2 on $mux $procmux$3420.
    dead port 1/2 on $mux $procmux$3423.
    dead port 1/2 on $mux $procmux$3426.
    dead port 1/2 on $mux $procmux$3429.
    dead port 1/2 on $mux $procmux$3432.
    dead port 1/2 on $mux $procmux$3435.
    dead port 1/2 on $mux $procmux$3438.
    dead port 1/2 on $mux $procmux$3441.
    dead port 1/2 on $mux $procmux$3444.
    dead port 1/2 on $mux $procmux$3447.
    dead port 1/2 on $mux $procmux$3450.
    dead port 1/2 on $mux $procmux$3453.
    dead port 1/2 on $mux $procmux$3456.
    dead port 1/2 on $mux $procmux$3463.
    dead port 1/2 on $mux $procmux$3466.
    dead port 1/2 on $mux $procmux$3469.
    dead port 1/2 on $mux $procmux$3472.
    dead port 1/2 on $mux $procmux$3475.
    dead port 1/2 on $mux $procmux$3478.
    dead port 1/2 on $mux $procmux$3481.
    dead port 1/2 on $mux $procmux$3484.
    dead port 1/2 on $mux $procmux$3487.
    dead port 1/2 on $mux $procmux$3490.
    dead port 1/2 on $mux $procmux$3493.
    dead port 1/2 on $mux $procmux$3496.
    dead port 1/2 on $mux $procmux$3499.
    dead port 1/2 on $mux $procmux$3502.
    dead port 1/2 on $mux $procmux$3505.
    dead port 1/2 on $mux $procmux$3508.
    dead port 1/2 on $mux $procmux$3511.
    dead port 1/2 on $mux $procmux$3514.
    dead port 1/2 on $mux $procmux$3517.
    dead port 1/2 on $mux $procmux$3520.
    dead port 1/2 on $mux $procmux$3523.
    dead port 1/2 on $mux $procmux$3526.
    dead port 1/2 on $mux $procmux$3529.
    dead port 1/2 on $mux $procmux$3532.
    dead port 1/2 on $mux $procmux$3535.
    dead port 1/2 on $mux $procmux$3538.
    dead port 1/2 on $mux $procmux$3541.
    dead port 1/2 on $mux $procmux$3548.
    dead port 1/2 on $mux $procmux$3551.
    dead port 1/2 on $mux $procmux$3554.
    dead port 1/2 on $mux $procmux$3557.
    dead port 1/2 on $mux $procmux$3560.
    dead port 1/2 on $mux $procmux$3563.
    dead port 1/2 on $mux $procmux$3566.
    dead port 1/2 on $mux $procmux$3569.
    dead port 1/2 on $mux $procmux$10768.
    dead port 1/2 on $mux $procmux$3572.
    dead port 1/2 on $mux $procmux$3575.
    dead port 1/2 on $mux $procmux$3578.
    dead port 1/2 on $mux $procmux$3581.
    dead port 1/2 on $mux $procmux$3584.
    dead port 1/2 on $mux $procmux$3587.
    dead port 1/2 on $mux $procmux$3590.
    dead port 1/2 on $mux $procmux$3593.
    dead port 1/2 on $mux $procmux$3596.
    dead port 1/2 on $mux $procmux$3599.
    dead port 1/2 on $mux $procmux$3602.
    dead port 1/2 on $mux $procmux$3605.
    dead port 1/2 on $mux $procmux$3608.
    dead port 1/2 on $mux $procmux$3611.
    dead port 1/2 on $mux $procmux$3614.
    dead port 1/2 on $mux $procmux$3617.
    dead port 1/2 on $mux $procmux$3620.
    dead port 1/2 on $mux $procmux$3623.
    dead port 1/2 on $mux $procmux$3630.
    dead port 1/2 on $mux $procmux$3633.
    dead port 1/2 on $mux $procmux$3636.
    dead port 1/2 on $mux $procmux$3639.
    dead port 1/2 on $mux $procmux$3642.
    dead port 1/2 on $mux $procmux$3645.
    dead port 1/2 on $mux $procmux$3648.
    dead port 1/2 on $mux $procmux$3651.
    dead port 1/2 on $mux $procmux$3654.
    dead port 1/2 on $mux $procmux$3657.
    dead port 1/2 on $mux $procmux$3660.
    dead port 1/2 on $mux $procmux$3663.
    dead port 1/2 on $mux $procmux$3666.
    dead port 1/2 on $mux $procmux$3669.
    dead port 1/2 on $mux $procmux$3672.
    dead port 1/2 on $mux $procmux$3675.
    dead port 1/2 on $mux $procmux$3678.
    dead port 1/2 on $mux $procmux$3681.
    dead port 1/2 on $mux $procmux$3684.
    dead port 1/2 on $mux $procmux$3687.
    dead port 2/2 on $mux $procmux$10770.
    dead port 1/2 on $mux $procmux$3690.
    dead port 1/2 on $mux $procmux$3693.
    dead port 1/2 on $mux $procmux$3696.
    dead port 1/2 on $mux $procmux$3699.
    dead port 1/2 on $mux $procmux$3702.
    dead port 1/2 on $mux $procmux$3709.
    dead port 1/2 on $mux $procmux$3712.
    dead port 1/2 on $mux $procmux$3715.
    dead port 1/2 on $mux $procmux$3718.
    dead port 1/2 on $mux $procmux$3721.
    dead port 1/2 on $mux $procmux$3724.
    dead port 1/2 on $mux $procmux$3727.
    dead port 1/2 on $mux $procmux$3730.
    dead port 1/2 on $mux $procmux$3733.
    dead port 1/2 on $mux $procmux$3736.
    dead port 1/2 on $mux $procmux$3739.
    dead port 1/2 on $mux $procmux$3742.
    dead port 1/2 on $mux $procmux$3745.
    dead port 1/2 on $mux $procmux$3748.
    dead port 1/2 on $mux $procmux$3751.
    dead port 1/2 on $mux $procmux$3754.
    dead port 1/2 on $mux $procmux$3757.
    dead port 1/2 on $mux $procmux$3760.
    dead port 1/2 on $mux $procmux$3763.
    dead port 1/2 on $mux $procmux$3766.
    dead port 1/2 on $mux $procmux$3769.
    dead port 1/2 on $mux $procmux$3772.
    dead port 1/2 on $mux $procmux$3775.
    dead port 1/2 on $mux $procmux$3778.
    dead port 1/2 on $mux $procmux$3785.
    dead port 1/2 on $mux $procmux$3788.
    dead port 1/2 on $mux $procmux$3791.
    dead port 1/2 on $mux $procmux$3794.
    dead port 1/2 on $mux $procmux$3797.
    dead port 1/2 on $mux $procmux$3800.
    dead port 1/2 on $mux $procmux$3803.
    dead port 1/2 on $mux $procmux$3806.
    dead port 1/2 on $mux $procmux$3809.
    dead port 1/2 on $mux $procmux$10788.
    dead port 1/2 on $mux $procmux$3812.
    dead port 1/2 on $mux $procmux$3815.
    dead port 1/2 on $mux $procmux$3818.
    dead port 1/2 on $mux $procmux$3821.
    dead port 1/2 on $mux $procmux$3824.
    dead port 1/2 on $mux $procmux$3827.
    dead port 1/2 on $mux $procmux$3830.
    dead port 1/2 on $mux $procmux$3833.
    dead port 1/2 on $mux $procmux$3836.
    dead port 1/2 on $mux $procmux$3839.
    dead port 1/2 on $mux $procmux$3842.
    dead port 1/2 on $mux $procmux$3845.
    dead port 1/2 on $mux $procmux$3848.
    dead port 1/2 on $mux $procmux$3851.
    dead port 1/2 on $mux $procmux$3858.
    dead port 1/2 on $mux $procmux$3861.
    dead port 1/2 on $mux $procmux$3864.
    dead port 1/2 on $mux $procmux$3867.
    dead port 1/2 on $mux $procmux$3870.
    dead port 1/2 on $mux $procmux$3873.
    dead port 1/2 on $mux $procmux$3876.
    dead port 1/2 on $mux $procmux$3879.
    dead port 1/2 on $mux $procmux$3882.
    dead port 1/2 on $mux $procmux$3885.
    dead port 1/2 on $mux $procmux$3888.
    dead port 1/2 on $mux $procmux$3891.
    dead port 1/2 on $mux $procmux$3894.
    dead port 1/2 on $mux $procmux$3897.
    dead port 2/2 on $mux $procmux$10790.
    dead port 1/2 on $mux $procmux$3900.
    dead port 1/2 on $mux $procmux$3903.
    dead port 1/2 on $mux $procmux$3906.
    dead port 1/2 on $mux $procmux$3909.
    dead port 1/2 on $mux $procmux$3912.
    dead port 1/2 on $mux $procmux$3915.
    dead port 1/2 on $mux $procmux$3918.
    dead port 1/2 on $mux $procmux$3921.
    dead port 1/2 on $mux $procmux$3928.
    dead port 1/2 on $mux $procmux$3931.
    dead port 1/2 on $mux $procmux$3934.
    dead port 1/2 on $mux $procmux$3937.
    dead port 1/2 on $mux $procmux$3940.
    dead port 1/2 on $mux $procmux$3943.
    dead port 1/2 on $mux $procmux$3946.
    dead port 1/2 on $mux $procmux$3949.
    dead port 1/2 on $mux $procmux$3952.
    dead port 1/2 on $mux $procmux$3955.
    dead port 1/2 on $mux $procmux$3958.
    dead port 1/2 on $mux $procmux$3961.
    dead port 1/2 on $mux $procmux$3964.
    dead port 1/2 on $mux $procmux$3967.
    dead port 1/2 on $mux $procmux$3970.
    dead port 1/2 on $mux $procmux$3973.
    dead port 1/2 on $mux $procmux$3976.
    dead port 1/2 on $mux $procmux$3979.
    dead port 1/2 on $mux $procmux$3982.
    dead port 1/2 on $mux $procmux$3985.
    dead port 1/2 on $mux $procmux$3988.
    dead port 1/2 on $mux $procmux$3995.
    dead port 1/2 on $mux $procmux$3998.
    dead port 1/2 on $mux $procmux$4001.
    dead port 1/2 on $mux $procmux$4004.
    dead port 1/2 on $mux $procmux$4007.
    dead port 1/2 on $mux $procmux$4010.
    dead port 1/2 on $mux $procmux$4013.
    dead port 1/2 on $mux $procmux$4016.
    dead port 1/2 on $mux $procmux$4019.
    dead port 1/2 on $mux $procmux$10808.
    dead port 1/2 on $mux $procmux$4022.
    dead port 1/2 on $mux $procmux$4025.
    dead port 1/2 on $mux $procmux$4028.
    dead port 1/2 on $mux $procmux$4031.
    dead port 1/2 on $mux $procmux$4034.
    dead port 1/2 on $mux $procmux$4037.
    dead port 1/2 on $mux $procmux$4040.
    dead port 1/2 on $mux $procmux$4043.
    dead port 1/2 on $mux $procmux$4046.
    dead port 1/2 on $mux $procmux$4049.
    dead port 1/2 on $mux $procmux$4052.
    dead port 1/2 on $mux $procmux$4059.
    dead port 1/2 on $mux $procmux$4062.
    dead port 1/2 on $mux $procmux$4065.
    dead port 1/2 on $mux $procmux$4068.
    dead port 1/2 on $mux $procmux$4071.
    dead port 1/2 on $mux $procmux$4074.
    dead port 1/2 on $mux $procmux$4077.
    dead port 2/2 on $mux $procmux$1081.
    dead port 1/2 on $mux $procmux$4080.
    dead port 1/2 on $mux $procmux$4083.
    dead port 1/2 on $mux $procmux$4086.
    dead port 1/2 on $mux $procmux$4089.
    dead port 1/2 on $mux $procmux$4092.
    dead port 1/2 on $mux $procmux$4095.
    dead port 1/2 on $mux $procmux$4098.
    dead port 1/2 on $mux $procmux$4101.
    dead port 1/2 on $mux $procmux$4104.
    dead port 1/2 on $mux $procmux$4107.
    dead port 1/2 on $mux $procmux$4110.
    dead port 1/2 on $mux $procmux$4113.
    dead port 1/2 on $mux $procmux$4120.
    dead port 1/2 on $mux $procmux$4123.
    dead port 1/2 on $mux $procmux$4126.
    dead port 1/2 on $mux $procmux$4129.
    dead port 1/2 on $mux $procmux$4132.
    dead port 1/2 on $mux $procmux$4135.
    dead port 1/2 on $mux $procmux$4138.
    dead port 2/2 on $mux $procmux$10810.
    dead port 1/2 on $mux $procmux$4141.
    dead port 1/2 on $mux $procmux$4144.
    dead port 1/2 on $mux $procmux$4147.
    dead port 1/2 on $mux $procmux$4150.
    dead port 1/2 on $mux $procmux$4153.
    dead port 1/2 on $mux $procmux$4156.
    dead port 1/2 on $mux $procmux$4159.
    dead port 1/2 on $mux $procmux$4162.
    dead port 1/2 on $mux $procmux$4165.
    dead port 1/2 on $mux $procmux$4168.
    dead port 1/2 on $mux $procmux$4171.
    dead port 1/2 on $mux $procmux$4178.
    dead port 1/2 on $mux $procmux$4181.
    dead port 1/2 on $mux $procmux$4184.
    dead port 1/2 on $mux $procmux$4187.
    dead port 1/2 on $mux $procmux$4190.
    dead port 1/2 on $mux $procmux$4193.
    dead port 1/2 on $mux $procmux$4196.
    dead port 1/2 on $mux $procmux$4199.
    dead port 1/2 on $mux $procmux$4202.
    dead port 1/2 on $mux $procmux$4205.
    dead port 1/2 on $mux $procmux$4208.
    dead port 1/2 on $mux $procmux$4211.
    dead port 1/2 on $mux $procmux$4214.
    dead port 1/2 on $mux $procmux$4217.
    dead port 1/2 on $mux $procmux$4220.
    dead port 1/2 on $mux $procmux$4223.
    dead port 1/2 on $mux $procmux$4226.
    dead port 1/2 on $mux $procmux$4233.
    dead port 1/2 on $mux $procmux$4236.
    dead port 1/2 on $mux $procmux$4239.
    dead port 1/2 on $mux $procmux$4242.
    dead port 1/2 on $mux $procmux$4245.
    dead port 1/2 on $mux $procmux$4248.
    dead port 1/2 on $mux $procmux$4251.
    dead port 1/2 on $mux $procmux$4254.
    dead port 1/2 on $mux $procmux$4257.
    dead port 1/2 on $mux $procmux$4260.
    dead port 1/2 on $mux $procmux$4263.
    dead port 1/2 on $mux $procmux$4266.
    dead port 1/2 on $mux $procmux$4269.
    dead port 1/2 on $mux $procmux$4272.
    dead port 1/2 on $mux $procmux$4275.
    dead port 1/2 on $mux $procmux$4278.
    dead port 1/2 on $mux $procmux$4285.
    dead port 1/2 on $mux $procmux$4288.
    dead port 1/2 on $mux $procmux$4291.
    dead port 1/2 on $mux $procmux$4294.
    dead port 1/2 on $mux $procmux$4297.
    dead port 2/2 on $mux $procmux$43.
    dead port 1/2 on $mux $procmux$4300.
    dead port 1/2 on $mux $procmux$4303.
    dead port 1/2 on $mux $procmux$4306.
    dead port 1/2 on $mux $procmux$4309.
    dead port 1/2 on $mux $procmux$4312.
    dead port 1/2 on $mux $procmux$4315.
    dead port 1/2 on $mux $procmux$4318.
    dead port 1/2 on $mux $procmux$4321.
    dead port 1/2 on $mux $procmux$4324.
    dead port 1/2 on $mux $procmux$4327.
    dead port 1/2 on $mux $procmux$4334.
    dead port 1/2 on $mux $procmux$4337.
    dead port 1/2 on $mux $procmux$4340.
    dead port 1/2 on $mux $procmux$4343.
    dead port 1/2 on $mux $procmux$4346.
    dead port 1/2 on $mux $procmux$4349.
    dead port 1/2 on $mux $procmux$4352.
    dead port 1/2 on $mux $procmux$4355.
    dead port 1/2 on $mux $procmux$4358.
    dead port 1/2 on $mux $procmux$4361.
    dead port 1/2 on $mux $procmux$4364.
    dead port 1/2 on $mux $procmux$4367.
    dead port 1/2 on $mux $procmux$4370.
    dead port 1/2 on $mux $procmux$4373.
    dead port 1/2 on $mux $procmux$4380.
    dead port 1/2 on $mux $procmux$4383.
    dead port 1/2 on $mux $procmux$4386.
    dead port 1/2 on $mux $procmux$4389.
    dead port 1/2 on $mux $procmux$4392.
    dead port 1/2 on $mux $procmux$4395.
    dead port 1/2 on $mux $procmux$4398.
    dead port 1/2 on $mux $procmux$4401.
    dead port 1/2 on $mux $procmux$4404.
    dead port 1/2 on $mux $procmux$4407.
    dead port 1/2 on $mux $procmux$4410.
    dead port 1/2 on $mux $procmux$4413.
    dead port 1/2 on $mux $procmux$4416.
    dead port 1/2 on $mux $procmux$4423.
    dead port 1/2 on $mux $procmux$4426.
    dead port 1/2 on $mux $procmux$4429.
    dead port 1/2 on $mux $procmux$4432.
    dead port 1/2 on $mux $procmux$4435.
    dead port 1/2 on $mux $procmux$4438.
    dead port 1/2 on $mux $procmux$4441.
    dead port 1/2 on $mux $procmux$4444.
    dead port 1/2 on $mux $procmux$4447.
    dead port 1/2 on $mux $procmux$4450.
    dead port 1/2 on $mux $procmux$4453.
    dead port 1/2 on $mux $procmux$4456.
    dead port 1/2 on $mux $procmux$4463.
    dead port 1/2 on $mux $procmux$4466.
    dead port 1/2 on $mux $procmux$4469.
    dead port 1/2 on $mux $procmux$4472.
    dead port 1/2 on $mux $procmux$4475.
    dead port 1/2 on $mux $procmux$4478.
    dead port 1/2 on $mux $procmux$4481.
    dead port 1/2 on $mux $procmux$4484.
    dead port 1/2 on $mux $procmux$4487.
    dead port 1/2 on $mux $procmux$4490.
    dead port 1/2 on $mux $procmux$4493.
    dead port 1/2 on $mux $procmux$4500.
    dead port 1/2 on $mux $procmux$4503.
    dead port 1/2 on $mux $procmux$4506.
    dead port 1/2 on $mux $procmux$4509.
    dead port 1/2 on $mux $procmux$4512.
    dead port 1/2 on $mux $procmux$4515.
    dead port 1/2 on $mux $procmux$4518.
    dead port 1/2 on $mux $procmux$4521.
    dead port 1/2 on $mux $procmux$4524.
    dead port 1/2 on $mux $procmux$4527.
    dead port 1/2 on $mux $procmux$4534.
    dead port 1/2 on $mux $procmux$4537.
    dead port 1/2 on $mux $procmux$4540.
    dead port 1/2 on $mux $procmux$4543.
    dead port 1/2 on $mux $procmux$4546.
    dead port 1/2 on $mux $procmux$4549.
    dead port 1/2 on $mux $procmux$4552.
    dead port 1/2 on $mux $procmux$4555.
    dead port 1/2 on $mux $procmux$4558.
    dead port 1/2 on $mux $procmux$4565.
    dead port 1/2 on $mux $procmux$4568.
    dead port 1/2 on $mux $procmux$4571.
    dead port 1/2 on $mux $procmux$4574.
    dead port 1/2 on $mux $procmux$4577.
    dead port 1/2 on $mux $procmux$4580.
    dead port 1/2 on $mux $procmux$4583.
    dead port 1/2 on $mux $procmux$4586.
    dead port 1/2 on $mux $procmux$4593.
    dead port 1/2 on $mux $procmux$4596.
    dead port 1/2 on $mux $procmux$4599.
    dead port 1/2 on $mux $procmux$4602.
    dead port 1/2 on $mux $procmux$4605.
    dead port 1/2 on $mux $procmux$4608.
    dead port 1/2 on $mux $procmux$4611.
    dead port 1/2 on $mux $procmux$4618.
    dead port 1/2 on $mux $procmux$4621.
    dead port 1/2 on $mux $procmux$4624.
    dead port 1/2 on $mux $procmux$4627.
    dead port 1/2 on $mux $procmux$10828.
    dead port 2/2 on $mux $procmux$10830.
    dead port 1/2 on $mux $procmux$10868.
    dead port 2/2 on $mux $procmux$10870.
    dead port 2/2 on $mux $procmux$1090.
    dead port 1/2 on $mux $procmux$10927.
    dead port 2/2 on $mux $procmux$10929.
    dead port 1/2 on $mux $procmux$10967.
    dead port 2/2 on $mux $procmux$10969.
    dead port 1/2 on $mux $procmux$10987.
    dead port 2/2 on $mux $procmux$10989.
    dead port 2/2 on $mux $procmux$1100.
    dead port 1/2 on $mux $procmux$11007.
    dead port 2/2 on $mux $procmux$11009.
    dead port 1/2 on $mux $procmux$12471.
    dead port 1/2 on $mux $procmux$11027.
    dead port 2/2 on $mux $procmux$11029.
    dead port 1/2 on $mux $procmux$4630.
    dead port 1/2 on $mux $procmux$4633.
    dead port 1/2 on $mux $procmux$4640.
    dead port 1/2 on $mux $procmux$4643.
    dead port 1/2 on $mux $procmux$4646.
    dead port 1/2 on $mux $procmux$4649.
    dead port 1/2 on $mux $procmux$11086.
    dead port 2/2 on $mux $procmux$11088.
    dead port 1/2 on $mux $procmux$4652.
    dead port 1/2 on $mux $procmux$4659.
    dead port 2/2 on $mux $procmux$1109.
    dead port 1/2 on $mux $procmux$11106.
    dead port 1/2 on $mux $procmux$4662.
    dead port 1/2 on $mux $procmux$4665.
    dead port 1/2 on $mux $procmux$4668.
    dead port 2/2 on $mux $procmux$11108.
    dead port 1/2 on $mux $procmux$4675.
    dead port 1/2 on $mux $procmux$4678.
    dead port 1/2 on $mux $procmux$4681.
    dead port 1/2 on $mux $procmux$4688.
    dead port 2/2 on $mux $procmux$12473.
    dead port 1/2 on $mux $procmux$4691.
    dead port 1/2 on $mux $procmux$4698.
    dead port 1/2 on $mux $procmux$4714.
    dead port 1/2 on $mux $procmux$4719.
    dead port 1/2 on $mux $procmux$4722.
    dead port 1/2 on $mux $procmux$4729.
    dead port 1/2 on $mux $procmux$11126.
    dead port 2/2 on $mux $procmux$4738.
    dead port 2/2 on $mux $procmux$4744.
    dead port 2/2 on $mux $procmux$11128.
    dead port 2/2 on $mux $procmux$4760.
    dead port 2/2 on $mux $procmux$4762.
    dead port 1/2 on $mux $procmux$11146.
    dead port 2/2 on $mux $procmux$4770.
    dead port 2/2 on $mux $procmux$11148.
    dead port 1/2 on $mux $procmux$4780.
    dead port 1/2 on $mux $procmux$4794.
    dead port 2/2 on $mux $procmux$4812.
    dead port 2/2 on $mux $procmux$4817.
    dead port 2/2 on $mux $procmux$11185.
    dead port 2/2 on $mux $procmux$4821.
    dead port 2/2 on $mux $procmux$4838.
    dead port 2/2 on $mux $procmux$4843.
    dead port 2/2 on $mux $procmux$4847.
    dead port 2/2 on $mux $procmux$11202.
    dead port 2/2 on $mux $procmux$4883.
    dead port 2/2 on $mux $procmux$4890.
    dead port 2/2 on $mux $procmux$4896.
    dead port 2/2 on $mux $procmux$11219.
    dead port 2/2 on $mux $procmux$4902.
    dead port 2/2 on $mux $procmux$4908.
    dead port 1/2 on $mux $procmux$4921.
    dead port 2/2 on $mux $procmux$4923.
    dead port 2/2 on $mux $procmux$11236.
    dead port 2/2 on $mux $procmux$4931.
    dead port 1/2 on $mux $procmux$4939.
    dead port 1/2 on $mux $procmux$4942.
    dead port 1/2 on $mux $procmux$4944.
    dead port 2/2 on $mux $procmux$4946.
    dead port 1/2 on $mux $procmux$4956.
    dead port 1/2 on $mux $procmux$4958.
    dead port 2/2 on $mux $procmux$4960.
    dead port 2/2 on $mux $procmux$11253.
    dead port 1/2 on $mux $procmux$4969.
    dead port 2/2 on $mux $procmux$4971.
    dead port 2/2 on $mux $procmux$4979.
    dead port 2/2 on $mux $procmux$4995.
    dead port 2/2 on $mux $procmux$5003.
    dead port 2/2 on $mux $procmux$11287.
    dead port 1/2 on $mux $procmux$501.
    dead port 2/2 on $mux $procmux$5011.
    dead port 2/2 on $mux $procmux$5019.
    dead port 2/2 on $mux $procmux$5029.
    dead port 2/2 on $mux $procmux$5039.
    dead port 2/2 on $mux $procmux$11304.
    dead port 2/2 on $mux $procmux$5051.
    dead port 1/2 on $mux $procmux$506.
    dead port 2/2 on $mux $procmux$5063.
    dead port 2/2 on $mux $procmux$5075.
    dead port 2/2 on $mux $procmux$5088.
    dead port 1/2 on $mux $procmux$509.
    dead port 1/2 on $mux $procmux$5091.
    dead port 1/2 on $mux $procmux$5094.
    dead port 1/2 on $mux $procmux$5097.
    dead port 2/2 on $mux $procmux$5099.
    dead port 2/2 on $mux $procmux$5112.
    dead port 1/2 on $mux $procmux$5115.
    dead port 1/2 on $mux $procmux$5118.
    dead port 1/2 on $mux $procmux$5121.
    dead port 2/2 on $mux $procmux$5123.
    dead port 1/2 on $mux $procmux$516.
    dead port 2/2 on $mux $procmux$5162.
    dead port 1/2 on $mux $procmux$5165.
    dead port 1/2 on $mux $procmux$5168.
    dead port 1/2 on $mux $procmux$5171.
    dead port 2/2 on $mux $procmux$5173.
    dead port 2/2 on $mux $procmux$5187.
    dead port 1/2 on $mux $procmux$5190.
    dead port 1/2 on $mux $procmux$5193.
    dead port 1/2 on $mux $procmux$5196.
    dead port 2/2 on $mux $procmux$5198.
    dead port 2/2 on $mux $procmux$11338.
    dead port 2/2 on $mux $procmux$52.
    dead port 2/2 on $mux $procmux$5235.
    dead port 1/2 on $mux $procmux$5238.
    dead port 1/2 on $mux $procmux$5241.
    dead port 1/2 on $mux $procmux$5244.
    dead port 2/2 on $mux $procmux$5246.
    dead port 2/2 on $mux $procmux$5259.
    dead port 1/2 on $mux $procmux$5262.
    dead port 1/2 on $mux $procmux$5265.
    dead port 1/2 on $mux $procmux$5268.
    dead port 2/2 on $mux $procmux$5270.
    dead port 2/2 on $mux $procmux$5287.
    dead port 2/2 on $mux $procmux$529.
    dead port 1/2 on $mux $procmux$5290.
    dead port 1/2 on $mux $procmux$5293.
    dead port 1/2 on $mux $procmux$5296.
    dead port 2/2 on $mux $procmux$5298.
    dead port 2/2 on $mux $procmux$531.
    dead port 2/2 on $mux $procmux$5316.
    dead port 1/2 on $mux $procmux$5319.
    dead port 1/2 on $mux $procmux$5322.
    dead port 1/2 on $mux $procmux$5325.
    dead port 2/2 on $mux $procmux$5327.
    dead port 2/2 on $mux $procmux$11355.
    dead port 1/2 on $mux $procmux$5341.
    dead port 1/2 on $mux $procmux$5344.
    dead port 1/2 on $mux $procmux$5347.
    dead port 2/2 on $mux $procmux$5349.
    dead port 2/2 on $mux $procmux$536.
    dead port 1/2 on $mux $procmux$5370.
    dead port 1/2 on $mux $procmux$5373.
    dead port 1/2 on $mux $procmux$5376.
    dead port 2/2 on $mux $procmux$5378.
    dead port 2/2 on $mux $procmux$538.
    dead port 1/2 on $mux $procmux$5442.
    dead port 1/2 on $mux $procmux$5445.
    dead port 1/2 on $mux $procmux$5448.
    dead port 2/2 on $mux $procmux$11372.
    dead port 2/2 on $mux $procmux$545.
    dead port 2/2 on $mux $procmux$5450.
    dead port 1/2 on $mux $procmux$5493.
    dead port 1/2 on $mux $procmux$5496.
    dead port 1/2 on $mux $procmux$5499.
    dead port 2/2 on $mux $procmux$5501.
    dead port 1/2 on $mux $procmux$5522.
    dead port 1/2 on $mux $procmux$5525.
    dead port 1/2 on $mux $procmux$5528.
    dead port 2/2 on $mux $procmux$553.
    dead port 2/2 on $mux $procmux$5530.
    dead port 1/2 on $mux $procmux$5548.
    dead port 1/2 on $mux $procmux$5551.
    dead port 1/2 on $mux $procmux$5554.
    dead port 2/2 on $mux $procmux$5556.
    dead port 2/2 on $mux $procmux$11406.
    dead port 1/2 on $mux $procmux$5574.
    dead port 1/2 on $mux $procmux$5577.
    dead port 1/2 on $mux $procmux$5580.
    dead port 2/2 on $mux $procmux$5582.
    dead port 1/2 on $mux $procmux$5596.
    dead port 1/2 on $mux $procmux$5599.
    dead port 2/2 on $mux $procmux$5601.
    dead port 1/2 on $mux $procmux$5615.
    dead port 1/2 on $mux $procmux$5618.
    dead port 2/2 on $mux $procmux$5620.
    dead port 1/2 on $mux $procmux$5634.
    dead port 1/2 on $mux $procmux$5637.
    dead port 2/2 on $mux $procmux$5639.
    dead port 2/2 on $mux $procmux$11423.
    dead port 1/2 on $mux $procmux$5653.
    dead port 1/2 on $mux $procmux$5656.
    dead port 2/2 on $mux $procmux$5658.
    dead port 1/2 on $mux $procmux$566.
    dead port 1/2 on $mux $procmux$5672.
    dead port 1/2 on $mux $procmux$5675.
    dead port 2/2 on $mux $procmux$5677.
    dead port 2/2 on $mux $procmux$568.
    dead port 2/2 on $mux $procmux$5688.
    dead port 1/2 on $mux $procmux$5691.
    dead port 1/2 on $mux $procmux$5694.
    dead port 2/2 on $mux $procmux$5696.
    dead port 2/2 on $mux $procmux$12479.
    dead port 1/2 on $mux $procmux$5709.
    dead port 1/2 on $mux $procmux$5712.
    dead port 2/2 on $mux $procmux$5714.
    dead port 1/2 on $mux $procmux$5727.
    dead port 1/2 on $mux $procmux$5730.
    dead port 2/2 on $mux $procmux$5732.
    dead port 2/2 on $mux $procmux$574.
    dead port 1/2 on $mux $procmux$5781.
    dead port 1/2 on $mux $procmux$5784.
    dead port 2/2 on $mux $procmux$5786.
    dead port 2/2 on $mux $procmux$11457.
    dead port 1/2 on $mux $procmux$581.
    dead port 1/2 on $mux $procmux$5817.
    dead port 2/2 on $mux $procmux$5819.
    dead port 2/2 on $mux $procmux$583.
    dead port 1/2 on $mux $procmux$5832.
    dead port 2/2 on $mux $procmux$5834.
    dead port 1/2 on $mux $procmux$5847.
    dead port 2/2 on $mux $procmux$5849.
    dead port 1/2 on $mux $procmux$5862.
    dead port 2/2 on $mux $procmux$5864.
    dead port 2/2 on $mux $procmux$11474.
    dead port 1/2 on $mux $procmux$5877.
    dead port 2/2 on $mux $procmux$5879.
    dead port 1/2 on $mux $procmux$5892.
    dead port 2/2 on $mux $procmux$5894.
    dead port 2/2 on $mux $procmux$590.
    dead port 1/2 on $mux $procmux$5907.
    dead port 2/2 on $mux $procmux$5909.
    dead port 1/2 on $mux $procmux$1149.
    dead port 2/2 on $mux $procmux$11491.
    dead port 1/2 on $mux $procmux$5952.
    dead port 2/2 on $mux $procmux$5954.
    dead port 1/2 on $mux $procmux$5966.
    dead port 2/2 on $mux $procmux$5968.
    dead port 1/2 on $mux $procmux$598.
    dead port 2/2 on $mux $procmux$5995.
    dead port 2/2 on $mux $procmux$11508.
    dead port 2/2 on $mux $procmux$600.
    dead port 2/2 on $mux $procmux$6007.
    dead port 2/2 on $mux $procmux$6019.
    dead port 2/2 on $mux $procmux$6031.
    dead port 2/2 on $mux $procmux$6043.
    dead port 2/2 on $mux $procmux$11559.
    dead port 2/2 on $mux $procmux$6055.
    dead port 2/2 on $mux $procmux$6067.
    dead port 2/2 on $mux $procmux$6079.
    dead port 2/2 on $mux $procmux$608.
    dead port 2/2 on $mux $procmux$11576.
    dead port 2/2 on $mux $procmux$61.
    dead port 2/2 on $mux $procmux$6115.
    dead port 2/2 on $mux $procmux$1160.
    dead port 1/2 on $mux $procmux$6143.
    dead port 2/2 on $mux $procmux$6145.
    dead port 2/2 on $mux $procmux$11610.
    dead port 2/2 on $mux $procmux$6150.
    dead port 2/2 on $mux $procmux$11612.
    dead port 1/2 on $mux $procmux$6166.
    dead port 2/2 on $mux $procmux$6168.
    dead port 2/2 on $mux $procmux$6173.
    dead port 2/2 on $mux $procmux$6211.
    dead port 2/2 on $mux $procmux$6216.
    dead port 2/2 on $mux $procmux$11629.
    dead port 2/2 on $mux $procmux$6231.
    dead port 2/2 on $mux $procmux$6236.
    dead port 1/2 on $mux $procmux$626.
    dead port 2/2 on $mux $procmux$6273.
    dead port 2/2 on $mux $procmux$628.
    dead port 2/2 on $mux $procmux$6290.
    dead port 2/2 on $mux $procmux$11646.
    dead port 2/2 on $mux $procmux$6307.
    dead port 2/2 on $mux $procmux$6339.
    dead port 2/2 on $mux $procmux$6354.
    dead port 2/2 on $mux $procmux$6369.
    dead port 2/2 on $mux $procmux$637.
    dead port 2/2 on $mux $procmux$6383.
    dead port 2/2 on $mux $procmux$6397.
    dead port 1/2 on $mux $procmux$643.
    dead port 1/2 on $mux $procmux$6444.
    dead port 2/2 on $mux $procmux$645.
    dead port 1/2 on $mux $procmux$6450.
    dead port 2/2 on $mux $procmux$6452.
    dead port 2/2 on $mux $procmux$6472.
    dead port 2/2 on $mux $procmux$6474.
    dead port 1/2 on $mux $procmux$6477.
    dead port 1/2 on $mux $procmux$6480.
    dead port 2/2 on $mux $procmux$6482.
    dead port 1/2 on $mux $procmux$6485.
    dead port 1/2 on $mux $procmux$6491.
    dead port 2/2 on $mux $procmux$6493.
    dead port 2/2 on $mux $procmux$651.
    dead port 2/2 on $mux $procmux$6510.
    dead port 1/2 on $mux $procmux$6513.
    dead port 1/2 on $mux $procmux$6516.
    dead port 2/2 on $mux $procmux$6518.
    dead port 1/2 on $mux $procmux$6521.
    dead port 1/2 on $mux $procmux$6527.
    dead port 2/2 on $mux $procmux$6529.
    dead port 1/2 on $mux $procmux$6548.
    dead port 1/2 on $mux $procmux$6551.
    dead port 2/2 on $mux $procmux$6553.
    dead port 1/2 on $mux $procmux$6556.
    dead port 1/2 on $mux $procmux$6562.
    dead port 2/2 on $mux $procmux$6564.
    dead port 2/2 on $mux $procmux$11663.
    dead port 1/2 on $mux $procmux$658.
    dead port 1/2 on $mux $procmux$6583.
    dead port 1/2 on $mux $procmux$6586.
    dead port 2/2 on $mux $procmux$6588.
    dead port 1/2 on $mux $procmux$6591.
    dead port 1/2 on $mux $procmux$6597.
    dead port 2/2 on $mux $procmux$6599.
    dead port 2/2 on $mux $procmux$660.
    dead port 2/2 on $mux $procmux$667.
    dead port 1/2 on $mux $procmux$675.
    dead port 2/2 on $mux $procmux$677.
    dead port 2/2 on $mux $procmux$685.
    dead port 2/2 on $mux $procmux$70.
    dead port 1/2 on $mux $procmux$703.
    dead port 2/2 on $mux $procmux$705.
    dead port 2/2 on $mux $procmux$714.
    dead port 2/2 on $mux $procmux$11697.
    dead port 2/2 on $mux $procmux$11714.
    dead port 1/9 on $pmux $procmux$7313.
    dead port 2/9 on $pmux $procmux$7313.
    dead port 3/9 on $pmux $procmux$7313.
    dead port 4/9 on $pmux $procmux$7313.
    dead port 5/9 on $pmux $procmux$7313.
    dead port 6/9 on $pmux $procmux$7313.
    dead port 7/9 on $pmux $procmux$7313.
    dead port 8/9 on $pmux $procmux$7313.
    dead port 1/2 on $mux $procmux$7323.
    dead port 1/2 on $mux $procmux$7326.
    dead port 1/2 on $mux $procmux$7329.
    dead port 2/2 on $mux $procmux$7331.
    dead port 1/2 on $mux $procmux$7334.
    dead port 1/2 on $mux $procmux$7340.
    dead port 2/2 on $mux $procmux$7342.
    dead port 1/9 on $pmux $procmux$7360.
    dead port 2/9 on $pmux $procmux$7360.
    dead port 3/9 on $pmux $procmux$7360.
    dead port 4/9 on $pmux $procmux$7360.
    dead port 5/9 on $pmux $procmux$7360.
    dead port 6/9 on $pmux $procmux$7360.
    dead port 7/9 on $pmux $procmux$7360.
    dead port 8/9 on $pmux $procmux$7360.
    dead port 1/2 on $mux $procmux$7370.
    dead port 1/2 on $mux $procmux$7373.
    dead port 1/2 on $mux $procmux$7376.
    dead port 2/2 on $mux $procmux$7378.
    dead port 1/2 on $mux $procmux$7381.
    dead port 1/2 on $mux $procmux$7387.
    dead port 2/2 on $mux $procmux$7389.
    dead port 2/2 on $mux $procmux$741.
    dead port 1/9 on $pmux $procmux$7454.
    dead port 2/9 on $pmux $procmux$7454.
    dead port 3/9 on $pmux $procmux$7454.
    dead port 4/9 on $pmux $procmux$7454.
    dead port 5/9 on $pmux $procmux$7454.
    dead port 6/9 on $pmux $procmux$7454.
    dead port 7/9 on $pmux $procmux$7454.
    dead port 8/9 on $pmux $procmux$7454.
    dead port 1/2 on $mux $procmux$7464.
    dead port 1/2 on $mux $procmux$7467.
    dead port 1/2 on $mux $procmux$7470.
    dead port 2/2 on $mux $procmux$7472.
    dead port 1/2 on $mux $procmux$7475.
    dead port 2/2 on $mux $procmux$748.
    dead port 1/2 on $mux $procmux$7481.
    dead port 2/2 on $mux $procmux$7483.
    dead port 2/2 on $mux $procmux$11731.
    dead port 1/9 on $pmux $procmux$7501.
    dead port 2/9 on $pmux $procmux$7501.
    dead port 3/9 on $pmux $procmux$7501.
    dead port 4/9 on $pmux $procmux$7501.
    dead port 5/9 on $pmux $procmux$7501.
    dead port 6/9 on $pmux $procmux$7501.
    dead port 7/9 on $pmux $procmux$7501.
    dead port 8/9 on $pmux $procmux$7501.
    dead port 1/2 on $mux $procmux$7511.
    dead port 1/2 on $mux $procmux$7514.
    dead port 1/2 on $mux $procmux$7517.
    dead port 2/2 on $mux $procmux$7519.
    dead port 1/2 on $mux $procmux$7522.
    dead port 1/2 on $mux $procmux$7528.
    dead port 2/2 on $mux $procmux$7530.
    dead port 1/2 on $mux $procmux$7555.
    dead port 2/2 on $mux $procmux$7557.
    dead port 2/2 on $mux $procmux$11748.
    dead port 1/2 on $mux $procmux$7560.
    dead port 1/2 on $mux $procmux$7563.
    dead port 1/2 on $mux $procmux$7566.
    dead port 2/2 on $mux $procmux$7568.
    dead port 1/2 on $mux $procmux$757.
    dead port 1/2 on $mux $procmux$7571.
    dead port 1/2 on $mux $procmux$7577.
    dead port 2/2 on $mux $procmux$7579.
    dead port 2/2 on $mux $procmux$759.
    dead port 2/2 on $mux $procmux$7604.
    dead port 1/2 on $mux $procmux$7607.
    dead port 1/2 on $mux $procmux$7610.
    dead port 1/2 on $mux $procmux$7613.
    dead port 2/2 on $mux $procmux$7615.
    dead port 1/2 on $mux $procmux$7618.
    dead port 1/2 on $mux $procmux$7624.
    dead port 2/2 on $mux $procmux$7626.
    dead port 2/2 on $mux $procmux$11765.
    dead port 2/2 on $mux $procmux$7650.
    dead port 1/2 on $mux $procmux$7653.
    dead port 1/2 on $mux $procmux$7656.
    dead port 1/2 on $mux $procmux$7659.
    dead port 2/2 on $mux $procmux$7661.
    dead port 1/2 on $mux $procmux$7664.
    dead port 1/2 on $mux $procmux$7670.
    dead port 2/2 on $mux $procmux$7672.
    dead port 2/2 on $mux $procmux$11782.
    dead port 2/2 on $mux $procmux$7696.
    dead port 1/2 on $mux $procmux$7699.
    dead port 1/2 on $mux $procmux$7702.
    dead port 1/2 on $mux $procmux$7705.
    dead port 2/2 on $mux $procmux$7707.
    dead port 1/2 on $mux $procmux$7710.
    dead port 1/2 on $mux $procmux$7716.
    dead port 2/2 on $mux $procmux$7718.
    dead port 2/2 on $mux $procmux$11798.
    dead port 1/9 on $pmux $procmux$7734.
    dead port 1/2 on $mux $procmux$7745.
    dead port 1/2 on $mux $procmux$7748.
    dead port 2/2 on $mux $procmux$1180.
    dead port 1/2 on $mux $procmux$7751.
    dead port 2/2 on $mux $procmux$7753.
    dead port 1/2 on $mux $procmux$7756.
    dead port 2/2 on $mux $procmux$776.
    dead port 1/2 on $mux $procmux$7762.
    dead port 2/2 on $mux $procmux$7764.
    dead port 2/2 on $mux $procmux$778.
    dead port 1/9 on $pmux $procmux$7780.
    dead port 1/2 on $mux $procmux$7791.
    dead port 1/2 on $mux $procmux$7794.
    dead port 1/2 on $mux $procmux$7797.
    dead port 2/2 on $mux $procmux$7799.
    dead port 2/2 on $mux $procmux$11815.
    dead port 1/2 on $mux $procmux$7802.
    dead port 1/2 on $mux $procmux$7808.
    dead port 2/2 on $mux $procmux$7810.
    dead port 1/2 on $mux $procmux$7835.
    dead port 1/2 on $mux $procmux$7838.
    dead port 1/2 on $mux $procmux$7841.
    dead port 2/2 on $mux $procmux$7843.
    dead port 1/2 on $mux $procmux$7846.
    dead port 1/2 on $mux $procmux$7852.
    dead port 2/2 on $mux $procmux$7854.
    dead port 1/8 on $pmux $procmux$7869.
    dead port 2/2 on $mux $procmux$787.
    dead port 1/2 on $mux $procmux$7879.
    dead port 1/2 on $mux $procmux$7882.
    dead port 1/2 on $mux $procmux$7885.
    dead port 2/2 on $mux $procmux$7887.
    dead port 1/2 on $mux $procmux$7890.
    dead port 1/2 on $mux $procmux$7896.
    dead port 2/2 on $mux $procmux$7898.
    dead port 2/2 on $mux $procmux$79.
    dead port 1/9 on $pmux $procmux$7959.
    dead port 1/2 on $mux $procmux$797.
    dead port 1/2 on $mux $procmux$7970.
    dead port 1/2 on $mux $procmux$7973.
    dead port 1/2 on $mux $procmux$7976.
    dead port 2/2 on $mux $procmux$7978.
    dead port 1/2 on $mux $procmux$7981.
    dead port 1/2 on $mux $procmux$7987.
    dead port 2/2 on $mux $procmux$7989.
    dead port 2/2 on $mux $procmux$799.
    dead port 1/9 on $pmux $procmux$8005.
    dead port 1/2 on $mux $procmux$8016.
    dead port 1/2 on $mux $procmux$8019.
    dead port 1/2 on $mux $procmux$8022.
    dead port 2/2 on $mux $procmux$8024.
    dead port 1/2 on $mux $procmux$8027.
    dead port 1/2 on $mux $procmux$8033.
    dead port 2/2 on $mux $procmux$8035.
    dead port 1/2 on $mux $procmux$804.
    dead port 1/2 on $mux $procmux$8054.
    dead port 1/2 on $mux $procmux$8057.
    dead port 2/2 on $mux $procmux$8059.
    dead port 1/2 on $mux $procmux$8062.
    dead port 1/2 on $mux $procmux$8068.
    dead port 2/2 on $mux $procmux$8070.
    dead port 1/2 on $mux $procmux$8089.
    dead port 1/2 on $mux $procmux$8092.
    dead port 2/2 on $mux $procmux$8094.
    dead port 1/2 on $mux $procmux$8097.
    dead port 1/2 on $mux $procmux$8103.
    dead port 2/2 on $mux $procmux$8105.
    dead port 1/2 on $mux $procmux$8124.
    dead port 1/2 on $mux $procmux$8127.
    dead port 2/2 on $mux $procmux$8129.
    dead port 1/2 on $mux $procmux$8132.
    dead port 1/2 on $mux $procmux$8138.
    dead port 2/2 on $mux $procmux$814.
    dead port 2/2 on $mux $procmux$8140.
    dead port 1/2 on $mux $procmux$8158.
    dead port 1/2 on $mux $procmux$8161.
    dead port 2/2 on $mux $procmux$8163.
    dead port 1/2 on $mux $procmux$8166.
    dead port 1/2 on $mux $procmux$8172.
    dead port 2/2 on $mux $procmux$8174.
    dead port 2/2 on $mux $procmux$11832.
    dead port 1/2 on $mux $procmux$8193.
    dead port 1/2 on $mux $procmux$8196.
    dead port 2/2 on $mux $procmux$8198.
    dead port 1/2 on $mux $procmux$8201.
    dead port 1/2 on $mux $procmux$8207.
    dead port 2/2 on $mux $procmux$8209.
    dead port 2/2 on $mux $procmux$825.
    dead port 1/2 on $mux $procmux$8263.
    dead port 1/2 on $mux $procmux$8266.
    dead port 2/2 on $mux $procmux$8268.
    dead port 1/2 on $mux $procmux$8271.
    dead port 1/2 on $mux $procmux$8277.
    dead port 2/2 on $mux $procmux$8279.
    dead port 1/2 on $mux $procmux$8298.
    dead port 1/2 on $mux $procmux$8301.
    dead port 2/2 on $mux $procmux$8303.
    dead port 1/2 on $mux $procmux$8306.
    dead port 1/2 on $mux $procmux$8312.
    dead port 2/2 on $mux $procmux$8314.
    dead port 2/2 on $mux $procmux$832.
    dead port 1/2 on $mux $procmux$8334.
    dead port 2/2 on $mux $procmux$8336.
    dead port 1/2 on $mux $procmux$8339.
    dead port 2/2 on $mux $procmux$834.
    dead port 1/2 on $mux $procmux$8345.
    dead port 2/2 on $mux $procmux$8347.
    dead port 2/2 on $mux $procmux$11851.
    dead port 2/2 on $mux $procmux$11853.
    dead port 1/2 on $mux $procmux$8367.
    dead port 2/2 on $mux $procmux$8369.
    dead port 1/2 on $mux $procmux$8372.
    dead port 1/2 on $mux $procmux$8378.
    dead port 2/2 on $mux $procmux$8380.
    dead port 1/2 on $mux $procmux$8400.
    dead port 2/2 on $mux $procmux$8402.
    dead port 1/2 on $mux $procmux$8405.
    dead port 1/2 on $mux $procmux$8411.
    dead port 2/2 on $mux $procmux$8413.
    dead port 1/2 on $mux $procmux$8433.
    dead port 2/2 on $mux $procmux$8435.
    dead port 1/2 on $mux $procmux$8438.
    dead port 1/2 on $mux $procmux$8444.
    dead port 2/2 on $mux $procmux$8446.
    dead port 1/2 on $mux $procmux$846.
    dead port 2/2 on $mux $procmux$8464.
    dead port 1/2 on $mux $procmux$8467.
    dead port 2/2 on $mux $procmux$8469.
    dead port 1/2 on $mux $procmux$8472.
    dead port 1/2 on $mux $procmux$8478.
    dead port 2/2 on $mux $procmux$8480.
    dead port 1/2 on $mux $procmux$8499.
    dead port 2/2 on $mux $procmux$8501.
    dead port 1/2 on $mux $procmux$8504.
    dead port 1/2 on $mux $procmux$8510.
    dead port 2/2 on $mux $procmux$8512.
    dead port 2/2 on $mux $procmux$854.
    dead port 1/2 on $mux $procmux$8563.
    dead port 2/2 on $mux $procmux$8565.
    dead port 1/2 on $mux $procmux$8568.
    dead port 1/2 on $mux $procmux$8574.
    dead port 2/2 on $mux $procmux$8576.
    dead port 1/2 on $mux $procmux$8595.
    dead port 2/2 on $mux $procmux$8597.
    dead port 1/2 on $mux $procmux$8600.
    dead port 1/2 on $mux $procmux$8606.
    dead port 2/2 on $mux $procmux$8608.
    dead port 2/2 on $mux $procmux$862.
    dead port 1/2 on $mux $procmux$8627.
    dead port 2/2 on $mux $procmux$8629.
    dead port 1/2 on $mux $procmux$8632.
    dead port 1/2 on $mux $procmux$8638.
    dead port 2/2 on $mux $procmux$8640.
    dead port 1/2 on $mux $procmux$8691.
    dead port 2/2 on $mux $procmux$8693.
    dead port 1/2 on $mux $procmux$8696.
    dead port 2/2 on $mux $procmux$870.
    dead port 1/2 on $mux $procmux$8702.
    dead port 2/2 on $mux $procmux$8704.
    dead port 1/2 on $mux $procmux$8755.
    dead port 2/2 on $mux $procmux$8757.
    dead port 1/2 on $mux $procmux$8760.
    dead port 1/2 on $mux $procmux$8766.
    dead port 2/2 on $mux $procmux$8768.
    dead port 2/2 on $mux $procmux$11872.
    dead port 1/2 on $mux $procmux$8787.
    dead port 2/2 on $mux $procmux$8789.
    dead port 1/2 on $mux $procmux$8792.
    dead port 1/2 on $mux $procmux$8798.
    dead port 2/2 on $mux $procmux$11874.
    dead port 2/2 on $mux $procmux$8800.
    dead port 1/2 on $mux $procmux$8819.
    dead port 2/2 on $mux $procmux$8821.
    dead port 1/2 on $mux $procmux$8824.
    dead port 1/2 on $mux $procmux$8830.
    dead port 2/2 on $mux $procmux$8832.
    dead port 2/2 on $mux $procmux$11893.
    dead port 1/2 on $mux $procmux$8883.
    dead port 2/2 on $mux $procmux$8885.
    dead port 1/2 on $mux $procmux$8888.
    dead port 1/2 on $mux $procmux$8894.
    dead port 2/2 on $mux $procmux$8896.
    dead port 2/2 on $mux $procmux$11912.
    dead port 1/2 on $mux $procmux$8914.
    dead port 2/2 on $mux $procmux$8916.
    dead port 1/2 on $mux $procmux$8919.
    dead port 1/2 on $mux $procmux$8925.
    dead port 2/2 on $mux $procmux$8927.
    dead port 1/2 on $mux $procmux$8977.
    dead port 2/2 on $mux $procmux$8979.
    dead port 1/2 on $mux $procmux$8982.
    dead port 1/2 on $mux $procmux$8988.
    dead port 2/2 on $mux $procmux$8990.
    dead port 2/2 on $mux $procmux$9008.
    dead port 1/2 on $mux $procmux$9011.
    dead port 1/2 on $mux $procmux$9017.
    dead port 2/2 on $mux $procmux$9019.
    dead port 2/2 on $mux $procmux$11930.
    dead port 2/2 on $mux $procmux$9037.
    dead port 1/2 on $mux $procmux$9040.
    dead port 1/2 on $mux $procmux$9046.
    dead port 2/2 on $mux $procmux$9048.
    dead port 2/2 on $mux $procmux$9066.
    dead port 1/2 on $mux $procmux$9069.
    dead port 2/2 on $mux $procmux$11950.
    dead port 1/2 on $mux $procmux$9075.
    dead port 2/2 on $mux $procmux$9077.
    dead port 2/2 on $mux $procmux$9094.
    dead port 1/2 on $mux $procmux$9097.
    dead port 1/2 on $mux $procmux$9103.
    dead port 2/2 on $mux $procmux$9105.
    dead port 2/2 on $mux $procmux$9123.
    dead port 1/2 on $mux $procmux$9126.
    dead port 2/2 on $mux $procmux$11970.
    dead port 1/2 on $mux $procmux$9132.
    dead port 2/2 on $mux $procmux$9134.
    dead port 2/2 on $mux $procmux$11990.
    dead port 2/2 on $mux $procmux$9181.
    dead port 1/2 on $mux $procmux$9184.
    dead port 1/2 on $mux $procmux$9190.
    dead port 2/2 on $mux $procmux$9192.
    dead port 2/2 on $mux $procmux$9210.
    dead port 1/2 on $mux $procmux$9213.
    dead port 1/2 on $mux $procmux$9219.
    dead port 2/2 on $mux $procmux$9221.
    dead port 2/2 on $mux $procmux$9268.
    dead port 1/2 on $mux $procmux$1200.
    dead port 1/2 on $mux $procmux$9271.
    dead port 1/2 on $mux $procmux$9277.
    dead port 2/2 on $mux $procmux$9279.
    dead port 1/2 on $mux $procmux$1206.
    dead port 2/2 on $mux $procmux$9326.
    dead port 1/2 on $mux $procmux$9329.
    dead port 1/2 on $mux $procmux$9335.
    dead port 2/2 on $mux $procmux$9337.
    dead port 2/2 on $mux $procmux$9355.
    dead port 1/2 on $mux $procmux$9358.
    dead port 1/2 on $mux $procmux$9364.
    dead port 2/2 on $mux $procmux$9366.
    dead port 1/2 on $mux $procmux$1211.
    dead port 2/2 on $mux $procmux$9384.
    dead port 1/2 on $mux $procmux$9387.
    dead port 1/2 on $mux $procmux$9393.
    dead port 2/2 on $mux $procmux$9395.
    dead port 2/2 on $mux $procmux$9442.
    dead port 1/2 on $mux $procmux$9445.
    dead port 1/2 on $mux $procmux$9451.
    dead port 2/2 on $mux $procmux$9453.
    dead port 2/2 on $mux $procmux$9471.
    dead port 1/2 on $mux $procmux$9474.
    dead port 1/2 on $mux $procmux$9480.
    dead port 2/2 on $mux $procmux$9482.
    dead port 2/2 on $mux $procmux$949.
    dead port 2/2 on $mux $procmux$9500.
    dead port 1/2 on $mux $procmux$9503.
    dead port 1/2 on $mux $procmux$9509.
    dead port 2/2 on $mux $procmux$9511.
    dead port 2/2 on $mux $procmux$9529.
    dead port 1/2 on $mux $procmux$9532.
    dead port 1/2 on $mux $procmux$9538.
    dead port 2/2 on $mux $procmux$9540.
    dead port 1/2 on $mux $procmux$955.
    dead port 2/2 on $mux $procmux$957.
    dead port 2/2 on $mux $procmux$9587.
    dead port 1/2 on $mux $procmux$9590.
    dead port 1/2 on $mux $procmux$9596.
    dead port 2/2 on $mux $procmux$9598.
    dead port 1/2 on $mux $procmux$9616.
    dead port 1/2 on $mux $1156.
    dead port 2/2 on $mux $1156.
    dead port 1/2 on $mux $procmux$9622.
    dead port 2/2 on $mux $procmux$9624.
    dead port 1/2 on $mux $procmux$9642.
    dead port 1/2 on $mux $procmux$9648.
    dead port 2/2 on $mux $procmux$9650.
    dead port 2/2 on $mux $procmux$968.
    dead port 1/2 on $mux $procmux$9694.
    dead port 1/2 on $mux $procmux$9700.
    dead port 2/2 on $mux $procmux$9702.
    dead port 1/2 on $mux $procmux$9720.
    dead port 1/2 on $mux $procmux$9726.
    dead port 2/2 on $mux $procmux$9728.
    dead port 2/2 on $mux $procmux$1216.
    dead port 1/2 on $mux $procmux$9770.
    dead port 1/2 on $mux $procmux$9776.
    dead port 2/2 on $mux $procmux$9778.
    dead port 1/2 on $mux $procmux$9796.
    dead port 1/2 on $mux $procmux$9802.
    dead port 2/2 on $mux $procmux$9804.
    dead port 2/2 on $mux $procmux$981.
    dead port 1/2 on $mux $procmux$9822.
    dead port 1/2 on $mux $procmux$9828.
    dead port 2/2 on $mux $procmux$9830.
    dead port 1/2 on $mux $procmux$9874.
    dead port 1/2 on $mux $procmux$9880.
    dead port 2/2 on $mux $procmux$9882.
    dead port 2/2 on $mux $procmux$989.
    dead port 1/2 on $mux $procmux$9926.
    dead port 1/2 on $mux $procmux$9932.
    dead port 2/2 on $mux $procmux$9934.
    dead port 2/2 on $mux $procmux$1222.
    dead port 1/2 on $mux $procmux$9952.
    dead port 1/2 on $mux $procmux$9958.
    dead port 2/2 on $mux $procmux$9960.
    dead port 1/2 on $mux $procmux$9978.
    dead port 2/2 on $mux $procmux$998.
    dead port 1/2 on $mux $procmux$9984.
    dead port 2/2 on $mux $procmux$9986.
Removed 2219 multiplexer ports.
<suppressed ~18072 debug messages>

4.7.4. Executing OPT_REDUCE pass (consolidate $*mux and $reduce_* inputs).
  Optimizing cells in module \cv32e40p_core.
    New ctrl vector for $pmux cell $procmux$17824: { $procmux$17789_CMP $procmux$17761_CMP $procmux$17619_CMP $auto$opt_reduce.cc:137:opt_pmux$18593 }
    New ctrl vector for $pmux cell $procmux$12748: $auto$opt_reduce.cc:137:opt_pmux$18595
    New ctrl vector for $pmux cell $procmux$18104: { $procmux$17789_CMP $auto$opt_reduce.cc:137:opt_pmux$18597 }
    New ctrl vector for $pmux cell $procmux$18280: { $procmux$18198_CMP $procmux$18174_CMP $auto$opt_reduce.cc:137:opt_pmux$18599 }
    New ctrl vector for $pmux cell $procmux$18314: { $procmux$18198_CMP $procmux$18148_CMP }
    New ctrl vector for $pmux cell $procmux$13047: { $procmux$12535_CMP [2] $auto$opt_reduce.cc:137:opt_pmux$18601 }
    New ctrl vector for $pmux cell $procmux$18523: { $procmux$18526_CMP $procmux$18525_CMP $auto$opt_reduce.cc:137:opt_pmux$18603 }
    New ctrl vector for $pmux cell $procmux$18565: { $procmux$18573_CMP $procmux$18572_CMP $procmux$18571_CMP $procmux$18570_CMP $procmux$18568_CMP $procmux$18567_CMP $auto$opt_reduce.cc:137:opt_pmux$18605 }
    New ctrl vector for $pmux cell $procmux$18585: { $procmux$18588_CMP $procmux$18587_CMP $auto$opt_reduce.cc:137:opt_pmux$18607 }
    New ctrl vector for $pmux cell $procmux$13339: $auto$opt_reduce.cc:137:opt_pmux$18609
    New ctrl vector for $pmux cell $procmux$13348: $auto$opt_reduce.cc:137:opt_pmux$18611
    New ctrl vector for $pmux cell $procmux$12680: { $procmux$12648_CTRL $procmux$12605_CTRL $procmux$12535_CTRL $auto$opt_reduce.cc:137:opt_pmux$18613 }
    New ctrl vector for $pmux cell $procmux$14313: $auto$opt_reduce.cc:137:opt_pmux$18615
    New ctrl vector for $pmux cell $procmux$14364: $auto$opt_reduce.cc:137:opt_pmux$18617
    New ctrl vector for $pmux cell $procmux$14465: { $procmux$14317_CMP $auto$opt_reduce.cc:137:opt_pmux$18619 }
    New ctrl vector for $pmux cell $procmux$14572: $auto$opt_reduce.cc:137:opt_pmux$18621
    New ctrl vector for $pmux cell $procmux$14619: $auto$opt_reduce.cc:137:opt_pmux$18623
    New ctrl vector for $pmux cell $procmux$14726: $auto$opt_reduce.cc:137:opt_pmux$18625
    New ctrl vector for $pmux cell $procmux$14772: $auto$opt_reduce.cc:137:opt_pmux$18627
    New ctrl vector for $pmux cell $procmux$14797: $auto$opt_reduce.cc:137:opt_pmux$18629
    New ctrl vector for $pmux cell $procmux$461: { $procmux$259_CMP $procmux$482_CMP $2605y $procmux$223_CMP $procmux$212_CMP $procmux$202_CMP $procmux$193_CMP $procmux$476_CMP $procmux$475_CMP $procmux$474_CMP $2698y $2701y $auto$opt_reduce.cc:137:opt_pmux$18631 $procmux$164_CMP $procmux$157_CMP $procmux$151_CMP $procmux$146_CMP $procmux$465_CTRL $procmux$464_CTRL $2712y $procmux$462_CTRL }
    New ctrl vector for $pmux cell $procmux$12326: { $procmux$10039_CMP $procmux$11998_CMP $procmux$12046_CMP $auto$opt_reduce.cc:137:opt_pmux$18633 }
    New ctrl vector for $pmux cell $procmux$484: { $procmux$18588_CMP $procmux$18587_CMP $auto$opt_reduce.cc:137:opt_pmux$18635 }
    New ctrl vector for $pmux cell $procmux$12341: { $procmux$11613_CMP $procmux$10039_CMP $procmux$11998_CMP $procmux$12046_CMP $procmux$12070_CMP $auto$opt_reduce.cc:137:opt_pmux$18637 }
    New ctrl vector for $pmux cell $procmux$1127: { $procmux$1010_CTRL $auto$opt_reduce.cc:137:opt_pmux$18639 }
    New ctrl vector for $pmux cell $procmux$5048: $auto$opt_reduce.cc:137:opt_pmux$18641
    New ctrl vector for $pmux cell $procmux$5071: $auto$opt_reduce.cc:137:opt_pmux$18643
    New ctrl vector for $pmux cell $procmux$16052: $auto$opt_reduce.cc:137:opt_pmux$18645
    New ctrl vector for $pmux cell $procmux$16106: $auto$opt_reduce.cc:137:opt_pmux$18647
    New ctrl vector for $pmux cell $procmux$522: { $procmux$525_CMP $procmux$524_CMP $auto$opt_reduce.cc:137:opt_pmux$18649 }
    New ctrl vector for $pmux cell $procmux$12706: { $auto$opt_reduce.cc:137:opt_pmux$18651 $procmux$12605_CTRL $procmux$12535_CTRL }
    New ctrl vector for $pmux cell $procmux$16133: $auto$opt_reduce.cc:137:opt_pmux$18653
    New ctrl vector for $pmux cell $procmux$12359: { $procmux$11613_CMP $procmux$10039_CMP $procmux$11998_CMP $procmux$12046_CMP $procmux$12070_CMP $auto$opt_reduce.cc:137:opt_pmux$18655 }
    New ctrl vector for $pmux cell $procmux$5360: { \id_stage_i.controller_i.ebrk_insn_i \id_stage_i.controller_i.ecall_insn_i $auto$opt_reduce.cc:137:opt_pmux$18657 \id_stage_i.controller_i.wfi_i }
    New ctrl vector for $pmux cell $procmux$5539: { $auto$opt_reduce.cc:137:opt_pmux$18659 \id_stage_i.controller_i.fencei_insn_i }
    New ctrl vector for $pmux cell $procmux$5565: $auto$opt_reduce.cc:137:opt_pmux$18661
    New ctrl vector for $pmux cell $procmux$12376: $auto$opt_reduce.cc:137:opt_pmux$18663
    New ctrl vector for $pmux cell $procmux$16661: $auto$opt_reduce.cc:137:opt_pmux$18665
    New ctrl vector for $pmux cell $procmux$6467: { $auto$opt_reduce.cc:137:opt_pmux$18667 \id_stage_i.controller_i.branch_in_id }
    New ctrl vector for $pmux cell $procmux$16814: { $procmux$16687_CMP $procmux$16032_CTRL $procmux$15576_CTRL $auto$opt_reduce.cc:137:opt_pmux$18669 $procmux$13424_CMP $procmux$12464_CMP }
    New ctrl vector for $pmux cell $procmux$17018: { $auto$opt_reduce.cc:137:opt_pmux$18673 $procmux$16032_CTRL $auto$opt_reduce.cc:137:opt_pmux$18671 $procmux$12464_CMP }
    New ctrl vector for $pmux cell $procmux$17059: { $procmux$16032_CTRL $procmux$15576_CTRL $auto$opt_reduce.cc:137:opt_pmux$18675 $procmux$13424_CMP $procmux$12464_CMP }
    New ctrl vector for $pmux cell $procmux$7734: \id_stage_i.controller_i.jump_in_dec
    New ctrl vector for $pmux cell $procmux$17077: { $procmux$16821_CMP $auto$opt_reduce.cc:137:opt_pmux$18677 $procmux$13424_CMP $procmux$12464_CMP }
    New ctrl vector for $pmux cell $procmux$7780: { \id_stage_i.controller_i.ebrk_insn_i \id_stage_i.controller_i.wfi_active \id_stage_i.controller_i.ecall_insn_i \id_stage_i.controller_i.fencei_insn_i $1153y \id_stage_i.controller_i.csr_status_i }
    New ctrl vector for $pmux cell $procmux$17089: { $procmux$16593_CMP $procmux$16032_CTRL $procmux$15576_CTRL $auto$opt_reduce.cc:137:opt_pmux$18679 $procmux$15420_CMP $procmux$13424_CMP $procmux$12464_CMP }
    New ctrl vector for $pmux cell $procmux$7869: $auto$opt_reduce.cc:137:opt_pmux$18681
    New ctrl vector for $pmux cell $procmux$7959: \id_stage_i.controller_i.jump_in_dec
    New ctrl vector for $pmux cell $procmux$17139: { $procmux$16032_CTRL $procmux$15576_CTRL $auto$opt_reduce.cc:137:opt_pmux$18683 $procmux$13424_CMP $procmux$12464_CMP }
    New ctrl vector for $pmux cell $procmux$8005: \id_stage_i.controller_i.jump_in_dec
    New ctrl vector for $pmux cell $procmux$17205: { $procmux$16687_CMP $procmux$16593_CMP $procmux$16032_CTRL $procmux$15576_CTRL $auto$opt_reduce.cc:137:opt_pmux$18685 $procmux$15420_CMP $procmux$13424_CMP $procmux$13343_CMP $procmux$12464_CMP }
    New ctrl vector for $pmux cell $procmux$889: $auto$opt_reduce.cc:137:opt_pmux$18687
    New ctrl vector for $pmux cell $procmux$901: $auto$opt_reduce.cc:137:opt_pmux$18689
    New ctrl vector for $pmux cell $procmux$915: $auto$opt_reduce.cc:137:opt_pmux$18691
    New ctrl vector for $pmux cell $procmux$919: $auto$opt_reduce.cc:137:opt_pmux$18693
    New ctrl vector for $pmux cell $procmux$12018: { $procmux$10039_CMP $procmux$11998_CMP }
    New ctrl vector for $pmux cell $procmux$1202: $auto$opt_reduce.cc:137:opt_pmux$18695
    New ctrl vector for $pmux cell $procmux$12041: { $procmux$12046_CMP $auto$opt_reduce.cc:137:opt_pmux$18697 }
    New ctrl vector for $pmux cell $procmux$12063: { $procmux$11991_CMP $procmux$11951_CMP $procmux$12086_CMP $procmux$11854_CMP $procmux$10039_CMP $procmux$12021_CMP $auto$opt_reduce.cc:137:opt_pmux$18701 $procmux$11998_CMP $procmux$12046_CMP $procmux$12070_CMP $auto$opt_reduce.cc:137:opt_pmux$18699 $procmux$12064_CMP }
    New ctrl vector for $pmux cell $procmux$12108: { $procmux$11613_CMP $procmux$10039_CMP $auto$opt_reduce.cc:137:opt_pmux$18703 }
    New ctrl vector for $pmux cell $procmux$17585: { $procmux$17588_CMP $procmux$17587_CMP }
    New ctrl vector for $pmux cell $procmux$12123: { $procmux$11613_CMP $procmux$10039_CMP $auto$opt_reduce.cc:137:opt_pmux$18705 }
    New ctrl vector for $pmux cell $procmux$12140: { $procmux$11613_CMP $procmux$10039_CMP $procmux$12021_CMP $procmux$12008_CMP $procmux$11996_CMP }
    New ctrl vector for $pmux cell $procmux$1219: $auto$opt_reduce.cc:137:opt_pmux$18707
    New ctrl vector for $pmux cell $procmux$12197: { $procmux$11613_CMP $procmux$10039_CMP $procmux$12021_CMP }
    New input vector for $reduce_or cell $auto$opt_reduce.cc:131:opt_pmux$18656: { \id_stage_i.controller_i.dret_insn_i \id_stage_i.controller_i.mret_insn_i }
    New input vector for $reduce_or cell $auto$opt_reduce.cc:131:opt_pmux$18612: { $procmux$12693_CMP $procmux$12692_CMP $procmux$12691_CMP $procmux$12685_CMP }
    New input vector for $reduce_or cell $auto$opt_reduce.cc:131:opt_pmux$18650: { $procmux$12693_CMP $procmux$12691_CMP }
    New ctrl vector for $pmux cell $procmux$12317: $procmux$10039_CMP
    New ctrl vector for $pmux cell $procmux$17018: { $auto$opt_reduce.cc:137:opt_pmux$18673 $procmux$16032_CTRL $auto$opt_reduce.cc:137:opt_pmux$18671 }
    New ctrl vector for $pmux cell $procmux$12326: { $procmux$11998_CMP $procmux$12046_CMP $auto$opt_reduce.cc:137:opt_pmux$18633 }
  Optimizing cells in module \cv32e40p_core.
Performed a total of 135 changes.

4.7.5. Executing OPT_MERGE pass (detect identical cells).
Finding identical cells in module `\cv32e40p_core'.
<suppressed ~222 debug messages>
Removed a total of 74 cells.

4.7.6. Executing OPT_DFF pass (perform DFF optimizations).
Changing const-value async load to async reset on $driver$sleep_unit_i.fetch_enable_q ($aldff) from module cv32e40p_core.
Changing const-value async load to async reset on $driver$sleep_unit_i.core_busy_q ($aldff) from module cv32e40p_core.
Changing const-value async load to async reset on $driver$load_store_unit_i.rdata_q ($aldff) from module cv32e40p_core.
Changing const-value async load to async reset on $driver$load_store_unit_i.rdata_offset_q ($aldff) from module cv32e40p_core.
Changing const-value async load to async reset on $driver$load_store_unit_i.data_we_q ($aldff) from module cv32e40p_core.
Changing const-value async load to async reset on $driver$load_store_unit_i.data_type_q ($aldff) from module cv32e40p_core.
Changing const-value async load to async reset on $driver$load_store_unit_i.data_sign_ext_q ($aldff) from module cv32e40p_core.
Changing const-value async load to async reset on $driver$load_store_unit_i.cnt_q ($aldff) from module cv32e40p_core.
Changing const-value async load to async reset on $driver$if_stage_i.prefetch_buffer_i.prefetch_controller_i.trans_addr_q ($aldff) from module cv32e40p_core.
Changing const-value async load to async reset on $driver$if_stage_i.prefetch_buffer_i.prefetch_controller_i.state_q ($aldff) from module cv32e40p_core.
Changing const-value async load to async reset on $driver$if_stage_i.prefetch_buffer_i.prefetch_controller_i.flush_cnt_q ($aldff) from module cv32e40p_core.
Changing const-value async load to async reset on $driver$if_stage_i.prefetch_buffer_i.prefetch_controller_i.cnt_q ($aldff) from module cv32e40p_core.
Changing const-value async load to async reset on $driver$if_stage_i.prefetch_buffer_i.instruction_obi_i.state_q ($aldff) from module cv32e40p_core.
Changing const-value async load to async reset on $driver$if_stage_i.prefetch_buffer_i.instruction_obi_i.gen_no_trans_stable.obi_addr_q ($aldff) from module cv32e40p_core.
Changing const-value async load to async reset on $driver$if_stage_i.prefetch_buffer_i.fifo_i.write_pointer_q ($aldff) from module cv32e40p_core.
Changing const-value async load to async reset on $driver$if_stage_i.prefetch_buffer_i.fifo_i.status_cnt_q ($aldff) from module cv32e40p_core.
Changing const-value async load to async reset on $driver$if_stage_i.prefetch_buffer_i.fifo_i.read_pointer_q ($aldff) from module cv32e40p_core.
Changing const-value async load to async reset on $driver$if_stage_i.prefetch_buffer_i.fifo_i.mem_q[1] ($aldff) from module cv32e40p_core.
Changing const-value async load to async reset on $driver$if_stage_i.prefetch_buffer_i.fifo_i.mem_q[0] ($aldff) from module cv32e40p_core.
Changing const-value async load to async reset on $driver$if_stage_i.pc_id_o ($aldff) from module cv32e40p_core.
Changing const-value async load to async reset on $driver$if_stage_i.is_fetch_failed_o ($aldff) from module cv32e40p_core.
Changing const-value async load to async reset on $driver$if_stage_i.is_compressed_id_o ($aldff) from module cv32e40p_core.
Changing const-value async load to async reset on $driver$if_stage_i.instr_valid_id_o ($aldff) from module cv32e40p_core.
Changing const-value async load to async reset on $driver$if_stage_i.instr_rdata_id_o ($aldff) from module cv32e40p_core.
Changing const-value async load to async reset on $driver$if_stage_i.illegal_c_insn_id_o ($aldff) from module cv32e40p_core.
Changing const-value async load to async reset on $driver$if_stage_i.aligner_i.state ($aldff) from module cv32e40p_core.
Changing const-value async load to async reset on $driver$if_stage_i.aligner_i.r_instr_h ($aldff) from module cv32e40p_core.
Changing const-value async load to async reset on $driver$if_stage_i.aligner_i.pc_q ($aldff) from module cv32e40p_core.
Changing const-value async load to async reset on $driver$if_stage_i.aligner_i.hwlp_update_pc_q ($aldff) from module cv32e40p_core.
Changing const-value async load to async reset on $driver$if_stage_i.aligner_i.hwlp_addr_q ($aldff) from module cv32e40p_core.
Changing const-value async load to async reset on $driver$if_stage_i.aligner_i.aligner_ready_q ($aldff) from module cv32e40p_core.
Changing const-value async load to async reset on $driver$id_stage_i.register_file_i.mem[9] ($aldff) from module cv32e40p_core.
Changing const-value async load to async reset on $driver$id_stage_i.register_file_i.mem[8] ($aldff) from module cv32e40p_core.
Changing const-value async load to async reset on $driver$id_stage_i.register_file_i.mem[7] ($aldff) from module cv32e40p_core.
Changing const-value async load to async reset on $driver$id_stage_i.register_file_i.mem[6] ($aldff) from module cv32e40p_core.
Changing const-value async load to async reset on $driver$id_stage_i.register_file_i.mem[5] ($aldff) from module cv32e40p_core.
Changing const-value async load to async reset on $driver$id_stage_i.register_file_i.mem[4] ($aldff) from module cv32e40p_core.
Changing const-value async load to async reset on $driver$id_stage_i.register_file_i.mem[3] ($aldff) from module cv32e40p_core.
Changing const-value async load to async reset on $driver$id_stage_i.register_file_i.mem[31] ($aldff) from module cv32e40p_core.
Changing const-value async load to async reset on $driver$id_stage_i.register_file_i.mem[30] ($aldff) from module cv32e40p_core.
Changing const-value async load to async reset on $driver$id_stage_i.register_file_i.mem[2] ($aldff) from module cv32e40p_core.
Changing const-value async load to async reset on $driver$id_stage_i.register_file_i.mem[29] ($aldff) from module cv32e40p_core.
Changing const-value async load to async reset on $driver$id_stage_i.register_file_i.mem[28] ($aldff) from module cv32e40p_core.
Changing const-value async load to async reset on $driver$id_stage_i.register_file_i.mem[27] ($aldff) from module cv32e40p_core.
Changing const-value async load to async reset on $driver$id_stage_i.register_file_i.mem[26] ($aldff) from module cv32e40p_core.
Changing const-value async load to async reset on $driver$id_stage_i.register_file_i.mem[25] ($aldff) from module cv32e40p_core.
Changing const-value async load to async reset on $driver$id_stage_i.register_file_i.mem[24] ($aldff) from module cv32e40p_core.
Changing const-value async load to async reset on $driver$id_stage_i.register_file_i.mem[23] ($aldff) from module cv32e40p_core.
Changing const-value async load to async reset on $driver$id_stage_i.register_file_i.mem[22] ($aldff) from module cv32e40p_core.
Changing const-value async load to async reset on $driver$id_stage_i.register_file_i.mem[21] ($aldff) from module cv32e40p_core.
Changing const-value async load to async reset on $driver$id_stage_i.register_file_i.mem[20] ($aldff) from module cv32e40p_core.
Changing const-value async load to async reset on $driver$id_stage_i.register_file_i.mem[1] ($aldff) from module cv32e40p_core.
Changing const-value async load to async reset on $driver$id_stage_i.register_file_i.mem[19] ($aldff) from module cv32e40p_core.
Changing const-value async load to async reset on $driver$id_stage_i.register_file_i.mem[18] ($aldff) from module cv32e40p_core.
Changing const-value async load to async reset on $driver$id_stage_i.register_file_i.mem[17] ($aldff) from module cv32e40p_core.
Changing const-value async load to async reset on $driver$id_stage_i.register_file_i.mem[16] ($aldff) from module cv32e40p_core.
Changing const-value async load to async reset on $driver$id_stage_i.register_file_i.mem[15] ($aldff) from module cv32e40p_core.
Changing const-value async load to async reset on $driver$id_stage_i.register_file_i.mem[14] ($aldff) from module cv32e40p_core.
Changing const-value async load to async reset on $driver$id_stage_i.register_file_i.mem[13] ($aldff) from module cv32e40p_core.
Changing const-value async load to async reset on $driver$id_stage_i.register_file_i.mem[12] ($aldff) from module cv32e40p_core.
Changing const-value async load to async reset on $driver$id_stage_i.register_file_i.mem[11] ($aldff) from module cv32e40p_core.
Changing const-value async load to async reset on $driver$id_stage_i.register_file_i.mem[10] ($aldff) from module cv32e40p_core.
Changing const-value async load to async reset on $driver$id_stage_i.register_file_i.mem[0] ($aldff) from module cv32e40p_core.
Changing const-value async load to async reset on $driver$id_stage_i.regfile_we_ex_o ($aldff) from module cv32e40p_core.
Changing const-value async load to async reset on $driver$id_stage_i.regfile_waddr_ex_o ($aldff) from module cv32e40p_core.
Changing const-value async load to async reset on $driver$id_stage_i.regfile_alu_we_ex_o ($aldff) from module cv32e40p_core.
Changing const-value async load to async reset on $driver$id_stage_i.regfile_alu_waddr_ex_o ($aldff) from module cv32e40p_core.
Changing const-value async load to async reset on $driver$id_stage_i.prepost_useincr_ex_o ($aldff) from module cv32e40p_core.
Changing const-value async load to async reset on $driver$id_stage_i.pc_ex_o ($aldff) from module cv32e40p_core.
Changing const-value async load to async reset on $driver$id_stage_i.mult_signed_mode_ex_o ($aldff) from module cv32e40p_core.
Changing const-value async load to async reset on $driver$id_stage_i.mult_sel_subword_ex_o ($aldff) from module cv32e40p_core.
Changing const-value async load to async reset on $driver$id_stage_i.mult_operator_ex_o ($aldff) from module cv32e40p_core.
Changing const-value async load to async reset on $driver$id_stage_i.mult_operand_c_ex_o ($aldff) from module cv32e40p_core.
Changing const-value async load to async reset on $driver$id_stage_i.mult_operand_b_ex_o ($aldff) from module cv32e40p_core.
Changing const-value async load to async reset on $driver$id_stage_i.mult_operand_a_ex_o ($aldff) from module cv32e40p_core.
Changing const-value async load to async reset on $driver$id_stage_i.mult_is_clpx_ex_o ($aldff) from module cv32e40p_core.
Changing const-value async load to async reset on $driver$id_stage_i.mult_imm_ex_o ($aldff) from module cv32e40p_core.
Changing const-value async load to async reset on $driver$id_stage_i.mult_en_ex_o ($aldff) from module cv32e40p_core.
Changing const-value async load to async reset on $driver$id_stage_i.mult_dot_signed_ex_o ($aldff) from module cv32e40p_core.
Changing const-value async load to async reset on $driver$id_stage_i.mult_dot_op_c_ex_o ($aldff) from module cv32e40p_core.
Changing const-value async load to async reset on $driver$id_stage_i.mult_dot_op_b_ex_o ($aldff) from module cv32e40p_core.
Changing const-value async load to async reset on $driver$id_stage_i.mult_dot_op_a_ex_o ($aldff) from module cv32e40p_core.
Changing const-value async load to async reset on $driver$id_stage_i.mult_clpx_shift_ex_o ($aldff) from module cv32e40p_core.
Changing const-value async load to async reset on $driver$id_stage_i.mult_clpx_img_ex_o ($aldff) from module cv32e40p_core.
Changing const-value async load to async reset on $driver$id_stage_i.mhpmevent_store_o ($aldff) from module cv32e40p_core.
Changing const-value async load to async reset on $driver$id_stage_i.mhpmevent_minstret_o ($aldff) from module cv32e40p_core.
Changing const-value async load to async reset on $driver$id_stage_i.mhpmevent_load_o ($aldff) from module cv32e40p_core.
Changing const-value async load to async reset on $driver$id_stage_i.mhpmevent_ld_stall_o ($aldff) from module cv32e40p_core.
Changing const-value async load to async reset on $driver$id_stage_i.mhpmevent_jump_o ($aldff) from module cv32e40p_core.
Changing const-value async load to async reset on $driver$id_stage_i.mhpmevent_jr_stall_o ($aldff) from module cv32e40p_core.
Changing const-value async load to async reset on $driver$id_stage_i.mhpmevent_imiss_o ($aldff) from module cv32e40p_core.
Changing const-value async load to async reset on $driver$id_stage_i.mhpmevent_compressed_o ($aldff) from module cv32e40p_core.
Changing const-value async load to async reset on $driver$id_stage_i.mhpmevent_branch_taken_o ($aldff) from module cv32e40p_core.
Changing const-value async load to async reset on $driver$id_stage_i.mhpmevent_branch_o ($aldff) from module cv32e40p_core.
Changing const-value async load to async reset on $driver$id_stage_i.int_controller_i.irq_q ($aldff) from module cv32e40p_core.
Changing const-value async load to async reset on $driver$id_stage_i.imm_vec_ext_ex_o ($aldff) from module cv32e40p_core.
Changing const-value async load to async reset on $driver$id_stage_i.id_valid_q ($aldff) from module cv32e40p_core.
Changing const-value async load to async reset on $driver$id_stage_i.data_we_ex_o ($aldff) from module cv32e40p_core.
Changing const-value async load to async reset on $driver$id_stage_i.data_type_ex_o ($aldff) from module cv32e40p_core.
Changing const-value async load to async reset on $driver$id_stage_i.data_sign_ext_ex_o ($aldff) from module cv32e40p_core.
Changing const-value async load to async reset on $driver$id_stage_i.data_req_ex_o ($aldff) from module cv32e40p_core.
Changing const-value async load to async reset on $driver$id_stage_i.data_reg_offset_ex_o ($aldff) from module cv32e40p_core.
Changing const-value async load to async reset on $driver$id_stage_i.data_misaligned_ex_o ($aldff) from module cv32e40p_core.
Changing const-value async load to async reset on $driver$id_stage_i.csr_op_ex_o ($aldff) from module cv32e40p_core.
Changing const-value async load to async reset on $driver$id_stage_i.csr_access_ex_o ($aldff) from module cv32e40p_core.
Changing const-value async load to async reset on $driver$id_stage_i.controller_i.jump_done_q ($aldff) from module cv32e40p_core.
Changing const-value async load to async reset on $driver$id_stage_i.controller_i.illegal_insn_q ($aldff) from module cv32e40p_core.
Changing const-value async load to async reset on $driver$id_stage_i.controller_i.debug_req_q ($aldff) from module cv32e40p_core.
Changing const-value async load to async reset on $driver$id_stage_i.controller_i.debug_req_entry_q ($aldff) from module cv32e40p_core.
Changing const-value async load to async reset on $driver$id_stage_i.controller_i.debug_mode_q ($aldff) from module cv32e40p_core.
Changing const-value async load to async reset on $driver$id_stage_i.controller_i.debug_fsm_cs ($aldff) from module cv32e40p_core.
Changing const-value async load to async reset on $driver$id_stage_i.controller_i.debug_force_wakeup_q ($aldff) from module cv32e40p_core.
Changing const-value async load to async reset on $driver$id_stage_i.controller_i.ctrl_fsm_cs ($aldff) from module cv32e40p_core.
Changing const-value async load to async reset on $driver$id_stage_i.branch_in_ex_o ($aldff) from module cv32e40p_core.
Changing const-value async load to async reset on $driver$id_stage_i.bmask_b_ex_o ($aldff) from module cv32e40p_core.
Changing const-value async load to async reset on $driver$id_stage_i.bmask_a_ex_o ($aldff) from module cv32e40p_core.
Changing const-value async load to async reset on $driver$id_stage_i.apu_lat_ex_o ($aldff) from module cv32e40p_core.
Changing const-value async load to async reset on $driver$id_stage_i.apu_flags_ex_o ($aldff) from module cv32e40p_core.
Changing const-value async load to async reset on $driver$id_stage_i.apu_en_ex_o ($aldff) from module cv32e40p_core.
Changing const-value async load to async reset on $driver$id_stage_i.alu_vec_mode_ex_o ($aldff) from module cv32e40p_core.
Changing const-value async load to async reset on $driver$id_stage_i.alu_operator_ex_o ($aldff) from module cv32e40p_core.
Changing const-value async load to async reset on $driver$id_stage_i.alu_operand_c_ex_o ($aldff) from module cv32e40p_core.
Changing const-value async load to async reset on $driver$id_stage_i.alu_operand_b_ex_o ($aldff) from module cv32e40p_core.
Changing const-value async load to async reset on $driver$id_stage_i.alu_operand_a_ex_o ($aldff) from module cv32e40p_core.
Changing const-value async load to async reset on $driver$id_stage_i.alu_is_subrot_ex_o ($aldff) from module cv32e40p_core.
Changing const-value async load to async reset on $driver$id_stage_i.alu_is_clpx_ex_o ($aldff) from module cv32e40p_core.
Changing const-value async load to async reset on $driver$id_stage_i.alu_en_ex_o ($aldff) from module cv32e40p_core.
Changing const-value async load to async reset on $driver$id_stage_i.alu_clpx_shift_ex_o ($aldff) from module cv32e40p_core.
Changing const-value async load to async reset on $driver$ex_stage_i.regfile_we_lsu ($aldff) from module cv32e40p_core.
Changing const-value async load to async reset on $driver$ex_stage_i.regfile_waddr_lsu ($aldff) from module cv32e40p_core.
Changing const-value async load to async reset on $driver$ex_stage_i.mult_i.mulh_carry_q ($aldff) from module cv32e40p_core.
Changing const-value async load to async reset on $driver$ex_stage_i.mult_i.mulh_CS ($aldff) from module cv32e40p_core.
Changing const-value async load to async reset on $driver$cs_registers_i.mtvec_q ($aldff) from module cv32e40p_core.
Changing const-value async load to async reset on $driver$cs_registers_i.mtvec_mode_q ($aldff) from module cv32e40p_core.
Changing const-value async load to async reset on $driver$cs_registers_i.mstatus_q.mprv ($aldff) from module cv32e40p_core.
Changing const-value async load to async reset on $driver$cs_registers_i.mstatus_q.mpp ($aldff) from module cv32e40p_core.
Changing const-value async load to async reset on $driver$cs_registers_i.mstatus_q.mpie ($aldff) from module cv32e40p_core.
Changing const-value async load to async reset on $driver$cs_registers_i.mstatus_q.mie ($aldff) from module cv32e40p_core.
Changing const-value async load to async reset on $driver$cs_registers_i.mscratch_q ($aldff) from module cv32e40p_core.
Changing const-value async load to async reset on $driver$cs_registers_i.mie_q ($aldff) from module cv32e40p_core.
Changing const-value async load to async reset on $driver$cs_registers_i.mhpmevent_q[3][15:0] ($aldff) from module cv32e40p_core.
Changing const-value async load to async reset on $driver$cs_registers_i.mhpmcounter_q[3] ($aldff) from module cv32e40p_core.
Changing const-value async load to async reset on $driver$cs_registers_i.mhpmcounter_q[2] ($aldff) from module cv32e40p_core.
Changing const-value async load to async reset on $driver$cs_registers_i.mhpmcounter_q[0] ($aldff) from module cv32e40p_core.
Changing const-value async load to async reset on $driver$cs_registers_i.mepc_q ($aldff) from module cv32e40p_core.
Changing const-value async load to async reset on $driver$cs_registers_i.mcountinhibit_q[3:3] ($aldff) from module cv32e40p_core.
Changing const-value async load to async reset on $driver$cs_registers_i.mcountinhibit_q[2:2] ($aldff) from module cv32e40p_core.
Changing const-value async load to async reset on $driver$cs_registers_i.mcountinhibit_q[0:0] ($aldff) from module cv32e40p_core.
Changing const-value async load to async reset on $driver$cs_registers_i.mcause_q ($aldff) from module cv32e40p_core.
Changing const-value async load to async reset on $driver$cs_registers_i.gen_trigger_regs.tmatch_value_q ($aldff) from module cv32e40p_core.
Changing const-value async load to async reset on $driver$cs_registers_i.gen_trigger_regs.tmatch_control_exec_q ($aldff) from module cv32e40p_core.
Changing const-value async load to async reset on $driver$cs_registers_i.dscratch1_q ($aldff) from module cv32e40p_core.
Changing const-value async load to async reset on $driver$cs_registers_i.dscratch0_q ($aldff) from module cv32e40p_core.
Changing const-value async load to async reset on $driver$cs_registers_i.depc_q ($aldff) from module cv32e40p_core.
Changing const-value async load to async reset on $driver$cs_registers_i.dcsr_q.zero2 ($aldff) from module cv32e40p_core.
Handling D = Q on $driver$cs_registers_i.dcsr_q.zero2 ($aldff) from module cv32e40p_core (removing D path).
Changing const-value async load to async reset on $driver$cs_registers_i.dcsr_q.zero1 ($aldff) from module cv32e40p_core.
Handling D = Q on $driver$cs_registers_i.dcsr_q.zero1 ($aldff) from module cv32e40p_core (removing D path).
Changing const-value async load to async reset on $driver$cs_registers_i.dcsr_q.zero0 ($aldff) from module cv32e40p_core.
Handling D = Q on $driver$cs_registers_i.dcsr_q.zero0 ($aldff) from module cv32e40p_core (removing D path).
Changing const-value async load to async reset on $driver$cs_registers_i.dcsr_q.xdebugver ($aldff) from module cv32e40p_core.
Handling D = Q on $driver$cs_registers_i.dcsr_q.xdebugver ($aldff) from module cv32e40p_core (removing D path).
Changing const-value async load to async reset on $driver$cs_registers_i.dcsr_q.stoptime ($aldff) from module cv32e40p_core.
Changing const-value async load to async reset on $driver$cs_registers_i.dcsr_q.stopcount ($aldff) from module cv32e40p_core.
Changing const-value async load to async reset on $driver$cs_registers_i.dcsr_q.stepie ($aldff) from module cv32e40p_core.
Changing const-value async load to async reset on $driver$cs_registers_i.dcsr_q.step ($aldff) from module cv32e40p_core.
Changing const-value async load to async reset on $driver$cs_registers_i.dcsr_q.prv ($aldff) from module cv32e40p_core.
Changing const-value async load to async reset on $driver$cs_registers_i.dcsr_q.nmip ($aldff) from module cv32e40p_core.
Handling D = Q on $driver$cs_registers_i.dcsr_q.nmip ($aldff) from module cv32e40p_core (removing D path).
Changing const-value async load to async reset on $driver$cs_registers_i.dcsr_q.mprven ($aldff) from module cv32e40p_core.
Changing const-value async load to async reset on $driver$cs_registers_i.dcsr_q.ebreaku ($aldff) from module cv32e40p_core.
Changing const-value async load to async reset on $driver$cs_registers_i.dcsr_q.ebreaks ($aldff) from module cv32e40p_core.
Changing const-value async load to async reset on $driver$cs_registers_i.dcsr_q.ebreakm ($aldff) from module cv32e40p_core.
Changing const-value async load to async reset on $driver$cs_registers_i.dcsr_q.cause ($aldff) from module cv32e40p_core.
Setting constant 0-bit at position 0 on $driver$cs_registers_i.dcsr_q.nmip ($dlatch) from module cv32e40p_core.
Setting constant 0-bit at position 0 on $driver$cs_registers_i.dcsr_q.xdebugver ($dlatch) from module cv32e40p_core.
Setting constant 0-bit at position 1 on $driver$cs_registers_i.dcsr_q.xdebugver ($dlatch) from module cv32e40p_core.
Setting constant 1-bit at position 2 on $driver$cs_registers_i.dcsr_q.xdebugver ($dlatch) from module cv32e40p_core.
Setting constant 0-bit at position 3 on $driver$cs_registers_i.dcsr_q.xdebugver ($dlatch) from module cv32e40p_core.
Setting constant 0-bit at position 0 on $driver$cs_registers_i.dcsr_q.zero0 ($dlatch) from module cv32e40p_core.
Setting constant 0-bit at position 0 on $driver$cs_registers_i.dcsr_q.zero1 ($dlatch) from module cv32e40p_core.
Setting constant 0-bit at position 0 on $driver$cs_registers_i.dcsr_q.zero2 ($dlatch) from module cv32e40p_core.
Setting constant 0-bit at position 1 on $driver$cs_registers_i.dcsr_q.zero2 ($dlatch) from module cv32e40p_core.
Setting constant 0-bit at position 2 on $driver$cs_registers_i.dcsr_q.zero2 ($dlatch) from module cv32e40p_core.
Setting constant 0-bit at position 3 on $driver$cs_registers_i.dcsr_q.zero2 ($dlatch) from module cv32e40p_core.
Setting constant 0-bit at position 4 on $driver$cs_registers_i.dcsr_q.zero2 ($dlatch) from module cv32e40p_core.
Setting constant 0-bit at position 5 on $driver$cs_registers_i.dcsr_q.zero2 ($dlatch) from module cv32e40p_core.
Setting constant 0-bit at position 6 on $driver$cs_registers_i.dcsr_q.zero2 ($dlatch) from module cv32e40p_core.
Setting constant 0-bit at position 7 on $driver$cs_registers_i.dcsr_q.zero2 ($dlatch) from module cv32e40p_core.
Setting constant 0-bit at position 8 on $driver$cs_registers_i.dcsr_q.zero2 ($dlatch) from module cv32e40p_core.
Setting constant 0-bit at position 9 on $driver$cs_registers_i.dcsr_q.zero2 ($dlatch) from module cv32e40p_core.
Setting constant 0-bit at position 10 on $driver$cs_registers_i.dcsr_q.zero2 ($dlatch) from module cv32e40p_core.
Setting constant 0-bit at position 11 on $driver$cs_registers_i.dcsr_q.zero2 ($dlatch) from module cv32e40p_core.
Setting constant 1-bit at position 0 on $driver$cs_registers_i.mstatus_q.mpp ($adff) from module cv32e40p_core.
Setting constant 1-bit at position 1 on $driver$cs_registers_i.mstatus_q.mpp ($adff) from module cv32e40p_core.
Setting constant 0-bit at position 0 on $driver$cs_registers_i.mstatus_q.mprv ($adff) from module cv32e40p_core.
Setting constant 0-bit at position 0 on $driver$id_stage_i.register_file_i.mem[0] ($adff) from module cv32e40p_core.
Setting constant 0-bit at position 1 on $driver$id_stage_i.register_file_i.mem[0] ($adff) from module cv32e40p_core.
Setting constant 0-bit at position 2 on $driver$id_stage_i.register_file_i.mem[0] ($adff) from module cv32e40p_core.
Setting constant 0-bit at position 3 on $driver$id_stage_i.register_file_i.mem[0] ($adff) from module cv32e40p_core.
Setting constant 0-bit at position 4 on $driver$id_stage_i.register_file_i.mem[0] ($adff) from module cv32e40p_core.
Setting constant 0-bit at position 5 on $driver$id_stage_i.register_file_i.mem[0] ($adff) from module cv32e40p_core.
Setting constant 0-bit at position 6 on $driver$id_stage_i.register_file_i.mem[0] ($adff) from module cv32e40p_core.
Setting constant 0-bit at position 7 on $driver$id_stage_i.register_file_i.mem[0] ($adff) from module cv32e40p_core.
Setting constant 0-bit at position 8 on $driver$id_stage_i.register_file_i.mem[0] ($adff) from module cv32e40p_core.
Setting constant 0-bit at position 9 on $driver$id_stage_i.register_file_i.mem[0] ($adff) from module cv32e40p_core.
Setting constant 0-bit at position 10 on $driver$id_stage_i.register_file_i.mem[0] ($adff) from module cv32e40p_core.
Setting constant 0-bit at position 11 on $driver$id_stage_i.register_file_i.mem[0] ($adff) from module cv32e40p_core.
Setting constant 0-bit at position 12 on $driver$id_stage_i.register_file_i.mem[0] ($adff) from module cv32e40p_core.
Setting constant 0-bit at position 13 on $driver$id_stage_i.register_file_i.mem[0] ($adff) from module cv32e40p_core.
Setting constant 0-bit at position 14 on $driver$id_stage_i.register_file_i.mem[0] ($adff) from module cv32e40p_core.
Setting constant 0-bit at position 15 on $driver$id_stage_i.register_file_i.mem[0] ($adff) from module cv32e40p_core.
Setting constant 0-bit at position 16 on $driver$id_stage_i.register_file_i.mem[0] ($adff) from module cv32e40p_core.
Setting constant 0-bit at position 17 on $driver$id_stage_i.register_file_i.mem[0] ($adff) from module cv32e40p_core.
Setting constant 0-bit at position 18 on $driver$id_stage_i.register_file_i.mem[0] ($adff) from module cv32e40p_core.
Setting constant 0-bit at position 19 on $driver$id_stage_i.register_file_i.mem[0] ($adff) from module cv32e40p_core.
Setting constant 0-bit at position 20 on $driver$id_stage_i.register_file_i.mem[0] ($adff) from module cv32e40p_core.
Setting constant 0-bit at position 21 on $driver$id_stage_i.register_file_i.mem[0] ($adff) from module cv32e40p_core.
Setting constant 0-bit at position 22 on $driver$id_stage_i.register_file_i.mem[0] ($adff) from module cv32e40p_core.
Setting constant 0-bit at position 23 on $driver$id_stage_i.register_file_i.mem[0] ($adff) from module cv32e40p_core.
Setting constant 0-bit at position 24 on $driver$id_stage_i.register_file_i.mem[0] ($adff) from module cv32e40p_core.
Setting constant 0-bit at position 25 on $driver$id_stage_i.register_file_i.mem[0] ($adff) from module cv32e40p_core.
Setting constant 0-bit at position 26 on $driver$id_stage_i.register_file_i.mem[0] ($adff) from module cv32e40p_core.
Setting constant 0-bit at position 27 on $driver$id_stage_i.register_file_i.mem[0] ($adff) from module cv32e40p_core.
Setting constant 0-bit at position 28 on $driver$id_stage_i.register_file_i.mem[0] ($adff) from module cv32e40p_core.
Setting constant 0-bit at position 29 on $driver$id_stage_i.register_file_i.mem[0] ($adff) from module cv32e40p_core.
Setting constant 0-bit at position 30 on $driver$id_stage_i.register_file_i.mem[0] ($adff) from module cv32e40p_core.
Setting constant 0-bit at position 31 on $driver$id_stage_i.register_file_i.mem[0] ($adff) from module cv32e40p_core.

4.7.7. Executing OPT_CLEAN pass (remove unused cells and wires).
Finding unused cells or wires in module \cv32e40p_core..
Removed 78 unused cells and 3686 unused wires.
<suppressed ~112 debug messages>

4.7.8. Executing OPT_EXPR pass (perform const folding).
Optimizing module cv32e40p_core.
<suppressed ~16 debug messages>

4.7.9. Rerunning OPT passes. (Maybe there is more to do..)

4.7.10. Executing OPT_MUXTREE pass (detect dead branches in mux trees).
Running muxtree optimizer on module \cv32e40p_core..
  Creating internal representation of mux trees.
  Evaluating internal representation of mux trees.
  Analyzing evaluation results.
    dead port 1/2 on $mux $1365.
    dead port 2/2 on $mux $1365.
    dead port 1/5 on $pmux $procmux$17589.
    dead port 2/5 on $pmux $procmux$17589.
    dead port 3/5 on $pmux $procmux$17589.
    dead port 5/5 on $pmux $procmux$17589.
    dead port 1/3 on $pmux $procmux$76.
Removed 7 multiplexer ports.
<suppressed ~10055 debug messages>

4.7.11. Executing OPT_REDUCE pass (consolidate $*mux and $reduce_* inputs).
  Optimizing cells in module \cv32e40p_core.
    New ctrl vector for $pmux cell $procmux$12680: { $auto$opt_reduce.cc:137:opt_pmux$18709 $procmux$12535_CTRL $auto$opt_reduce.cc:137:opt_pmux$18613 }
    New ctrl vector for $pmux cell $procmux$18298: { $procmux$18198_CMP $auto$opt_reduce.cc:137:opt_pmux$18711 $procmux$18148_CMP }
    New ctrl vector for $pmux cell $procmux$5360: { $auto$opt_reduce.cc:137:opt_pmux$18713 $auto$opt_reduce.cc:137:opt_pmux$18657 \id_stage_i.controller_i.wfi_i }
    New ctrl vector for $pmux cell $procmux$7780: { \id_stage_i.controller_i.ebrk_insn_i $auto$opt_reduce.cc:137:opt_pmux$18715 }
    New input vector for $reduce_or cell $auto$opt_reduce.cc:131:opt_pmux$18708: { $procmux$12648_CMP $procmux$12605_CMP }
  Optimizing cells in module \cv32e40p_core.
Performed a total of 6 changes.

4.7.12. Executing OPT_MERGE pass (detect identical cells).
Finding identical cells in module `\cv32e40p_core'.
<suppressed ~3 debug messages>
Removed a total of 1 cells.

4.7.13. Executing OPT_DFF pass (perform DFF optimizations).
Handling D = Q on $driver$if_stage_i.aligner_i.hwlp_addr_q ($adff) from module cv32e40p_core (removing D path).
Handling D = Q on $driver$id_stage_i.mult_is_clpx_ex_o ($adff) from module cv32e40p_core (removing D path).
Handling D = Q on $driver$id_stage_i.mult_dot_signed_ex_o ($adff) from module cv32e40p_core (removing D path).
Handling D = Q on $driver$id_stage_i.mult_dot_op_c_ex_o ($adff) from module cv32e40p_core (removing D path).
Handling D = Q on $driver$id_stage_i.mult_dot_op_b_ex_o ($adff) from module cv32e40p_core (removing D path).
Handling D = Q on $driver$id_stage_i.mult_dot_op_a_ex_o ($adff) from module cv32e40p_core (removing D path).
Handling D = Q on $driver$id_stage_i.mult_clpx_shift_ex_o ($adff) from module cv32e40p_core (removing D path).
Handling D = Q on $driver$id_stage_i.mult_clpx_img_ex_o ($adff) from module cv32e40p_core (removing D path).
Handling D = Q on $driver$id_stage_i.apu_lat_ex_o ($adff) from module cv32e40p_core (removing D path).
Handling D = Q on $driver$id_stage_i.apu_flags_ex_o ($adff) from module cv32e40p_core (removing D path).
Setting constant 0-bit at position 0 on $driver$id_stage_i.apu_flags_ex_o ($dlatch) from module cv32e40p_core.
Setting constant 0-bit at position 1 on $driver$id_stage_i.apu_flags_ex_o ($dlatch) from module cv32e40p_core.
Setting constant 0-bit at position 2 on $driver$id_stage_i.apu_flags_ex_o ($dlatch) from module cv32e40p_core.
Setting constant 0-bit at position 3 on $driver$id_stage_i.apu_flags_ex_o ($dlatch) from module cv32e40p_core.
Setting constant 0-bit at position 4 on $driver$id_stage_i.apu_flags_ex_o ($dlatch) from module cv32e40p_core.
Setting constant 0-bit at position 5 on $driver$id_stage_i.apu_flags_ex_o ($dlatch) from module cv32e40p_core.
Setting constant 0-bit at position 6 on $driver$id_stage_i.apu_flags_ex_o ($dlatch) from module cv32e40p_core.
Setting constant 0-bit at position 7 on $driver$id_stage_i.apu_flags_ex_o ($dlatch) from module cv32e40p_core.
Setting constant 0-bit at position 8 on $driver$id_stage_i.apu_flags_ex_o ($dlatch) from module cv32e40p_core.
Setting constant 0-bit at position 9 on $driver$id_stage_i.apu_flags_ex_o ($dlatch) from module cv32e40p_core.
Setting constant 0-bit at position 10 on $driver$id_stage_i.apu_flags_ex_o ($dlatch) from module cv32e40p_core.
Setting constant 0-bit at position 11 on $driver$id_stage_i.apu_flags_ex_o ($dlatch) from module cv32e40p_core.
Setting constant 0-bit at position 12 on $driver$id_stage_i.apu_flags_ex_o ($dlatch) from module cv32e40p_core.
Setting constant 0-bit at position 13 on $driver$id_stage_i.apu_flags_ex_o ($dlatch) from module cv32e40p_core.
Setting constant 0-bit at position 14 on $driver$id_stage_i.apu_flags_ex_o ($dlatch) from module cv32e40p_core.
Setting constant 0-bit at position 0 on $driver$id_stage_i.apu_lat_ex_o ($dlatch) from module cv32e40p_core.
Setting constant 0-bit at position 1 on $driver$id_stage_i.apu_lat_ex_o ($dlatch) from module cv32e40p_core.
Setting constant 0-bit at position 0 on $driver$id_stage_i.mult_clpx_img_ex_o ($dlatch) from module cv32e40p_core.
Setting constant 0-bit at position 0 on $driver$id_stage_i.mult_clpx_shift_ex_o ($dlatch) from module cv32e40p_core.
Setting constant 0-bit at position 1 on $driver$id_stage_i.mult_clpx_shift_ex_o ($dlatch) from module cv32e40p_core.
Setting constant 0-bit at position 0 on $driver$id_stage_i.mult_dot_op_a_ex_o ($dlatch) from module cv32e40p_core.
Setting constant 0-bit at position 1 on $driver$id_stage_i.mult_dot_op_a_ex_o ($dlatch) from module cv32e40p_core.
Setting constant 0-bit at position 2 on $driver$id_stage_i.mult_dot_op_a_ex_o ($dlatch) from module cv32e40p_core.
Setting constant 0-bit at position 3 on $driver$id_stage_i.mult_dot_op_a_ex_o ($dlatch) from module cv32e40p_core.
Setting constant 0-bit at position 4 on $driver$id_stage_i.mult_dot_op_a_ex_o ($dlatch) from module cv32e40p_core.
Setting constant 0-bit at position 5 on $driver$id_stage_i.mult_dot_op_a_ex_o ($dlatch) from module cv32e40p_core.
Setting constant 0-bit at position 6 on $driver$id_stage_i.mult_dot_op_a_ex_o ($dlatch) from module cv32e40p_core.
Setting constant 0-bit at position 7 on $driver$id_stage_i.mult_dot_op_a_ex_o ($dlatch) from module cv32e40p_core.
Setting constant 0-bit at position 8 on $driver$id_stage_i.mult_dot_op_a_ex_o ($dlatch) from module cv32e40p_core.
Setting constant 0-bit at position 9 on $driver$id_stage_i.mult_dot_op_a_ex_o ($dlatch) from module cv32e40p_core.
Setting constant 0-bit at position 10 on $driver$id_stage_i.mult_dot_op_a_ex_o ($dlatch) from module cv32e40p_core.
Setting constant 0-bit at position 11 on $driver$id_stage_i.mult_dot_op_a_ex_o ($dlatch) from module cv32e40p_core.
Setting constant 0-bit at position 12 on $driver$id_stage_i.mult_dot_op_a_ex_o ($dlatch) from module cv32e40p_core.
Setting constant 0-bit at position 13 on $driver$id_stage_i.mult_dot_op_a_ex_o ($dlatch) from module cv32e40p_core.
Setting constant 0-bit at position 14 on $driver$id_stage_i.mult_dot_op_a_ex_o ($dlatch) from module cv32e40p_core.
Setting constant 0-bit at position 15 on $driver$id_stage_i.mult_dot_op_a_ex_o ($dlatch) from module cv32e40p_core.
Setting constant 0-bit at position 16 on $driver$id_stage_i.mult_dot_op_a_ex_o ($dlatch) from module cv32e40p_core.
Setting constant 0-bit at position 17 on $driver$id_stage_i.mult_dot_op_a_ex_o ($dlatch) from module cv32e40p_core.
Setting constant 0-bit at position 18 on $driver$id_stage_i.mult_dot_op_a_ex_o ($dlatch) from module cv32e40p_core.
Setting constant 0-bit at position 19 on $driver$id_stage_i.mult_dot_op_a_ex_o ($dlatch) from module cv32e40p_core.
Setting constant 0-bit at position 20 on $driver$id_stage_i.mult_dot_op_a_ex_o ($dlatch) from module cv32e40p_core.
Setting constant 0-bit at position 21 on $driver$id_stage_i.mult_dot_op_a_ex_o ($dlatch) from module cv32e40p_core.
Setting constant 0-bit at position 22 on $driver$id_stage_i.mult_dot_op_a_ex_o ($dlatch) from module cv32e40p_core.
Setting constant 0-bit at position 23 on $driver$id_stage_i.mult_dot_op_a_ex_o ($dlatch) from module cv32e40p_core.
Setting constant 0-bit at position 24 on $driver$id_stage_i.mult_dot_op_a_ex_o ($dlatch) from module cv32e40p_core.
Setting constant 0-bit at position 25 on $driver$id_stage_i.mult_dot_op_a_ex_o ($dlatch) from module cv32e40p_core.
Setting constant 0-bit at position 26 on $driver$id_stage_i.mult_dot_op_a_ex_o ($dlatch) from module cv32e40p_core.
Setting constant 0-bit at position 27 on $driver$id_stage_i.mult_dot_op_a_ex_o ($dlatch) from module cv32e40p_core.
Setting constant 0-bit at position 28 on $driver$id_stage_i.mult_dot_op_a_ex_o ($dlatch) from module cv32e40p_core.
Setting constant 0-bit at position 29 on $driver$id_stage_i.mult_dot_op_a_ex_o ($dlatch) from module cv32e40p_core.
Setting constant 0-bit at position 30 on $driver$id_stage_i.mult_dot_op_a_ex_o ($dlatch) from module cv32e40p_core.
Setting constant 0-bit at position 31 on $driver$id_stage_i.mult_dot_op_a_ex_o ($dlatch) from module cv32e40p_core.
Setting constant 0-bit at position 0 on $driver$id_stage_i.mult_dot_op_b_ex_o ($dlatch) from module cv32e40p_core.
Setting constant 0-bit at position 1 on $driver$id_stage_i.mult_dot_op_b_ex_o ($dlatch) from module cv32e40p_core.
Setting constant 0-bit at position 2 on $driver$id_stage_i.mult_dot_op_b_ex_o ($dlatch) from module cv32e40p_core.
Setting constant 0-bit at position 3 on $driver$id_stage_i.mult_dot_op_b_ex_o ($dlatch) from module cv32e40p_core.
Setting constant 0-bit at position 4 on $driver$id_stage_i.mult_dot_op_b_ex_o ($dlatch) from module cv32e40p_core.
Setting constant 0-bit at position 5 on $driver$id_stage_i.mult_dot_op_b_ex_o ($dlatch) from module cv32e40p_core.
Setting constant 0-bit at position 6 on $driver$id_stage_i.mult_dot_op_b_ex_o ($dlatch) from module cv32e40p_core.
Setting constant 0-bit at position 7 on $driver$id_stage_i.mult_dot_op_b_ex_o ($dlatch) from module cv32e40p_core.
Setting constant 0-bit at position 8 on $driver$id_stage_i.mult_dot_op_b_ex_o ($dlatch) from module cv32e40p_core.
Setting constant 0-bit at position 9 on $driver$id_stage_i.mult_dot_op_b_ex_o ($dlatch) from module cv32e40p_core.
Setting constant 0-bit at position 10 on $driver$id_stage_i.mult_dot_op_b_ex_o ($dlatch) from module cv32e40p_core.
Setting constant 0-bit at position 11 on $driver$id_stage_i.mult_dot_op_b_ex_o ($dlatch) from module cv32e40p_core.
Setting constant 0-bit at position 12 on $driver$id_stage_i.mult_dot_op_b_ex_o ($dlatch) from module cv32e40p_core.
Setting constant 0-bit at position 13 on $driver$id_stage_i.mult_dot_op_b_ex_o ($dlatch) from module cv32e40p_core.
Setting constant 0-bit at position 14 on $driver$id_stage_i.mult_dot_op_b_ex_o ($dlatch) from module cv32e40p_core.
Setting constant 0-bit at position 15 on $driver$id_stage_i.mult_dot_op_b_ex_o ($dlatch) from module cv32e40p_core.
Setting constant 0-bit at position 16 on $driver$id_stage_i.mult_dot_op_b_ex_o ($dlatch) from module cv32e40p_core.
Setting constant 0-bit at position 17 on $driver$id_stage_i.mult_dot_op_b_ex_o ($dlatch) from module cv32e40p_core.
Setting constant 0-bit at position 18 on $driver$id_stage_i.mult_dot_op_b_ex_o ($dlatch) from module cv32e40p_core.
Setting constant 0-bit at position 19 on $driver$id_stage_i.mult_dot_op_b_ex_o ($dlatch) from module cv32e40p_core.
Setting constant 0-bit at position 20 on $driver$id_stage_i.mult_dot_op_b_ex_o ($dlatch) from module cv32e40p_core.
Setting constant 0-bit at position 21 on $driver$id_stage_i.mult_dot_op_b_ex_o ($dlatch) from module cv32e40p_core.
Setting constant 0-bit at position 22 on $driver$id_stage_i.mult_dot_op_b_ex_o ($dlatch) from module cv32e40p_core.
Setting constant 0-bit at position 23 on $driver$id_stage_i.mult_dot_op_b_ex_o ($dlatch) from module cv32e40p_core.
Setting constant 0-bit at position 24 on $driver$id_stage_i.mult_dot_op_b_ex_o ($dlatch) from module cv32e40p_core.
Setting constant 0-bit at position 25 on $driver$id_stage_i.mult_dot_op_b_ex_o ($dlatch) from module cv32e40p_core.
Setting constant 0-bit at position 26 on $driver$id_stage_i.mult_dot_op_b_ex_o ($dlatch) from module cv32e40p_core.
Setting constant 0-bit at position 27 on $driver$id_stage_i.mult_dot_op_b_ex_o ($dlatch) from module cv32e40p_core.
Setting constant 0-bit at position 28 on $driver$id_stage_i.mult_dot_op_b_ex_o ($dlatch) from module cv32e40p_core.
Setting constant 0-bit at position 29 on $driver$id_stage_i.mult_dot_op_b_ex_o ($dlatch) from module cv32e40p_core.
Setting constant 0-bit at position 30 on $driver$id_stage_i.mult_dot_op_b_ex_o ($dlatch) from module cv32e40p_core.
Setting constant 0-bit at position 31 on $driver$id_stage_i.mult_dot_op_b_ex_o ($dlatch) from module cv32e40p_core.
Setting constant 0-bit at position 0 on $driver$id_stage_i.mult_dot_op_c_ex_o ($dlatch) from module cv32e40p_core.
Setting constant 0-bit at position 1 on $driver$id_stage_i.mult_dot_op_c_ex_o ($dlatch) from module cv32e40p_core.
Setting constant 0-bit at position 2 on $driver$id_stage_i.mult_dot_op_c_ex_o ($dlatch) from module cv32e40p_core.
Setting constant 0-bit at position 3 on $driver$id_stage_i.mult_dot_op_c_ex_o ($dlatch) from module cv32e40p_core.
Setting constant 0-bit at position 4 on $driver$id_stage_i.mult_dot_op_c_ex_o ($dlatch) from module cv32e40p_core.
Setting constant 0-bit at position 5 on $driver$id_stage_i.mult_dot_op_c_ex_o ($dlatch) from module cv32e40p_core.
Setting constant 0-bit at position 6 on $driver$id_stage_i.mult_dot_op_c_ex_o ($dlatch) from module cv32e40p_core.
Setting constant 0-bit at position 7 on $driver$id_stage_i.mult_dot_op_c_ex_o ($dlatch) from module cv32e40p_core.
Setting constant 0-bit at position 8 on $driver$id_stage_i.mult_dot_op_c_ex_o ($dlatch) from module cv32e40p_core.
Setting constant 0-bit at position 9 on $driver$id_stage_i.mult_dot_op_c_ex_o ($dlatch) from module cv32e40p_core.
Setting constant 0-bit at position 10 on $driver$id_stage_i.mult_dot_op_c_ex_o ($dlatch) from module cv32e40p_core.
Setting constant 0-bit at position 11 on $driver$id_stage_i.mult_dot_op_c_ex_o ($dlatch) from module cv32e40p_core.
Setting constant 0-bit at position 12 on $driver$id_stage_i.mult_dot_op_c_ex_o ($dlatch) from module cv32e40p_core.
Setting constant 0-bit at position 13 on $driver$id_stage_i.mult_dot_op_c_ex_o ($dlatch) from module cv32e40p_core.
Setting constant 0-bit at position 14 on $driver$id_stage_i.mult_dot_op_c_ex_o ($dlatch) from module cv32e40p_core.
Setting constant 0-bit at position 15 on $driver$id_stage_i.mult_dot_op_c_ex_o ($dlatch) from module cv32e40p_core.
Setting constant 0-bit at position 16 on $driver$id_stage_i.mult_dot_op_c_ex_o ($dlatch) from module cv32e40p_core.
Setting constant 0-bit at position 17 on $driver$id_stage_i.mult_dot_op_c_ex_o ($dlatch) from module cv32e40p_core.
Setting constant 0-bit at position 18 on $driver$id_stage_i.mult_dot_op_c_ex_o ($dlatch) from module cv32e40p_core.
Setting constant 0-bit at position 19 on $driver$id_stage_i.mult_dot_op_c_ex_o ($dlatch) from module cv32e40p_core.
Setting constant 0-bit at position 20 on $driver$id_stage_i.mult_dot_op_c_ex_o ($dlatch) from module cv32e40p_core.
Setting constant 0-bit at position 21 on $driver$id_stage_i.mult_dot_op_c_ex_o ($dlatch) from module cv32e40p_core.
Setting constant 0-bit at position 22 on $driver$id_stage_i.mult_dot_op_c_ex_o ($dlatch) from module cv32e40p_core.
Setting constant 0-bit at position 23 on $driver$id_stage_i.mult_dot_op_c_ex_o ($dlatch) from module cv32e40p_core.
Setting constant 0-bit at position 24 on $driver$id_stage_i.mult_dot_op_c_ex_o ($dlatch) from module cv32e40p_core.
Setting constant 0-bit at position 25 on $driver$id_stage_i.mult_dot_op_c_ex_o ($dlatch) from module cv32e40p_core.
Setting constant 0-bit at position 26 on $driver$id_stage_i.mult_dot_op_c_ex_o ($dlatch) from module cv32e40p_core.
Setting constant 0-bit at position 27 on $driver$id_stage_i.mult_dot_op_c_ex_o ($dlatch) from module cv32e40p_core.
Setting constant 0-bit at position 28 on $driver$id_stage_i.mult_dot_op_c_ex_o ($dlatch) from module cv32e40p_core.
Setting constant 0-bit at position 29 on $driver$id_stage_i.mult_dot_op_c_ex_o ($dlatch) from module cv32e40p_core.
Setting constant 0-bit at position 30 on $driver$id_stage_i.mult_dot_op_c_ex_o ($dlatch) from module cv32e40p_core.
Setting constant 0-bit at position 31 on $driver$id_stage_i.mult_dot_op_c_ex_o ($dlatch) from module cv32e40p_core.
Setting constant 0-bit at position 0 on $driver$id_stage_i.mult_dot_signed_ex_o ($dlatch) from module cv32e40p_core.
Setting constant 0-bit at position 1 on $driver$id_stage_i.mult_dot_signed_ex_o ($dlatch) from module cv32e40p_core.
Setting constant 0-bit at position 0 on $driver$id_stage_i.mult_is_clpx_ex_o ($dlatch) from module cv32e40p_core.
Setting constant 0-bit at position 0 on $driver$if_stage_i.aligner_i.hwlp_addr_q ($dlatch) from module cv32e40p_core.
Setting constant 0-bit at position 1 on $driver$if_stage_i.aligner_i.hwlp_addr_q ($dlatch) from module cv32e40p_core.
Setting constant 0-bit at position 2 on $driver$if_stage_i.aligner_i.hwlp_addr_q ($dlatch) from module cv32e40p_core.
Setting constant 0-bit at position 3 on $driver$if_stage_i.aligner_i.hwlp_addr_q ($dlatch) from module cv32e40p_core.
Setting constant 0-bit at position 4 on $driver$if_stage_i.aligner_i.hwlp_addr_q ($dlatch) from module cv32e40p_core.
Setting constant 0-bit at position 5 on $driver$if_stage_i.aligner_i.hwlp_addr_q ($dlatch) from module cv32e40p_core.
Setting constant 0-bit at position 6 on $driver$if_stage_i.aligner_i.hwlp_addr_q ($dlatch) from module cv32e40p_core.
Setting constant 0-bit at position 7 on $driver$if_stage_i.aligner_i.hwlp_addr_q ($dlatch) from module cv32e40p_core.
Setting constant 0-bit at position 8 on $driver$if_stage_i.aligner_i.hwlp_addr_q ($dlatch) from module cv32e40p_core.
Setting constant 0-bit at position 9 on $driver$if_stage_i.aligner_i.hwlp_addr_q ($dlatch) from module cv32e40p_core.
Setting constant 0-bit at position 10 on $driver$if_stage_i.aligner_i.hwlp_addr_q ($dlatch) from module cv32e40p_core.
Setting constant 0-bit at position 11 on $driver$if_stage_i.aligner_i.hwlp_addr_q ($dlatch) from module cv32e40p_core.
Setting constant 0-bit at position 12 on $driver$if_stage_i.aligner_i.hwlp_addr_q ($dlatch) from module cv32e40p_core.
Setting constant 0-bit at position 13 on $driver$if_stage_i.aligner_i.hwlp_addr_q ($dlatch) from module cv32e40p_core.
Setting constant 0-bit at position 14 on $driver$if_stage_i.aligner_i.hwlp_addr_q ($dlatch) from module cv32e40p_core.
Setting constant 0-bit at position 15 on $driver$if_stage_i.aligner_i.hwlp_addr_q ($dlatch) from module cv32e40p_core.
Setting constant 0-bit at position 16 on $driver$if_stage_i.aligner_i.hwlp_addr_q ($dlatch) from module cv32e40p_core.
Setting constant 0-bit at position 17 on $driver$if_stage_i.aligner_i.hwlp_addr_q ($dlatch) from module cv32e40p_core.
Setting constant 0-bit at position 18 on $driver$if_stage_i.aligner_i.hwlp_addr_q ($dlatch) from module cv32e40p_core.
Setting constant 0-bit at position 19 on $driver$if_stage_i.aligner_i.hwlp_addr_q ($dlatch) from module cv32e40p_core.
Setting constant 0-bit at position 20 on $driver$if_stage_i.aligner_i.hwlp_addr_q ($dlatch) from module cv32e40p_core.
Setting constant 0-bit at position 21 on $driver$if_stage_i.aligner_i.hwlp_addr_q ($dlatch) from module cv32e40p_core.
Setting constant 0-bit at position 22 on $driver$if_stage_i.aligner_i.hwlp_addr_q ($dlatch) from module cv32e40p_core.
Setting constant 0-bit at position 23 on $driver$if_stage_i.aligner_i.hwlp_addr_q ($dlatch) from module cv32e40p_core.
Setting constant 0-bit at position 24 on $driver$if_stage_i.aligner_i.hwlp_addr_q ($dlatch) from module cv32e40p_core.
Setting constant 0-bit at position 25 on $driver$if_stage_i.aligner_i.hwlp_addr_q ($dlatch) from module cv32e40p_core.
Setting constant 0-bit at position 26 on $driver$if_stage_i.aligner_i.hwlp_addr_q ($dlatch) from module cv32e40p_core.
Setting constant 0-bit at position 27 on $driver$if_stage_i.aligner_i.hwlp_addr_q ($dlatch) from module cv32e40p_core.
Setting constant 0-bit at position 28 on $driver$if_stage_i.aligner_i.hwlp_addr_q ($dlatch) from module cv32e40p_core.
Setting constant 0-bit at position 29 on $driver$if_stage_i.aligner_i.hwlp_addr_q ($dlatch) from module cv32e40p_core.
Setting constant 0-bit at position 30 on $driver$if_stage_i.aligner_i.hwlp_addr_q ($dlatch) from module cv32e40p_core.
Setting constant 0-bit at position 31 on $driver$if_stage_i.aligner_i.hwlp_addr_q ($dlatch) from module cv32e40p_core.

4.7.14. Executing OPT_CLEAN pass (remove unused cells and wires).
Finding unused cells or wires in module \cv32e40p_core..
Removed 7 unused cells and 26 unused wires.
<suppressed ~11 debug messages>

4.7.15. Executing OPT_EXPR pass (perform const folding).
Optimizing module cv32e40p_core.
<suppressed ~49 debug messages>

4.7.16. Rerunning OPT passes. (Maybe there is more to do..)

4.7.17. Executing OPT_MUXTREE pass (detect dead branches in mux trees).
Running muxtree optimizer on module \cv32e40p_core..
  Creating internal representation of mux trees.
  Evaluating internal representation of mux trees.
  Analyzing evaluation results.
Removed 0 multiplexer ports.
<suppressed ~9863 debug messages>

4.7.18. Executing OPT_REDUCE pass (consolidate $*mux and $reduce_* inputs).
  Optimizing cells in module \cv32e40p_core.
    New ctrl vector for $pmux cell $procmux$838: { $procmux$842_CTRL $procmux$841_CTRL }
  Optimizing cells in module \cv32e40p_core.
Performed a total of 1 changes.

4.7.19. Executing OPT_MERGE pass (detect identical cells).
Finding identical cells in module `\cv32e40p_core'.
Removed a total of 0 cells.

4.7.20. Executing OPT_DFF pass (perform DFF optimizations).

4.7.21. Executing OPT_CLEAN pass (remove unused cells and wires).
Finding unused cells or wires in module \cv32e40p_core..
Removed 12 unused cells and 34 unused wires.
<suppressed ~15 debug messages>

4.7.22. Executing OPT_EXPR pass (perform const folding).
Optimizing module cv32e40p_core.

4.7.23. Rerunning OPT passes. (Maybe there is more to do..)

4.7.24. Executing OPT_MUXTREE pass (detect dead branches in mux trees).
Running muxtree optimizer on module \cv32e40p_core..
  Creating internal representation of mux trees.
  Evaluating internal representation of mux trees.
  Analyzing evaluation results.
Removed 0 multiplexer ports.
<suppressed ~9858 debug messages>

4.7.25. Executing OPT_REDUCE pass (consolidate $*mux and $reduce_* inputs).
  Optimizing cells in module \cv32e40p_core.
Performed a total of 0 changes.

4.7.26. Executing OPT_MERGE pass (detect identical cells).
Finding identical cells in module `\cv32e40p_core'.
Removed a total of 0 cells.

4.7.27. Executing OPT_DFF pass (perform DFF optimizations).

4.7.28. Executing OPT_CLEAN pass (remove unused cells and wires).
Finding unused cells or wires in module \cv32e40p_core..

4.7.29. Executing OPT_EXPR pass (perform const folding).
Optimizing module cv32e40p_core.

4.7.30. Finished fast OPT passes. (There is nothing left to do.)

4.8. Executing FSM pass (extract and optimize FSM).

4.8.1. Executing FSM_DETECT pass (finding FSMs in design).
Found FSM state register cv32e40p_core.ex_stage_i.mult_i.mulh_CS.
Not marking cv32e40p_core.id_stage_i.alu_operator_ex_o as FSM state register:
    Users of register don't seem to benefit from recoding.
Found FSM state register cv32e40p_core.id_stage_i.alu_vec_mode_ex_o.
Not marking cv32e40p_core.id_stage_i.bmask_a_ex_o as FSM state register:
    Users of register don't seem to benefit from recoding.
Not marking cv32e40p_core.id_stage_i.bmask_b_ex_o as FSM state register:
    Users of register don't seem to benefit from recoding.
Found FSM state register cv32e40p_core.id_stage_i.controller_i.ctrl_fsm_cs.
Not marking cv32e40p_core.id_stage_i.controller_i.debug_fsm_cs as FSM state register:
    Register is connected to module port.
    Users of register don't seem to benefit from recoding.
Found FSM state register cv32e40p_core.id_stage_i.csr_op_ex_o.
Not marking cv32e40p_core.id_stage_i.data_reg_offset_ex_o as FSM state register:
    Users of register don't seem to benefit from recoding.
Not marking cv32e40p_core.id_stage_i.data_type_ex_o as FSM state register:
    Users of register don't seem to benefit from recoding.
Not marking cv32e40p_core.id_stage_i.mult_imm_ex_o as FSM state register:
    Users of register don't seem to benefit from recoding.
Found FSM state register cv32e40p_core.id_stage_i.mult_operator_ex_o.
Not marking cv32e40p_core.id_stage_i.mult_signed_mode_ex_o as FSM state register:
    Users of register don't seem to benefit from recoding.
Found FSM state register cv32e40p_core.if_stage_i.aligner_i.state.

4.8.2. Executing FSM_EXTRACT pass (extracting FSM from design).
Extracting FSM `\ex_stage_i.mult_i.mulh_CS' from module `\cv32e40p_core'.
  found $adff cell for state register: $driver$ex_stage_i.mult_i.mulh_CS
  root of input selection tree: \ex_stage_i.mult_i.mulh_NS
  found reset state: 3'000 (from async reset)
  found ctrl input: $procmux$855_CMP
  found ctrl input: $procmux$875_CMP
  found ctrl input: $procmux$876_CMP
  found ctrl input: $procmux$877_CMP
  found ctrl input: $procmux$863_CMP
  found ctrl input: \id_stage_i.ex_ready_i
  found state code: 3'100
  found state code: 3'011
  found state code: 3'010
  found ctrl input: $2385y
  found state code: 3'001
  found ctrl output: $procmux$855_CMP
  found ctrl output: $procmux$863_CMP
  found ctrl output: $procmux$875_CMP
  found ctrl output: $procmux$876_CMP
  found ctrl output: $procmux$877_CMP
  ctrl inputs: { $2385y \id_stage_i.ex_ready_i }
  ctrl outputs: { $procmux$877_CMP $procmux$876_CMP $procmux$875_CMP $procmux$863_CMP $procmux$855_CMP \ex_stage_i.mult_i.mulh_NS }
  transition:      3'000 2'0- ->      3'000 8'00010000
  transition:      3'000 2'1- ->      3'001 8'00010001
  transition:      3'100 2'-0 ->      3'100 8'00001100
  transition:      3'100 2'-1 ->      3'000 8'00001000
  transition:      3'010 2'-- ->      3'011 8'01000011
  transition:      3'001 2'-- ->      3'010 8'10000010
  transition:      3'011 2'-- ->      3'100 8'00100100
Extracting FSM `\id_stage_i.alu_vec_mode_ex_o' from module `\cv32e40p_core'.
  found $adff cell for state register: $driver$id_stage_i.alu_vec_mode_ex_o
  root of input selection tree: $id_stage_i.alu_vec_mode_ex_o$1820
  found reset state: 2'00 (from async reset)
  found ctrl input: \id_stage_i.controller_i.data_misaligned_i
  found ctrl input: \ex_stage_i.mult_i.multicycle_o
  found ctrl input: \id_stage_i.id_valid_o
  found ctrl input: \id_stage_i.alu_en
  fsm extraction failed: at least two states are required.
Extracting FSM `\id_stage_i.controller_i.ctrl_fsm_cs' from module `\cv32e40p_core'.
  found $adff cell for state register: $driver$id_stage_i.controller_i.ctrl_fsm_cs
  root of input selection tree: \id_stage_i.controller_i.ctrl_fsm_ns
  found reset state: 5'00000 (from async reset)
  found ctrl input: $procmux$12064_CMP
  found ctrl input: $auto$opt_reduce.cc:137:opt_pmux$18699
  found ctrl input: $procmux$12070_CMP
  found ctrl input: $procmux$12046_CMP
  found ctrl input: $procmux$11998_CMP
  found ctrl input: $auto$opt_reduce.cc:137:opt_pmux$18701
  found ctrl input: $procmux$12021_CMP
  found ctrl input: $procmux$10039_CMP
  found ctrl input: $procmux$11854_CMP
  found ctrl input: $procmux$12086_CMP
  found ctrl input: $procmux$11951_CMP
  found ctrl input: $procmux$11991_CMP
  found ctrl input: $1462y
  found state code: 5'01100
  found state code: 5'01011
  found state code: 5'00101
  found state code: 5'01101
  found ctrl input: $1369y
  found ctrl input: \if_stage_i.is_fetch_failed_o
  found ctrl input: \id_stage_i.controller_i.illegal_insn_q
  found ctrl input: \id_stage_i.controller_i.wfi_i
  found ctrl input: $auto$opt_reduce.cc:137:opt_pmux$18657
  found ctrl input: $auto$opt_reduce.cc:137:opt_pmux$18659
  found ctrl input: \id_stage_i.controller_i.debug_req_pending
  found state code: 5'00011
  found state code: 5'01010
  found ctrl input: \ex_stage_i.ex_valid_o
  found state code: 5'01001
  found ctrl input: \id_stage_i.branch_taken_ex
  found ctrl input: \if_stage_i.instr_valid_id_o
  found ctrl input: $1125y
  found ctrl input: $1127y
  found ctrl input: $1198y
  found ctrl input: \id_stage_i.controller_i.illegal_insn_i
  found ctrl input: $auto$opt_reduce.cc:137:opt_pmux$18715
  found ctrl input: \id_stage_i.controller_i.ebrk_insn_i
  found ctrl input: \id_stage_i.controller_i.id_ready_i
  found state code: 5'01000
  found ctrl input: \id_stage_i.controller_i.debug_mode_q
  found ctrl input: \cs_registers_i.dcsr_q [15]
  found ctrl input: \id_stage_i.controller_i.branch_in_id
  found ctrl input: $auto$opt_reduce.cc:137:opt_pmux$18667
  found state code: 5'01110
  found ctrl input: \sleep_unit_i.wake_from_sleep_i
  found state code: 5'00100
  found state code: 5'00010
  found ctrl input: \sleep_unit_i.fetch_enable_q
  found state code: 5'00001
  found ctrl output: $procmux$10039_CMP
  found ctrl output: $procmux$11613_CMP
  found ctrl output: $procmux$11854_CMP
  found ctrl output: $procmux$11951_CMP
  found ctrl output: $procmux$11991_CMP
  found ctrl output: $procmux$11996_CMP
  found ctrl output: $procmux$11998_CMP
  found ctrl output: $procmux$12008_CMP
  found ctrl output: $procmux$12021_CMP
  found ctrl output: $procmux$12046_CMP
  found ctrl output: $procmux$12064_CMP
  found ctrl output: $procmux$12070_CMP
  found ctrl output: $procmux$12075_CMP
  found ctrl output: $procmux$12076_CMP
  found ctrl output: $procmux$12079_CMP
  found ctrl output: $procmux$12086_CMP
  ctrl inputs: { $1462y $1369y $1198y $1127y $1125y \cs_registers_i.dcsr_q [15] \ex_stage_i.ex_valid_o \id_stage_i.controller_i.debug_req_pending \id_stage_i.controller_i.illegal_insn_q \id_stage_i.controller_i.debug_mode_q \id_stage_i.controller_i.branch_in_id \id_stage_i.controller_i.id_ready_i \id_stage_i.controller_i.ebrk_insn_i \id_stage_i.controller_i.wfi_i \id_stage_i.controller_i.illegal_insn_i \id_stage_i.branch_taken_ex \if_stage_i.is_fetch_failed_o \if_stage_i.instr_valid_id_o \sleep_unit_i.fetch_enable_q \sleep_unit_i.wake_from_sleep_i $auto$opt_reduce.cc:137:opt_pmux$18657 $auto$opt_reduce.cc:137:opt_pmux$18659 $auto$opt_reduce.cc:137:opt_pmux$18667 $auto$opt_reduce.cc:137:opt_pmux$18699 $auto$opt_reduce.cc:137:opt_pmux$18701 $auto$opt_reduce.cc:137:opt_pmux$18715 }
  ctrl outputs: { $procmux$12086_CMP $procmux$12079_CMP $procmux$12076_CMP $procmux$12075_CMP $procmux$12070_CMP $procmux$12064_CMP $procmux$12046_CMP $procmux$12021_CMP $procmux$12008_CMP $procmux$11998_CMP $procmux$11996_CMP $procmux$11991_CMP $procmux$11951_CMP $procmux$11854_CMP $procmux$11613_CMP $procmux$10039_CMP \id_stage_i.controller_i.ctrl_fsm_ns }
  transition:    5'00000 26'------------------0------- ->    5'00000 21'000000000001000000000
  transition:    5'00000 26'------------------1------- ->    5'00001 21'000000000001000000001
  transition:    5'01000 26'------0------------------- ->    5'01000 21'000000010000000001000
  transition:    5'01000 26'------1------------------- ->    5'01001 21'000000010000000001001
  transition:    5'00100 26'------------------------0- ->    5'00101 21'000000000000001000101
  transition:    5'01100 26'------------------------0- ->    5'00101 21'000000000010000000101
  transition:    5'00010 26'-------------------0------ ->    5'00010 21'000000000000010000010
  transition:    5'00010 26'-------0-----------1------ ->    5'00100 21'000000000000010000100
  transition:    5'00010 26'-------1-----------1------ ->    5'01100 21'000000000000010001100
  transition:    5'01010 26'-0------------------------ ->    5'00101 21'000000100000000000101
  transition:    5'01010 26'-1------------------------ ->    5'01100 21'000000100000000001100
  transition:    5'01110 26'-------------------------- ->    5'01101 21'000010000000000001101
  transition:    5'00001 26'-------0------------------ ->    5'00100 21'000000000000100000100
  transition:    5'00001 26'-------1------------------ ->    5'01100 21'000000000000100001100
  transition:    5'01001 26'--------0----0--0---00---- ->    5'00101 21'000000000100000000101
  transition:    5'01001 26'-0------0-------0----1---- ->    5'00101 21'000000000100000000101
  transition:    5'01001 26'-1------0-------0----1---- ->    5'01100 21'000000000100000001100
  transition:    5'01001 26'--------0-------0---1----- ->    5'01010 21'000000000100000001010
  transition:    5'01001 26'-------00----1--0--------- ->    5'00011 21'000000000100000000011
  transition:    5'01001 26'-------10----1--0--------- ->    5'01100 21'000000000100000001100
  transition:    5'01001 26'-0------1-------0--------- ->    5'00101 21'000000000100000000101
  transition:    5'01001 26'-1------1-------0--------- ->    5'01100 21'000000000100000001100
  transition:    5'01001 26'----------------1--------- ->    5'00101 21'000000000100000000101
  transition:    5'00101 26'---------------000-------- ->    5'00101 21'000000000000000100101
  transition:    5'00101 26'--000-------0-0001-------0 ->    5'00101 21'000000000000000100101
  transition:    5'00101 26'--0000---0-01-0001-------- ->    5'00101 21'000000000000000100101
  transition:    5'00101 26'--0000---0-11-0001-------- ->    5'01000 21'000000000000000101000
  transition:    5'00101 26'--0001---0--1-0001-------- ->    5'01101 21'000000000000000101101
  transition:    5'00101 26'--000----1--1-0001-------- ->    5'01101 21'000000000000000101101
  transition:    5'00101 26'--000------0--0001-------1 ->    5'00101 21'000000000000000100101
  transition:    5'00101 26'--000------1--0001-------1 ->    5'01000 21'000000000000000101000
  transition:    5'00101 26'--000------0--1001-------- ->    5'00101 21'000000000000000100101
  transition:    5'00101 26'--000------1--1001-------- ->    5'01000 21'000000000000000101000
  transition:    5'00101 26'--100------00-0001-------0 ->    5'00101 21'000000000000000100101
  transition:    5'00101 26'--1000---0-01-0001-------- ->    5'00101 21'000000000000000100101
  transition:    5'00101 26'--1001---0-01-0001-------- ->    5'01101 21'000000000000000101101
  transition:    5'00101 26'--100----1-01-0001-------- ->    5'01101 21'000000000000000101101
  transition:    5'00101 26'--100------0--0001-------1 ->    5'00101 21'000000000000000100101
  transition:    5'00101 26'--100------0--1001-------- ->    5'00101 21'000000000000000100101
  transition:    5'00101 26'--100-----01---001----0--- ->    5'01101 21'000000000000000101101
  transition:    5'00101 26'--100------1---001----1--- ->    5'01000 21'000000000000000101000
  transition:    5'00101 26'--100-----11---001-------- ->    5'01110 21'000000000000000101110
  transition:    5'00101 26'---10----------001-------- ->    5'00101 21'000000000000000100101
  transition:    5'00101 26'----1----------001-------- ->    5'01101 21'000000000000000101101
  transition:    5'00101 26'---------------01--------- ->    5'01001 21'000000000000000101001
  transition:    5'00101 26'---------------1---------- ->    5'00101 21'000000000000000100101
  transition:    5'01101 26'0------------------------- ->    5'01100 21'000001000000000001100
  transition:    5'01101 26'1------------------------- ->    5'01011 21'000001000000000001011
  transition:    5'00011 26'-------------------------- ->    5'00010 21'100000000000000000010
  transition:    5'01011 26'------------------------0- ->    5'00101 21'000000001000000000101
Extracting FSM `\id_stage_i.csr_op_ex_o' from module `\cv32e40p_core'.
  found $adff cell for state register: $driver$id_stage_i.csr_op_ex_o
  root of input selection tree: $id_stage_i.csr_op_ex_o$1852
  found reset state: 2'00 (from async reset)
  found ctrl input: \id_stage_i.controller_i.data_misaligned_i
  found ctrl input: \ex_stage_i.mult_i.multicycle_o
  found ctrl input: \id_stage_i.id_valid_o
  found ctrl input: \id_stage_i.ex_ready_i
  found ctrl input: \id_stage_i.decoder_i.deassert_we_i
  found ctrl input: $procmux$12464_CMP
  found ctrl input: $942y
  found ctrl input: $procmux$12736_CMP
  found ctrl input: $procmux$12737_CMP
  found ctrl input: $procmux$12738_CMP
  found ctrl input: $977y
  found state code: 2'11
  found state code: 2'10
  found state code: 2'01
  found ctrl output: $procmux$18586_CMP
  found ctrl output: $procmux$18587_CMP
  found ctrl output: $procmux$18588_CMP
  found ctrl output: $procmux$18589_CMP
  ctrl inputs: { $procmux$12738_CMP $procmux$12737_CMP $procmux$12736_CMP $procmux$12464_CMP $977y $942y \ex_stage_i.mult_i.multicycle_o \id_stage_i.controller_i.data_misaligned_i \id_stage_i.decoder_i.deassert_we_i \id_stage_i.id_valid_o \id_stage_i.ex_ready_i }
  ctrl outputs: { $procmux$18589_CMP $procmux$18588_CMP $procmux$18587_CMP $procmux$18586_CMP $id_stage_i.csr_op_ex_o$1852 }
  transition:       2'00 11'------00-00 ->       2'00 6'000100
  transition:       2'00 11'------00-01 ->       2'00 6'000100
  transition:       2'00 11'---0--0001- ->       2'00 6'000100
  transition:       2'00 11'0001-00001- ->       2'00 6'000100
  transition:       2'00 11'1--1-00001- ->       2'01 6'000101
  transition:       2'00 11'-1-1000001- ->       2'10 6'000110
  transition:       2'00 11'-1-1100001- ->       2'00 6'000100
  transition:       2'00 11'--11000001- ->       2'11 6'000111
  transition:       2'00 11'--11100001- ->       2'00 6'000100
  transition:       2'00 11'---1-10001- ->       2'00 6'000100
  transition:       2'00 11'------0011- ->       2'00 6'000100
  transition:       2'00 11'------10--- ->       2'00 6'000100
  transition:       2'00 11'-------1--- ->       2'00 6'000100
  transition:       2'10 11'------00-00 ->       2'10 6'010010
  transition:       2'10 11'------00-01 ->       2'00 6'010000
  transition:       2'10 11'---0--0001- ->       2'00 6'010000
  transition:       2'10 11'0001-00001- ->       2'00 6'010000
  transition:       2'10 11'1--1-00001- ->       2'01 6'010001
  transition:       2'10 11'-1-1000001- ->       2'10 6'010010
  transition:       2'10 11'-1-1100001- ->       2'00 6'010000
  transition:       2'10 11'--11000001- ->       2'11 6'010011
  transition:       2'10 11'--11100001- ->       2'00 6'010000
  transition:       2'10 11'---1-10001- ->       2'00 6'010000
  transition:       2'10 11'------0011- ->       2'00 6'010000
  transition:       2'10 11'------10--- ->       2'10 6'010010
  transition:       2'10 11'-------1--- ->       2'10 6'010010
  transition:       2'01 11'------00-00 ->       2'01 6'100001
  transition:       2'01 11'------00-01 ->       2'00 6'100000
  transition:       2'01 11'---0--0001- ->       2'00 6'100000
  transition:       2'01 11'0001-00001- ->       2'00 6'100000
  transition:       2'01 11'1--1-00001- ->       2'01 6'100001
  transition:       2'01 11'-1-1000001- ->       2'10 6'100010
  transition:       2'01 11'-1-1100001- ->       2'00 6'100000
  transition:       2'01 11'--11000001- ->       2'11 6'100011
  transition:       2'01 11'--11100001- ->       2'00 6'100000
  transition:       2'01 11'---1-10001- ->       2'00 6'100000
  transition:       2'01 11'------0011- ->       2'00 6'100000
  transition:       2'01 11'------10--- ->       2'01 6'100001
  transition:       2'01 11'-------1--- ->       2'01 6'100001
  transition:       2'11 11'------00-00 ->       2'11 6'001011
  transition:       2'11 11'------00-01 ->       2'00 6'001000
  transition:       2'11 11'---0--0001- ->       2'00 6'001000
  transition:       2'11 11'0001-00001- ->       2'00 6'001000
  transition:       2'11 11'1--1-00001- ->       2'01 6'001001
  transition:       2'11 11'-1-1000001- ->       2'10 6'001010
  transition:       2'11 11'-1-1100001- ->       2'00 6'001000
  transition:       2'11 11'--11000001- ->       2'11 6'001011
  transition:       2'11 11'--11100001- ->       2'00 6'001000
  transition:       2'11 11'---1-10001- ->       2'00 6'001000
  transition:       2'11 11'------0011- ->       2'00 6'001000
  transition:       2'11 11'------10--- ->       2'11 6'001011
  transition:       2'11 11'-------1--- ->       2'11 6'001011
Extracting FSM `\id_stage_i.mult_operator_ex_o' from module `\cv32e40p_core'.
  found $adff cell for state register: $driver$id_stage_i.mult_operator_ex_o
  root of input selection tree: $id_stage_i.mult_operator_ex_o$1830
  found reset state: 3'000 (from async reset)
  found ctrl input: \id_stage_i.controller_i.data_misaligned_i
  found ctrl input: \ex_stage_i.mult_i.multicycle_o
  found ctrl input: \id_stage_i.id_valid_o
  found ctrl input: \id_stage_i.decoder_i.mult_int_en_o
  found ctrl input: $procmux$13424_CMP
  found state code: 3'010
  found ctrl input: $862y
  found ctrl input: $864y
  found ctrl input: $auto$opt_reduce.cc:137:opt_pmux$18619
  found ctrl input: $procmux$14317_CMP
  found state code: 3'110
  found ctrl output: $2364y
  found ctrl output: $2384y
  found ctrl output: \ex_stage_i.mult_i.int_is_msu
  found ctrl output: $procmux$841_CMP [0]
  found ctrl output: $procmux$842_CMP [0]
  ctrl inputs: { $procmux$14317_CMP $procmux$13424_CMP $864y $862y \ex_stage_i.mult_i.multicycle_o \id_stage_i.controller_i.data_misaligned_i \id_stage_i.decoder_i.mult_int_en_o \id_stage_i.id_valid_o $auto$opt_reduce.cc:137:opt_pmux$18619 }
  ctrl outputs: { $procmux$842_CMP [0] $procmux$841_CMP [0] $2384y $2364y $id_stage_i.mult_operator_ex_o$1830 \ex_stage_i.mult_i.int_is_msu }
  transition:      3'000 9'----00-0- ->      3'000 8'10000000
  transition:      3'000 9'----0001- ->      3'000 8'10000000
  transition:      3'000 9'-0--0011- ->      3'010 8'10000100
  transition:      3'000 9'010000110 ->      3'010 8'10000100
  transition:      3'000 9'11000011- ->      3'000 8'10000000
  transition:      3'000 9'-10000111 ->      3'110 8'10001100
  transition:      3'000 9'-1100011- ->      3'010 8'10000100
  transition:      3'000 9'-1-10011- ->      3'010 8'10000100
  transition:      3'000 9'----10--- ->      3'000 8'10000000
  transition:      3'000 9'-----1--- ->      3'000 8'10000000
  transition:      3'010 9'----00-0- ->      3'010 8'01000100
  transition:      3'010 9'----0001- ->      3'010 8'01000100
  transition:      3'010 9'-0--0011- ->      3'010 8'01000100
  transition:      3'010 9'010000110 ->      3'010 8'01000100
  transition:      3'010 9'11000011- ->      3'000 8'01000000
  transition:      3'010 9'-10000111 ->      3'110 8'01001100
  transition:      3'010 9'-1100011- ->      3'010 8'01000100
  transition:      3'010 9'-1-10011- ->      3'010 8'01000100
  transition:      3'010 9'----10--- ->      3'010 8'01000100
  transition:      3'010 9'-----1--- ->      3'010 8'01000100
  transition:      3'110 9'----00-0- ->      3'110 8'00101100
  transition:      3'110 9'----0001- ->      3'110 8'00101100
  transition:      3'110 9'-0--0011- ->      3'010 8'00100100
  transition:      3'110 9'010000110 ->      3'010 8'00100100
  transition:      3'110 9'11000011- ->      3'000 8'00100000
  transition:      3'110 9'-10000111 ->      3'110 8'00101100
  transition:      3'110 9'-1100011- ->      3'010 8'00100100
  transition:      3'110 9'-1-10011- ->      3'010 8'00100100
  transition:      3'110 9'----10--- ->      3'110 8'00101100
  transition:      3'110 9'-----1--- ->      3'110 8'00101100
Extracting FSM `\if_stage_i.aligner_i.state' from module `\cv32e40p_core'.
  found $adff cell for state register: $driver$if_stage_i.aligner_i.state
  root of input selection tree: $if_stage_i.aligner_i.state$200
  found reset state: 3'000 (from async reset)
  found ctrl input: \if_stage_i.aligner_i.update_state
  found ctrl input: \if_stage_i.branch_req
  found ctrl input: $procmux$18148_CMP
  found ctrl input: $auto$opt_reduce.cc:137:opt_pmux$18711
  found ctrl input: $procmux$18198_CMP
  found ctrl input: $239y
  found state code: 3'001
  found ctrl input: $207y
  found ctrl input: $217y
  found state code: 3'010
  found ctrl input: \if_stage_i.branch_addr_n [1]
  found state code: 3'011
  found ctrl output: $procmux$18148_CMP
  found ctrl output: $procmux$18174_CMP
  found ctrl output: $procmux$18198_CMP
  found ctrl output: $procmux$18242_CMP
  ctrl inputs: { $239y $217y $207y \if_stage_i.aligner_i.update_state \if_stage_i.branch_addr_n [1] \if_stage_i.branch_req $auto$opt_reduce.cc:137:opt_pmux$18711 }
  ctrl outputs: { $procmux$18242_CMP $procmux$18198_CMP $procmux$18174_CMP $procmux$18148_CMP $if_stage_i.aligner_i.state$200 }
  transition:      3'000 7'---0--- ->      3'000 7'1000000
  transition:      3'000 7'--01-0- ->      3'001 7'1000001
  transition:      3'000 7'--11-0- ->      3'000 7'1000000
  transition:      3'000 7'---101- ->      3'000 7'1000000
  transition:      3'000 7'---111- ->      3'011 7'1000011
  transition:      3'010 7'---0--- ->      3'010 7'0010010
  transition:      3'010 7'--01-0- ->      3'001 7'0010001
  transition:      3'010 7'--11-0- ->      3'000 7'0010000
  transition:      3'010 7'---101- ->      3'000 7'0010000
  transition:      3'010 7'---111- ->      3'011 7'0010011
  transition:      3'001 7'---0--- ->      3'001 7'0100001
  transition:      3'001 7'-0-1-0- ->      3'010 7'0100010
  transition:      3'001 7'-1-1-0- ->      3'001 7'0100001
  transition:      3'001 7'---101- ->      3'000 7'0100000
  transition:      3'001 7'---111- ->      3'011 7'0100011
  transition:      3'011 7'---0--- ->      3'011 7'0001011
  transition:      3'011 7'0--1-0- ->      3'000 7'0001000
  transition:      3'011 7'1--1-0- ->      3'001 7'0001001
  transition:      3'011 7'---101- ->      3'000 7'0001000
  transition:      3'011 7'---111- ->      3'011 7'0001011

4.8.3. Executing FSM_OPT pass (simple optimizations of FSMs).
Optimizing FSM `$fsm$\if_stage_i.aligner_i.state$18754' from module `\cv32e40p_core'.
  Removing unused input signal $auto$opt_reduce.cc:137:opt_pmux$18711.
Optimizing FSM `$fsm$\id_stage_i.mult_operator_ex_o$18747' from module `\cv32e40p_core'.
Optimizing FSM `$fsm$\id_stage_i.csr_op_ex_o$18741' from module `\cv32e40p_core'.
  Merging pattern 11'------00-00 and 11'------00-01 from group (0 0 6'000100).
  Merging pattern 11'------00-01 and 11'------00-00 from group (0 0 6'000100).
Optimizing FSM `$fsm$\id_stage_i.controller_i.ctrl_fsm_cs$18723' from module `\cv32e40p_core'.
  Merging pattern 26'--000------0--0001-------1 and 26'--100------0--0001-------1 from group (9 9 21'000000000000000100101).
  Merging pattern 26'--100------0--0001-------1 and 26'--000------0--0001-------1 from group (9 9 21'000000000000000100101).
  Merging pattern 26'--0000---0-01-0001-------- and 26'--1000---0-01-0001-------- from group (9 9 21'000000000000000100101).
  Merging pattern 26'--1000---0-01-0001-------- and 26'--0000---0-01-0001-------- from group (9 9 21'000000000000000100101).
  Merging pattern 26'--000------0--1001-------- and 26'--100------0--1001-------- from group (9 9 21'000000000000000100101).
  Merging pattern 26'--100------0--1001-------- and 26'--000------0--1001-------- from group (9 9 21'000000000000000100101).
  Removing unused input signal $auto$opt_reduce.cc:137:opt_pmux$18699.
Optimizing FSM `$fsm$\ex_stage_i.mult_i.mulh_CS$18716' from module `\cv32e40p_core'.

4.8.4. Executing OPT_CLEAN pass (remove unused cells and wires).
Finding unused cells or wires in module \cv32e40p_core..
Removed 90 unused cells and 98 unused wires.
<suppressed ~103 debug messages>

4.8.5. Executing FSM_OPT pass (simple optimizations of FSMs).
Optimizing FSM `$fsm$\ex_stage_i.mult_i.mulh_CS$18716' from module `\cv32e40p_core'.
  Removing unused output signal \ex_stage_i.mult_i.mulh_NS [0].
  Removing unused output signal \ex_stage_i.mult_i.mulh_NS [1].
  Removing unused output signal \ex_stage_i.mult_i.mulh_NS [2].
Optimizing FSM `$fsm$\id_stage_i.controller_i.ctrl_fsm_cs$18723' from module `\cv32e40p_core'.
  Removing unused output signal $procmux$11991_CMP.
Optimizing FSM `$fsm$\id_stage_i.csr_op_ex_o$18741' from module `\cv32e40p_core'.
  Removing unused output signal $id_stage_i.csr_op_ex_o$1852 [0].
  Removing unused output signal $id_stage_i.csr_op_ex_o$1852 [1].
Optimizing FSM `$fsm$\id_stage_i.mult_operator_ex_o$18747' from module `\cv32e40p_core'.
  Removing unused output signal $id_stage_i.mult_operator_ex_o$1830 [0].
  Removing unused output signal $id_stage_i.mult_operator_ex_o$1830 [1].
  Removing unused output signal $id_stage_i.mult_operator_ex_o$1830 [2].
Optimizing FSM `$fsm$\if_stage_i.aligner_i.state$18754' from module `\cv32e40p_core'.
  Removing unused output signal $if_stage_i.aligner_i.state$200 [0].
  Removing unused output signal $if_stage_i.aligner_i.state$200 [1].
  Removing unused output signal $if_stage_i.aligner_i.state$200 [2].

4.8.6. Executing FSM_RECODE pass (re-assigning FSM state encoding).
Recoding FSM `$fsm$\ex_stage_i.mult_i.mulh_CS$18716' from module `\cv32e40p_core' using `auto' encoding:
  mapping auto encoding to `one-hot` for this FSM.
  000 -> ----1
  100 -> ---1-
  010 -> --1--
  001 -> -1---
  011 -> 1----
Recoding FSM `$fsm$\id_stage_i.controller_i.ctrl_fsm_cs$18723' from module `\cv32e40p_core' using `auto' encoding:
  mapping auto encoding to `one-hot` for this FSM.
  00000 -> ------------1
  01000 -> -----------1-
  00100 -> ----------1--
  01100 -> ---------1---
  00010 -> --------1----
  01010 -> -------1-----
  01110 -> ------1------
  00001 -> -----1-------
  01001 -> ----1--------
  00101 -> ---1---------
  01101 -> --1----------
  00011 -> -1-----------
  01011 -> 1------------
Recoding FSM `$fsm$\id_stage_i.csr_op_ex_o$18741' from module `\cv32e40p_core' using `auto' encoding:
  mapping auto encoding to `one-hot` for this FSM.
  00 -> ---1
  10 -> --1-
  01 -> -1--
  11 -> 1---
Recoding FSM `$fsm$\id_stage_i.mult_operator_ex_o$18747' from module `\cv32e40p_core' using `auto' encoding:
  mapping auto encoding to `one-hot` for this FSM.
  000 -> --1
  010 -> -1-
  110 -> 1--
Recoding FSM `$fsm$\if_stage_i.aligner_i.state$18754' from module `\cv32e40p_core' using `auto' encoding:
  mapping auto encoding to `one-hot` for this FSM.
  000 -> ---1
  010 -> --1-
  001 -> -1--
  011 -> 1---

4.8.7. Executing FSM_INFO pass (dumping all available information on FSM cells).

FSM `$fsm$\ex_stage_i.mult_i.mulh_CS$18716' from module `cv32e40p_core':
-------------------------------------

  Information on FSM $fsm$\ex_stage_i.mult_i.mulh_CS$18716 (\ex_stage_i.mult_i.mulh_CS):

  Number of input signals:    2
  Number of output signals:   5
  Number of state bits:       5

  Input signals:
    0: \id_stage_i.ex_ready_i
    1: $2385y

  Output signals:
    0: $procmux$855_CMP
    1: $procmux$863_CMP
    2: $procmux$875_CMP
    3: $procmux$876_CMP
    4: $procmux$877_CMP

  State encoding:
    0:    5'----1  <RESET STATE>
    1:    5'---1-
    2:    5'--1--
    3:    5'-1---
    4:    5'1----

  Transition Table (state_in, ctrl_in, state_out, ctrl_out):
      0:     0 2'0-   ->     0 5'00010
      1:     0 2'1-   ->     3 5'00010
      2:     1 2'-1   ->     0 5'00001
      3:     1 2'-0   ->     1 5'00001
      4:     2 2'--   ->     4 5'01000
      5:     3 2'--   ->     2 5'10000
      6:     4 2'--   ->     1 5'00100

-------------------------------------

FSM `$fsm$\id_stage_i.controller_i.ctrl_fsm_cs$18723' from module `cv32e40p_core':
-------------------------------------

  Information on FSM $fsm$\id_stage_i.controller_i.ctrl_fsm_cs$18723 (\id_stage_i.controller_i.ctrl_fsm_cs):

  Number of input signals:   25
  Number of output signals:  20
  Number of state bits:      13

  Input signals:
    0: $auto$opt_reduce.cc:137:opt_pmux$18715
    1: $auto$opt_reduce.cc:137:opt_pmux$18701
    2: $auto$opt_reduce.cc:137:opt_pmux$18667
    3: $auto$opt_reduce.cc:137:opt_pmux$18659
    4: $auto$opt_reduce.cc:137:opt_pmux$18657
    5: \sleep_unit_i.wake_from_sleep_i
    6: \sleep_unit_i.fetch_enable_q
    7: \if_stage_i.instr_valid_id_o
    8: \if_stage_i.is_fetch_failed_o
    9: \id_stage_i.branch_taken_ex
   10: \id_stage_i.controller_i.illegal_insn_i
   11: \id_stage_i.controller_i.wfi_i
   12: \id_stage_i.controller_i.ebrk_insn_i
   13: \id_stage_i.controller_i.id_ready_i
   14: \id_stage_i.controller_i.branch_in_id
   15: \id_stage_i.controller_i.debug_mode_q
   16: \id_stage_i.controller_i.illegal_insn_q
   17: \id_stage_i.controller_i.debug_req_pending
   18: \ex_stage_i.ex_valid_o
   19: \cs_registers_i.dcsr_q [15]
   20: $1125y
   21: $1127y
   22: $1198y
   23: $1369y
   24: $1462y

  Output signals:
    0: \id_stage_i.controller_i.ctrl_fsm_ns [0]
    1: \id_stage_i.controller_i.ctrl_fsm_ns [1]
    2: \id_stage_i.controller_i.ctrl_fsm_ns [2]
    3: \id_stage_i.controller_i.ctrl_fsm_ns [3]
    4: \id_stage_i.controller_i.ctrl_fsm_ns [4]
    5: $procmux$10039_CMP
    6: $procmux$11613_CMP
    7: $procmux$11854_CMP
    8: $procmux$11951_CMP
    9: $procmux$11996_CMP
   10: $procmux$11998_CMP
   11: $procmux$12008_CMP
   12: $procmux$12021_CMP
   13: $procmux$12046_CMP
   14: $procmux$12064_CMP
   15: $procmux$12070_CMP
   16: $procmux$12075_CMP
   17: $procmux$12076_CMP
   18: $procmux$12079_CMP
   19: $procmux$12086_CMP

  State encoding:
    0: 13'------------1  <RESET STATE>
    1: 13'-----------1-
    2: 13'----------1--
    3: 13'---------1---
    4: 13'--------1----
    5: 13'-------1-----
    6: 13'------1------
    7: 13'-----1-------
    8: 13'----1--------
    9: 13'---1---------
   10: 13'--1----------
   11: 13'-1-----------
   12: 13'1------------

  Transition Table (state_in, ctrl_in, state_out, ctrl_out):
      0:     0 25'------------------0------   ->     0 20'00000000000000000000
      1:     0 25'------------------1------   ->     7 20'00000000000000000001
      2:     1 25'------0------------------   ->     1 20'00000001000000001000
      3:     1 25'------1------------------   ->     8 20'00000001000000001001
      4:     2 25'-----------------------0-   ->     9 20'00000000000001000101
      5:     3 25'-----------------------0-   ->     9 20'00000000001000000101
      6:     4 25'-------0-----------1-----   ->     2 20'00000000000010000100
      7:     4 25'-------1-----------1-----   ->     3 20'00000000000010001100
      8:     4 25'-------------------0-----   ->     4 20'00000000000010000010
      9:     5 25'-1-----------------------   ->     3 20'00000010000000001100
     10:     5 25'-0-----------------------   ->     9 20'00000010000000000101
     11:     6 25'-------------------------   ->    10 20'00001000000000001101
     12:     7 25'-------0-----------------   ->     2 20'00000000000100000100
     13:     7 25'-------1-----------------   ->     3 20'00000000000100001100
     14:     8 25'-1------0-------0----1---   ->     3 20'00000000010000001100
     15:     8 25'-------10----1--0--------   ->     3 20'00000000010000001100
     16:     8 25'-1------1-------0--------   ->     3 20'00000000010000001100
     17:     8 25'--------0-------0---1----   ->     5 20'00000000010000001010
     18:     8 25'--------0----0--0---00---   ->     9 20'00000000010000000101
     19:     8 25'-0------0-------0----1---   ->     9 20'00000000010000000101
     20:     8 25'-0------1-------0--------   ->     9 20'00000000010000000101
     21:     8 25'----------------1--------   ->     9 20'00000000010000000101
     22:     8 25'-------00----1--0--------   ->    11 20'00000000010000000011
     23:     9 25'--000------1--0001------1   ->     1 20'00000000000000101000
     24:     9 25'--100------1---001----1--   ->     1 20'00000000000000101000
     25:     9 25'--0000---0-11-0001-------   ->     1 20'00000000000000101000
     26:     9 25'--000------1--1001-------   ->     1 20'00000000000000101000
     27:     9 25'--100-----11---001-------   ->     6 20'00000000000000101110
     28:     9 25'---------------01--------   ->     8 20'00000000000000101001
     29:     9 25'--100------00-0001------0   ->     9 20'00000000000000100101
     30:     9 25'--000-------0-0001------0   ->     9 20'00000000000000100101
     31:     9 25'---00------0--0001------1   ->     9 20'00000000000000100101
     32:     9 25'---------------000-------   ->     9 20'00000000000000100101
     33:     9 25'---000---0-01-0001-------   ->     9 20'00000000000000100101
     34:     9 25'---00------0--1001-------   ->     9 20'00000000000000100101
     35:     9 25'---10----------001-------   ->     9 20'00000000000000100101
     36:     9 25'---------------1---------   ->     9 20'00000000000000100101
     37:     9 25'--100-----01---001----0--   ->    10 20'00000000000000101101
     38:     9 25'--1001---0-01-0001-------   ->    10 20'00000000000000101101
     39:     9 25'--100----1-01-0001-------   ->    10 20'00000000000000101101
     40:     9 25'--0001---0--1-0001-------   ->    10 20'00000000000000101101
     41:     9 25'--000----1--1-0001-------   ->    10 20'00000000000000101101
     42:     9 25'----1----------001-------   ->    10 20'00000000000000101101
     43:    10 25'0------------------------   ->     3 20'00000100000000001100
     44:    10 25'1------------------------   ->    12 20'00000100000000001011
     45:    11 25'-------------------------   ->     4 20'10000000000000000010
     46:    12 25'-----------------------0-   ->     9 20'00000000100000000101

-------------------------------------

FSM `$fsm$\id_stage_i.csr_op_ex_o$18741' from module `cv32e40p_core':
-------------------------------------

  Information on FSM $fsm$\id_stage_i.csr_op_ex_o$18741 (\id_stage_i.csr_op_ex_o):

  Number of input signals:   11
  Number of output signals:   4
  Number of state bits:       4

  Input signals:
    0: \id_stage_i.ex_ready_i
    1: \id_stage_i.id_valid_o
    2: \id_stage_i.decoder_i.deassert_we_i
    3: \id_stage_i.controller_i.data_misaligned_i
    4: \ex_stage_i.mult_i.multicycle_o
    5: $942y
    6: $977y
    7: $procmux$12464_CMP
    8: $procmux$12736_CMP
    9: $procmux$12737_CMP
   10: $procmux$12738_CMP

  Output signals:
    0: $procmux$18586_CMP
    1: $procmux$18587_CMP
    2: $procmux$18588_CMP
    3: $procmux$18589_CMP

  State encoding:
    0:     4'---1  <RESET STATE>
    1:     4'--1-
    2:     4'-1--
    3:     4'1---

  Transition Table (state_in, ctrl_in, state_out, ctrl_out):
      0:     0 11'------00-0-   ->     0 4'0001
      1:     0 11'--11100001-   ->     0 4'0001
      2:     0 11'-1-1100001-   ->     0 4'0001
      3:     0 11'0001-00001-   ->     0 4'0001
      4:     0 11'---1-10001-   ->     0 4'0001
      5:     0 11'---0--0001-   ->     0 4'0001
      6:     0 11'------0011-   ->     0 4'0001
      7:     0 11'------10---   ->     0 4'0001
      8:     0 11'-------1---   ->     0 4'0001
      9:     0 11'-1-1000001-   ->     1 4'0001
     10:     0 11'1--1-00001-   ->     2 4'0001
     11:     0 11'--11000001-   ->     3 4'0001
     12:     1 11'------00-01   ->     0 4'0100
     13:     1 11'--11100001-   ->     0 4'0100
     14:     1 11'-1-1100001-   ->     0 4'0100
     15:     1 11'0001-00001-   ->     0 4'0100
     16:     1 11'---1-10001-   ->     0 4'0100
     17:     1 11'---0--0001-   ->     0 4'0100
     18:     1 11'------0011-   ->     0 4'0100
     19:     1 11'------00-00   ->     1 4'0100
     20:     1 11'-1-1000001-   ->     1 4'0100
     21:     1 11'------10---   ->     1 4'0100
     22:     1 11'-------1---   ->     1 4'0100
     23:     1 11'1--1-00001-   ->     2 4'0100
     24:     1 11'--11000001-   ->     3 4'0100
     25:     2 11'------00-01   ->     0 4'1000
     26:     2 11'--11100001-   ->     0 4'1000
     27:     2 11'-1-1100001-   ->     0 4'1000
     28:     2 11'0001-00001-   ->     0 4'1000
     29:     2 11'---1-10001-   ->     0 4'1000
     30:     2 11'---0--0001-   ->     0 4'1000
     31:     2 11'------0011-   ->     0 4'1000
     32:     2 11'-1-1000001-   ->     1 4'1000
     33:     2 11'------00-00   ->     2 4'1000
     34:     2 11'1--1-00001-   ->     2 4'1000
     35:     2 11'------10---   ->     2 4'1000
     36:     2 11'-------1---   ->     2 4'1000
     37:     2 11'--11000001-   ->     3 4'1000
     38:     3 11'------00-01   ->     0 4'0010
     39:     3 11'--11100001-   ->     0 4'0010
     40:     3 11'-1-1100001-   ->     0 4'0010
     41:     3 11'0001-00001-   ->     0 4'0010
     42:     3 11'---1-10001-   ->     0 4'0010
     43:     3 11'---0--0001-   ->     0 4'0010
     44:     3 11'------0011-   ->     0 4'0010
     45:     3 11'-1-1000001-   ->     1 4'0010
     46:     3 11'1--1-00001-   ->     2 4'0010
     47:     3 11'------00-00   ->     3 4'0010
     48:     3 11'--11000001-   ->     3 4'0010
     49:     3 11'------10---   ->     3 4'0010
     50:     3 11'-------1---   ->     3 4'0010

-------------------------------------

FSM `$fsm$\id_stage_i.mult_operator_ex_o$18747' from module `cv32e40p_core':
-------------------------------------

  Information on FSM $fsm$\id_stage_i.mult_operator_ex_o$18747 (\id_stage_i.mult_operator_ex_o):

  Number of input signals:    9
  Number of output signals:   5
  Number of state bits:       3

  Input signals:
    0: $auto$opt_reduce.cc:137:opt_pmux$18619
    1: \id_stage_i.id_valid_o
    2: \id_stage_i.decoder_i.mult_int_en_o
    3: \id_stage_i.controller_i.data_misaligned_i
    4: \ex_stage_i.mult_i.multicycle_o
    5: $862y
    6: $864y
    7: $procmux$13424_CMP
    8: $procmux$14317_CMP

  Output signals:
    0: \ex_stage_i.mult_i.int_is_msu
    1: $2364y
    2: $2384y
    3: $procmux$841_CMP [0]
    4: $procmux$842_CMP [0]

  State encoding:
    0:      3'--1  <RESET STATE>
    1:      3'-1-
    2:      3'1--

  Transition Table (state_in, ctrl_in, state_out, ctrl_out):
      0:     0 9'----00-0-   ->     0 5'10000
      1:     0 9'----0001-   ->     0 5'10000
      2:     0 9'11000011-   ->     0 5'10000
      3:     0 9'----10---   ->     0 5'10000
      4:     0 9'-----1---   ->     0 5'10000
      5:     0 9'010000110   ->     1 5'10000
      6:     0 9'-1100011-   ->     1 5'10000
      7:     0 9'-1-10011-   ->     1 5'10000
      8:     0 9'-0--0011-   ->     1 5'10000
      9:     0 9'-10000111   ->     2 5'10000
     10:     1 9'11000011-   ->     0 5'01000
     11:     1 9'010000110   ->     1 5'01000
     12:     1 9'----00-0-   ->     1 5'01000
     13:     1 9'----0001-   ->     1 5'01000
     14:     1 9'-1100011-   ->     1 5'01000
     15:     1 9'-1-10011-   ->     1 5'01000
     16:     1 9'-0--0011-   ->     1 5'01000
     17:     1 9'----10---   ->     1 5'01000
     18:     1 9'-----1---   ->     1 5'01000
     19:     1 9'-10000111   ->     2 5'01000
     20:     2 9'11000011-   ->     0 5'00100
     21:     2 9'010000110   ->     1 5'00100
     22:     2 9'-1100011-   ->     1 5'00100
     23:     2 9'-1-10011-   ->     1 5'00100
     24:     2 9'-0--0011-   ->     1 5'00100
     25:     2 9'-10000111   ->     2 5'00100
     26:     2 9'----00-0-   ->     2 5'00100
     27:     2 9'----0001-   ->     2 5'00100
     28:     2 9'----10---   ->     2 5'00100
     29:     2 9'-----1---   ->     2 5'00100

-------------------------------------

FSM `$fsm$\if_stage_i.aligner_i.state$18754' from module `cv32e40p_core':
-------------------------------------

  Information on FSM $fsm$\if_stage_i.aligner_i.state$18754 (\if_stage_i.aligner_i.state):

  Number of input signals:    6
  Number of output signals:   4
  Number of state bits:       4

  Input signals:
    0: \if_stage_i.branch_req
    1: \if_stage_i.branch_addr_n [1]
    2: \if_stage_i.aligner_i.update_state
    3: $207y
    4: $217y
    5: $239y

  Output signals:
    0: $procmux$18148_CMP
    1: $procmux$18174_CMP
    2: $procmux$18198_CMP
    3: $procmux$18242_CMP

  State encoding:
    0:     4'---1  <RESET STATE>
    1:     4'--1-
    2:     4'-1--
    3:     4'1---

  Transition Table (state_in, ctrl_in, state_out, ctrl_out):
      0:     0 6'--11-0   ->     0 4'1000
      1:     0 6'---101   ->     0 4'1000
      2:     0 6'---0--   ->     0 4'1000
      3:     0 6'--01-0   ->     2 4'1000
      4:     0 6'---111   ->     3 4'1000
      5:     1 6'--11-0   ->     0 4'0010
      6:     1 6'---101   ->     0 4'0010
      7:     1 6'---0--   ->     1 4'0010
      8:     1 6'--01-0   ->     2 4'0010
      9:     1 6'---111   ->     3 4'0010
     10:     2 6'---101   ->     0 4'0100
     11:     2 6'-0-1-0   ->     1 4'0100
     12:     2 6'-1-1-0   ->     2 4'0100
     13:     2 6'---0--   ->     2 4'0100
     14:     2 6'---111   ->     3 4'0100
     15:     3 6'0--1-0   ->     0 4'0001
     16:     3 6'---101   ->     0 4'0001
     17:     3 6'1--1-0   ->     2 4'0001
     18:     3 6'---111   ->     3 4'0001
     19:     3 6'---0--   ->     3 4'0001

-------------------------------------

4.8.8. Executing FSM_MAP pass (mapping FSMs to basic logic).
Mapping FSM `$fsm$\ex_stage_i.mult_i.mulh_CS$18716' from module `\cv32e40p_core'.
Mapping FSM `$fsm$\id_stage_i.controller_i.ctrl_fsm_cs$18723' from module `\cv32e40p_core'.
Mapping FSM `$fsm$\id_stage_i.csr_op_ex_o$18741' from module `\cv32e40p_core'.
Mapping FSM `$fsm$\id_stage_i.mult_operator_ex_o$18747' from module `\cv32e40p_core'.
Mapping FSM `$fsm$\if_stage_i.aligner_i.state$18754' from module `\cv32e40p_core'.

4.9. Executing OPT pass (performing simple optimizations).

4.9.1. Executing OPT_EXPR pass (perform const folding).
Optimizing module cv32e40p_core.
<suppressed ~61 debug messages>

4.9.2. Executing OPT_MERGE pass (detect identical cells).
Finding identical cells in module `\cv32e40p_core'.
<suppressed ~459 debug messages>
Removed a total of 153 cells.

4.9.3. Executing OPT_MUXTREE pass (detect dead branches in mux trees).
Running muxtree optimizer on module \cv32e40p_core..
  Creating internal representation of mux trees.
  Evaluating internal representation of mux trees.
  Analyzing evaluation results.
Removed 0 multiplexer ports.
<suppressed ~9776 debug messages>

4.9.4. Executing OPT_REDUCE pass (consolidate $*mux and $reduce_* inputs).
  Optimizing cells in module \cv32e40p_core.
    New input vector for $reduce_or cell $procmux$841_ANY: \id_stage_i.mult_operator_ex_o [2:1]
    New input vector for $reduce_or cell $auto$opt_reduce.cc:131:opt_pmux$18662: { \id_stage_i.controller_i.ctrl_fsm_cs [12] \id_stage_i.controller_i.ctrl_fsm_cs [10:5] \id_stage_i.controller_i.ctrl_fsm_cs [3:1] }
  Optimizing cells in module \cv32e40p_core.
Performed a total of 2 changes.

4.9.5. Executing OPT_MERGE pass (detect identical cells).
Finding identical cells in module `\cv32e40p_core'.
Removed a total of 0 cells.

4.9.6. Executing OPT_DFF pass (perform DFF optimizations).
Adding EN signal on $driver$sleep_unit_i.fetch_enable_q ($adff) from module cv32e40p_core (D = 1'1, Q = \sleep_unit_i.fetch_enable_q).
Adding EN signal on $driver$load_store_unit_i.rdata_q ($adff) from module cv32e40p_core (D = $load_store_unit_i.rdata_q$2553, Q = \load_store_unit_i.rdata_q).
Adding EN signal on $driver$load_store_unit_i.rdata_offset_q ($adff) from module cv32e40p_core (D = \load_store_unit_i.data_addr_int [1:0], Q = \load_store_unit_i.rdata_offset_q).
Adding EN signal on $driver$load_store_unit_i.data_we_q ($adff) from module cv32e40p_core (D = \id_stage_i.data_we_ex_o, Q = \load_store_unit_i.data_we_q).
Adding EN signal on $driver$load_store_unit_i.data_type_q ($adff) from module cv32e40p_core (D = \id_stage_i.data_type_ex_o, Q = \load_store_unit_i.data_type_q).
Adding EN signal on $driver$load_store_unit_i.data_sign_ext_q ($adff) from module cv32e40p_core (D = \id_stage_i.data_sign_ext_ex_o, Q = \load_store_unit_i.data_sign_ext_q).
Adding EN signal on $driver$load_store_unit_i.cnt_q ($adff) from module cv32e40p_core (D = \load_store_unit_i.next_cnt, Q = \load_store_unit_i.cnt_q).
Adding EN signal on $driver$if_stage_i.prefetch_buffer_i.prefetch_controller_i.trans_addr_q ($adff) from module cv32e40p_core (D = \if_stage_i.prefetch_buffer_i.prefetch_controller_i.trans_addr_o [31:2], Q = \if_stage_i.prefetch_buffer_i.prefetch_controller_i.trans_addr_q [31:2]).
Adding EN signal on $driver$if_stage_i.prefetch_buffer_i.prefetch_controller_i.trans_addr_q ($adff) from module cv32e40p_core (D = \if_stage_i.prefetch_buffer_i.prefetch_controller_i.trans_addr_o [1:0], Q = \if_stage_i.prefetch_buffer_i.prefetch_controller_i.trans_addr_q [1:0]).
Adding EN signal on $driver$if_stage_i.prefetch_buffer_i.prefetch_controller_i.flush_cnt_q ($adff) from module cv32e40p_core (D = \if_stage_i.prefetch_buffer_i.prefetch_controller_i.next_flush_cnt, Q = \if_stage_i.prefetch_buffer_i.prefetch_controller_i.flush_cnt_q).
Adding EN signal on $driver$if_stage_i.prefetch_buffer_i.prefetch_controller_i.cnt_q ($adff) from module cv32e40p_core (D = \if_stage_i.prefetch_buffer_i.prefetch_controller_i.next_cnt, Q = \if_stage_i.prefetch_buffer_i.prefetch_controller_i.cnt_q).
Adding EN signal on $driver$if_stage_i.prefetch_buffer_i.instruction_obi_i.gen_no_trans_stable.obi_addr_q ($adff) from module cv32e40p_core (D = \instr_addr_o, Q = \if_stage_i.prefetch_buffer_i.instruction_obi_i.gen_no_trans_stable.obi_addr_q).
Adding EN signal on $driver$if_stage_i.prefetch_buffer_i.fifo_i.write_pointer_q ($adff) from module cv32e40p_core (D = $if_stage_i.prefetch_buffer_i.fifo_i.write_pointer_q$135, Q = \if_stage_i.prefetch_buffer_i.fifo_i.write_pointer_q).
Adding EN signal on $driver$if_stage_i.prefetch_buffer_i.fifo_i.status_cnt_q ($adff) from module cv32e40p_core (D = $if_stage_i.prefetch_buffer_i.fifo_i.status_cnt_q$136, Q = \if_stage_i.prefetch_buffer_i.fifo_i.status_cnt_q).
Adding EN signal on $driver$if_stage_i.prefetch_buffer_i.fifo_i.read_pointer_q ($adff) from module cv32e40p_core (D = $if_stage_i.prefetch_buffer_i.fifo_i.read_pointer_q$134, Q = \if_stage_i.prefetch_buffer_i.fifo_i.read_pointer_q).
Adding EN signal on $driver$if_stage_i.prefetch_buffer_i.fifo_i.mem_q[1] ($adff) from module cv32e40p_core (D = \if_stage_i.prefetch_buffer_i.fifo_i.mem_n [63:32], Q = \if_stage_i.prefetch_buffer_i.fifo_i.mem_q [63:32]).
Adding EN signal on $driver$if_stage_i.prefetch_buffer_i.fifo_i.mem_q[0] ($adff) from module cv32e40p_core (D = \if_stage_i.prefetch_buffer_i.fifo_i.mem_n [31:0], Q = \if_stage_i.prefetch_buffer_i.fifo_i.mem_q [31:0]).
Adding EN signal on $driver$if_stage_i.pc_id_o ($adff) from module cv32e40p_core (D = \if_stage_i.aligner_i.pc_q, Q = \if_stage_i.pc_id_o).
Adding EN signal on $driver$if_stage_i.is_fetch_failed_o ($adff) from module cv32e40p_core (D = $if_stage_i.is_fetch_failed_o$189, Q = \if_stage_i.is_fetch_failed_o).
Adding EN signal on $driver$if_stage_i.is_compressed_id_o ($adff) from module cv32e40p_core (D = \if_stage_i.compressed_decoder_i.is_compressed_o, Q = \if_stage_i.is_compressed_id_o).
Adding EN signal on $driver$if_stage_i.instr_valid_id_o ($adff) from module cv32e40p_core (D = $if_stage_i.instr_valid_id_o$184, Q = \if_stage_i.instr_valid_id_o).
Adding EN signal on $driver$if_stage_i.instr_rdata_id_o ($adff) from module cv32e40p_core (D = \if_stage_i.compressed_decoder_i.instr_o, Q = \if_stage_i.instr_rdata_id_o).
Adding EN signal on $driver$if_stage_i.illegal_c_insn_id_o ($adff) from module cv32e40p_core (D = \if_stage_i.compressed_decoder_i.illegal_instr_o, Q = \if_stage_i.illegal_c_insn_id_o).
Adding EN signal on $driver$if_stage_i.aligner_i.r_instr_h ($adff) from module cv32e40p_core (D = \if_stage_i.aligner_i.fetch_rdata_i [31:16], Q = \if_stage_i.aligner_i.r_instr_h).
Adding EN signal on $driver$if_stage_i.aligner_i.pc_q ($adff) from module cv32e40p_core (D = \if_stage_i.aligner_i.pc_n, Q = \if_stage_i.aligner_i.pc_q).
Adding EN signal on $driver$if_stage_i.aligner_i.hwlp_update_pc_q ($adff) from module cv32e40p_core (D = 1'0, Q = \if_stage_i.aligner_i.hwlp_update_pc_q).
Adding EN signal on $driver$if_stage_i.aligner_i.aligner_ready_q ($adff) from module cv32e40p_core (D = \if_stage_i.aligner_i.aligner_ready_o, Q = \if_stage_i.aligner_i.aligner_ready_q).
Adding EN signal on $driver$id_stage_i.register_file_i.mem[9] ($adff) from module cv32e40p_core (D = $id_stage_i.register_file_i.mem[319:288]$631, Q = \id_stage_i.register_file_i.mem [319:288]).
Adding EN signal on $driver$id_stage_i.register_file_i.mem[8] ($adff) from module cv32e40p_core (D = $id_stage_i.register_file_i.mem[287:256]$624, Q = \id_stage_i.register_file_i.mem [287:256]).
Adding EN signal on $driver$id_stage_i.register_file_i.mem[7] ($adff) from module cv32e40p_core (D = $id_stage_i.register_file_i.mem[255:224]$617, Q = \id_stage_i.register_file_i.mem [255:224]).
Adding EN signal on $driver$id_stage_i.register_file_i.mem[6] ($adff) from module cv32e40p_core (D = $id_stage_i.register_file_i.mem[223:192]$610, Q = \id_stage_i.register_file_i.mem [223:192]).
Adding EN signal on $driver$id_stage_i.register_file_i.mem[5] ($adff) from module cv32e40p_core (D = $id_stage_i.register_file_i.mem[191:160]$603, Q = \id_stage_i.register_file_i.mem [191:160]).
Adding EN signal on $driver$id_stage_i.register_file_i.mem[4] ($adff) from module cv32e40p_core (D = $id_stage_i.register_file_i.mem[159:128]$596, Q = \id_stage_i.register_file_i.mem [159:128]).
Adding EN signal on $driver$id_stage_i.register_file_i.mem[3] ($adff) from module cv32e40p_core (D = $id_stage_i.register_file_i.mem[127:96]$589, Q = \id_stage_i.register_file_i.mem [127:96]).
Adding EN signal on $driver$id_stage_i.register_file_i.mem[31] ($adff) from module cv32e40p_core (D = $id_stage_i.register_file_i.mem[1023:992]$785, Q = \id_stage_i.register_file_i.mem [1023:992]).
Adding EN signal on $driver$id_stage_i.register_file_i.mem[30] ($adff) from module cv32e40p_core (D = $id_stage_i.register_file_i.mem[991:960]$778, Q = \id_stage_i.register_file_i.mem [991:960]).
Adding EN signal on $driver$id_stage_i.register_file_i.mem[2] ($adff) from module cv32e40p_core (D = $id_stage_i.register_file_i.mem[95:64]$582, Q = \id_stage_i.register_file_i.mem [95:64]).
Adding EN signal on $driver$id_stage_i.register_file_i.mem[29] ($adff) from module cv32e40p_core (D = $id_stage_i.register_file_i.mem[959:928]$771, Q = \id_stage_i.register_file_i.mem [959:928]).
Adding EN signal on $driver$id_stage_i.register_file_i.mem[28] ($adff) from module cv32e40p_core (D = $id_stage_i.register_file_i.mem[927:896]$764, Q = \id_stage_i.register_file_i.mem [927:896]).
Adding EN signal on $driver$id_stage_i.register_file_i.mem[27] ($adff) from module cv32e40p_core (D = $id_stage_i.register_file_i.mem[895:864]$757, Q = \id_stage_i.register_file_i.mem [895:864]).
Adding EN signal on $driver$id_stage_i.register_file_i.mem[26] ($adff) from module cv32e40p_core (D = $id_stage_i.register_file_i.mem[863:832]$750, Q = \id_stage_i.register_file_i.mem [863:832]).
Adding EN signal on $driver$id_stage_i.register_file_i.mem[25] ($adff) from module cv32e40p_core (D = $id_stage_i.register_file_i.mem[831:800]$743, Q = \id_stage_i.register_file_i.mem [831:800]).
Adding EN signal on $driver$id_stage_i.register_file_i.mem[24] ($adff) from module cv32e40p_core (D = $id_stage_i.register_file_i.mem[799:768]$736, Q = \id_stage_i.register_file_i.mem [799:768]).
Adding EN signal on $driver$id_stage_i.register_file_i.mem[23] ($adff) from module cv32e40p_core (D = $id_stage_i.register_file_i.mem[767:736]$729, Q = \id_stage_i.register_file_i.mem [767:736]).
Adding EN signal on $driver$id_stage_i.register_file_i.mem[22] ($adff) from module cv32e40p_core (D = $id_stage_i.register_file_i.mem[735:704]$722, Q = \id_stage_i.register_file_i.mem [735:704]).
Adding EN signal on $driver$id_stage_i.register_file_i.mem[21] ($adff) from module cv32e40p_core (D = $id_stage_i.register_file_i.mem[703:672]$715, Q = \id_stage_i.register_file_i.mem [703:672]).
Adding EN signal on $driver$id_stage_i.register_file_i.mem[20] ($adff) from module cv32e40p_core (D = $id_stage_i.register_file_i.mem[671:640]$708, Q = \id_stage_i.register_file_i.mem [671:640]).
Adding EN signal on $driver$id_stage_i.register_file_i.mem[1] ($adff) from module cv32e40p_core (D = $id_stage_i.register_file_i.mem[63:32]$575, Q = \id_stage_i.register_file_i.mem [63:32]).
Adding EN signal on $driver$id_stage_i.register_file_i.mem[19] ($adff) from module cv32e40p_core (D = $id_stage_i.register_file_i.mem[639:608]$701, Q = \id_stage_i.register_file_i.mem [639:608]).
Adding EN signal on $driver$id_stage_i.register_file_i.mem[18] ($adff) from module cv32e40p_core (D = $id_stage_i.register_file_i.mem[607:576]$694, Q = \id_stage_i.register_file_i.mem [607:576]).
Adding EN signal on $driver$id_stage_i.register_file_i.mem[17] ($adff) from module cv32e40p_core (D = $id_stage_i.register_file_i.mem[575:544]$687, Q = \id_stage_i.register_file_i.mem [575:544]).
Adding EN signal on $driver$id_stage_i.register_file_i.mem[16] ($adff) from module cv32e40p_core (D = $id_stage_i.register_file_i.mem[543:512]$680, Q = \id_stage_i.register_file_i.mem [543:512]).
Adding EN signal on $driver$id_stage_i.register_file_i.mem[15] ($adff) from module cv32e40p_core (D = $id_stage_i.register_file_i.mem[511:480]$673, Q = \id_stage_i.register_file_i.mem [511:480]).
Adding EN signal on $driver$id_stage_i.register_file_i.mem[14] ($adff) from module cv32e40p_core (D = $id_stage_i.register_file_i.mem[479:448]$666, Q = \id_stage_i.register_file_i.mem [479:448]).
Adding EN signal on $driver$id_stage_i.register_file_i.mem[13] ($adff) from module cv32e40p_core (D = $id_stage_i.register_file_i.mem[447:416]$659, Q = \id_stage_i.register_file_i.mem [447:416]).
Adding EN signal on $driver$id_stage_i.register_file_i.mem[12] ($adff) from module cv32e40p_core (D = $id_stage_i.register_file_i.mem[415:384]$652, Q = \id_stage_i.register_file_i.mem [415:384]).
Adding EN signal on $driver$id_stage_i.register_file_i.mem[11] ($adff) from module cv32e40p_core (D = $id_stage_i.register_file_i.mem[383:352]$645, Q = \id_stage_i.register_file_i.mem [383:352]).
Adding EN signal on $driver$id_stage_i.register_file_i.mem[10] ($adff) from module cv32e40p_core (D = $id_stage_i.register_file_i.mem[351:320]$638, Q = \id_stage_i.register_file_i.mem [351:320]).
Adding EN signal on $driver$id_stage_i.regfile_we_ex_o ($adff) from module cv32e40p_core (D = $id_stage_i.regfile_we_ex_o$1722, Q = \id_stage_i.regfile_we_ex_o).
Adding EN signal on $driver$id_stage_i.regfile_waddr_ex_o ($adff) from module cv32e40p_core (D = { 1'0 \if_stage_i.instr_rdata_id_o [11:7] }, Q = \id_stage_i.regfile_waddr_ex_o).
Adding EN signal on $driver$id_stage_i.regfile_alu_we_ex_o ($adff) from module cv32e40p_core (D = $id_stage_i.regfile_alu_we_ex_o$1824, Q = \id_stage_i.regfile_alu_we_ex_o).
Adding EN signal on $driver$id_stage_i.regfile_alu_waddr_ex_o ($adff) from module cv32e40p_core (D = \id_stage_i.controller_i.regfile_alu_waddr_id_i, Q = \id_stage_i.regfile_alu_waddr_ex_o).
Adding EN signal on $driver$id_stage_i.prepost_useincr_ex_o ($adff) from module cv32e40p_core (D = $id_stage_i.prepost_useincr_ex_o$1860, Q = \id_stage_i.prepost_useincr_ex_o).
Adding EN signal on $driver$id_stage_i.mult_signed_mode_ex_o ($adff) from module cv32e40p_core (D = \id_stage_i.decoder_i.mult_signed_mode_o, Q = \id_stage_i.mult_signed_mode_ex_o).
Adding EN signal on $driver$id_stage_i.mult_sel_subword_ex_o ($adff) from module cv32e40p_core (D = 1'0, Q = \id_stage_i.mult_sel_subword_ex_o).
Adding EN signal on $driver$id_stage_i.mult_operand_c_ex_o ($adff) from module cv32e40p_core (D = $id_stage_i.mult_operand_c_ex_o$1783, Q = \id_stage_i.mult_operand_c_ex_o).
Adding EN signal on $driver$id_stage_i.mult_operand_b_ex_o ($adff) from module cv32e40p_core (D = \id_stage_i.alu_operand_b, Q = \id_stage_i.mult_operand_b_ex_o).
Adding EN signal on $driver$id_stage_i.mult_operand_a_ex_o ($adff) from module cv32e40p_core (D = \id_stage_i.alu_operand_a, Q = \id_stage_i.mult_operand_a_ex_o).
Adding EN signal on $driver$id_stage_i.mult_imm_ex_o ($adff) from module cv32e40p_core (D = 5'00000, Q = \id_stage_i.mult_imm_ex_o).
Adding EN signal on $driver$id_stage_i.mult_en_ex_o ($adff) from module cv32e40p_core (D = $id_stage_i.mult_en_ex_o$1734, Q = \id_stage_i.mult_en_ex_o).
Adding EN signal on $driver$id_stage_i.imm_vec_ext_ex_o ($adff) from module cv32e40p_core (D = { \if_stage_i.instr_rdata_id_o [20] \if_stage_i.instr_rdata_id_o [25] }, Q = \id_stage_i.imm_vec_ext_ex_o).
Adding EN signal on $driver$id_stage_i.data_we_ex_o ($adff) from module cv32e40p_core (D = \id_stage_i.data_we_id, Q = \id_stage_i.data_we_ex_o).
Adding EN signal on $driver$id_stage_i.data_type_ex_o ($adff) from module cv32e40p_core (D = \id_stage_i.data_type_id, Q = \id_stage_i.data_type_ex_o).
Adding EN signal on $driver$id_stage_i.data_sign_ext_ex_o ($adff) from module cv32e40p_core (D = \id_stage_i.data_sign_ext_id, Q = \id_stage_i.data_sign_ext_ex_o).
Adding EN signal on $driver$id_stage_i.data_req_ex_o ($adff) from module cv32e40p_core (D = $id_stage_i.data_req_ex_o$1753, Q = \id_stage_i.data_req_ex_o).
Adding EN signal on $driver$id_stage_i.data_reg_offset_ex_o ($adff) from module cv32e40p_core (D = 2'00, Q = \id_stage_i.data_reg_offset_ex_o).
Adding EN signal on $driver$id_stage_i.data_misaligned_ex_o ($adff) from module cv32e40p_core (D = $id_stage_i.data_misaligned_ex_o$1859, Q = \id_stage_i.data_misaligned_ex_o).
Adding EN signal on $driver$id_stage_i.csr_access_ex_o ($adff) from module cv32e40p_core (D = \id_stage_i.csr_access, Q = \id_stage_i.csr_access_ex_o).
Adding EN signal on $driver$id_stage_i.controller_i.illegal_insn_q ($adff) from module cv32e40p_core (D = \id_stage_i.controller_i.illegal_insn_n, Q = \id_stage_i.controller_i.illegal_insn_q).
Adding EN signal on $driver$id_stage_i.controller_i.debug_req_q ($adff) from module cv32e40p_core (D = $id_stage_i.controller_i.debug_req_q$1592, Q = \id_stage_i.controller_i.debug_req_q).
Adding EN signal on $driver$id_stage_i.controller_i.debug_req_entry_q ($adff) from module cv32e40p_core (D = \id_stage_i.controller_i.debug_req_entry_n, Q = \id_stage_i.controller_i.debug_req_entry_q).
Adding EN signal on $driver$id_stage_i.controller_i.debug_fsm_cs ($adff) from module cv32e40p_core (D = \id_stage_i.controller_i.debug_fsm_ns, Q = \id_stage_i.controller_i.debug_fsm_cs).
Adding EN signal on $driver$id_stage_i.controller_i.debug_force_wakeup_q ($adff) from module cv32e40p_core (D = \id_stage_i.controller_i.debug_force_wakeup_n, Q = \id_stage_i.controller_i.debug_force_wakeup_q).
Adding EN signal on $driver$id_stage_i.branch_in_ex_o ($adff) from module cv32e40p_core (D = $id_stage_i.branch_in_ex_o$1712, Q = \id_stage_i.branch_in_ex_o).
Adding EN signal on $driver$id_stage_i.bmask_b_ex_o ($adff) from module cv32e40p_core (D = 5'00000, Q = \id_stage_i.bmask_b_ex_o).
Adding EN signal on $driver$id_stage_i.bmask_a_ex_o ($adff) from module cv32e40p_core (D = 5'00000, Q = \id_stage_i.bmask_a_ex_o).
Adding EN signal on $driver$id_stage_i.apu_en_ex_o ($adff) from module cv32e40p_core (D = $id_stage_i.apu_en_ex_o$1745, Q = \id_stage_i.apu_en_ex_o).
Adding EN signal on $driver$id_stage_i.alu_vec_mode_ex_o ($adff) from module cv32e40p_core (D = 2'00, Q = \id_stage_i.alu_vec_mode_ex_o).
Adding EN signal on $driver$id_stage_i.alu_operator_ex_o ($adff) from module cv32e40p_core (D = $id_stage_i.alu_operator_ex_o$1726, Q = \id_stage_i.alu_operator_ex_o).
Adding EN signal on $driver$id_stage_i.alu_operand_c_ex_o ($adff) from module cv32e40p_core (D = \id_stage_i.alu_operand_c, Q = \id_stage_i.alu_operand_c_ex_o).
Adding EN signal on $driver$id_stage_i.alu_operand_b_ex_o ($adff) from module cv32e40p_core (D = $id_stage_i.alu_operand_b_ex_o$1815, Q = \id_stage_i.alu_operand_b_ex_o).
Adding EN signal on $driver$id_stage_i.alu_operand_a_ex_o ($adff) from module cv32e40p_core (D = $id_stage_i.alu_operand_a_ex_o$1814, Q = \id_stage_i.alu_operand_a_ex_o).
Adding EN signal on $driver$id_stage_i.alu_is_subrot_ex_o ($adff) from module cv32e40p_core (D = 1'0, Q = \id_stage_i.alu_is_subrot_ex_o).
Adding EN signal on $driver$id_stage_i.alu_is_clpx_ex_o ($adff) from module cv32e40p_core (D = 1'0, Q = \id_stage_i.alu_is_clpx_ex_o).
Adding EN signal on $driver$id_stage_i.alu_en_ex_o ($adff) from module cv32e40p_core (D = $id_stage_i.alu_en_ex_o$1725, Q = \id_stage_i.alu_en_ex_o).
Adding EN signal on $driver$id_stage_i.alu_clpx_shift_ex_o ($adff) from module cv32e40p_core (D = \if_stage_i.instr_rdata_id_o [14:13], Q = \id_stage_i.alu_clpx_shift_ex_o).
Adding EN signal on $driver$ex_stage_i.regfile_we_lsu ($adff) from module cv32e40p_core (D = $ex_stage_i.regfile_we_lsu$2462, Q = \ex_stage_i.regfile_we_lsu).
Adding EN signal on $driver$ex_stage_i.regfile_waddr_lsu ($adff) from module cv32e40p_core (D = \id_stage_i.regfile_waddr_ex_o, Q = \ex_stage_i.regfile_waddr_lsu).
Adding EN signal on $driver$ex_stage_i.mult_i.mulh_carry_q ($adff) from module cv32e40p_core (D = $ex_stage_i.mult_i.mulh_carry_q$2405, Q = \ex_stage_i.mult_i.mulh_carry_q).
Adding EN signal on $driver$cs_registers_i.mtvec_mode_q ($adff) from module cv32e40p_core (D = { 1'0 \cs_registers_i.csr_wdata_int [0] }, Q = \cs_registers_i.mtvec_mode_q).
Adding EN signal on $driver$cs_registers_i.mscratch_q ($adff) from module cv32e40p_core (D = \cs_registers_i.csr_wdata_int, Q = \cs_registers_i.mscratch_q).
Adding EN signal on $driver$cs_registers_i.mie_q ($adff) from module cv32e40p_core (D = \cs_registers_i.csr_wdata_int, Q = \cs_registers_i.mie_q).
Adding EN signal on $driver$cs_registers_i.mhpmevent_q[3][15:0] ($adff) from module cv32e40p_core (D = $2812y [111:96], Q = \cs_registers_i.mhpmevent_q [111:96]).
Adding EN signal on $driver$cs_registers_i.mhpmcounter_q[3] ($adff) from module cv32e40p_core (D = $cs_registers_i.mhpmcounter_q[255:192]$3076 [31:0], Q = \cs_registers_i.mhpmcounter_q [223:192]).
Adding EN signal on $driver$cs_registers_i.mhpmcounter_q[3] ($adff) from module cv32e40p_core (D = $cs_registers_i.mhpmcounter_q[255:192]$3075 [63:32], Q = \cs_registers_i.mhpmcounter_q [255:224]).
Adding EN signal on $driver$cs_registers_i.mhpmcounter_q[2] ($adff) from module cv32e40p_core (D = $cs_registers_i.mhpmcounter_q[191:128]$3069 [31:0], Q = \cs_registers_i.mhpmcounter_q [159:128]).
Adding EN signal on $driver$cs_registers_i.mhpmcounter_q[2] ($adff) from module cv32e40p_core (D = $cs_registers_i.mhpmcounter_q[191:128]$3068 [63:32], Q = \cs_registers_i.mhpmcounter_q [191:160]).
Adding EN signal on $driver$cs_registers_i.mhpmcounter_q[0] ($adff) from module cv32e40p_core (D = $cs_registers_i.mhpmcounter_q[63:0]$3062 [31:0], Q = \cs_registers_i.mhpmcounter_q [31:0]).
Adding EN signal on $driver$cs_registers_i.mhpmcounter_q[0] ($adff) from module cv32e40p_core (D = $cs_registers_i.mhpmcounter_q[63:0]$3061 [63:32], Q = \cs_registers_i.mhpmcounter_q [63:32]).
Adding EN signal on $driver$cs_registers_i.mcountinhibit_q[3:3] ($adff) from module cv32e40p_core (D = \cs_registers_i.csr_wdata_int [3], Q = \cs_registers_i.mcountinhibit_q [3]).
Adding EN signal on $driver$cs_registers_i.mcountinhibit_q[2:2] ($adff) from module cv32e40p_core (D = \cs_registers_i.csr_wdata_int [2], Q = \cs_registers_i.mcountinhibit_q [2]).
Adding EN signal on $driver$cs_registers_i.mcountinhibit_q[0:0] ($adff) from module cv32e40p_core (D = \cs_registers_i.csr_wdata_int [0], Q = \cs_registers_i.mcountinhibit_q [0]).
Adding EN signal on $driver$cs_registers_i.gen_trigger_regs.tmatch_value_q ($adff) from module cv32e40p_core (D = \cs_registers_i.csr_wdata_int, Q = \cs_registers_i.gen_trigger_regs.tmatch_value_q).
Adding EN signal on $driver$cs_registers_i.gen_trigger_regs.tmatch_control_exec_q ($adff) from module cv32e40p_core (D = \cs_registers_i.csr_wdata_int [2], Q = \cs_registers_i.gen_trigger_regs.tmatch_control_exec_q).
Adding EN signal on $driver$cs_registers_i.dscratch1_q ($adff) from module cv32e40p_core (D = \cs_registers_i.csr_wdata_int, Q = \cs_registers_i.dscratch1_q).
Adding EN signal on $driver$cs_registers_i.dscratch0_q ($adff) from module cv32e40p_core (D = \cs_registers_i.csr_wdata_int, Q = \cs_registers_i.dscratch0_q).
Adding EN signal on $driver$cs_registers_i.dcsr_q.stoptime ($adff) from module cv32e40p_core (D = 1'0, Q = \cs_registers_i.dcsr_q [9]).
Adding EN signal on $driver$cs_registers_i.dcsr_q.stopcount ($adff) from module cv32e40p_core (D = 1'0, Q = \cs_registers_i.dcsr_q [10]).
Adding EN signal on $driver$cs_registers_i.dcsr_q.stepie ($adff) from module cv32e40p_core (D = \cs_registers_i.csr_wdata_int [11], Q = \cs_registers_i.dcsr_q [11]).
Adding EN signal on $driver$cs_registers_i.dcsr_q.step ($adff) from module cv32e40p_core (D = \cs_registers_i.csr_wdata_int [2], Q = \cs_registers_i.dcsr_q [2]).
Adding EN signal on $driver$cs_registers_i.dcsr_q.mprven ($adff) from module cv32e40p_core (D = 1'0, Q = \cs_registers_i.dcsr_q [4]).
Adding EN signal on $driver$cs_registers_i.dcsr_q.ebreaku ($adff) from module cv32e40p_core (D = 1'0, Q = \cs_registers_i.dcsr_q [12]).
Adding EN signal on $driver$cs_registers_i.dcsr_q.ebreaks ($adff) from module cv32e40p_core (D = 1'0, Q = \cs_registers_i.dcsr_q [13]).
Adding EN signal on $driver$cs_registers_i.dcsr_q.ebreakm ($adff) from module cv32e40p_core (D = \cs_registers_i.csr_wdata_int [15], Q = \cs_registers_i.dcsr_q [15]).
Adding EN signal on $driver$cs_registers_i.dcsr_q.cause ($adff) from module cv32e40p_core (D = \cs_registers_i.debug_cause_i, Q = \cs_registers_i.dcsr_q [8:6]).
Setting constant 0-bit at position 0 on $auto$ff.cc:337:slice$20034 ($adffe) from module cv32e40p_core.
Setting constant 0-bit at position 0 on $auto$ff.cc:337:slice$20029 ($adffe) from module cv32e40p_core.
Setting constant 0-bit at position 0 on $auto$ff.cc:337:slice$20024 ($adffe) from module cv32e40p_core.
Setting constant 0-bit at position 0 on $auto$ff.cc:337:slice$20009 ($adffe) from module cv32e40p_core.
Setting constant 0-bit at position 0 on $auto$ff.cc:337:slice$20004 ($adffe) from module cv32e40p_core.
Setting constant 0-bit at position 1 on $auto$ff.cc:337:slice$19931 ($adffe) from module cv32e40p_core.
Setting constant 0-bit at position 0 on $auto$ff.cc:337:slice$19899 ($adffe) from module cv32e40p_core.
Setting constant 0-bit at position 0 on $auto$ff.cc:337:slice$19892 ($adffe) from module cv32e40p_core.
Setting constant 0-bit at position 0 on $auto$ff.cc:337:slice$19843 ($adffe) from module cv32e40p_core.
Setting constant 0-bit at position 1 on $auto$ff.cc:337:slice$19843 ($adffe) from module cv32e40p_core.
Setting constant 0-bit at position 0 on $auto$ff.cc:337:slice$19827 ($adffe) from module cv32e40p_core.
Setting constant 0-bit at position 1 on $auto$ff.cc:337:slice$19827 ($adffe) from module cv32e40p_core.
Setting constant 0-bit at position 2 on $auto$ff.cc:337:slice$19827 ($adffe) from module cv32e40p_core.
Setting constant 0-bit at position 3 on $auto$ff.cc:337:slice$19827 ($adffe) from module cv32e40p_core.
Setting constant 0-bit at position 4 on $auto$ff.cc:337:slice$19827 ($adffe) from module cv32e40p_core.
Setting constant 0-bit at position 0 on $auto$ff.cc:337:slice$19820 ($adffe) from module cv32e40p_core.
Setting constant 0-bit at position 1 on $auto$ff.cc:337:slice$19820 ($adffe) from module cv32e40p_core.
Setting constant 0-bit at position 2 on $auto$ff.cc:337:slice$19820 ($adffe) from module cv32e40p_core.
Setting constant 0-bit at position 3 on $auto$ff.cc:337:slice$19820 ($adffe) from module cv32e40p_core.
Setting constant 0-bit at position 4 on $auto$ff.cc:337:slice$19820 ($adffe) from module cv32e40p_core.
Setting constant 0-bit at position 0 on $auto$ff.cc:337:slice$19737 ($adffe) from module cv32e40p_core.
Setting constant 0-bit at position 1 on $auto$ff.cc:337:slice$19737 ($adffe) from module cv32e40p_core.
Setting constant 0-bit at position 0 on $auto$ff.cc:337:slice$19684 ($adffe) from module cv32e40p_core.
Setting constant 0-bit at position 1 on $auto$ff.cc:337:slice$19684 ($adffe) from module cv32e40p_core.
Setting constant 0-bit at position 2 on $auto$ff.cc:337:slice$19684 ($adffe) from module cv32e40p_core.
Setting constant 0-bit at position 3 on $auto$ff.cc:337:slice$19684 ($adffe) from module cv32e40p_core.
Setting constant 0-bit at position 4 on $auto$ff.cc:337:slice$19684 ($adffe) from module cv32e40p_core.
Setting constant 0-bit at position 0 on $auto$ff.cc:337:slice$19654 ($adffe) from module cv32e40p_core.
Setting constant 0-bit at position 5 on $auto$ff.cc:337:slice$19615 ($adffe) from module cv32e40p_core.
Setting constant 0-bit at position 0 on $auto$ff.cc:337:slice$19511 ($adffe) from module cv32e40p_core.

4.9.7. Executing OPT_CLEAN pass (remove unused cells and wires).
Finding unused cells or wires in module \cv32e40p_core..
Removed 176 unused cells and 398 unused wires.
<suppressed ~189 debug messages>

4.9.8. Executing OPT_EXPR pass (perform const folding).
Optimizing module cv32e40p_core.
<suppressed ~114 debug messages>

4.9.9. Rerunning OPT passes. (Maybe there is more to do..)

4.9.10. Executing OPT_MUXTREE pass (detect dead branches in mux trees).
Running muxtree optimizer on module \cv32e40p_core..
  Creating internal representation of mux trees.
  Evaluating internal representation of mux trees.
  Analyzing evaluation results.
    dead port 1/3 on $pmux $procmux$1006.
    dead port 2/3 on $pmux $procmux$1006.
    dead port 1/5 on $pmux $procmux$1025.
    dead port 2/5 on $pmux $procmux$1025.
    dead port 3/5 on $pmux $procmux$1025.
    dead port 4/5 on $pmux $procmux$1025.
    dead port 5/5 on $pmux $procmux$1025.
    dead port 1/3 on $pmux $procmux$1044.
    dead port 2/3 on $pmux $procmux$1044.
    dead port 1/3 on $pmux $procmux$1053.
    dead port 2/3 on $pmux $procmux$1053.
    dead port 1/3 on $pmux $procmux$1169.
    dead port 2/3 on $pmux $procmux$1169.
    dead port 1/3 on $pmux $procmux$1172.
    dead port 2/3 on $pmux $procmux$1172.
    dead port 1/3 on $pmux $procmux$1190.
    dead port 2/3 on $pmux $procmux$1190.
    dead port 1/3 on $pmux $procmux$1194.
    dead port 2/3 on $pmux $procmux$1194.
    dead port 1/3 on $pmux $procmux$942.
    dead port 2/3 on $pmux $procmux$942.
    dead port 1/3 on $pmux $procmux$978.
    dead port 2/3 on $pmux $procmux$978.
Removed 23 multiplexer ports.
<suppressed ~7330 debug messages>

4.9.11. Executing OPT_REDUCE pass (consolidate $*mux and $reduce_* inputs).
  Optimizing cells in module \cv32e40p_core.
    New ctrl vector for $pmux cell $procmux$1012: $procmux$1013_CMP
    New ctrl vector for $pmux cell $procmux$1135: { $procmux$1010_CTRL $auto$opt_reduce.cc:137:opt_pmux$20050 }
    New ctrl vector for $pmux cell $procmux$18523: { $procmux$18526_CMP $procmux$18525_CMP }
    New ctrl vector for $pmux cell $procmux$522: { $procmux$525_CMP $procmux$524_CMP }
    New ctrl vector for $pmux cell $procmux$925: { $procmux$940_CMP $procmux$939_CMP $procmux$938_CMP $procmux$937_CTRL $procmux$936_CTRL $procmux$935_CMP $procmux$934_CMP $1995y $procmux$932_CTRL $auto$opt_reduce.cc:137:opt_pmux$20052 $procmux$929_CTRL $procmux$928_CTRL $procmux$927_CTRL $procmux$926_CTRL }
    New input vector for $reduce_or cell $auto$opt_reduce.cc:131:opt_pmux$20051: { $procmux$1181_CMP [7] $procmux$931_CMP [3] $2098y $2097y $1943y }
  Optimizing cells in module \cv32e40p_core.
Performed a total of 9 changes.

4.9.12. Executing OPT_MERGE pass (detect identical cells).
Finding identical cells in module `\cv32e40p_core'.
<suppressed ~279 debug messages>
Removed a total of 93 cells.

4.9.13. Executing OPT_DFF pass (perform DFF optimizations).
Setting constant 0-bit at position 5 on $auto$ff.cc:337:slice$19925 ($adffe) from module cv32e40p_core.

4.9.14. Executing OPT_CLEAN pass (remove unused cells and wires).
Finding unused cells or wires in module \cv32e40p_core..
Removed 33 unused cells and 170 unused wires.
<suppressed ~44 debug messages>

4.9.15. Executing OPT_EXPR pass (perform const folding).
Optimizing module cv32e40p_core.
<suppressed ~4 debug messages>

4.9.16. Rerunning OPT passes. (Maybe there is more to do..)

4.9.17. Executing OPT_MUXTREE pass (detect dead branches in mux trees).
Running muxtree optimizer on module \cv32e40p_core..
  Creating internal representation of mux trees.
  Evaluating internal representation of mux trees.
  Analyzing evaluation results.
Removed 0 multiplexer ports.
<suppressed ~6771 debug messages>

4.9.18. Executing OPT_REDUCE pass (consolidate $*mux and $reduce_* inputs).
  Optimizing cells in module \cv32e40p_core.
    New ctrl vector for $pmux cell $procmux$18289: { \if_stage_i.aligner_i.state [2] $auto$opt_reduce.cc:137:opt_pmux$20055 \if_stage_i.aligner_i.state [3] }
  Optimizing cells in module \cv32e40p_core.
Performed a total of 1 changes.

4.9.19. Executing OPT_MERGE pass (detect identical cells).
Finding identical cells in module `\cv32e40p_core'.
<suppressed ~15 debug messages>
Removed a total of 5 cells.

4.9.20. Executing OPT_DFF pass (perform DFF optimizations).

4.9.21. Executing OPT_CLEAN pass (remove unused cells and wires).
Finding unused cells or wires in module \cv32e40p_core..
Removed 0 unused cells and 5 unused wires.
<suppressed ~1 debug messages>

4.9.22. Executing OPT_EXPR pass (perform const folding).
Optimizing module cv32e40p_core.

4.9.23. Rerunning OPT passes. (Maybe there is more to do..)

4.9.24. Executing OPT_MUXTREE pass (detect dead branches in mux trees).
Running muxtree optimizer on module \cv32e40p_core..
  Creating internal representation of mux trees.
  Evaluating internal representation of mux trees.
  Analyzing evaluation results.
Removed 0 multiplexer ports.
<suppressed ~6770 debug messages>

4.9.25. Executing OPT_REDUCE pass (consolidate $*mux and $reduce_* inputs).
  Optimizing cells in module \cv32e40p_core.
Performed a total of 0 changes.

4.9.26. Executing OPT_MERGE pass (detect identical cells).
Finding identical cells in module `\cv32e40p_core'.
Removed a total of 0 cells.

4.9.27. Executing OPT_DFF pass (perform DFF optimizations).

4.9.28. Executing OPT_CLEAN pass (remove unused cells and wires).
Finding unused cells or wires in module \cv32e40p_core..

4.9.29. Executing OPT_EXPR pass (perform const folding).
Optimizing module cv32e40p_core.

4.9.30. Finished fast OPT passes. (There is nothing left to do.)

4.10. Executing WREDUCE pass (reducing word size of cells).
Removed top 1 bits (of 2) from port B of cell cv32e40p_core.$auto$opt_dff.cc:248:make_patterns_logic$19854 ($ne).
Removed top 1 bits (of 2) from port B of cell cv32e40p_core.$auto$opt_dff.cc:248:make_patterns_logic$19786 ($ne).
Removed top 1 bits (of 3) from port B of cell cv32e40p_core.$auto$fsm_map.cc:77:implement_pattern_cache$19431 ($eq).
Removed top 1 bits (of 3) from port B of cell cv32e40p_core.$auto$fsm_map.cc:77:implement_pattern_cache$19422 ($eq).
Removed top 1 bits (of 3) from port B of cell cv32e40p_core.$auto$fsm_map.cc:77:implement_pattern_cache$19411 ($eq).
Removed top 3 bits (of 4) from port B of cell cv32e40p_core.$auto$fsm_map.cc:77:implement_pattern_cache$19388 ($eq).
Removed top 3 bits (of 5) from port B of cell cv32e40p_core.$auto$fsm_map.cc:77:implement_pattern_cache$19371 ($eq).
Removed top 1 bits (of 9) from port B of cell cv32e40p_core.$auto$fsm_map.cc:77:implement_pattern_cache$19357 ($eq).
Removed top 2 bits (of 4) from port B of cell cv32e40p_core.$auto$fsm_map.cc:77:implement_pattern_cache$19278 ($eq).
Removed top 4 bits (of 5) from port B of cell cv32e40p_core.$auto$fsm_map.cc:77:implement_pattern_cache$19276 ($eq).
Removed top 3 bits (of 9) from port B of cell cv32e40p_core.$auto$fsm_map.cc:77:implement_pattern_cache$19272 ($eq).
Removed top 3 bits (of 4) from port B of cell cv32e40p_core.$auto$fsm_map.cc:77:implement_pattern_cache$19262 ($eq).
Removed top 1 bits (of 2) from port B of cell cv32e40p_core.$auto$fsm_map.cc:77:implement_pattern_cache$19245 ($eq).
Removed top 3 bits (of 8) from port B of cell cv32e40p_core.$auto$fsm_map.cc:77:implement_pattern_cache$19225 ($eq).
Removed top 3 bits (of 9) from port B of cell cv32e40p_core.$auto$fsm_map.cc:77:implement_pattern_cache$19221 ($eq).
Removed top 3 bits (of 10) from port B of cell cv32e40p_core.$auto$fsm_map.cc:77:implement_pattern_cache$19217 ($eq).
Removed top 5 bits (of 11) from port B of cell cv32e40p_core.$auto$fsm_map.cc:77:implement_pattern_cache$19213 ($eq).
Removed top 2 bits (of 3) from port B of cell cv32e40p_core.$auto$fsm_map.cc:77:implement_pattern_cache$19197 ($eq).
Removed top 3 bits (of 9) from port B of cell cv32e40p_core.$auto$fsm_map.cc:77:implement_pattern_cache$19181 ($eq).
Removed top 1 bits (of 3) from port B of cell cv32e40p_core.$auto$fsm_map.cc:77:implement_pattern_cache$19160 ($eq).
Removed top 3 bits (of 7) from port B of cell cv32e40p_core.$auto$fsm_map.cc:77:implement_pattern_cache$19140 ($eq).
Removed top 5 bits (of 10) from port B of cell cv32e40p_core.$auto$fsm_map.cc:77:implement_pattern_cache$19120 ($eq).
Removed top 1 bits (of 2) from port B of cell cv32e40p_core.$auto$fsm_map.cc:77:implement_pattern_cache$19108 ($eq).
Removed top 3 bits (of 4) from port B of cell cv32e40p_core.$auto$fsm_map.cc:77:implement_pattern_cache$19100 ($eq).
Removed top 6 bits (of 8) from port B of cell cv32e40p_core.$auto$fsm_map.cc:77:implement_pattern_cache$19088 ($eq).
Removed top 7 bits (of 9) from port B of cell cv32e40p_core.$auto$fsm_map.cc:77:implement_pattern_cache$19084 ($eq).
Removed top 2 bits (of 4) from port B of cell cv32e40p_core.$auto$fsm_map.cc:77:implement_pattern_cache$19071 ($eq).
Removed top 29 bits (of 32) from port B of cell cv32e40p_core.$21 ($add).
Removed top 30 bits (of 32) from port A of cell cv32e40p_core.$28 ($gt).
Removed top 31 bits (of 32) from port B of cell cv32e40p_core.$28 ($gt).
Removed top 29 bits (of 32) from port B of cell cv32e40p_core.$32 ($add).
Removed top 30 bits (of 32) from port A of cell cv32e40p_core.$33 ($add).
Removed top 30 bits (of 32) from port B of cell cv32e40p_core.$33 ($add).
Removed top 29 bits (of 32) from port Y of cell cv32e40p_core.$33 ($add).
Removed top 29 bits (of 32) from port A of cell cv32e40p_core.$34 ($lt).
Removed top 30 bits (of 32) from port B of cell cv32e40p_core.$34 ($lt).
Removed top 1 bits (of 2) from port B of cell cv32e40p_core.$62 ($sub).
Removed top 1 bits (of 2) from port B of cell cv32e40p_core.$63 ($add).
Removed top 30 bits (of 32) from port A of cell cv32e40p_core.$67 ($gt).
Removed top 31 bits (of 32) from port B of cell cv32e40p_core.$67 ($gt).
Removed top 1 bits (of 2) from port B of cell cv32e40p_core.$73 ($sub).
Converting cell cv32e40p_core.$90 ($lt) from signed to unsigned.
Removed top 1 bits (of 2) from port A of cell cv32e40p_core.$90 ($lt).
Removed top 1 bits (of 3) from port B of cell cv32e40p_core.$90 ($lt).
Converting cell cv32e40p_core.$95 ($lt) from signed to unsigned.
Removed top 1 bits (of 2) from port A of cell cv32e40p_core.$95 ($lt).
Removed top 1 bits (of 3) from port B of cell cv32e40p_core.$95 ($lt).
Converting cell cv32e40p_core.$96 ($ge) from signed to unsigned.
Removed top 1 bits (of 2) from port A of cell cv32e40p_core.$96 ($ge).
Removed top 31 bits (of 32) from port A of cell cv32e40p_core.$103 ($add).
Removed top 31 bits (of 32) from port B of cell cv32e40p_core.$103 ($add).
Removed top 31 bits (of 32) from port Y of cell cv32e40p_core.$103 ($add).
Removed top 30 bits (of 32) from port A of cell cv32e40p_core.$105 ($add).
Removed top 31 bits (of 32) from port B of cell cv32e40p_core.$105 ($add).
Removed top 30 bits (of 32) from port Y of cell cv32e40p_core.$105 ($add).
Removed top 31 bits (of 32) from port A of cell cv32e40p_core.$113 ($add).
Removed top 31 bits (of 32) from port B of cell cv32e40p_core.$113 ($add).
Removed top 31 bits (of 32) from port Y of cell cv32e40p_core.$113 ($add).
Removed top 30 bits (of 32) from port A of cell cv32e40p_core.$115 ($sub).
Removed top 31 bits (of 32) from port B of cell cv32e40p_core.$115 ($sub).
Removed top 30 bits (of 32) from port Y of cell cv32e40p_core.$115 ($sub).
Removed top 30 bits (of 32) from port B of cell cv32e40p_core.$193 ($add).
Removed top 29 bits (of 32) from port B of cell cv32e40p_core.$194 ($add).
Removed top 3 bits (of 5) from port B of cell cv32e40p_core.$270 ($eq).
Removed top 31 bits (of 32) from port A of cell cv32e40p_core.$321 ($shl).
Removed top 31 bits (of 32) from port B of cell cv32e40p_core.$322 ($sub).
Removed top 1 bits (of 6) from mux cell cv32e40p_core.$331 ($mux).
Removed top 1 bits (of 6) from port B of cell cv32e40p_core.$362 ($eq).
Removed top 1 bits (of 6) from port B of cell cv32e40p_core.$367 ($eq).
Removed top 29 bits (of 32) from mux cell cv32e40p_core.$394 ($mux).
Converting cell cv32e40p_core.$429 ($lt) from signed to unsigned.
Removed top 1 bits (of 6) from port A of cell cv32e40p_core.$429 ($lt).
Removed top 1 bits (of 7) from port B of cell cv32e40p_core.$429 ($lt).
Converting cell cv32e40p_core.$432 ($lt) from signed to unsigned.
Removed top 1 bits (of 6) from port A of cell cv32e40p_core.$432 ($lt).
Removed top 1 bits (of 7) from port B of cell cv32e40p_core.$432 ($lt).
Removed top 4 bits (of 5) from port B of cell cv32e40p_core.$442 ($eq).
Removed top 5 bits (of 6) from port B of cell cv32e40p_core.$444 ($eq).
Removed top 3 bits (of 5) from port B of cell cv32e40p_core.$446 ($eq).
Removed top 4 bits (of 6) from port B of cell cv32e40p_core.$448 ($eq).
Removed top 3 bits (of 5) from port B of cell cv32e40p_core.$450 ($eq).
Removed top 4 bits (of 6) from port B of cell cv32e40p_core.$452 ($eq).
Removed top 2 bits (of 5) from port B of cell cv32e40p_core.$454 ($eq).
Removed top 3 bits (of 6) from port B of cell cv32e40p_core.$456 ($eq).
Removed top 2 bits (of 5) from port B of cell cv32e40p_core.$458 ($eq).
Removed top 3 bits (of 6) from port B of cell cv32e40p_core.$460 ($eq).
Removed top 2 bits (of 5) from port B of cell cv32e40p_core.$462 ($eq).
Removed top 3 bits (of 6) from port B of cell cv32e40p_core.$464 ($eq).
Removed top 2 bits (of 5) from port B of cell cv32e40p_core.$466 ($eq).
Removed top 3 bits (of 6) from port B of cell cv32e40p_core.$468 ($eq).
Removed top 1 bits (of 5) from port B of cell cv32e40p_core.$470 ($eq).
Removed top 2 bits (of 6) from port B of cell cv32e40p_core.$472 ($eq).
Removed top 1 bits (of 5) from port B of cell cv32e40p_core.$474 ($eq).
Removed top 2 bits (of 6) from port B of cell cv32e40p_core.$476 ($eq).
Removed top 1 bits (of 5) from port B of cell cv32e40p_core.$478 ($eq).
Removed top 2 bits (of 6) from port B of cell cv32e40p_core.$480 ($eq).
Removed top 1 bits (of 5) from port B of cell cv32e40p_core.$482 ($eq).
Removed top 2 bits (of 6) from port B of cell cv32e40p_core.$484 ($eq).
Removed top 1 bits (of 5) from port B of cell cv32e40p_core.$486 ($eq).
Removed top 2 bits (of 6) from port B of cell cv32e40p_core.$488 ($eq).
Removed top 1 bits (of 5) from port B of cell cv32e40p_core.$490 ($eq).
Removed top 2 bits (of 6) from port B of cell cv32e40p_core.$492 ($eq).
Removed top 1 bits (of 5) from port B of cell cv32e40p_core.$494 ($eq).
Removed top 2 bits (of 6) from port B of cell cv32e40p_core.$496 ($eq).
Removed top 1 bits (of 5) from port B of cell cv32e40p_core.$498 ($eq).
Removed top 2 bits (of 6) from port B of cell cv32e40p_core.$500 ($eq).
Removed top 1 bits (of 6) from port B of cell cv32e40p_core.$504 ($eq).
Removed top 1 bits (of 6) from port B of cell cv32e40p_core.$508 ($eq).
Removed top 1 bits (of 6) from port B of cell cv32e40p_core.$512 ($eq).
Removed top 1 bits (of 6) from port B of cell cv32e40p_core.$516 ($eq).
Removed top 1 bits (of 6) from port B of cell cv32e40p_core.$520 ($eq).
Removed top 1 bits (of 6) from port B of cell cv32e40p_core.$524 ($eq).
Removed top 1 bits (of 6) from port B of cell cv32e40p_core.$528 ($eq).
Removed top 1 bits (of 6) from port B of cell cv32e40p_core.$532 ($eq).
Removed top 1 bits (of 6) from port B of cell cv32e40p_core.$536 ($eq).
Removed top 1 bits (of 6) from port B of cell cv32e40p_core.$540 ($eq).
Removed top 1 bits (of 6) from port B of cell cv32e40p_core.$544 ($eq).
Removed top 1 bits (of 6) from port B of cell cv32e40p_core.$548 ($eq).
Removed top 1 bits (of 6) from port B of cell cv32e40p_core.$552 ($eq).
Removed top 1 bits (of 6) from port B of cell cv32e40p_core.$556 ($eq).
Removed top 1 bits (of 6) from port B of cell cv32e40p_core.$560 ($eq).
Removed top 1 bits (of 6) from port B of cell cv32e40p_core.$564 ($eq).
Removed top 1 bits (of 7) from port B of cell cv32e40p_core.$795 ($eq).
Removed top 1 bits (of 7) from port B of cell cv32e40p_core.$797 ($eq).
Removed top 5 bits (of 7) from port B of cell cv32e40p_core.$823 ($eq).
Removed top 3 bits (of 7) from port B of cell cv32e40p_core.$825 ($eq).
Removed top 1 bits (of 3) from port B of cell cv32e40p_core.$837 ($eq).
Removed top 1 bits (of 7) from port B of cell cv32e40p_core.$855 ($eq).
Removed top 1 bits (of 2) from port B of cell cv32e40p_core.$1079 ($eq).
Removed top 1 bits (of 3) from mux cell cv32e40p_core.$1366 ($mux).
Removed top 3 bits (of 4) from mux cell cv32e40p_core.$1435 ($mux).
Removed top 2 bits (of 4) from mux cell cv32e40p_core.$1436 ($mux).
Removed top 1 bits (of 6) from port A of cell cv32e40p_core.$1522 ($eq).
Removed top 1 bits (of 6) from port B of cell cv32e40p_core.$1522 ($eq).
Removed top 1 bits (of 4) from port B of cell cv32e40p_core.$1597 ($eq).
Removed top 1 bits (of 2) from port B of cell cv32e40p_core.$1875 ($eq).
Removed top 2 bits (of 7) from port B of cell cv32e40p_core.$1935 ($eq).
Removed top 2 bits (of 7) from port B of cell cv32e40p_core.$1936 ($eq).
Removed top 2 bits (of 7) from port B of cell cv32e40p_core.$1938 ($eq).
Removed top 2 bits (of 7) from port B of cell cv32e40p_core.$1940 ($eq).
Removed top 2 bits (of 7) from port B of cell cv32e40p_core.$1943 ($eq).
Removed top 2 bits (of 7) from port B of cell cv32e40p_core.$1951 ($eq).
Converting cell cv32e40p_core.$1967 ($add) from unsigned to signed.
Removed top 1 bits (of 37) from port A of cell cv32e40p_core.$1967 ($add).
Removed top 1 bits (of 37) from port B of cell cv32e40p_core.$1967 ($add).
Removed top 2 bits (of 7) from port B of cell cv32e40p_core.$1968 ($eq).
Removed top 2 bits (of 7) from port B of cell cv32e40p_core.$1971 ($eq).
Removed top 1 bits (of 7) from port B of cell cv32e40p_core.$1980 ($eq).
Removed top 1 bits (of 7) from port B of cell cv32e40p_core.$1981 ($eq).
Removed top 1 bits (of 7) from port B of cell cv32e40p_core.$1983 ($eq).
Removed top 1 bits (of 7) from port B of cell cv32e40p_core.$1985 ($eq).
Removed top 1 bits (of 7) from port B of cell cv32e40p_core.$1987 ($eq).
Removed top 1 bits (of 7) from port B of cell cv32e40p_core.$1989 ($eq).
Removed top 1 bits (of 7) from port B of cell cv32e40p_core.$1991 ($eq).
Removed top 1 bits (of 7) from port B of cell cv32e40p_core.$1993 ($eq).
Removed top 2 bits (of 7) from port B of cell cv32e40p_core.$1997 ($eq).
Removed top 2 bits (of 7) from port B of cell cv32e40p_core.$2004 ($eq).
Removed top 1 bits (of 7) from port B of cell cv32e40p_core.$2012 ($eq).
Removed top 1 bits (of 7) from port B of cell cv32e40p_core.$2013 ($eq).
Removed top 27 bits (of 32) from mux cell cv32e40p_core.$2026 ($mux).
Removed top 1 bits (of 7) from port B of cell cv32e40p_core.$2028 ($eq).
Removed top 32 bits (of 64) from port Y of cell cv32e40p_core.$2044 ($shr).
Removed top 2 bits (of 7) from port B of cell cv32e40p_core.$2048 ($eq).
Removed top 2 bits (of 7) from port B of cell cv32e40p_core.$2097 ($eq).
Removed top 2 bits (of 7) from port B of cell cv32e40p_core.$2098 ($eq).
Removed top 1 bits (of 7) from port B of cell cv32e40p_core.$2121 ($eq).
Removed top 1 bits (of 2) from port A of cell cv32e40p_core.$2191 ($add).
Removed top 1 bits (of 2) from port B of cell cv32e40p_core.$2191 ($add).
Removed top 1 bits (of 2) from port A of cell cv32e40p_core.$2192 ($add).
Removed top 1 bits (of 2) from port B of cell cv32e40p_core.$2192 ($add).
Removed top 1 bits (of 2) from port A of cell cv32e40p_core.$2193 ($add).
Removed top 1 bits (of 2) from port B of cell cv32e40p_core.$2193 ($add).
Removed top 1 bits (of 2) from port A of cell cv32e40p_core.$2194 ($add).
Removed top 1 bits (of 2) from port B of cell cv32e40p_core.$2194 ($add).
Removed top 1 bits (of 2) from port A of cell cv32e40p_core.$2195 ($add).
Removed top 1 bits (of 2) from port B of cell cv32e40p_core.$2195 ($add).
Removed top 1 bits (of 2) from port A of cell cv32e40p_core.$2196 ($add).
Removed top 1 bits (of 2) from port B of cell cv32e40p_core.$2196 ($add).
Removed top 1 bits (of 2) from port A of cell cv32e40p_core.$2197 ($add).
Removed top 1 bits (of 2) from port B of cell cv32e40p_core.$2197 ($add).
Removed top 1 bits (of 2) from port A of cell cv32e40p_core.$2198 ($add).
Removed top 1 bits (of 2) from port B of cell cv32e40p_core.$2198 ($add).
Removed top 1 bits (of 2) from port A of cell cv32e40p_core.$2199 ($add).
Removed top 1 bits (of 2) from port B of cell cv32e40p_core.$2199 ($add).
Removed top 1 bits (of 2) from port A of cell cv32e40p_core.$2200 ($add).
Removed top 1 bits (of 2) from port B of cell cv32e40p_core.$2200 ($add).
Removed top 1 bits (of 2) from port A of cell cv32e40p_core.$2201 ($add).
Removed top 1 bits (of 2) from port B of cell cv32e40p_core.$2201 ($add).
Removed top 1 bits (of 2) from port A of cell cv32e40p_core.$2202 ($add).
Removed top 1 bits (of 2) from port B of cell cv32e40p_core.$2202 ($add).
Removed top 1 bits (of 2) from port A of cell cv32e40p_core.$2203 ($add).
Removed top 1 bits (of 2) from port B of cell cv32e40p_core.$2203 ($add).
Removed top 1 bits (of 2) from port A of cell cv32e40p_core.$2204 ($add).
Removed top 1 bits (of 2) from port B of cell cv32e40p_core.$2204 ($add).
Removed top 1 bits (of 2) from port A of cell cv32e40p_core.$2205 ($add).
Removed top 1 bits (of 2) from port B of cell cv32e40p_core.$2205 ($add).
Removed top 1 bits (of 2) from port A of cell cv32e40p_core.$2206 ($add).
Removed top 1 bits (of 2) from port B of cell cv32e40p_core.$2206 ($add).
Removed top 1 bits (of 3) from port A of cell cv32e40p_core.$2207 ($add).
Removed top 1 bits (of 3) from port B of cell cv32e40p_core.$2207 ($add).
Removed top 1 bits (of 3) from port A of cell cv32e40p_core.$2208 ($add).
Removed top 1 bits (of 3) from port B of cell cv32e40p_core.$2208 ($add).
Removed top 1 bits (of 3) from port A of cell cv32e40p_core.$2209 ($add).
Removed top 1 bits (of 3) from port B of cell cv32e40p_core.$2209 ($add).
Removed top 1 bits (of 3) from port A of cell cv32e40p_core.$2210 ($add).
Removed top 1 bits (of 3) from port B of cell cv32e40p_core.$2210 ($add).
Removed top 1 bits (of 3) from port A of cell cv32e40p_core.$2211 ($add).
Removed top 1 bits (of 3) from port B of cell cv32e40p_core.$2211 ($add).
Removed top 1 bits (of 3) from port A of cell cv32e40p_core.$2212 ($add).
Removed top 1 bits (of 3) from port B of cell cv32e40p_core.$2212 ($add).
Removed top 1 bits (of 3) from port A of cell cv32e40p_core.$2213 ($add).
Removed top 1 bits (of 3) from port B of cell cv32e40p_core.$2213 ($add).
Removed top 1 bits (of 3) from port A of cell cv32e40p_core.$2214 ($add).
Removed top 1 bits (of 3) from port B of cell cv32e40p_core.$2214 ($add).
Removed top 1 bits (of 4) from port A of cell cv32e40p_core.$2215 ($add).
Removed top 1 bits (of 4) from port B of cell cv32e40p_core.$2215 ($add).
Removed top 1 bits (of 4) from port A of cell cv32e40p_core.$2216 ($add).
Removed top 1 bits (of 4) from port B of cell cv32e40p_core.$2216 ($add).
Removed top 1 bits (of 4) from port A of cell cv32e40p_core.$2217 ($add).
Removed top 1 bits (of 4) from port B of cell cv32e40p_core.$2217 ($add).
Removed top 1 bits (of 4) from port A of cell cv32e40p_core.$2218 ($add).
Removed top 1 bits (of 4) from port B of cell cv32e40p_core.$2218 ($add).
Removed top 1 bits (of 5) from port A of cell cv32e40p_core.$2219 ($add).
Removed top 1 bits (of 5) from port B of cell cv32e40p_core.$2219 ($add).
Removed top 1 bits (of 5) from port A of cell cv32e40p_core.$2220 ($add).
Removed top 1 bits (of 5) from port B of cell cv32e40p_core.$2220 ($add).
Removed top 1 bits (of 6) from port A of cell cv32e40p_core.$2221 ($add).
Removed top 1 bits (of 6) from port B of cell cv32e40p_core.$2221 ($add).
Removed top 4 bits (of 5) from mux cell cv32e40p_core.$2272 ($mux).
Removed top 4 bits (of 5) from mux cell cv32e40p_core.$2275 ($mux).
Removed top 4 bits (of 5) from mux cell cv32e40p_core.$2278 ($mux).
Removed top 4 bits (of 5) from mux cell cv32e40p_core.$2281 ($mux).
Removed top 4 bits (of 5) from mux cell cv32e40p_core.$2284 ($mux).
Removed top 4 bits (of 5) from mux cell cv32e40p_core.$2287 ($mux).
Removed top 4 bits (of 5) from mux cell cv32e40p_core.$2290 ($mux).
Removed top 4 bits (of 5) from mux cell cv32e40p_core.$2293 ($mux).
Removed top 4 bits (of 5) from mux cell cv32e40p_core.$2296 ($mux).
Removed top 4 bits (of 5) from mux cell cv32e40p_core.$2299 ($mux).
Removed top 4 bits (of 5) from mux cell cv32e40p_core.$2302 ($mux).
Removed top 4 bits (of 5) from mux cell cv32e40p_core.$2305 ($mux).
Removed top 4 bits (of 5) from mux cell cv32e40p_core.$2308 ($mux).
Removed top 4 bits (of 5) from mux cell cv32e40p_core.$2311 ($mux).
Removed top 4 bits (of 5) from mux cell cv32e40p_core.$2314 ($mux).
Removed top 4 bits (of 5) from mux cell cv32e40p_core.$2317 ($mux).
Removed top 1 bits (of 6) from port A of cell cv32e40p_core.$2320 ($sub).
Removed top 5 bits (of 6) from port B of cell cv32e40p_core.$2320 ($sub).
Removed top 31 bits (of 32) from port A of cell cv32e40p_core.$2340 ($or).
Removed top 5 bits (of 6) from mux cell cv32e40p_core.$2347 ($mux).
Removed top 5 bits (of 6) from port B of cell cv32e40p_core.$2348 ($add).
Converting cell cv32e40p_core.$2371 ($mul) from unsigned to signed.
Removed top 17 bits (of 34) from port A of cell cv32e40p_core.$2371 ($mul).
Removed top 17 bits (of 34) from port B of cell cv32e40p_core.$2371 ($mul).
Removed top 1 bits (of 34) from port A of cell cv32e40p_core.$2372 ($add).
Removed top 2 bits (of 34) from port Y of cell cv32e40p_core.$2376 ($sshr).
Removed top 30 bits (of 32) from mux cell cv32e40p_core.$2576 ($mux).
Removed top 30 bits (of 32) from port A of cell cv32e40p_core.$2577 ($lt).
Removed top 30 bits (of 32) from port B of cell cv32e40p_core.$2577 ($lt).
Removed top 1 bits (of 2) from port B of cell cv32e40p_core.$2584 ($eq).
Removed top 1 bits (of 2) from port B of cell cv32e40p_core.$2593 ($sub).
Removed top 1 bits (of 2) from port B of cell cv32e40p_core.$2594 ($add).
Removed top 2 bits (of 12) from port B of cell cv32e40p_core.$2605 ($eq).
Converting cell cv32e40p_core.$2610 ($lt) from signed to unsigned.
Removed top 1 bits (of 6) from port A of cell cv32e40p_core.$2610 ($lt).
Removed top 1 bits (of 7) from port B of cell cv32e40p_core.$2610 ($lt).
Removed top 1 bits (of 12) from port B of cell cv32e40p_core.$2698 ($eq).
Removed top 1 bits (of 12) from port B of cell cv32e40p_core.$2701 ($eq).
Removed top 2 bits (of 12) from port B of cell cv32e40p_core.$2712 ($eq).
Removed top 2 bits (of 12) from port B of cell cv32e40p_core.$2714 ($eq).
Removed top 2 bits (of 12) from port B of cell cv32e40p_core.$2715 ($eq).
Removed top 2 bits (of 12) from port B of cell cv32e40p_core.$2717 ($eq).
Removed top 2 bits (of 12) from port B of cell cv32e40p_core.$2719 ($eq).
Removed top 2 bits (of 12) from port B of cell cv32e40p_core.$2721 ($eq).
Removed top 2 bits (of 12) from port B of cell cv32e40p_core.$2723 ($eq).
Removed top 2 bits (of 12) from port B of cell cv32e40p_core.$2725 ($eq).
Removed top 2 bits (of 12) from port B of cell cv32e40p_core.$2727 ($eq).
Removed top 2 bits (of 12) from port B of cell cv32e40p_core.$2729 ($eq).
Removed top 2 bits (of 12) from port B of cell cv32e40p_core.$2731 ($eq).
Removed top 2 bits (of 12) from port B of cell cv32e40p_core.$2733 ($eq).
Removed top 2 bits (of 12) from port B of cell cv32e40p_core.$2735 ($eq).
Removed top 2 bits (of 12) from port B of cell cv32e40p_core.$2737 ($eq).
Removed top 2 bits (of 12) from port B of cell cv32e40p_core.$2739 ($eq).
Removed top 2 bits (of 12) from port B of cell cv32e40p_core.$2741 ($eq).
Removed top 2 bits (of 12) from port B of cell cv32e40p_core.$2743 ($eq).
Removed top 2 bits (of 12) from port B of cell cv32e40p_core.$2745 ($eq).
Removed top 2 bits (of 12) from port B of cell cv32e40p_core.$2747 ($eq).
Removed top 2 bits (of 12) from port B of cell cv32e40p_core.$2749 ($eq).
Removed top 2 bits (of 12) from port B of cell cv32e40p_core.$2751 ($eq).
Removed top 2 bits (of 12) from port B of cell cv32e40p_core.$2753 ($eq).
Removed top 2 bits (of 12) from port B of cell cv32e40p_core.$2755 ($eq).
Removed top 2 bits (of 12) from port B of cell cv32e40p_core.$2757 ($eq).
Removed top 2 bits (of 12) from port B of cell cv32e40p_core.$2759 ($eq).
Removed top 2 bits (of 12) from port B of cell cv32e40p_core.$2761 ($eq).
Removed top 2 bits (of 12) from port B of cell cv32e40p_core.$2763 ($eq).
Removed top 2 bits (of 12) from port B of cell cv32e40p_core.$2765 ($eq).
Removed top 2 bits (of 12) from port B of cell cv32e40p_core.$2767 ($eq).
Removed top 2 bits (of 12) from port B of cell cv32e40p_core.$2769 ($eq).
Removed top 63 bits (of 64) from port B of cell cv32e40p_core.$2772 ($add).
Removed top 63 bits (of 64) from port B of cell cv32e40p_core.$2774 ($add).
Removed top 63 bits (of 64) from port B of cell cv32e40p_core.$2775 ($add).
Converting cell cv32e40p_core.$2807 ($ge) from signed to unsigned.
Removed top 1 bits (of 6) from port A of cell cv32e40p_core.$2807 ($ge).
Removed top 5 bits (of 16) from port A of cell cv32e40p_core.$2858 ($and).
Removed top 1 bits (of 12) from port B of cell cv32e40p_core.$procmux$146_CMP0 ($eq).
Removed top 1 bits (of 12) from port B of cell cv32e40p_core.$procmux$151_CMP0 ($eq).
Removed top 1 bits (of 12) from port B of cell cv32e40p_core.$procmux$157_CMP0 ($eq).
Removed top 1 bits (of 12) from port B of cell cv32e40p_core.$procmux$164_CMP0 ($eq).
Removed top 2 bits (of 12) from port B of cell cv32e40p_core.$procmux$193_CMP0 ($eq).
Removed top 2 bits (of 12) from port B of cell cv32e40p_core.$procmux$202_CMP0 ($eq).
Removed top 2 bits (of 12) from port B of cell cv32e40p_core.$procmux$212_CMP0 ($eq).
Removed top 2 bits (of 12) from port B of cell cv32e40p_core.$procmux$223_CMP0 ($eq).
Removed top 2 bits (of 12) from port B of cell cv32e40p_core.$procmux$259_CMP0 ($eq).
Removed top 1 bits (of 7) from mux cell cv32e40p_core.$procmux$367 ($mux).
Removed top 1 bits (of 3) from mux cell cv32e40p_core.$procmux$412 ($mux).
Removed top 1 bits (of 12) from port B of cell cv32e40p_core.$procmux$470_CMP0 ($eq).
Removed top 2 bits (of 12) from port B of cell cv32e40p_core.$procmux$476_CMP0 ($eq).
Removed top 2 bits (of 12) from port B of cell cv32e40p_core.$procmux$482_CMP0 ($eq).
Removed top 1 bits (of 2) from port B of cell cv32e40p_core.$procmux$525_CMP0 ($eq).
Removed top 1 bits (of 2) from port B of cell cv32e40p_core.$procmux$530_CMP0 ($eq).
Removed top 1 bits (of 2) from port B of cell cv32e40p_core.$procmux$560_CMP0 ($eq).
Removed top 1 bits (of 2) from port B of cell cv32e40p_core.$procmux$601_CMP0 ($eq).
Removed top 1 bits (of 2) from port B of cell cv32e40p_core.$procmux$734_CMP0 ($eq).
Removed top 1 bits (of 7) from port B of cell cv32e40p_core.$procmux$926_CMP0 ($eq).
Removed top 1 bits (of 7) from port B of cell cv32e40p_core.$procmux$926_CMP3 ($eq).
Removed top 3 bits (of 7) from port B of cell cv32e40p_core.$procmux$928_CMP0 ($eq).
Removed top 2 bits (of 7) from port B of cell cv32e40p_core.$procmux$931_CMP3 ($eq).
Removed top 1 bits (of 7) from port B of cell cv32e40p_core.$procmux$934_CMP0 ($eq).
Removed top 1 bits (of 7) from port B of cell cv32e40p_core.$procmux$935_CMP0 ($eq).
Removed top 1 bits (of 7) from port B of cell cv32e40p_core.$procmux$936_CMP2 ($eq).
Removed top 1 bits (of 7) from port B of cell cv32e40p_core.$procmux$937_CMP9 ($eq).
Removed top 1 bits (of 7) from port B of cell cv32e40p_core.$procmux$938_CMP0 ($eq).
Removed top 1 bits (of 7) from port B of cell cv32e40p_core.$procmux$939_CMP0 ($eq).
Removed top 2 bits (of 7) from port B of cell cv32e40p_core.$procmux$940_CMP0 ($eq).
Removed top 1 bits (of 6) from mux cell cv32e40p_core.$procmux$953 ($mux).
Removed top 1 bits (of 7) from port B of cell cv32e40p_core.$procmux$1010_CMP1 ($eq).
Removed top 1 bits (of 7) from port B of cell cv32e40p_core.$procmux$1013_CMP0 ($eq).
Removed top 1 bits (of 7) from port B of cell cv32e40p_core.$procmux$1015_CMP0 ($eq).
Removed top 1 bits (of 7) from port B of cell cv32e40p_core.$procmux$1015_CMP1 ($eq).
Removed top 1 bits (of 7) from port B of cell cv32e40p_core.$procmux$1017_CMP0 ($eq).
Removed top 1 bits (of 7) from port B of cell cv32e40p_core.$procmux$1019_CMP0 ($eq).
Removed top 4 bits (of 7) from port B of cell cv32e40p_core.$procmux$1164_CMP0 ($eq).
Removed top 4 bits (of 7) from port B of cell cv32e40p_core.$procmux$1164_CMP1 ($eq).
Removed top 4 bits (of 7) from port B of cell cv32e40p_core.$procmux$1164_CMP2 ($eq).
Removed top 4 bits (of 7) from port B of cell cv32e40p_core.$procmux$1164_CMP3 ($eq).
Removed top 5 bits (of 7) from port B of cell cv32e40p_core.$procmux$1165_CMP1 ($eq).
Removed top 6 bits (of 7) from port B of cell cv32e40p_core.$procmux$1165_CMP2 ($eq).
Removed top 5 bits (of 7) from port B of cell cv32e40p_core.$procmux$1165_CMP3 ($eq).
Removed top 3 bits (of 7) from port B of cell cv32e40p_core.$procmux$1166_CMP0 ($eq).
Removed top 3 bits (of 7) from port B of cell cv32e40p_core.$procmux$1166_CMP1 ($eq).
Removed top 3 bits (of 7) from port B of cell cv32e40p_core.$procmux$1167_CMP0 ($eq).
Removed top 3 bits (of 7) from port B of cell cv32e40p_core.$procmux$1167_CMP1 ($eq).
Removed top 3 bits (of 7) from port B of cell cv32e40p_core.$procmux$1168_CMP0 ($eq).
Removed top 2 bits (of 7) from port B of cell cv32e40p_core.$procmux$1181_CMP7 ($eq).
Removed top 3 bits (of 5) from mux cell cv32e40p_core.$procmux$3090 ($mux).
Removed top 2 bits (of 5) from mux cell cv32e40p_core.$procmux$3187 ($mux).
Removed top 1 bits (of 5) from mux cell cv32e40p_core.$procmux$3281 ($mux).
Removed top 1 bits (of 5) from mux cell cv32e40p_core.$procmux$3372 ($mux).
Removed top 1 bits (of 5) from mux cell cv32e40p_core.$procmux$3460 ($mux).
Removed top 1 bits (of 5) from mux cell cv32e40p_core.$procmux$3545 ($mux).
Removed top 1 bits (of 5) from mux cell cv32e40p_core.$procmux$3627 ($mux).
Removed top 1 bits (of 5) from mux cell cv32e40p_core.$procmux$3706 ($mux).
Removed top 1 bits (of 5) from mux cell cv32e40p_core.$procmux$3782 ($mux).
Removed top 1 bits (of 5) from mux cell cv32e40p_core.$procmux$3855 ($mux).
Removed top 1 bits (of 5) from mux cell cv32e40p_core.$procmux$3925 ($mux).
Removed top 1 bits (of 5) from mux cell cv32e40p_core.$procmux$3992 ($mux).
Removed top 1 bits (of 5) from mux cell cv32e40p_core.$procmux$4056 ($mux).
Removed top 1 bits (of 5) from mux cell cv32e40p_core.$procmux$4117 ($mux).
Removed top 1 bits (of 5) from mux cell cv32e40p_core.$procmux$4175 ($mux).
Removed top 1 bits (of 5) from mux cell cv32e40p_core.$procmux$4230 ($mux).
Removed top 1 bits (of 3) from port B of cell cv32e40p_core.$procmux$4745_CMP0 ($eq).
Removed top 2 bits (of 3) from port B of cell cv32e40p_core.$procmux$4753_CMP0 ($eq).
Removed top 1 bits (of 2) from mux cell cv32e40p_core.$procmux$4791 ($mux).
Removed top 1 bits (of 2) from mux cell cv32e40p_core.$procmux$4799 ($mux).
Removed top 1 bits (of 3) from mux cell cv32e40p_core.$procmux$4936 ($mux).
Removed top 1 bits (of 3) from mux cell cv32e40p_core.$procmux$4953 ($mux).
Removed top 1 bits (of 3) from mux cell cv32e40p_core.$procmux$4967 ($mux).
Removed top 1 bits (of 3) from mux cell cv32e40p_core.$procmux$5001 ($mux).
Removed top 2 bits (of 4) from mux cell cv32e40p_core.$procmux$5009 ($mux).
Removed top 1 bits (of 3) from mux cell cv32e40p_core.$procmux$5048 ($mux).
Removed top 1 bits (of 4) from mux cell cv32e40p_core.$procmux$5059 ($pmux).
Removed top 1 bits (of 3) from mux cell cv32e40p_core.$procmux$5517 ($pmux).
Removed top 1 bits (of 4) from mux cell cv32e40p_core.$procmux$5539 ($pmux).
Removed top 1 bits (of 3) from mux cell cv32e40p_core.$procmux$5631 ($mux).
Removed top 1 bits (of 4) from mux cell cv32e40p_core.$procmux$5650 ($mux).
Removed top 1 bits (of 3) from mux cell cv32e40p_core.$procmux$5829 ($mux).
Removed top 1 bits (of 4) from mux cell cv32e40p_core.$procmux$5844 ($mux).
Removed top 4 bits (of 5) from mux cell cv32e40p_core.$procmux$5963 ($mux).
Removed top 2 bits (of 6) from mux cell cv32e40p_core.$procmux$6162 ($pmux).
Removed top 2 bits (of 6) from mux cell cv32e40p_core.$procmux$6229 ($mux).
Removed top 2 bits (of 6) from mux cell cv32e40p_core.$procmux$6302 ($mux).
Removed top 2 bits (of 4) from mux cell cv32e40p_core.$procmux$7959 ($mux).
Removed top 2 bits (of 4) from mux cell cv32e40p_core.$procmux$8260 ($mux).
Removed top 1 bits (of 4) from mux cell cv32e40p_core.$procmux$8397 ($mux).
Removed top 1 bits (of 4) from mux cell cv32e40p_core.$procmux$9498 ($mux).
Removed top 1 bits (of 4) from mux cell cv32e40p_core.$procmux$10079 ($mux).
Removed top 1 bits (of 4) from mux cell cv32e40p_core.$procmux$10616 ($mux).
Removed top 1 bits (of 4) from mux cell cv32e40p_core.$procmux$11183 ($mux).
Removed top 1 bits (of 4) from mux cell cv32e40p_core.$procmux$11813 ($mux).
Removed top 1 bits (of 3) from mux cell cv32e40p_core.$procmux$12326 ($pmux).
Removed top 1 bits (of 4) from mux cell cv32e40p_core.$procmux$12341 ($pmux).
Removed top 1 bits (of 12) from port B of cell cv32e40p_core.$procmux$12535_CMP0 ($eq).
Removed top 1 bits (of 12) from port B of cell cv32e40p_core.$procmux$12535_CMP1 ($eq).
Removed top 1 bits (of 12) from port B of cell cv32e40p_core.$procmux$12535_CMP2 ($eq).
Removed top 1 bits (of 12) from port B of cell cv32e40p_core.$procmux$12535_CMP3 ($eq).
Removed top 11 bits (of 12) from port B of cell cv32e40p_core.$procmux$12670_CMP0 ($eq).
Removed top 10 bits (of 12) from port B of cell cv32e40p_core.$procmux$12670_CMP1 ($eq).
Removed top 1 bits (of 12) from port B of cell cv32e40p_core.$procmux$12685_CMP0 ($eq).
Removed top 1 bits (of 12) from port B of cell cv32e40p_core.$procmux$12685_CMP1 ($eq).
Removed top 1 bits (of 12) from port B of cell cv32e40p_core.$procmux$12685_CMP2 ($eq).
Removed top 1 bits (of 12) from port B of cell cv32e40p_core.$procmux$12685_CMP3 ($eq).
Removed top 1 bits (of 12) from port B of cell cv32e40p_core.$procmux$12685_CMP4 ($eq).
Removed top 1 bits (of 12) from port B of cell cv32e40p_core.$procmux$12685_CMP5 ($eq).
Removed top 1 bits (of 12) from port B of cell cv32e40p_core.$procmux$12685_CMP6 ($eq).
Removed top 2 bits (of 12) from port B of cell cv32e40p_core.$procmux$12691_CMP62 ($eq).
Removed top 2 bits (of 12) from port B of cell cv32e40p_core.$procmux$12691_CMP63 ($eq).
Removed top 2 bits (of 12) from port B of cell cv32e40p_core.$procmux$12691_CMP64 ($eq).
Removed top 2 bits (of 12) from port B of cell cv32e40p_core.$procmux$12691_CMP65 ($eq).
Removed top 2 bits (of 12) from port B of cell cv32e40p_core.$procmux$12691_CMP66 ($eq).
Removed top 2 bits (of 12) from port B of cell cv32e40p_core.$procmux$12691_CMP67 ($eq).
Removed top 2 bits (of 12) from port B of cell cv32e40p_core.$procmux$12691_CMP68 ($eq).
Removed top 2 bits (of 12) from port B of cell cv32e40p_core.$procmux$12691_CMP69 ($eq).
Removed top 2 bits (of 12) from port B of cell cv32e40p_core.$procmux$12691_CMP70 ($eq).
Removed top 2 bits (of 12) from port B of cell cv32e40p_core.$procmux$12691_CMP71 ($eq).
Removed top 2 bits (of 12) from port B of cell cv32e40p_core.$procmux$12691_CMP72 ($eq).
Removed top 2 bits (of 12) from port B of cell cv32e40p_core.$procmux$12691_CMP73 ($eq).
Removed top 2 bits (of 12) from port B of cell cv32e40p_core.$procmux$12691_CMP74 ($eq).
Removed top 2 bits (of 12) from port B of cell cv32e40p_core.$procmux$12691_CMP75 ($eq).
Removed top 2 bits (of 12) from port B of cell cv32e40p_core.$procmux$12691_CMP76 ($eq).
Removed top 2 bits (of 12) from port B of cell cv32e40p_core.$procmux$12691_CMP77 ($eq).
Removed top 2 bits (of 12) from port B of cell cv32e40p_core.$procmux$12691_CMP78 ($eq).
Removed top 2 bits (of 12) from port B of cell cv32e40p_core.$procmux$12691_CMP79 ($eq).
Removed top 2 bits (of 12) from port B of cell cv32e40p_core.$procmux$12691_CMP80 ($eq).
Removed top 2 bits (of 12) from port B of cell cv32e40p_core.$procmux$12691_CMP81 ($eq).
Removed top 2 bits (of 12) from port B of cell cv32e40p_core.$procmux$12691_CMP82 ($eq).
Removed top 2 bits (of 12) from port B of cell cv32e40p_core.$procmux$12691_CMP83 ($eq).
Removed top 2 bits (of 12) from port B of cell cv32e40p_core.$procmux$12691_CMP84 ($eq).
Removed top 2 bits (of 12) from port B of cell cv32e40p_core.$procmux$12691_CMP85 ($eq).
Removed top 2 bits (of 12) from port B of cell cv32e40p_core.$procmux$12691_CMP86 ($eq).
Removed top 2 bits (of 12) from port B of cell cv32e40p_core.$procmux$12691_CMP87 ($eq).
Removed top 2 bits (of 12) from port B of cell cv32e40p_core.$procmux$12691_CMP88 ($eq).
Removed top 2 bits (of 12) from port B of cell cv32e40p_core.$procmux$12691_CMP89 ($eq).
Removed top 2 bits (of 12) from port B of cell cv32e40p_core.$procmux$12691_CMP90 ($eq).
Removed top 2 bits (of 12) from port B of cell cv32e40p_core.$procmux$12691_CMP91 ($eq).
Removed top 2 bits (of 12) from port B of cell cv32e40p_core.$procmux$12692_CMP0 ($eq).
Removed top 2 bits (of 12) from port B of cell cv32e40p_core.$procmux$12692_CMP1 ($eq).
Removed top 2 bits (of 12) from port B of cell cv32e40p_core.$procmux$12692_CMP2 ($eq).
Removed top 2 bits (of 12) from port B of cell cv32e40p_core.$procmux$12692_CMP3 ($eq).
Removed top 2 bits (of 12) from port B of cell cv32e40p_core.$procmux$12692_CMP4 ($eq).
Removed top 2 bits (of 12) from port B of cell cv32e40p_core.$procmux$12693_CMP0 ($eq).
Removed top 2 bits (of 12) from port B of cell cv32e40p_core.$procmux$12693_CMP1 ($eq).
Removed top 2 bits (of 12) from port B of cell cv32e40p_core.$procmux$12693_CMP2 ($eq).
Removed top 2 bits (of 12) from port B of cell cv32e40p_core.$procmux$12693_CMP3 ($eq).
Removed top 1 bits (of 2) from port B of cell cv32e40p_core.$procmux$12738_CMP0 ($eq).
Removed top 1 bits (of 3) from mux cell cv32e40p_core.$procmux$12760 ($mux).
Removed top 3 bits (of 12) from port B of cell cv32e40p_core.$procmux$12822_CMP0 ($eq).
Removed top 1 bits (of 3) from mux cell cv32e40p_core.$procmux$12834 ($mux).
Removed top 2 bits (of 7) from mux cell cv32e40p_core.$procmux$12849 ($mux).
Removed top 1 bits (of 3) from mux cell cv32e40p_core.$procmux$12879 ($mux).
Removed top 2 bits (of 7) from mux cell cv32e40p_core.$procmux$12893 ($mux).
Removed top 2 bits (of 12) from port B of cell cv32e40p_core.$procmux$12971_CMP0 ($eq).
Removed top 1 bits (of 3) from mux cell cv32e40p_core.$procmux$13075 ($mux).
Removed top 2 bits (of 7) from mux cell cv32e40p_core.$procmux$13086 ($mux).
Removed top 1 bits (of 3) from mux cell cv32e40p_core.$procmux$13243 ($mux).
Removed top 2 bits (of 7) from mux cell cv32e40p_core.$procmux$13251 ($mux).
Removed top 2 bits (of 3) from port B of cell cv32e40p_core.$procmux$13340_CMP0 ($eq).
Removed top 3 bits (of 7) from port B of cell cv32e40p_core.$procmux$13343_CMP0 ($eq).
Removed top 1 bits (of 7) from port B of cell cv32e40p_core.$procmux$13424_CMP0 ($eq).
Removed top 5 bits (of 9) from port B of cell cv32e40p_core.$procmux$14131_CMP0 ($eq).
Removed top 5 bits (of 9) from port B of cell cv32e40p_core.$procmux$14175_CMP0 ($eq).
Removed top 5 bits (of 9) from port B of cell cv32e40p_core.$procmux$14220_CMP0 ($eq).
Removed top 5 bits (of 9) from port B of cell cv32e40p_core.$procmux$14266_CMP0 ($eq).
Removed top 5 bits (of 9) from port B of cell cv32e40p_core.$procmux$14314_CMP0 ($eq).
Removed top 5 bits (of 9) from port B of cell cv32e40p_core.$procmux$14315_CMP0 ($eq).
Removed top 5 bits (of 9) from port B of cell cv32e40p_core.$procmux$14316_CMP0 ($eq).
Removed top 5 bits (of 9) from port B of cell cv32e40p_core.$procmux$14317_CMP0 ($eq).
Removed top 1 bits (of 3) from mux cell cv32e40p_core.$procmux$14572 ($mux).
Removed top 1 bits (of 7) from mux cell cv32e40p_core.$procmux$14666 ($pmux).
Removed top 6 bits (of 9) from port B of cell cv32e40p_core.$procmux$14672_CMP0 ($eq).
Removed top 8 bits (of 9) from port B of cell cv32e40p_core.$procmux$14673_CMP0 ($eq).
Removed top 6 bits (of 9) from port B of cell cv32e40p_core.$procmux$14674_CMP0 ($eq).
Removed top 6 bits (of 9) from port B of cell cv32e40p_core.$procmux$14675_CMP0 ($eq).
Removed top 6 bits (of 9) from port B of cell cv32e40p_core.$procmux$14676_CMP0 ($eq).
Removed top 7 bits (of 9) from port B of cell cv32e40p_core.$procmux$14677_CMP0 ($eq).
Removed top 7 bits (of 9) from port B of cell cv32e40p_core.$procmux$14834_CMP0 ($eq).
Removed top 1 bits (of 3) from mux cell cv32e40p_core.$procmux$15075 ($mux).
Removed top 1 bits (of 7) from mux cell cv32e40p_core.$procmux$15113 ($mux).
Removed top 1 bits (of 3) from mux cell cv32e40p_core.$procmux$15316 ($mux).
Removed top 1 bits (of 7) from mux cell cv32e40p_core.$procmux$15348 ($mux).
Removed top 1 bits (of 7) from mux cell cv32e40p_core.$procmux$15412 ($mux).
Removed top 2 bits (of 7) from port B of cell cv32e40p_core.$procmux$15420_CMP0 ($eq).
Removed top 1 bits (of 7) from mux cell cv32e40p_core.$procmux$15455 ($mux).
Removed top 1 bits (of 3) from port B of cell cv32e40p_core.$procmux$15518_CMP0 ($eq).
Removed top 1 bits (of 2) from mux cell cv32e40p_core.$procmux$15861 ($mux).
Removed top 1 bits (of 3) from mux cell cv32e40p_core.$procmux$15965 ($mux).
Removed top 2 bits (of 7) from mux cell cv32e40p_core.$procmux$15986 ($mux).
Removed top 3 bits (of 4) from mux cell cv32e40p_core.$procmux$16184 ($mux).
Removed top 1 bits (of 3) from mux cell cv32e40p_core.$procmux$16209 ($mux).
Removed top 3 bits (of 4) from mux cell cv32e40p_core.$procmux$16459 ($mux).
Removed top 1 bits (of 2) from mux cell cv32e40p_core.$procmux$16481 ($mux).
Removed top 1 bits (of 3) from mux cell cv32e40p_core.$procmux$16503 ($mux).
Removed top 2 bits (of 7) from mux cell cv32e40p_core.$procmux$16525 ($mux).
Removed top 3 bits (of 7) from mux cell cv32e40p_core.$procmux$16635 ($pmux).
Removed top 2 bits (of 7) from port B of cell cv32e40p_core.$procmux$16820_CMP0 ($eq).
Removed top 1 bits (of 7) from port B of cell cv32e40p_core.$procmux$16821_CMP0 ($eq).
Removed top 1 bits (of 2) from mux cell cv32e40p_core.$procmux$16885 ($mux).
Removed top 2 bits (of 4) from mux cell cv32e40p_core.$procmux$17018 ($pmux).
Removed top 1 bits (of 3) from mux cell cv32e40p_core.$procmux$17077 ($pmux).
Removed top 1 bits (of 2) from port A of cell cv32e40p_core.$procmux$17532_CMP0 ($eq).
Removed top 1 bits (of 2) from port A of cell cv32e40p_core.$procmux$17533_CMP0 ($eq).
Removed top 1 bits (of 2) from port B of cell cv32e40p_core.$procmux$17533_CMP0 ($eq).
Removed top 1 bits (of 2) from port B of cell cv32e40p_core.$procmux$17540_CMP0 ($eq).
Removed top 1 bits (of 2) from port B of cell cv32e40p_core.$procmux$17545_CMP0 ($eq).
Removed top 1 bits (of 3) from port B of cell cv32e40p_core.$procmux$17555_CMP0 ($eq).
Removed top 2 bits (of 3) from port B of cell cv32e40p_core.$procmux$17556_CMP0 ($eq).
Removed top 1 bits (of 3) from port B of cell cv32e40p_core.$procmux$17557_CMP0 ($eq).
Removed top 2 bits (of 4) from port A of cell cv32e40p_core.$procmux$17560_CMP0 ($eq).
Removed top 2 bits (of 4) from port A of cell cv32e40p_core.$procmux$17561_CMP0 ($eq).
Removed top 2 bits (of 4) from port A of cell cv32e40p_core.$procmux$17562_CMP0 ($eq).
Removed top 1 bits (of 4) from port B of cell cv32e40p_core.$procmux$17562_CMP0 ($eq).
Removed top 2 bits (of 4) from port A of cell cv32e40p_core.$procmux$17563_CMP0 ($eq).
Removed top 1 bits (of 4) from port B of cell cv32e40p_core.$procmux$17563_CMP0 ($eq).
Removed top 2 bits (of 4) from port A of cell cv32e40p_core.$procmux$17564_CMP0 ($eq).
Removed top 1 bits (of 4) from port B of cell cv32e40p_core.$procmux$17564_CMP0 ($eq).
Removed top 2 bits (of 4) from port A of cell cv32e40p_core.$procmux$17565_CMP0 ($eq).
Removed top 2 bits (of 4) from port A of cell cv32e40p_core.$procmux$17566_CMP0 ($eq).
Removed top 1 bits (of 4) from port B of cell cv32e40p_core.$procmux$17566_CMP0 ($eq).
Removed top 2 bits (of 4) from port A of cell cv32e40p_core.$procmux$17567_CMP0 ($eq).
Removed top 2 bits (of 4) from port B of cell cv32e40p_core.$procmux$17567_CMP0 ($eq).
Removed top 2 bits (of 4) from port A of cell cv32e40p_core.$procmux$17568_CMP0 ($eq).
Removed top 2 bits (of 4) from port B of cell cv32e40p_core.$procmux$17568_CMP0 ($eq).
Removed top 2 bits (of 4) from port A of cell cv32e40p_core.$procmux$17569_CMP0 ($eq).
Removed top 3 bits (of 4) from port B of cell cv32e40p_core.$procmux$17569_CMP0 ($eq).
Removed top 1 bits (of 2) from port B of cell cv32e40p_core.$procmux$17574_CMP0 ($eq).
Removed top 1 bits (of 3) from port A of cell cv32e40p_core.$procmux$17580_CMP0 ($eq).
Removed top 1 bits (of 3) from port B of cell cv32e40p_core.$procmux$17580_CMP0 ($eq).
Removed top 1 bits (of 3) from port A of cell cv32e40p_core.$procmux$17581_CMP0 ($eq).
Removed top 2 bits (of 3) from port B of cell cv32e40p_core.$procmux$17581_CMP0 ($eq).
Removed top 1 bits (of 3) from port A of cell cv32e40p_core.$procmux$17582_CMP0 ($eq).
Removed top 1 bits (of 3) from port A of cell cv32e40p_core.$procmux$17583_CMP0 ($eq).
Removed top 1 bits (of 3) from port B of cell cv32e40p_core.$procmux$17583_CMP0 ($eq).
Removed top 1 bits (of 2) from port B of cell cv32e40p_core.$procmux$17588_CMP0 ($eq).
Removed top 11 bits (of 32) from mux cell cv32e40p_core.$procmux$17644 ($mux).
Removed top 7 bits (of 32) from mux cell cv32e40p_core.$procmux$17692 ($mux).
Removed top 1 bits (of 3) from port B of cell cv32e40p_core.$procmux$17749_CMP0 ($eq).
Removed top 1 bits (of 3) from port B of cell cv32e40p_core.$procmux$17761_CMP0 ($eq).
Removed top 2 bits (of 3) from port B of cell cv32e40p_core.$procmux$17772_CMP0 ($eq).
Removed top 1 bits (of 2) from port B of cell cv32e40p_core.$procmux$17859_CMP0 ($eq).
Removed top 1 bits (of 3) from port B of cell cv32e40p_core.$procmux$17865_CMP0 ($eq).
Removed top 1 bits (of 32) from mux cell cv32e40p_core.$procmux$17864 ($pmux).
Removed top 1 bits (of 3) from port B of cell cv32e40p_core.$procmux$17866_CMP0 ($eq).
Removed top 2 bits (of 3) from port B of cell cv32e40p_core.$procmux$17867_CMP0 ($eq).
Removed top 1 bits (of 2) from port B of cell cv32e40p_core.$procmux$17883_CMP1 ($eq).
Removed top 3 bits (of 32) from mux cell cv32e40p_core.$procmux$17967 ($mux).
Removed top 2 bits (of 32) from mux cell cv32e40p_core.$procmux$18120 ($pmux).
Removed top 16 bits (of 32) from mux cell cv32e40p_core.$procmux$18160 ($mux).
Removed top 1 bits (of 2) from port B of cell cv32e40p_core.$procmux$18526_CMP0 ($eq).
Removed top 1 bits (of 4) from port A of cell cv32e40p_core.$procmux$18566_CMP0 ($eq).
Removed top 1 bits (of 4) from port A of cell cv32e40p_core.$procmux$18567_CMP0 ($eq).
Removed top 3 bits (of 4) from port B of cell cv32e40p_core.$procmux$18567_CMP0 ($eq).
Removed top 1 bits (of 4) from port A of cell cv32e40p_core.$procmux$18568_CMP0 ($eq).
Removed top 1 bits (of 4) from port B of cell cv32e40p_core.$procmux$18568_CMP0 ($eq).
Removed top 1 bits (of 4) from port A of cell cv32e40p_core.$procmux$18569_CMP0 ($eq).
Removed top 1 bits (of 4) from port B of cell cv32e40p_core.$procmux$18569_CMP0 ($eq).
Removed top 1 bits (of 4) from port A of cell cv32e40p_core.$procmux$18570_CMP0 ($eq).
Removed top 1 bits (of 4) from port B of cell cv32e40p_core.$procmux$18570_CMP0 ($eq).
Removed top 1 bits (of 4) from port A of cell cv32e40p_core.$procmux$18571_CMP0 ($eq).
Removed top 1 bits (of 4) from port B of cell cv32e40p_core.$procmux$18571_CMP0 ($eq).
Removed top 1 bits (of 4) from port A of cell cv32e40p_core.$procmux$18572_CMP0 ($eq).
Removed top 2 bits (of 4) from port B of cell cv32e40p_core.$procmux$18572_CMP0 ($eq).
Removed top 1 bits (of 4) from port A of cell cv32e40p_core.$procmux$18573_CMP0 ($eq).
Removed top 2 bits (of 4) from port B of cell cv32e40p_core.$procmux$18573_CMP0 ($eq).
Removed top 1 bits (of 3) from port A of cell cv32e40p_core.$procmux$18576_CMP0 ($eq).
Removed top 1 bits (of 3) from port B of cell cv32e40p_core.$procmux$18576_CMP0 ($eq).
Removed top 1 bits (of 3) from port A of cell cv32e40p_core.$procmux$18577_CMP0 ($eq).
Removed top 1 bits (of 3) from port B of cell cv32e40p_core.$procmux$18577_CMP0 ($eq).
Removed top 1 bits (of 3) from port A of cell cv32e40p_core.$procmux$18578_CMP0 ($eq).
Removed top 2 bits (of 3) from port B of cell cv32e40p_core.$procmux$18578_CMP0 ($eq).
Removed top 27 bits (of 32) from mux cell cv32e40p_core.$1977 ($mux).
Removed top 1 bits (of 3) from mux cell cv32e40p_core.$procmux$182 ($mux).
Removed top 1 bits (of 7) from mux cell cv32e40p_core.$procmux$256 ($mux).
Removed top 1 bits (of 6) from port Y of cell cv32e40p_core.$2348 ($add).
Removed top 1 bits (of 6) from port A of cell cv32e40p_core.$2348 ($add).
Removed top 1 bits (of 6) from mux cell cv32e40p_core.$2346 ($mux).
Removed top 31 bits (of 32) from wire cv32e40p_core.$103y.
Removed top 30 bits (of 32) from wire cv32e40p_core.$105y.
Removed top 31 bits (of 32) from wire cv32e40p_core.$113y.
Removed top 30 bits (of 32) from wire cv32e40p_core.$115y.
Removed top 1 bits (of 3) from wire cv32e40p_core.$1366y.
Removed top 3 bits (of 4) from wire cv32e40p_core.$1435y.
Removed top 2 bits (of 4) from wire cv32e40p_core.$1436y.
Removed top 5 bits (of 6) from wire cv32e40p_core.$2347y.
Removed top 29 bits (of 32) from wire cv32e40p_core.$33y.
Removed top 29 bits (of 32) from wire cv32e40p_core.$394y.
Removed top 1 bits (of 3) from wire cv32e40p_core.$cs_registers_i.dcsr_n[2:0]$2635.
Removed top 1 bits (of 3) from wire cv32e40p_core.$cs_registers_i.dcsr_n[2:0]$2646.
Removed top 1 bits (of 6) from wire cv32e40p_core.$cs_registers_i.mcause_n$2634.
Removed top 3 bits (of 32) from wire cv32e40p_core.$cs_registers_i.mepc_n$2633.
Removed top 1 bits (of 32) from wire cv32e40p_core.$cs_registers_i.mepc_n$2645.
Removed top 32 bits (of 64) from wire cv32e40p_core.$cs_registers_i.mhpmcounter_q[191:128]$3069.
Removed top 32 bits (of 64) from wire cv32e40p_core.$cs_registers_i.mhpmcounter_q[255:192]$3076.
Removed top 32 bits (of 64) from wire cv32e40p_core.$cs_registers_i.mhpmcounter_q[63:0]$3062.
Removed top 1 bits (of 7) from wire cv32e40p_core.$cs_registers_i.mstatus_n$2626.
Removed top 1 bits (of 7) from wire cv32e40p_core.$cs_registers_i.mstatus_n$2654.
Removed top 7 bits (of 24) from wire cv32e40p_core.$cs_registers_i.mtvec_n$2629.
Removed top 1 bits (of 6) from wire cv32e40p_core.$ex_stage_i.alu_i.bitop_result$2324.
Removed top 2 bits (of 6) from wire cv32e40p_core.$id_stage_i.controller_i.csr_cause_o$1349.
Removed top 2 bits (of 6) from wire cv32e40p_core.$id_stage_i.controller_i.csr_cause_o$1352.
Removed top 2 bits (of 6) from wire cv32e40p_core.$id_stage_i.controller_i.csr_cause_o$1355.
Removed top 1 bits (of 3) from wire cv32e40p_core.$id_stage_i.controller_i.debug_cause_o$1448.
Removed top 1 bits (of 3) from wire cv32e40p_core.$id_stage_i.controller_i.debug_cause_o$1449.
Removed top 1 bits (of 3) from wire cv32e40p_core.$id_stage_i.controller_i.debug_cause_o$1450.
Removed top 1 bits (of 3) from wire cv32e40p_core.$id_stage_i.controller_i.debug_cause_o$1451.
Removed top 4 bits (of 5) from wire cv32e40p_core.$id_stage_i.controller_i.exc_cause_o$1416.
Removed top 1 bits (of 3) from wire cv32e40p_core.$id_stage_i.controller_i.exc_pc_mux_o$1392.
Removed top 1 bits (of 3) from wire cv32e40p_core.$id_stage_i.controller_i.exc_pc_mux_o$1402.
Removed top 1 bits (of 3) from wire cv32e40p_core.$id_stage_i.controller_i.exc_pc_mux_o$1413.
Removed top 1 bits (of 3) from wire cv32e40p_core.$id_stage_i.controller_i.exc_pc_mux_o$1439.
Removed top 1 bits (of 2) from wire cv32e40p_core.$id_stage_i.controller_i.operand_c_fw_mux_sel_o$1567.
Removed top 1 bits (of 4) from wire cv32e40p_core.$id_stage_i.controller_i.pc_mux_o$1109.
Removed top 2 bits (of 4) from wire cv32e40p_core.$id_stage_i.controller_i.pc_mux_o$1183.
Removed top 2 bits (of 4) from wire cv32e40p_core.$id_stage_i.controller_i.pc_mux_o$1190.
Removed top 1 bits (of 4) from wire cv32e40p_core.$id_stage_i.controller_i.pc_mux_o$1210.
Removed top 1 bits (of 4) from wire cv32e40p_core.$id_stage_i.controller_i.pc_mux_o$1230.
Removed top 1 bits (of 4) from wire cv32e40p_core.$id_stage_i.controller_i.pc_mux_o$1251.
Removed top 1 bits (of 4) from wire cv32e40p_core.$id_stage_i.controller_i.pc_mux_o$1273.
Removed top 1 bits (of 4) from wire cv32e40p_core.$id_stage_i.controller_i.pc_mux_o$1321.
Removed top 1 bits (of 4) from wire cv32e40p_core.$id_stage_i.controller_i.pc_mux_o$1391.
Removed top 2 bits (of 4) from wire cv32e40p_core.$id_stage_i.controller_i.pc_mux_o$1401.
Removed top 1 bits (of 4) from wire cv32e40p_core.$id_stage_i.controller_i.pc_mux_o$1412.
Removed top 2 bits (of 4) from wire cv32e40p_core.$id_stage_i.controller_i.pc_mux_o$1438.
Removed top 2 bits (of 4) from wire cv32e40p_core.$id_stage_i.controller_i.pc_mux_o$1445.
Removed top 1 bits (of 3) from wire cv32e40p_core.$id_stage_i.decoder_i.alu_op_a_mux_sel_o$1017.
Removed top 1 bits (of 3) from wire cv32e40p_core.$id_stage_i.decoder_i.alu_op_a_mux_sel_o$901.
Removed top 1 bits (of 3) from wire cv32e40p_core.$id_stage_i.decoder_i.alu_op_a_mux_sel_o$913.
Removed top 1 bits (of 3) from wire cv32e40p_core.$id_stage_i.decoder_i.alu_op_a_mux_sel_o$926.
Removed top 1 bits (of 3) from wire cv32e40p_core.$id_stage_i.decoder_i.alu_op_a_mux_sel_o$976.
Removed top 1 bits (of 3) from wire cv32e40p_core.$id_stage_i.decoder_i.alu_op_b_mux_sel_o$804.
Removed top 1 bits (of 3) from wire cv32e40p_core.$id_stage_i.decoder_i.alu_op_b_mux_sel_o$814.
Removed top 1 bits (of 3) from wire cv32e40p_core.$id_stage_i.decoder_i.alu_op_b_mux_sel_o$842.
Removed top 1 bits (of 3) from wire cv32e40p_core.$id_stage_i.decoder_i.alu_op_b_mux_sel_o$946.
Removed top 1 bits (of 3) from wire cv32e40p_core.$id_stage_i.decoder_i.alu_op_b_mux_sel_o$959.
Removed top 1 bits (of 3) from wire cv32e40p_core.$id_stage_i.decoder_i.alu_op_b_mux_sel_o$972.
Removed top 1 bits (of 2) from wire cv32e40p_core.$id_stage_i.decoder_i.alu_op_c_mux_sel_o$815.
Removed top 2 bits (of 7) from wire cv32e40p_core.$id_stage_i.decoder_i.alu_operator_o$1016.
Removed top 3 bits (of 7) from wire cv32e40p_core.$id_stage_i.decoder_i.alu_operator_o$794.
Removed top 2 bits (of 7) from wire cv32e40p_core.$id_stage_i.decoder_i.alu_operator_o$813.
Removed top 3 bits (of 7) from wire cv32e40p_core.$id_stage_i.decoder_i.alu_operator_o$841.
Removed top 1 bits (of 7) from wire cv32e40p_core.$id_stage_i.decoder_i.alu_operator_o$857.
Removed top 1 bits (of 7) from wire cv32e40p_core.$id_stage_i.decoder_i.alu_operator_o$859.
Removed top 2 bits (of 7) from wire cv32e40p_core.$id_stage_i.decoder_i.alu_operator_o$900.
Removed top 2 bits (of 7) from wire cv32e40p_core.$id_stage_i.decoder_i.alu_operator_o$912.
Removed top 2 bits (of 7) from wire cv32e40p_core.$id_stage_i.decoder_i.alu_operator_o$925.
Removed top 2 bits (of 7) from wire cv32e40p_core.$id_stage_i.decoder_i.alu_operator_o$945.
Removed top 3 bits (of 7) from wire cv32e40p_core.$id_stage_i.decoder_i.alu_operator_o$958.
Removed top 3 bits (of 7) from wire cv32e40p_core.$id_stage_i.decoder_i.alu_operator_o$971.
Removed top 1 bits (of 2) from wire cv32e40p_core.$id_stage_i.decoder_i.data_sign_extension_o$847.
Removed top 3 bits (of 4) from wire cv32e40p_core.$id_stage_i.decoder_i.imm_b_mux_sel_o$805.
Removed top 3 bits (of 4) from wire cv32e40p_core.$id_stage_i.decoder_i.imm_b_mux_sel_o$816.
Removed top 3 bits (of 5) from wire cv32e40p_core.$id_stage_i.int_controller_i.irq_id_ctrl_o$1615.
Removed top 2 bits (of 5) from wire cv32e40p_core.$id_stage_i.int_controller_i.irq_id_ctrl_o$1616.
Removed top 1 bits (of 5) from wire cv32e40p_core.$id_stage_i.int_controller_i.irq_id_ctrl_o$1617.
Removed top 1 bits (of 5) from wire cv32e40p_core.$id_stage_i.int_controller_i.irq_id_ctrl_o$1618.
Removed top 1 bits (of 5) from wire cv32e40p_core.$id_stage_i.int_controller_i.irq_id_ctrl_o$1619.
Removed top 1 bits (of 5) from wire cv32e40p_core.$id_stage_i.int_controller_i.irq_id_ctrl_o$1620.
Removed top 1 bits (of 5) from wire cv32e40p_core.$id_stage_i.int_controller_i.irq_id_ctrl_o$1621.
Removed top 1 bits (of 5) from wire cv32e40p_core.$id_stage_i.int_controller_i.irq_id_ctrl_o$1622.
Removed top 1 bits (of 5) from wire cv32e40p_core.$id_stage_i.int_controller_i.irq_id_ctrl_o$1623.
Removed top 1 bits (of 5) from wire cv32e40p_core.$id_stage_i.int_controller_i.irq_id_ctrl_o$1624.
Removed top 1 bits (of 5) from wire cv32e40p_core.$id_stage_i.int_controller_i.irq_id_ctrl_o$1625.
Removed top 1 bits (of 5) from wire cv32e40p_core.$id_stage_i.int_controller_i.irq_id_ctrl_o$1626.
Removed top 1 bits (of 5) from wire cv32e40p_core.$id_stage_i.int_controller_i.irq_id_ctrl_o$1627.
Removed top 1 bits (of 5) from wire cv32e40p_core.$id_stage_i.int_controller_i.irq_id_ctrl_o$1628.
Removed top 1 bits (of 5) from wire cv32e40p_core.$id_stage_i.int_controller_i.irq_id_ctrl_o$1629.
Removed top 1 bits (of 5) from wire cv32e40p_core.$id_stage_i.int_controller_i.irq_id_ctrl_o$1630.
Removed top 2 bits (of 32) from wire cv32e40p_core.$if_stage_i.compressed_decoder_i.instr_o$264.
Removed top 1 bits (of 32) from wire cv32e40p_core.$if_stage_i.compressed_decoder_i.instr_o$281.
Removed top 7 bits (of 32) from wire cv32e40p_core.$if_stage_i.compressed_decoder_i.instr_o$304.
Removed top 11 bits (of 32) from wire cv32e40p_core.$if_stage_i.compressed_decoder_i.instr_o$308.
Removed top 3 bits (of 4) from wire cv32e40p_core.$procmux$12459_CMP.
Removed top 1 bits (of 3) from wire cv32e40p_core.$procmux$12670_CMP.

4.11. Executing PEEPOPT pass (run peephole optimizers).

4.12. Executing OPT_CLEAN pass (remove unused cells and wires).
Finding unused cells or wires in module \cv32e40p_core..
Removed 0 unused cells and 98 unused wires.
<suppressed ~1 debug messages>

4.13. Executing ALUMACC pass (create $alu and $macc cells).
Extracting $alu and $macc cells in module cv32e40p_core:
  creating $macc model for $103 ($add).
  creating $macc model for $105 ($add).
  creating $macc model for $113 ($add).
  creating $macc model for $115 ($sub).
  creating $macc model for $193 ($add).
  creating $macc model for $194 ($add).
  creating $macc model for $1967 ($add).
  creating $macc model for $21 ($add).
  creating $macc model for $2191 ($add).
  creating $macc model for $2192 ($add).
  creating $macc model for $2193 ($add).
  creating $macc model for $2194 ($add).
  creating $macc model for $2195 ($add).
  creating $macc model for $2196 ($add).
  creating $macc model for $2197 ($add).
  creating $macc model for $2198 ($add).
  creating $macc model for $2199 ($add).
  creating $macc model for $2200 ($add).
  creating $macc model for $2201 ($add).
  creating $macc model for $2202 ($add).
  creating $macc model for $2203 ($add).
  creating $macc model for $2204 ($add).
  creating $macc model for $2205 ($add).
  creating $macc model for $2206 ($add).
  creating $macc model for $2207 ($add).
  creating $macc model for $2208 ($add).
  creating $macc model for $2209 ($add).
  creating $macc model for $2210 ($add).
  creating $macc model for $2211 ($add).
  creating $macc model for $2212 ($add).
  creating $macc model for $2213 ($add).
  creating $macc model for $2214 ($add).
  creating $macc model for $2215 ($add).
  creating $macc model for $2216 ($add).
  creating $macc model for $2217 ($add).
  creating $macc model for $2218 ($add).
  creating $macc model for $2219 ($add).
  creating $macc model for $2220 ($add).
  creating $macc model for $2221 ($add).
  creating $macc model for $2319 ($sub).
  creating $macc model for $2320 ($sub).
  creating $macc model for $2348 ($add).
  creating $macc model for $2371 ($mul).
  creating $macc model for $2372 ($add).
  creating $macc model for $2410 ($mul).
  creating $macc model for $2411 ($add).
  creating $macc model for $2572 ($add).
  creating $macc model for $2593 ($sub).
  creating $macc model for $2594 ($add).
  creating $macc model for $2772 ($add).
  creating $macc model for $2774 ($add).
  creating $macc model for $2775 ($add).
  creating $macc model for $32 ($add).
  creating $macc model for $322 ($sub).
  creating $macc model for $33 ($add).
  creating $macc model for $382 ($add).
  creating $macc model for $383 ($add).
  creating $macc model for $384 ($add).
  creating $macc model for $62 ($sub).
  creating $macc model for $63 ($add).
  creating $macc model for $73 ($sub).
  merging $macc model for $2410 into $2411.
  merging $macc model for $2371 into $2372.
  merging $macc model for $2219 into $2221.
  merging $macc model for $2215 into $2221.
  merging $macc model for $2207 into $2221.
  merging $macc model for $2191 into $2221.
  merging $macc model for $2220 into $2221.
  merging $macc model for $2217 into $2221.
  merging $macc model for $2211 into $2221.
  merging $macc model for $2199 into $2221.
  merging $macc model for $2216 into $2221.
  merging $macc model for $2209 into $2221.
  merging $macc model for $2195 into $2221.
  merging $macc model for $2208 into $2221.
  merging $macc model for $2193 into $2221.
  merging $macc model for $2192 into $2221.
  merging $macc model for $2218 into $2221.
  merging $macc model for $2213 into $2221.
  merging $macc model for $2203 into $2221.
  merging $macc model for $2212 into $2221.
  merging $macc model for $2201 into $2221.
  merging $macc model for $2200 into $2221.
  merging $macc model for $2210 into $2221.
  merging $macc model for $2197 into $2221.
  merging $macc model for $2196 into $2221.
  merging $macc model for $2194 into $2221.
  merging $macc model for $2214 into $2221.
  merging $macc model for $2205 into $2221.
  merging $macc model for $2204 into $2221.
  merging $macc model for $2202 into $2221.
  merging $macc model for $2198 into $2221.
  merging $macc model for $2206 into $2221.
  creating $alu model for $macc $2775.
  creating $alu model for $macc $2320.
  creating $alu model for $macc $2572.
  creating $alu model for $macc $2319.
  creating $alu model for $macc $73.
  creating $alu model for $macc $383.
  creating $alu model for $macc $384.
  creating $alu model for $macc $2593.
  creating $alu model for $macc $62.
  creating $alu model for $macc $2772.
  creating $alu model for $macc $2774.
  creating $alu model for $macc $63.
  creating $alu model for $macc $32.
  creating $alu model for $macc $322.
  creating $alu model for $macc $2348.
  creating $alu model for $macc $33.
  creating $alu model for $macc $2594.
  creating $alu model for $macc $382.
  creating $alu model for $macc $21.
  creating $alu model for $macc $1967.
  creating $alu model for $macc $194.
  creating $alu model for $macc $193.
  creating $alu model for $macc $115.
  creating $alu model for $macc $113.
  creating $alu model for $macc $105.
  creating $alu model for $macc $103.
  creating $macc cell for $2372: $auto$alumacc.cc:382:replace_macc$20153
  creating $macc cell for $2221: $auto$alumacc.cc:382:replace_macc$20154
  creating $macc cell for $2411: $auto$alumacc.cc:382:replace_macc$20155
  creating $alu model for $2057 ($gt): new $alu
  creating $alu model for $2061 ($gt): new $alu
  creating $alu model for $2065 ($gt): new $alu
  creating $alu model for $2069 ($gt): new $alu
  creating $alu model for $2577 ($lt): new $alu
  creating $alu model for $2610 ($lt): new $alu
  creating $alu model for $28 ($gt): new $alu
  creating $alu model for $2807 ($ge): new $alu
  creating $alu model for $34 ($lt): new $alu
  creating $alu model for $429 ($lt): new $alu
  creating $alu model for $432 ($lt): new $alu
  creating $alu model for $67 ($gt): new $alu
  creating $alu model for $90 ($lt): new $alu
  creating $alu model for $95 ($lt): new $alu
  creating $alu model for $96 ($ge): new $alu
  creating $alu model for $983 ($gt): new $alu
  creating $alu model for $2584 ($eq): merged with $2593.
  creating $alu cell for $983: $auto$alumacc.cc:512:replace_alu$20172
  creating $alu cell for $96: $auto$alumacc.cc:512:replace_alu$20183
  creating $alu cell for $95: $auto$alumacc.cc:512:replace_alu$20196
  creating $alu cell for $90: $auto$alumacc.cc:512:replace_alu$20201
  creating $alu cell for $67: $auto$alumacc.cc:512:replace_alu$20206
  creating $alu cell for $432: $auto$alumacc.cc:512:replace_alu$20217
  creating $alu cell for $429: $auto$alumacc.cc:512:replace_alu$20222
  creating $alu cell for $34: $auto$alumacc.cc:512:replace_alu$20227
  creating $alu cell for $2807: $auto$alumacc.cc:512:replace_alu$20232
  creating $alu cell for $28: $auto$alumacc.cc:512:replace_alu$20245
  creating $alu cell for $2610: $auto$alumacc.cc:512:replace_alu$20256
  creating $alu cell for $2577: $auto$alumacc.cc:512:replace_alu$20261
  creating $alu cell for $2069: $auto$alumacc.cc:512:replace_alu$20266
  creating $alu cell for $2065: $auto$alumacc.cc:512:replace_alu$20279
  creating $alu cell for $2061: $auto$alumacc.cc:512:replace_alu$20292
  creating $alu cell for $2057: $auto$alumacc.cc:512:replace_alu$20305
  creating $alu cell for $103: $auto$alumacc.cc:512:replace_alu$20318
  creating $alu cell for $105: $auto$alumacc.cc:512:replace_alu$20321
  creating $alu cell for $113: $auto$alumacc.cc:512:replace_alu$20324
  creating $alu cell for $115: $auto$alumacc.cc:512:replace_alu$20327
  creating $alu cell for $193: $auto$alumacc.cc:512:replace_alu$20330
  creating $alu cell for $194: $auto$alumacc.cc:512:replace_alu$20333
  creating $alu cell for $1967: $auto$alumacc.cc:512:replace_alu$20336
  creating $alu cell for $21: $auto$alumacc.cc:512:replace_alu$20339
  creating $alu cell for $382: $auto$alumacc.cc:512:replace_alu$20342
  creating $alu cell for $2594: $auto$alumacc.cc:512:replace_alu$20345
  creating $alu cell for $33: $auto$alumacc.cc:512:replace_alu$20348
  creating $alu cell for $2348: $auto$alumacc.cc:512:replace_alu$20351
  creating $alu cell for $322: $auto$alumacc.cc:512:replace_alu$20354
  creating $alu cell for $32: $auto$alumacc.cc:512:replace_alu$20357
  creating $alu cell for $63: $auto$alumacc.cc:512:replace_alu$20360
  creating $alu cell for $2774: $auto$alumacc.cc:512:replace_alu$20363
  creating $alu cell for $2772: $auto$alumacc.cc:512:replace_alu$20366
  creating $alu cell for $62: $auto$alumacc.cc:512:replace_alu$20369
  creating $alu cell for $2593, $2584: $auto$alumacc.cc:512:replace_alu$20372
  creating $alu cell for $384: $auto$alumacc.cc:512:replace_alu$20377
  creating $alu cell for $383: $auto$alumacc.cc:512:replace_alu$20380
  creating $alu cell for $73: $auto$alumacc.cc:512:replace_alu$20383
  creating $alu cell for $2319: $auto$alumacc.cc:512:replace_alu$20386
  creating $alu cell for $2572: $auto$alumacc.cc:512:replace_alu$20389
  creating $alu cell for $2320: $auto$alumacc.cc:512:replace_alu$20392
  creating $alu cell for $2775: $auto$alumacc.cc:512:replace_alu$20395
  created 42 $alu and 3 $macc cells.

4.14. Executing SHARE pass (SAT-based resource sharing).
Found 5 cells in module cv32e40p_core that may be considered for resource sharing.
  Analyzing resource sharing options for $321 ($shl):
    Found 1 activation_patterns using ctrl signal { $procmux$17560_CMP $procmux$17555_CMP }.
    No candidates found.
  Analyzing resource sharing options for $2410 ($mul):
    Found cell that is never activated: $2410
    Cell is never active. Sharing is pointless, we simply remove it.
  Analyzing resource sharing options for $2376 ($sshr):
    Found 42 activation_patterns using ctrl signal { $procmux$17583_CMP $procmux$17582_CMP $procmux$17581_CMP $procmux$17580_CMP $procmux$17574_CMP $procmux$17557_CMP $procmux$17556_CMP $procmux$17555_CMP $procmux$17554_CMP $procmux$17545_CMP $procmux$17540_CMP $procmux$17539_CMP $procmux$17533_CMP $procmux$841_CTRL \ex_stage_i.mult_i.multicycle_o \id_stage_i.controller_i.data_misaligned_i \id_stage_i.register_file_i.we_b_dec [31:1] \id_stage_i.prepost_useincr_ex_o \id_stage_i.csr_access_ex_o \id_stage_i.mult_en_ex_o \id_stage_i.ex_ready_i }.
    No candidates found.
  Analyzing resource sharing options for $2371 ($mul):
    Found cell that is never activated: $2371
    Cell is never active. Sharing is pointless, we simply remove it.
  Analyzing resource sharing options for $2044 ($shr):
    Found 168 activation_patterns using ctrl signal { $procmux$17583_CMP $procmux$17582_CMP $procmux$17581_CMP $procmux$17580_CMP $procmux$17574_CMP $procmux$17557_CMP $procmux$17556_CMP $procmux$17555_CMP $procmux$17554_CMP $procmux$17545_CMP $procmux$17540_CMP $procmux$17539_CMP $procmux$17533_CMP $procmux$937_CTRL $procmux$936_CTRL $1995y $1981y \ex_stage_i.mult_i.multicycle_o \id_stage_i.controller_i.data_misaligned_i \id_stage_i.register_file_i.we_b_dec [31:1] \id_stage_i.prepost_useincr_ex_o \id_stage_i.csr_access_ex_o \id_stage_i.mult_en_ex_o \id_stage_i.alu_en_ex_o \id_stage_i.ex_ready_i }.
    No candidates found.
Removing 2 cells in module cv32e40p_core:
  Removing cell $2371 ($mul).
  Removing cell $2410 ($mul).

4.15. Executing OPT pass (performing simple optimizations).

4.15.1. Executing OPT_EXPR pass (perform const folding).
Optimizing module cv32e40p_core.
<suppressed ~38 debug messages>

4.15.2. Executing OPT_MERGE pass (detect identical cells).
Finding identical cells in module `\cv32e40p_core'.
Removed a total of 0 cells.

4.15.3. Executing OPT_MUXTREE pass (detect dead branches in mux trees).
Running muxtree optimizer on module \cv32e40p_core..
  Creating internal representation of mux trees.
  Evaluating internal representation of mux trees.
  Analyzing evaluation results.
    dead port 1/3 on $pmux $procmux$17531.
    dead port 1/11 on $pmux $procmux$17559.
    dead port 2/11 on $pmux $procmux$17559.
    dead port 3/11 on $pmux $procmux$17559.
    dead port 4/11 on $pmux $procmux$17559.
    dead port 5/11 on $pmux $procmux$17559.
    dead port 6/11 on $pmux $procmux$17559.
    dead port 7/11 on $pmux $procmux$17559.
    dead port 3/5 on $pmux $procmux$17579.
Removed 9 multiplexer ports.
<suppressed ~6579 debug messages>

4.15.4. Executing OPT_REDUCE pass (consolidate $*mux and $reduce_* inputs).
  Optimizing cells in module \cv32e40p_core.
Performed a total of 0 changes.

4.15.5. Executing OPT_MERGE pass (detect identical cells).
Finding identical cells in module `\cv32e40p_core'.
<suppressed ~12 debug messages>
Removed a total of 4 cells.

4.15.6. Executing OPT_DFF pass (perform DFF optimizations).
Setting constant 0-bit at position 5 on $auto$ff.cc:337:slice$19631 ($adffe) from module cv32e40p_core.
Setting constant 0-bit at position 1 on $auto$ff.cc:337:slice$19721 ($adffe) from module cv32e40p_core.

4.15.7. Executing OPT_CLEAN pass (remove unused cells and wires).
Finding unused cells or wires in module \cv32e40p_core..
Removed 42 unused cells and 78 unused wires.
<suppressed ~52 debug messages>

4.15.8. Executing OPT_EXPR pass (perform const folding).
Optimizing module cv32e40p_core.

4.15.9. Rerunning OPT passes. (Maybe there is more to do..)

4.15.10. Executing OPT_MUXTREE pass (detect dead branches in mux trees).
Running muxtree optimizer on module \cv32e40p_core..
  Creating internal representation of mux trees.
  Evaluating internal representation of mux trees.
  Analyzing evaluation results.
Removed 0 multiplexer ports.
<suppressed ~6583 debug messages>

4.15.11. Executing OPT_REDUCE pass (consolidate $*mux and $reduce_* inputs).
  Optimizing cells in module \cv32e40p_core.
Performed a total of 0 changes.

4.15.12. Executing OPT_MERGE pass (detect identical cells).
Finding identical cells in module `\cv32e40p_core'.
Removed a total of 0 cells.

4.15.13. Executing OPT_DFF pass (perform DFF optimizations).
Setting constant 0-bit at position 1 on $auto$ff.cc:337:slice$19461 ($adffe) from module cv32e40p_core.

4.15.14. Executing OPT_CLEAN pass (remove unused cells and wires).
Finding unused cells or wires in module \cv32e40p_core..

4.15.15. Executing OPT_EXPR pass (perform const folding).
Optimizing module cv32e40p_core.
<suppressed ~9 debug messages>

4.15.16. Rerunning OPT passes. (Maybe there is more to do..)

4.15.17. Executing OPT_MUXTREE pass (detect dead branches in mux trees).
Running muxtree optimizer on module \cv32e40p_core..
  Creating internal representation of mux trees.
  Evaluating internal representation of mux trees.
  Analyzing evaluation results.
Removed 0 multiplexer ports.
<suppressed ~6239 debug messages>

4.15.18. Executing OPT_REDUCE pass (consolidate $*mux and $reduce_* inputs).
  Optimizing cells in module \cv32e40p_core.
Performed a total of 0 changes.

4.15.19. Executing OPT_MERGE pass (detect identical cells).
Finding identical cells in module `\cv32e40p_core'.
Removed a total of 0 cells.

4.15.20. Executing OPT_DFF pass (perform DFF optimizations).

4.15.21. Executing OPT_CLEAN pass (remove unused cells and wires).
Finding unused cells or wires in module \cv32e40p_core..
Removed 0 unused cells and 9 unused wires.
<suppressed ~1 debug messages>

4.15.22. Executing OPT_EXPR pass (perform const folding).
Optimizing module cv32e40p_core.

4.15.23. Rerunning OPT passes. (Maybe there is more to do..)

4.15.24. Executing OPT_MUXTREE pass (detect dead branches in mux trees).
Running muxtree optimizer on module \cv32e40p_core..
  Creating internal representation of mux trees.
  Evaluating internal representation of mux trees.
  Analyzing evaluation results.
Removed 0 multiplexer ports.
<suppressed ~6239 debug messages>

4.15.25. Executing OPT_REDUCE pass (consolidate $*mux and $reduce_* inputs).
  Optimizing cells in module \cv32e40p_core.
Performed a total of 0 changes.

4.15.26. Executing OPT_MERGE pass (detect identical cells).
Finding identical cells in module `\cv32e40p_core'.
Removed a total of 0 cells.

4.15.27. Executing OPT_DFF pass (perform DFF optimizations).

4.15.28. Executing OPT_CLEAN pass (remove unused cells and wires).
Finding unused cells or wires in module \cv32e40p_core..

4.15.29. Executing OPT_EXPR pass (perform const folding).
Optimizing module cv32e40p_core.

4.15.30. Finished fast OPT passes. (There is nothing left to do.)

4.16. Executing MEMORY pass.

4.16.1. Executing OPT_MEM pass (optimize memories).
Performed a total of 0 transformations.

4.16.2. Executing OPT_MEM_PRIORITY pass (removing unnecessary memory write priority relations).
Performed a total of 0 transformations.

4.16.3. Executing OPT_MEM_FEEDBACK pass (finding memory read-to-write feedback paths).

4.16.4. Executing MEMORY_BMUX2ROM pass (converting muxes to ROMs).

4.16.5. Executing MEMORY_DFF pass (merging $dff cells to $memrd).

4.16.6. Executing OPT_CLEAN pass (remove unused cells and wires).
Finding unused cells or wires in module \cv32e40p_core..

4.16.7. Executing MEMORY_SHARE pass (consolidating $memrd/$memwr cells).

4.16.8. Executing OPT_MEM_WIDEN pass (optimize memories where all ports are wide).
Performed a total of 0 transformations.

4.16.9. Executing OPT_CLEAN pass (remove unused cells and wires).
Finding unused cells or wires in module \cv32e40p_core..

4.16.10. Executing MEMORY_COLLECT pass (generating $mem cells).

4.17. Executing OPT_CLEAN pass (remove unused cells and wires).
Finding unused cells or wires in module \cv32e40p_core..

4.18. Executing OPT pass (performing simple optimizations).

4.18.1. Executing OPT_EXPR pass (perform const folding).
Optimizing module cv32e40p_core.
<suppressed ~491 debug messages>

4.18.2. Executing OPT_MERGE pass (detect identical cells).
Finding identical cells in module `\cv32e40p_core'.
<suppressed ~35 debug messages>
Removed a total of 9 cells.

4.18.3. Executing OPT_DFF pass (perform DFF optimizations).
Adding EN signal on $auto$ff.cc:337:slice$19504 ($adffe) from module cv32e40p_core (D = \if_stage_i.aligner_i.pc_n [1], Q = \if_stage_i.aligner_i.pc_q [1]).
Adding EN signal on $auto$ff.cc:337:slice$19504 ($adffe) from module cv32e40p_core (D = \if_stage_i.aligner_i.pc_n [0], Q = \if_stage_i.aligner_i.pc_q [0]).
Setting constant 0-bit at position 0 on $auto$ff.cc:337:slice$19494 ($adffe) from module cv32e40p_core.
Setting constant 0-bit at position 0 on $auto$ff.cc:337:slice$19834 ($adffe) from module cv32e40p_core.

4.18.4. Executing OPT_CLEAN pass (remove unused cells and wires).
Finding unused cells or wires in module \cv32e40p_core..
Removed 28 unused cells and 197 unused wires.
<suppressed ~29 debug messages>

4.18.5. Rerunning OPT passes. (Removed registers in this run.)

4.18.6. Executing OPT_EXPR pass (perform const folding).
Optimizing module cv32e40p_core.
<suppressed ~43 debug messages>

4.18.7. Executing OPT_MERGE pass (detect identical cells).
Finding identical cells in module `\cv32e40p_core'.
<suppressed ~3 debug messages>
Removed a total of 1 cells.

4.18.8. Executing OPT_DFF pass (perform DFF optimizations).

4.18.9. Executing OPT_CLEAN pass (remove unused cells and wires).
Finding unused cells or wires in module \cv32e40p_core..
Removed 0 unused cells and 24 unused wires.
<suppressed ~1 debug messages>

4.18.10. Finished fast OPT passes.

4.19. Executing MEMORY_MAP pass (converting memories to logic and flip-flops).

4.20. Executing OPT pass (performing simple optimizations).

4.20.1. Executing OPT_EXPR pass (perform const folding).
Optimizing module cv32e40p_core.

4.20.2. Executing OPT_MERGE pass (detect identical cells).
Finding identical cells in module `\cv32e40p_core'.
Removed a total of 0 cells.

4.20.3. Executing OPT_MUXTREE pass (detect dead branches in mux trees).
Running muxtree optimizer on module \cv32e40p_core..
  Creating internal representation of mux trees.
  Evaluating internal representation of mux trees.
  Analyzing evaluation results.
Removed 0 multiplexer ports.
<suppressed ~5700 debug messages>

4.20.4. Executing OPT_REDUCE pass (consolidate $*mux and $reduce_* inputs).
  Optimizing cells in module \cv32e40p_core.
    New input vector for $reduce_and cell $auto$opt_dff.cc:273:make_patterns_logic$20485: { \if_stage_i.aligner_i.update_state \if_stage_i.branch_req $auto$opt_dff.cc:247:make_patterns_logic$19505 $auto$opt_dff.cc:247:make_patterns_logic$19507 }
    New input vector for $reduce_and cell $auto$opt_dff.cc:273:make_patterns_logic$20480: { \if_stage_i.aligner_i.update_state $auto$opt_dff.cc:247:make_patterns_logic$19505 $auto$opt_dff.cc:247:make_patterns_logic$19507 $auto$opt_dff.cc:247:make_patterns_logic$20475 $auto$opt_dff.cc:247:make_patterns_logic$20477 }
    Consolidated identical input bits for $mux cell $1366:
      Old ports: A=2'00, B=2'11, Y=$1366y
      New ports: A=1'0, B=1'1, Y=$1366y [0]
      New connections: $1366y [1] = $1366y [0]
    Consolidated identical input bits for $mux cell $1436:
      Old ports: A=2'10, B=2'00, Y=$1436y
      New ports: A=1'1, B=1'0, Y=$1436y [1]
      New connections: $1436y [0] = 1'0
    Consolidated identical input bits for $mux cell $2030:
      Old ports: A={ $2029y $2029y $2029y $2029y $2029y $2029y $2029y $2029y $2029y $2029y $2029y $2029y $2029y $2029y $2029y $2029y $2029y $2029y $2029y $2029y $2029y $2029y $2029y $2029y $2029y $2029y $2029y $2029y $2029y $2029y $2029y $2029y \ex_stage_i.alu_i.shift_op_a }, B={ \ex_stage_i.alu_i.shift_op_a \ex_stage_i.alu_i.shift_op_a }, Y=\ex_stage_i.alu_i.shift_op_a_32
      New ports: A={ $2029y $2029y $2029y $2029y $2029y $2029y $2029y $2029y $2029y $2029y $2029y $2029y $2029y $2029y $2029y $2029y $2029y $2029y $2029y $2029y $2029y $2029y $2029y $2029y $2029y $2029y $2029y $2029y $2029y $2029y $2029y $2029y }, B=\ex_stage_i.alu_i.shift_op_a, Y=\ex_stage_i.alu_i.shift_op_a_32 [63:32]
      New connections: \ex_stage_i.alu_i.shift_op_a_32 [31:0] = \ex_stage_i.alu_i.shift_op_a
    Consolidated identical input bits for $mux cell $2248:
      Old ports: A={ 4'0001 \ex_stage_i.alu_i.ff_one_i.index_nodes [80] }, B={ 4'0000 \ex_stage_i.alu_i.ff_one_i.index_nodes [75] }, Y=\ex_stage_i.alu_i.ff_one_i.index_nodes [39:35]
      New ports: A={ 1'1 \ex_stage_i.alu_i.ff_one_i.index_nodes [80] }, B={ 1'0 \ex_stage_i.alu_i.ff_one_i.index_nodes [75] }, Y=\ex_stage_i.alu_i.ff_one_i.index_nodes [36:35]
      New connections: \ex_stage_i.alu_i.ff_one_i.index_nodes [39:37] = 3'000
    Consolidated identical input bits for $mux cell $2251:
      Old ports: A={ 4'0011 \ex_stage_i.alu_i.ff_one_i.index_nodes [90] }, B={ 4'0010 \ex_stage_i.alu_i.ff_one_i.index_nodes [85] }, Y=\ex_stage_i.alu_i.ff_one_i.index_nodes [44:40]
      New ports: A={ 1'1 \ex_stage_i.alu_i.ff_one_i.index_nodes [90] }, B={ 1'0 \ex_stage_i.alu_i.ff_one_i.index_nodes [85] }, Y=\ex_stage_i.alu_i.ff_one_i.index_nodes [41:40]
      New connections: \ex_stage_i.alu_i.ff_one_i.index_nodes [44:42] = 3'001
    Consolidated identical input bits for $mux cell $2254:
      Old ports: A={ 4'0101 \ex_stage_i.alu_i.ff_one_i.index_nodes [100] }, B={ 4'0100 \ex_stage_i.alu_i.ff_one_i.index_nodes [95] }, Y=\ex_stage_i.alu_i.ff_one_i.index_nodes [49:45]
      New ports: A={ 1'1 \ex_stage_i.alu_i.ff_one_i.index_nodes [100] }, B={ 1'0 \ex_stage_i.alu_i.ff_one_i.index_nodes [95] }, Y=\ex_stage_i.alu_i.ff_one_i.index_nodes [46:45]
      New connections: \ex_stage_i.alu_i.ff_one_i.index_nodes [49:47] = 3'010
    Consolidated identical input bits for $mux cell $2257:
      Old ports: A={ 4'0111 \ex_stage_i.alu_i.ff_one_i.index_nodes [110] }, B={ 4'0110 \ex_stage_i.alu_i.ff_one_i.index_nodes [105] }, Y=\ex_stage_i.alu_i.ff_one_i.index_nodes [54:50]
      New ports: A={ 1'1 \ex_stage_i.alu_i.ff_one_i.index_nodes [110] }, B={ 1'0 \ex_stage_i.alu_i.ff_one_i.index_nodes [105] }, Y=\ex_stage_i.alu_i.ff_one_i.index_nodes [51:50]
      New connections: \ex_stage_i.alu_i.ff_one_i.index_nodes [54:52] = 3'011
    Consolidated identical input bits for $mux cell $2260:
      Old ports: A={ 4'1001 \ex_stage_i.alu_i.ff_one_i.index_nodes [120] }, B={ 4'1000 \ex_stage_i.alu_i.ff_one_i.index_nodes [115] }, Y=\ex_stage_i.alu_i.ff_one_i.index_nodes [59:55]
      New ports: A={ 1'1 \ex_stage_i.alu_i.ff_one_i.index_nodes [120] }, B={ 1'0 \ex_stage_i.alu_i.ff_one_i.index_nodes [115] }, Y=\ex_stage_i.alu_i.ff_one_i.index_nodes [56:55]
      New connections: \ex_stage_i.alu_i.ff_one_i.index_nodes [59:57] = 3'100
    Consolidated identical input bits for $mux cell $2263:
      Old ports: A={ 4'1011 \ex_stage_i.alu_i.ff_one_i.index_nodes [130] }, B={ 4'1010 \ex_stage_i.alu_i.ff_one_i.index_nodes [125] }, Y=\ex_stage_i.alu_i.ff_one_i.index_nodes [64:60]
      New ports: A={ 1'1 \ex_stage_i.alu_i.ff_one_i.index_nodes [130] }, B={ 1'0 \ex_stage_i.alu_i.ff_one_i.index_nodes [125] }, Y=\ex_stage_i.alu_i.ff_one_i.index_nodes [61:60]
      New connections: \ex_stage_i.alu_i.ff_one_i.index_nodes [64:62] = 3'101
    Consolidated identical input bits for $mux cell $2266:
      Old ports: A={ 4'1101 \ex_stage_i.alu_i.ff_one_i.index_nodes [140] }, B={ 4'1100 \ex_stage_i.alu_i.ff_one_i.index_nodes [135] }, Y=\ex_stage_i.alu_i.ff_one_i.index_nodes [69:65]
      New ports: A={ 1'1 \ex_stage_i.alu_i.ff_one_i.index_nodes [140] }, B={ 1'0 \ex_stage_i.alu_i.ff_one_i.index_nodes [135] }, Y=\ex_stage_i.alu_i.ff_one_i.index_nodes [66:65]
      New connections: \ex_stage_i.alu_i.ff_one_i.index_nodes [69:67] = 3'110
    Consolidated identical input bits for $mux cell $2269:
      Old ports: A={ 4'1111 \ex_stage_i.alu_i.ff_one_i.index_nodes [150] }, B={ 4'1110 \ex_stage_i.alu_i.ff_one_i.index_nodes [145] }, Y=\ex_stage_i.alu_i.ff_one_i.index_nodes [74:70]
      New ports: A={ 1'1 \ex_stage_i.alu_i.ff_one_i.index_nodes [150] }, B={ 1'0 \ex_stage_i.alu_i.ff_one_i.index_nodes [145] }, Y=\ex_stage_i.alu_i.ff_one_i.index_nodes [71:70]
      New connections: \ex_stage_i.alu_i.ff_one_i.index_nodes [74:72] = 3'111
    Consolidated identical input bits for $mux cell $2370:
      Old ports: A={ \ex_stage_i.mult_i.mulh_carry_q \id_stage_i.mult_operand_c_ex_o }, B={ \id_stage_i.mult_operand_c_ex_o [31] \id_stage_i.mult_operand_c_ex_o }, Y=\ex_stage_i.mult_i.short_op_c
      New ports: A=\ex_stage_i.mult_i.mulh_carry_q, B=\id_stage_i.mult_operand_c_ex_o [31], Y=\ex_stage_i.mult_i.short_op_c [32]
      New connections: \ex_stage_i.mult_i.short_op_c [31:0] = \id_stage_i.mult_operand_c_ex_o
    Consolidated identical input bits for $bmux cell $2617:
      Old ports: A={ 912'000000000000000000000000000000000000000000000000000000000000000000000000000000000000000000000000000000000000000000000000000000000000000000000000000000000000000000000000000000000000000000000000000000000000000000000000000000000000000000000000000000000000000000000000000000000000000000000000000000000000000000000000000000000000000000000000000000000000000000000000000000000000000000000000000000000000000000000000000000000000000000000000000000000000000000000000000000000000000000000000000000000000000000000000000000000000000000000000000000000000000000000000000000000000000000000000000000000000000000000000000000000000000000000000000000000000000000000000000000000000000000000000000000000000000000000000000000000000000000000000000000000000000000000000000000000000000000000000000000000000000000000000000000000000000000000000000000000000000000000000000000000000000000000000000000000000000000000000000000000000000000000000 \cs_registers_i.mhpmevent_q [111:96] 96'000000000000000000000000000000000000000000000000000000000000000000000000000000000000000000000000 }, Y=$2617y
      New ports: A={ 448'0000000000000000000000000000000000000000000000000000000000000000000000000000000000000000000000000000000000000000000000000000000000000000000000000000000000000000000000000000000000000000000000000000000000000000000000000000000000000000000000000000000000000000000000000000000000000000000000000000000000000000000000000000000000000000000000000000000000000000000000000000000000000000000000000000000000000000000000000000000000000000000000000000000000000000 \cs_registers_i.mhpmevent_q [111:96] 48'000000000000000000000000000000000000000000000000 }, Y=$2617y [15:0]
      New connections: $2617y [31:16] = 16'0000000000000000
    Consolidated identical input bits for $mux cell $2809:
      Old ports: A=32'11111111111111111111111111111111, B=0, Y=$2809y
      New ports: A=1'1, B=1'0, Y=$2809y [0]
      New connections: $2809y [31:1] = { $2809y [0] $2809y [0] $2809y [0] $2809y [0] $2809y [0] $2809y [0] $2809y [0] $2809y [0] $2809y [0] $2809y [0] $2809y [0] $2809y [0] $2809y [0] $2809y [0] $2809y [0] $2809y [0] $2809y [0] $2809y [0] $2809y [0] $2809y [0] $2809y [0] $2809y [0] $2809y [0] $2809y [0] $2809y [0] $2809y [0] $2809y [0] $2809y [0] $2809y [0] $2809y [0] $2809y [0] }
    Consolidated identical input bits for $mux cell $394:
      Old ports: A=3'100, B=3'010, Y=$394y
      New ports: A=2'10, B=2'01, Y=$394y [2:1]
      New connections: $394y [0] = 1'0
    Consolidated identical input bits for $mux cell $46:
      Old ports: A={ \if_stage_i.prefetch_buffer_i.prefetch_controller_i.trans_addr_q [31:2] 2'x }, B={ \if_stage_i.branch_addr_n [31:2] 2'00 }, Y=$46y
      New ports: A={ \if_stage_i.prefetch_buffer_i.prefetch_controller_i.trans_addr_q [31:2] 1'x }, B={ \if_stage_i.branch_addr_n [31:2] 1'0 }, Y={ $46y [31:2] $46y [0] }
      New connections: $46y [1] = $46y [0]
    Consolidated identical input bits for $mux cell $978:
      Old ports: A=2'10, B=2'00, Y=$978y
      New ports: A=1'1, B=1'0, Y=$978y [1]
      New connections: $978y [0] = 1'0
    Consolidated identical input bits for $mux cell $980:
      Old ports: A=2'11, B=2'00, Y=$980y
      New ports: A=1'1, B=1'0, Y=$980y [0]
      New connections: $980y [1] = $980y [0]
    Consolidated identical input bits for $mux cell $procmux$1012:
      Old ports: A=8'00000000, B=8'11100100, Y=\ex_stage_i.alu_i.shuffle_byte_sel
      New ports: A=1'0, B=1'1, Y=\ex_stage_i.alu_i.shuffle_byte_sel [2]
      New connections: { \ex_stage_i.alu_i.shuffle_byte_sel [7:3] \ex_stage_i.alu_i.shuffle_byte_sel [1:0] } = { \ex_stage_i.alu_i.shuffle_byte_sel [2] \ex_stage_i.alu_i.shuffle_byte_sel [2] \ex_stage_i.alu_i.shuffle_byte_sel [2] 4'0000 }
    Consolidated identical input bits for $mux cell $procmux$1107:
      Old ports: A=2'01, B=2'11, Y=$ex_stage_i.alu_i.shuffle_reg1_sel$2122
      New ports: A=1'0, B=1'1, Y=$ex_stage_i.alu_i.shuffle_reg1_sel$2122 [1]
      New connections: $ex_stage_i.alu_i.shuffle_reg1_sel$2122 [0] = 1'1
    Consolidated identical input bits for $pmux cell $procmux$1135:
      Old ports: A=4'0000, B=8'11000011, Y=\ex_stage_i.alu_i.shuffle_reg_sel
      New ports: A=2'00, B=4'1001, Y={ \ex_stage_i.alu_i.shuffle_reg_sel [2] \ex_stage_i.alu_i.shuffle_reg_sel [0] }
      New connections: { \ex_stage_i.alu_i.shuffle_reg_sel [3] \ex_stage_i.alu_i.shuffle_reg_sel [1] } = { \ex_stage_i.alu_i.shuffle_reg_sel [2] \ex_stage_i.alu_i.shuffle_reg_sel [0] }
    Consolidated identical input bits for $pmux cell $procmux$1163:
      Old ports: A={ \ex_stage_i.alu_i.is_equal [3] \ex_stage_i.alu_i.is_equal [3] \ex_stage_i.alu_i.is_equal [3] \ex_stage_i.alu_i.is_equal [3] }, B={ $2089y [3] $2089y [3] $2089y [3] $2089y [3] \ex_stage_i.alu_i.is_greater [3] \ex_stage_i.alu_i.is_greater [3] \ex_stage_i.alu_i.is_greater [3] \ex_stage_i.alu_i.is_greater [3] $2090y [3] $2090y [3] $2090y [3] $2090y [3] $2092y [3] $2092y [3] $2092y [3] $2092y [3] $2093y [3] $2093y [3] $2093y [3] $2093y [3] }, Y=\ex_stage_i.alu_i.cmp_result
      New ports: A=\ex_stage_i.alu_i.is_equal [3], B={ $2089y [3] \ex_stage_i.alu_i.is_greater [3] $2090y [3] $2092y [3] $2093y [3] }, Y=\ex_stage_i.alu_i.cmp_result [0]
      New connections: \ex_stage_i.alu_i.cmp_result [3:1] = { \ex_stage_i.alu_i.cmp_result [0] \ex_stage_i.alu_i.cmp_result [0] \ex_stage_i.alu_i.cmp_result [0] }
    Consolidated identical input bits for $mux cell $procmux$11813:
      Old ports: A=3'000, B=3'100, Y=$auto$wreduce.cc:514:run$20091 [2:0]
      New ports: A=1'0, B=1'1, Y=$auto$wreduce.cc:514:run$20091 [2]
      New connections: $auto$wreduce.cc:514:run$20091 [1:0] = 2'00
    Consolidated identical input bits for $mux cell $procmux$1184:
      Old ports: A=4'0000, B=4'1000, Y=\ex_stage_i.alu_i.cmp_signed
      New ports: A=1'0, B=1'1, Y=\ex_stage_i.alu_i.cmp_signed [3]
      New connections: \ex_stage_i.alu_i.cmp_signed [2:0] = 3'000
    New ctrl vector for $pmux cell $procmux$11995: \id_stage_i.controller_i.ctrl_fsm_cs [3]
    New ctrl vector for $pmux cell $procmux$12226: { \id_stage_i.controller_i.ctrl_fsm_cs [2] \id_stage_i.controller_i.ctrl_fsm_cs [3] }
    New ctrl vector for $pmux cell $procmux$12253: { \id_stage_i.controller_i.ctrl_fsm_cs [2] \id_stage_i.controller_i.ctrl_fsm_cs [9] }
    Consolidated identical input bits for $mux cell $procmux$12760:
      Old ports: A=2'00, B=2'10, Y=$auto$wreduce.cc:514:run$20108 [1:0]
      New ports: A=1'0, B=1'1, Y=$auto$wreduce.cc:514:run$20108 [1]
      New connections: $auto$wreduce.cc:514:run$20108 [0] = 1'0
    Consolidated identical input bits for $mux cell $procmux$12791:
      Old ports: A=3'010, B={ 1'0 $auto$wreduce.cc:514:run$20114 [1:0] }, Y=$id_stage_i.decoder_i.alu_op_b_mux_sel_o$1018
      New ports: A=2'10, B=$auto$wreduce.cc:514:run$20114 [1:0], Y=$id_stage_i.decoder_i.alu_op_b_mux_sel_o$1018 [1:0]
      New connections: $id_stage_i.decoder_i.alu_op_b_mux_sel_o$1018 [2] = 1'0
    Consolidated identical input bits for $mux cell $procmux$12834:
      Old ports: A=2'00, B=2'10, Y=$auto$wreduce.cc:514:run$20112 [1:0]
      New ports: A=1'0, B=1'1, Y=$auto$wreduce.cc:514:run$20112 [1]
      New connections: $auto$wreduce.cc:514:run$20112 [0] = 1'0
    Consolidated identical input bits for $mux cell $procmux$12849:
      Old ports: A=5'00011, B=5'11000, Y=$auto$wreduce.cc:514:run$20125 [4:0]
      New ports: A=2'01, B=2'10, Y={ $auto$wreduce.cc:514:run$20125 [3] $auto$wreduce.cc:514:run$20125 [0] }
      New connections: { $auto$wreduce.cc:514:run$20125 [4] $auto$wreduce.cc:514:run$20125 [2:1] } = { $auto$wreduce.cc:514:run$20125 [3] 1'0 $auto$wreduce.cc:514:run$20125 [0] }
    Consolidated identical input bits for $mux cell $procmux$14572:
      Old ports: A=2'00, B=2'11, Y=$auto$wreduce.cc:514:run$20105 [1:0]
      New ports: A=1'0, B=1'1, Y=$auto$wreduce.cc:514:run$20105 [0]
      New connections: $auto$wreduce.cc:514:run$20105 [1] = $auto$wreduce.cc:514:run$20105 [0]
    Consolidated identical input bits for $mux cell $procmux$15412:
      Old ports: A=6'000011, B=6'100100, Y=$auto$wreduce.cc:514:run$20120 [5:0]
      New ports: A=2'01, B=2'10, Y={ $auto$wreduce.cc:514:run$20120 [2] $auto$wreduce.cc:514:run$20120 [0] }
      New connections: { $auto$wreduce.cc:514:run$20120 [5:3] $auto$wreduce.cc:514:run$20120 [1] } = { $auto$wreduce.cc:514:run$20120 [2] 2'00 $auto$wreduce.cc:514:run$20120 [0] }
    Consolidated identical input bits for $pmux cell $procmux$15510:
      Old ports: A=7'0011000, B={ 43'0000010000001101011110101110001010101001110 $auto$wreduce.cc:514:run$20121 [5:0] }, Y=$id_stage_i.decoder_i.alu_operator_o$861
      New ports: A=6'011000, B={ 36'000010000011101111101110010101100111 $auto$wreduce.cc:514:run$20121 [5:0] }, Y=$id_stage_i.decoder_i.alu_operator_o$861 [5:0]
      New connections: $id_stage_i.decoder_i.alu_operator_o$861 [6] = 1'0
    Consolidated identical input bits for $mux cell $procmux$15965:
      Old ports: A=2'00, B=2'10, Y=$auto$wreduce.cc:514:run$20111 [1:0]
      New ports: A=1'0, B=1'1, Y=$auto$wreduce.cc:514:run$20111 [1]
      New connections: $auto$wreduce.cc:514:run$20111 [0] = 1'0
    Consolidated identical input bits for $mux cell $procmux$15986:
      Old ports: A=5'00011, B=5'11000, Y=$auto$wreduce.cc:514:run$20119 [4:0]
      New ports: A=2'01, B=2'10, Y={ $auto$wreduce.cc:514:run$20119 [3] $auto$wreduce.cc:514:run$20119 [0] }
      New connections: { $auto$wreduce.cc:514:run$20119 [4] $auto$wreduce.cc:514:run$20119 [2:1] } = { $auto$wreduce.cc:514:run$20119 [3] 1'0 $auto$wreduce.cc:514:run$20119 [0] }
    Consolidated identical input bits for $mux cell $procmux$16209:
      Old ports: A=2'10, B=2'00, Y=$auto$wreduce.cc:514:run$20109 [1:0]
      New ports: A=1'1, B=1'0, Y=$auto$wreduce.cc:514:run$20109 [1]
      New connections: $auto$wreduce.cc:514:run$20109 [0] = 1'0
    Consolidated identical input bits for $mux cell $procmux$16525:
      Old ports: A=5'00011, B=5'11000, Y=$auto$wreduce.cc:514:run$20118 [4:0]
      New ports: A=2'01, B=2'10, Y={ $auto$wreduce.cc:514:run$20118 [3] $auto$wreduce.cc:514:run$20118 [0] }
      New connections: { $auto$wreduce.cc:514:run$20118 [4] $auto$wreduce.cc:514:run$20118 [2:1] } = { $auto$wreduce.cc:514:run$20118 [3] 1'0 $auto$wreduce.cc:514:run$20118 [0] }
    Consolidated identical input bits for $mux cell $procmux$16684:
      Old ports: A=2'10, B=2'00, Y=$id_stage_i.decoder_i.ctrl_transfer_insn$790
      New ports: A=1'1, B=1'0, Y=$id_stage_i.decoder_i.ctrl_transfer_insn$790 [1]
      New connections: $id_stage_i.decoder_i.ctrl_transfer_insn$790 [0] = 1'0
    Consolidated identical input bits for $mux cell $procmux$17575:
      Old ports: A={ 27'000000000000000000000000000 \if_stage_i.instr_rdata_id_o [19:15] }, B=0, Y=\id_stage_i.imm_a
      New ports: A=\if_stage_i.instr_rdata_id_o [19:15], B=5'00000, Y=\id_stage_i.imm_a [4:0]
      New connections: \id_stage_i.imm_a [31:5] = 27'000000000000000000000000000
    Consolidated identical input bits for $mux cell $procmux$17629:
      Old ports: A={ 7'0000000 \if_stage_i.compressed_decoder_i.instr_i [6:2] \if_stage_i.compressed_decoder_i.instr_i [11:7] 3'000 \if_stage_i.compressed_decoder_i.instr_i [11:7] 7'0110011 }, B={ 11'00000000000 $auto$wreduce.cc:514:run$20150 [20:0] }, Y=$if_stage_i.compressed_decoder_i.instr_o$311
      New ports: A={ \if_stage_i.compressed_decoder_i.instr_i [6:2] \if_stage_i.compressed_decoder_i.instr_i [11:7] 3'000 \if_stage_i.compressed_decoder_i.instr_i [11:7] 7'0110011 }, B={ 4'0000 $auto$wreduce.cc:514:run$20150 [20:0] }, Y=$if_stage_i.compressed_decoder_i.instr_o$311 [24:0]
      New connections: $if_stage_i.compressed_decoder_i.instr_o$311 [31:25] = 7'0000000
    Consolidated identical input bits for $mux cell $procmux$17644:
      Old ports: A={ 1'0 \if_stage_i.compressed_decoder_i.instr_i [11:7] 15'000000011100111 }, B=21'100000000000001110011, Y=$auto$wreduce.cc:514:run$20150 [20:0]
      New ports: A={ \if_stage_i.compressed_decoder_i.instr_i [11:7] 2'01 }, B=7'0000010, Y={ $auto$wreduce.cc:514:run$20150 [19:15] $auto$wreduce.cc:514:run$20150 [4] $auto$wreduce.cc:514:run$20150 [2] }
      New connections: { $auto$wreduce.cc:514:run$20150 [20] $auto$wreduce.cc:514:run$20150 [14:5] $auto$wreduce.cc:514:run$20150 [3] $auto$wreduce.cc:514:run$20150 [1:0] } = { $auto$wreduce.cc:514:run$20150 [4] 7'0000000 $auto$wreduce.cc:514:run$20150 [2] 5'11011 }
    Consolidated identical input bits for $mux cell $procmux$17692:
      Old ports: A={ \if_stage_i.compressed_decoder_i.instr_i [6:2] 8'00000000 \if_stage_i.compressed_decoder_i.instr_i [11:7] 7'0110011 }, B={ 5'00000 \if_stage_i.compressed_decoder_i.instr_i [11:7] 15'000000001100111 }, Y=$auto$wreduce.cc:514:run$20149 [24:0]
      New ports: A={ \if_stage_i.compressed_decoder_i.instr_i [6:2] 5'00000 \if_stage_i.compressed_decoder_i.instr_i [11:7] 2'10 }, B={ 5'00000 \if_stage_i.compressed_decoder_i.instr_i [11:7] 7'0000001 }, Y={ $auto$wreduce.cc:514:run$20149 [24:15] $auto$wreduce.cc:514:run$20149 [11:7] $auto$wreduce.cc:514:run$20149 [4] $auto$wreduce.cc:514:run$20149 [2] }
      New connections: { $auto$wreduce.cc:514:run$20149 [14:12] $auto$wreduce.cc:514:run$20149 [6:5] $auto$wreduce.cc:514:run$20149 [3] $auto$wreduce.cc:514:run$20149 [1:0] } = { 3'000 $auto$wreduce.cc:514:run$20149 [2] 4'1011 }
    Consolidated identical input bits for $pmux cell $procmux$17864:
      Old ports: A=31'0000000000000000000000000000000, B={ 8'10000001 \if_stage_i.compressed_decoder_i.instr_i [4:2] 2'01 \if_stage_i.compressed_decoder_i.instr_i [9:7] 5'00001 \if_stage_i.compressed_decoder_i.instr_i [9:7] 15'011001100000001 \if_stage_i.compressed_decoder_i.instr_i [4:2] 2'01 \if_stage_i.compressed_decoder_i.instr_i [9:7] 5'10001 \if_stage_i.compressed_decoder_i.instr_i [9:7] 15'011001100000001 \if_stage_i.compressed_decoder_i.instr_i [4:2] 2'01 \if_stage_i.compressed_decoder_i.instr_i [9:7] 5'11001 \if_stage_i.compressed_decoder_i.instr_i [9:7] 15'011001100000001 \if_stage_i.compressed_decoder_i.instr_i [4:2] 2'01 \if_stage_i.compressed_decoder_i.instr_i [9:7] 5'11101 \if_stage_i.compressed_decoder_i.instr_i [9:7] 7'0110011 }, Y=$auto$wreduce.cc:514:run$20148 [30:0]
      New ports: A=11'00000000000, B={ 1'1 \if_stage_i.compressed_decoder_i.instr_i [4:2] 3'000 \if_stage_i.compressed_decoder_i.instr_i [9:7] 2'10 \if_stage_i.compressed_decoder_i.instr_i [4:2] 3'100 \if_stage_i.compressed_decoder_i.instr_i [9:7] 2'10 \if_stage_i.compressed_decoder_i.instr_i [4:2] 3'110 \if_stage_i.compressed_decoder_i.instr_i [9:7] 2'10 \if_stage_i.compressed_decoder_i.instr_i [4:2] 3'111 \if_stage_i.compressed_decoder_i.instr_i [9:7] 1'1 }, Y={ $auto$wreduce.cc:514:run$20148 [30] $auto$wreduce.cc:514:run$20148 [22:20] $auto$wreduce.cc:514:run$20148 [14:12] $auto$wreduce.cc:514:run$20148 [9:7] $auto$wreduce.cc:514:run$20148 [0] }
      New connections: { $auto$wreduce.cc:514:run$20148 [29:23] $auto$wreduce.cc:514:run$20148 [19:15] $auto$wreduce.cc:514:run$20148 [11:10] $auto$wreduce.cc:514:run$20148 [6:1] } = { 6'000000 $auto$wreduce.cc:514:run$20148 [0] 1'0 $auto$wreduce.cc:514:run$20148 [0] $auto$wreduce.cc:514:run$20148 [9:7] 1'0 $auto$wreduce.cc:514:run$20148 [0] 1'0 $auto$wreduce.cc:514:run$20148 [0] $auto$wreduce.cc:514:run$20148 [0] 2'00 $auto$wreduce.cc:514:run$20148 [0] }
    Consolidated identical input bits for $mux cell $procmux$17967:
      Old ports: A={ \if_stage_i.compressed_decoder_i.instr_i [12] \if_stage_i.compressed_decoder_i.instr_i [12] \if_stage_i.compressed_decoder_i.instr_i [12] \if_stage_i.compressed_decoder_i.instr_i [12] \if_stage_i.compressed_decoder_i.instr_i [12] \if_stage_i.compressed_decoder_i.instr_i [12] \if_stage_i.compressed_decoder_i.instr_i [12] \if_stage_i.compressed_decoder_i.instr_i [12] \if_stage_i.compressed_decoder_i.instr_i [12] \if_stage_i.compressed_decoder_i.instr_i [12] \if_stage_i.compressed_decoder_i.instr_i [12] \if_stage_i.compressed_decoder_i.instr_i [12] \if_stage_i.compressed_decoder_i.instr_i [6:2] \if_stage_i.compressed_decoder_i.instr_i [11:7] 7'0110111 }, B={ \if_stage_i.compressed_decoder_i.instr_i [4:3] \if_stage_i.compressed_decoder_i.instr_i [5] \if_stage_i.compressed_decoder_i.instr_i [2] \if_stage_i.compressed_decoder_i.instr_i [6] 24'000000010000000100010011 }, Y=$if_stage_i.compressed_decoder_i.instr_o$273 [28:0]
      New ports: A={ \if_stage_i.compressed_decoder_i.instr_i [12] \if_stage_i.compressed_decoder_i.instr_i [12] \if_stage_i.compressed_decoder_i.instr_i [12] \if_stage_i.compressed_decoder_i.instr_i [12] \if_stage_i.compressed_decoder_i.instr_i [12] \if_stage_i.compressed_decoder_i.instr_i [12] \if_stage_i.compressed_decoder_i.instr_i [6:2] \if_stage_i.compressed_decoder_i.instr_i [11:7] 1'1 }, B={ \if_stage_i.compressed_decoder_i.instr_i [4:3] \if_stage_i.compressed_decoder_i.instr_i [5] \if_stage_i.compressed_decoder_i.instr_i [2] \if_stage_i.compressed_decoder_i.instr_i [6] 12'010000000100 }, Y={ $if_stage_i.compressed_decoder_i.instr_o$273 [28:24] $if_stage_i.compressed_decoder_i.instr_o$273 [17:7] $if_stage_i.compressed_decoder_i.instr_o$273 [2] }
      New connections: { $if_stage_i.compressed_decoder_i.instr_o$273 [23:18] $if_stage_i.compressed_decoder_i.instr_o$273 [6:3] $if_stage_i.compressed_decoder_i.instr_o$273 [1:0] } = { $if_stage_i.compressed_decoder_i.instr_o$273 [17] $if_stage_i.compressed_decoder_i.instr_o$273 [17] $if_stage_i.compressed_decoder_i.instr_o$273 [17] $if_stage_i.compressed_decoder_i.instr_o$273 [17] $if_stage_i.compressed_decoder_i.instr_o$273 [17] $if_stage_i.compressed_decoder_i.instr_o$273 [17] 1'0 $if_stage_i.compressed_decoder_i.instr_o$273 [2] 4'1011 }
    Consolidated identical input bits for $mux cell $procmux$17993:
      Old ports: A={ \if_stage_i.compressed_decoder_i.instr_i [12] \if_stage_i.compressed_decoder_i.instr_i [12] \if_stage_i.compressed_decoder_i.instr_i [12] $if_stage_i.compressed_decoder_i.instr_o$273 [28:0] }, B=0, Y=$if_stage_i.compressed_decoder_i.instr_o$274
      New ports: A={ \if_stage_i.compressed_decoder_i.instr_i [12] $if_stage_i.compressed_decoder_i.instr_o$273 [28:0] }, B=30'000000000000000000000000000000, Y=$if_stage_i.compressed_decoder_i.instr_o$274 [29:0]
      New connections: $if_stage_i.compressed_decoder_i.instr_o$274 [31:30] = { $if_stage_i.compressed_decoder_i.instr_o$274 [29] $if_stage_i.compressed_decoder_i.instr_o$274 [29] }
    Consolidated identical input bits for $pmux cell $procmux$18120:
      Old ports: A=30'000000000000000000000000000000, B={ \if_stage_i.compressed_decoder_i.instr_i [10:7] \if_stage_i.compressed_decoder_i.instr_i [12:11] \if_stage_i.compressed_decoder_i.instr_i [5] \if_stage_i.compressed_decoder_i.instr_i [6] 12'000001000001 \if_stage_i.compressed_decoder_i.instr_i [4:2] 10'0010011000 \if_stage_i.compressed_decoder_i.instr_i [5] \if_stage_i.compressed_decoder_i.instr_i [12:10] \if_stage_i.compressed_decoder_i.instr_i [6] 4'0001 \if_stage_i.compressed_decoder_i.instr_i [9:7] 5'01001 \if_stage_i.compressed_decoder_i.instr_i [4:2] 10'0000011000 \if_stage_i.compressed_decoder_i.instr_i [5] \if_stage_i.compressed_decoder_i.instr_i [12] 2'01 \if_stage_i.compressed_decoder_i.instr_i [4:2] 2'01 \if_stage_i.compressed_decoder_i.instr_i [9:7] 3'010 \if_stage_i.compressed_decoder_i.instr_i [11:10] \if_stage_i.compressed_decoder_i.instr_i [6] 9'000100011 }, Y=$auto$wreduce.cc:514:run$20147 [29:0]
      New ports: A=22'0000000000000000000000, B={ \if_stage_i.compressed_decoder_i.instr_i [10:7] \if_stage_i.compressed_decoder_i.instr_i [12:11] \if_stage_i.compressed_decoder_i.instr_i [5] \if_stage_i.compressed_decoder_i.instr_i [6] 8'00010001 \if_stage_i.compressed_decoder_i.instr_i [4:2] 6'011000 \if_stage_i.compressed_decoder_i.instr_i [5] \if_stage_i.compressed_decoder_i.instr_i [12:10] \if_stage_i.compressed_decoder_i.instr_i [6] 2'00 \if_stage_i.compressed_decoder_i.instr_i [9:7] 3'101 \if_stage_i.compressed_decoder_i.instr_i [4:2] 6'001000 \if_stage_i.compressed_decoder_i.instr_i [5] \if_stage_i.compressed_decoder_i.instr_i [12] 2'01 \if_stage_i.compressed_decoder_i.instr_i [4:2] \if_stage_i.compressed_decoder_i.instr_i [9:7] 1'1 \if_stage_i.compressed_decoder_i.instr_i [11:10] \if_stage_i.compressed_decoder_i.instr_i [6] 5'00101 }, Y={ $auto$wreduce.cc:514:run$20147 [29:20] $auto$wreduce.cc:514:run$20147 [17:15] $auto$wreduce.cc:514:run$20147 [13] $auto$wreduce.cc:514:run$20147 [11:7] $auto$wreduce.cc:514:run$20147 [5:4] $auto$wreduce.cc:514:run$20147 [0] }
      New connections: { $auto$wreduce.cc:514:run$20147 [19:18] $auto$wreduce.cc:514:run$20147 [14] $auto$wreduce.cc:514:run$20147 [12] $auto$wreduce.cc:514:run$20147 [6] $auto$wreduce.cc:514:run$20147 [3:1] } = { 1'0 $auto$wreduce.cc:514:run$20147 [13] 5'00000 $auto$wreduce.cc:514:run$20147 [0] }
    Consolidated identical input bits for $mux cell $procmux$18177:
      Old ports: A={ \if_stage_i.aligner_i.pc_plus2 [31:1] 1'x }, B={ \if_stage_i.aligner_i.pc_plus4 [31:2] 2'x }, Y=$if_stage_i.aligner_i.pc_n$215
      New ports: A=\if_stage_i.aligner_i.pc_plus2 [31:1], B={ \if_stage_i.aligner_i.pc_plus4 [31:2] 1'x }, Y=$if_stage_i.aligner_i.pc_n$215 [31:1]
      New connections: $if_stage_i.aligner_i.pc_n$215 [0] = 1'x
    Consolidated identical input bits for $mux cell $procmux$18202:
      Old ports: A={ \if_stage_i.aligner_i.pc_plus2 [31:1] 1'x }, B={ \if_stage_i.aligner_i.pc_plus4 [31:2] 2'x }, Y=$if_stage_i.aligner_i.pc_n$224
      New ports: A=\if_stage_i.aligner_i.pc_plus2 [31:1], B={ \if_stage_i.aligner_i.pc_plus4 [31:2] 1'x }, Y=$if_stage_i.aligner_i.pc_n$224 [31:1]
      New connections: $if_stage_i.aligner_i.pc_n$224 [0] = 1'x
    Consolidated identical input bits for $mux cell $procmux$18216:
      Old ports: A={ \if_stage_i.aligner_i.fetch_rdata_i [31:16] \if_stage_i.aligner_i.r_instr_h }, B={ \if_stage_i.aligner_i.fetch_rdata_i [15:0] \if_stage_i.aligner_i.r_instr_h }, Y=$if_stage_i.aligner_i.instr_aligned_o$221
      New ports: A=\if_stage_i.aligner_i.fetch_rdata_i [31:16], B=\if_stage_i.aligner_i.fetch_rdata_i [15:0], Y=$if_stage_i.aligner_i.instr_aligned_o$221 [31:16]
      New connections: $if_stage_i.aligner_i.instr_aligned_o$221 [15:0] = \if_stage_i.aligner_i.r_instr_h
    Consolidated identical input bits for $mux cell $procmux$18560:
      Old ports: A={ \if_stage_i.prefetch_buffer_i.prefetch_controller_i.trans_addr_incr [31:2] 2'00 }, B={ \if_stage_i.branch_addr_n [31:2] 2'00 }, Y=$if_stage_i.prefetch_buffer_i.prefetch_controller_i.trans_addr_o$40
      New ports: A=\if_stage_i.prefetch_buffer_i.prefetch_controller_i.trans_addr_incr [31:2], B=\if_stage_i.branch_addr_n [31:2], Y=$if_stage_i.prefetch_buffer_i.prefetch_controller_i.trans_addr_o$40 [31:2]
      New connections: $if_stage_i.prefetch_buffer_i.prefetch_controller_i.trans_addr_o$40 [1:0] = 2'00
    Consolidated identical input bits for $pmux cell $procmux$18575:
      Old ports: A={ \cs_registers_i.mtvec_q 8'00000000 }, B={ \cs_registers_i.mtvec_q 1'0 \if_stage_i.exc_vec_pc_mux 2'00 \dm_halt_addr_i [31:2] 2'00 \dm_exception_addr_i [31:2] 2'00 }, Y=\if_stage_i.exc_pc
      New ports: A={ \cs_registers_i.mtvec_q 6'000000 }, B={ \cs_registers_i.mtvec_q 1'0 \if_stage_i.exc_vec_pc_mux \dm_halt_addr_i [31:2] \dm_exception_addr_i [31:2] }, Y=\if_stage_i.exc_pc [31:2]
      New connections: \if_stage_i.exc_pc [1:0] = 2'00
    Consolidated identical input bits for $mux cell $procmux$3090:
      Old ports: A=2'11, B=2'00, Y=$auto$wreduce.cc:514:run$20131 [1:0]
      New ports: A=1'1, B=1'0, Y=$auto$wreduce.cc:514:run$20131 [0]
      New connections: $auto$wreduce.cc:514:run$20131 [1] = $auto$wreduce.cc:514:run$20131 [0]
    Consolidated identical input bits for $mux cell $procmux$4758:
      Old ports: A=3'010, B=3'100, Y=$id_stage_i.controller_i.debug_fsm_ns$1599
      New ports: A=2'01, B=2'10, Y=$id_stage_i.controller_i.debug_fsm_ns$1599 [2:1]
      New connections: $id_stage_i.controller_i.debug_fsm_ns$1599 [0] = 1'0
    Consolidated identical input bits for $mux cell $procmux$4841:
      Old ports: A=2'00, B=2'10, Y=$id_stage_i.controller_i.operand_b_fw_mux_sel_o$1551
      New ports: A=1'0, B=1'1, Y=$id_stage_i.controller_i.operand_b_fw_mux_sel_o$1551 [1]
      New connections: $id_stage_i.controller_i.operand_b_fw_mux_sel_o$1551 [0] = 1'0
    Consolidated identical input bits for $mux cell $procmux$4845:
      Old ports: A=2'00, B=2'10, Y=$id_stage_i.controller_i.operand_a_fw_mux_sel_o$1549
      New ports: A=1'0, B=1'1, Y=$id_stage_i.controller_i.operand_a_fw_mux_sel_o$1549 [1]
      New connections: $id_stage_i.controller_i.operand_a_fw_mux_sel_o$1549 [0] = 1'0
    Consolidated identical input bits for $mux cell $procmux$4918:
      Old ports: A=3'001, B=3'100, Y=$id_stage_i.controller_i.debug_cause_o$1455
      New ports: A=2'01, B=2'10, Y={ $id_stage_i.controller_i.debug_cause_o$1455 [2] $id_stage_i.controller_i.debug_cause_o$1455 [0] }
      New connections: $id_stage_i.controller_i.debug_cause_o$1455 [1] = 1'0
    Consolidated identical input bits for $mux cell $procmux$4936:
      Old ports: A=2'01, B=2'11, Y=$auto$wreduce.cc:514:run$20081 [1:0]
      New ports: A=1'0, B=1'1, Y=$auto$wreduce.cc:514:run$20081 [1]
      New connections: $auto$wreduce.cc:514:run$20081 [0] = 1'1
    Consolidated identical input bits for $mux cell $procmux$5009:
      Old ports: A=2'00, B=2'11, Y=$auto$wreduce.cc:514:run$20103 [1:0]
      New ports: A=1'0, B=1'1, Y=$auto$wreduce.cc:514:run$20103 [0]
      New connections: $auto$wreduce.cc:514:run$20103 [1] = $auto$wreduce.cc:514:run$20103 [0]
    Consolidated identical input bits for $mux cell $procmux$5048:
      Old ports: A=2'01, B=2'11, Y=$auto$wreduce.cc:514:run$20089 [1:0]
      New ports: A=1'0, B=1'1, Y=$auto$wreduce.cc:514:run$20089 [1]
      New connections: $auto$wreduce.cc:514:run$20089 [0] = 1'1
    Consolidated identical input bits for $pmux cell $procmux$5539:
      Old ports: A=3'000, B=6'100001, Y=$auto$wreduce.cc:514:run$20099 [2:0]
      New ports: A=2'00, B=4'1001, Y={ $auto$wreduce.cc:514:run$20099 [2] $auto$wreduce.cc:514:run$20099 [0] }
      New connections: $auto$wreduce.cc:514:run$20099 [1] = 1'0
    Consolidated identical input bits for $mux cell $procmux$572:
      Old ports: A={ 24'000000000000000000000000 \data_rdata_i [31:24] }, B={ \data_rdata_i [31] \data_rdata_i [31] \data_rdata_i [31] \data_rdata_i [31] \data_rdata_i [31] \data_rdata_i [31] \data_rdata_i [31] \data_rdata_i [31] \data_rdata_i [31] \data_rdata_i [31] \data_rdata_i [31] \data_rdata_i [31] \data_rdata_i [31] \data_rdata_i [31] \data_rdata_i [31] \data_rdata_i [31] \data_rdata_i [31] \data_rdata_i [31] \data_rdata_i [31] \data_rdata_i [31] \data_rdata_i [31] \data_rdata_i [31] \data_rdata_i [31] \data_rdata_i [31] \data_rdata_i [31:24] }, Y=$load_store_unit_i.rdata_b_ext$2541
      New ports: A=1'0, B=\data_rdata_i [31], Y=$load_store_unit_i.rdata_b_ext$2541 [8]
      New connections: { $load_store_unit_i.rdata_b_ext$2541 [31:9] $load_store_unit_i.rdata_b_ext$2541 [7:0] } = { $load_store_unit_i.rdata_b_ext$2541 [8] $load_store_unit_i.rdata_b_ext$2541 [8] $load_store_unit_i.rdata_b_ext$2541 [8] $load_store_unit_i.rdata_b_ext$2541 [8] $load_store_unit_i.rdata_b_ext$2541 [8] $load_store_unit_i.rdata_b_ext$2541 [8] $load_store_unit_i.rdata_b_ext$2541 [8] $load_store_unit_i.rdata_b_ext$2541 [8] $load_store_unit_i.rdata_b_ext$2541 [8] $load_store_unit_i.rdata_b_ext$2541 [8] $load_store_unit_i.rdata_b_ext$2541 [8] $load_store_unit_i.rdata_b_ext$2541 [8] $load_store_unit_i.rdata_b_ext$2541 [8] $load_store_unit_i.rdata_b_ext$2541 [8] $load_store_unit_i.rdata_b_ext$2541 [8] $load_store_unit_i.rdata_b_ext$2541 [8] $load_store_unit_i.rdata_b_ext$2541 [8] $load_store_unit_i.rdata_b_ext$2541 [8] $load_store_unit_i.rdata_b_ext$2541 [8] $load_store_unit_i.rdata_b_ext$2541 [8] $load_store_unit_i.rdata_b_ext$2541 [8] $load_store_unit_i.rdata_b_ext$2541 [8] $load_store_unit_i.rdata_b_ext$2541 [8] \data_rdata_i [31:24] }
    Consolidated identical input bits for $mux cell $procmux$588:
      Old ports: A={ 24'000000000000000000000000 \data_rdata_i [23:16] }, B={ \data_rdata_i [23] \data_rdata_i [23] \data_rdata_i [23] \data_rdata_i [23] \data_rdata_i [23] \data_rdata_i [23] \data_rdata_i [23] \data_rdata_i [23] \data_rdata_i [23] \data_rdata_i [23] \data_rdata_i [23] \data_rdata_i [23] \data_rdata_i [23] \data_rdata_i [23] \data_rdata_i [23] \data_rdata_i [23] \data_rdata_i [23] \data_rdata_i [23] \data_rdata_i [23] \data_rdata_i [23] \data_rdata_i [23] \data_rdata_i [23] \data_rdata_i [23] \data_rdata_i [23] \data_rdata_i [23:16] }, Y=$load_store_unit_i.rdata_b_ext$2537
      New ports: A=1'0, B=\data_rdata_i [23], Y=$load_store_unit_i.rdata_b_ext$2537 [8]
      New connections: { $load_store_unit_i.rdata_b_ext$2537 [31:9] $load_store_unit_i.rdata_b_ext$2537 [7:0] } = { $load_store_unit_i.rdata_b_ext$2537 [8] $load_store_unit_i.rdata_b_ext$2537 [8] $load_store_unit_i.rdata_b_ext$2537 [8] $load_store_unit_i.rdata_b_ext$2537 [8] $load_store_unit_i.rdata_b_ext$2537 [8] $load_store_unit_i.rdata_b_ext$2537 [8] $load_store_unit_i.rdata_b_ext$2537 [8] $load_store_unit_i.rdata_b_ext$2537 [8] $load_store_unit_i.rdata_b_ext$2537 [8] $load_store_unit_i.rdata_b_ext$2537 [8] $load_store_unit_i.rdata_b_ext$2537 [8] $load_store_unit_i.rdata_b_ext$2537 [8] $load_store_unit_i.rdata_b_ext$2537 [8] $load_store_unit_i.rdata_b_ext$2537 [8] $load_store_unit_i.rdata_b_ext$2537 [8] $load_store_unit_i.rdata_b_ext$2537 [8] $load_store_unit_i.rdata_b_ext$2537 [8] $load_store_unit_i.rdata_b_ext$2537 [8] $load_store_unit_i.rdata_b_ext$2537 [8] $load_store_unit_i.rdata_b_ext$2537 [8] $load_store_unit_i.rdata_b_ext$2537 [8] $load_store_unit_i.rdata_b_ext$2537 [8] $load_store_unit_i.rdata_b_ext$2537 [8] \data_rdata_i [23:16] }
    Consolidated identical input bits for $mux cell $procmux$606:
      Old ports: A={ 24'000000000000000000000000 \data_rdata_i [15:8] }, B={ \data_rdata_i [15] \data_rdata_i [15] \data_rdata_i [15] \data_rdata_i [15] \data_rdata_i [15] \data_rdata_i [15] \data_rdata_i [15] \data_rdata_i [15] \data_rdata_i [15] \data_rdata_i [15] \data_rdata_i [15] \data_rdata_i [15] \data_rdata_i [15] \data_rdata_i [15] \data_rdata_i [15] \data_rdata_i [15] \data_rdata_i [15] \data_rdata_i [15] \data_rdata_i [15] \data_rdata_i [15] \data_rdata_i [15] \data_rdata_i [15] \data_rdata_i [15] \data_rdata_i [15] \data_rdata_i [15:8] }, Y=$load_store_unit_i.rdata_b_ext$2533
      New ports: A=1'0, B=\data_rdata_i [15], Y=$load_store_unit_i.rdata_b_ext$2533 [8]
      New connections: { $load_store_unit_i.rdata_b_ext$2533 [31:9] $load_store_unit_i.rdata_b_ext$2533 [7:0] } = { $load_store_unit_i.rdata_b_ext$2533 [8] $load_store_unit_i.rdata_b_ext$2533 [8] $load_store_unit_i.rdata_b_ext$2533 [8] $load_store_unit_i.rdata_b_ext$2533 [8] $load_store_unit_i.rdata_b_ext$2533 [8] $load_store_unit_i.rdata_b_ext$2533 [8] $load_store_unit_i.rdata_b_ext$2533 [8] $load_store_unit_i.rdata_b_ext$2533 [8] $load_store_unit_i.rdata_b_ext$2533 [8] $load_store_unit_i.rdata_b_ext$2533 [8] $load_store_unit_i.rdata_b_ext$2533 [8] $load_store_unit_i.rdata_b_ext$2533 [8] $load_store_unit_i.rdata_b_ext$2533 [8] $load_store_unit_i.rdata_b_ext$2533 [8] $load_store_unit_i.rdata_b_ext$2533 [8] $load_store_unit_i.rdata_b_ext$2533 [8] $load_store_unit_i.rdata_b_ext$2533 [8] $load_store_unit_i.rdata_b_ext$2533 [8] $load_store_unit_i.rdata_b_ext$2533 [8] $load_store_unit_i.rdata_b_ext$2533 [8] $load_store_unit_i.rdata_b_ext$2533 [8] $load_store_unit_i.rdata_b_ext$2533 [8] $load_store_unit_i.rdata_b_ext$2533 [8] \data_rdata_i [15:8] }
    Consolidated identical input bits for $pmux cell $procmux$6162:
      Old ports: A=4'0000, B=8'00111011, Y=$auto$wreduce.cc:514:run$20078 [3:0]
      New ports: A=2'00, B=4'0111, Y={ $auto$wreduce.cc:514:run$20078 [3] $auto$wreduce.cc:514:run$20078 [0] }
      New connections: $auto$wreduce.cc:514:run$20078 [2:1] = { 1'0 $auto$wreduce.cc:514:run$20078 [0] }
    Consolidated identical input bits for $mux cell $procmux$635:
      Old ports: A={ 24'000000000000000000000000 \data_rdata_i [7:0] }, B={ \data_rdata_i [7] \data_rdata_i [7] \data_rdata_i [7] \data_rdata_i [7] \data_rdata_i [7] \data_rdata_i [7] \data_rdata_i [7] \data_rdata_i [7] \data_rdata_i [7] \data_rdata_i [7] \data_rdata_i [7] \data_rdata_i [7] \data_rdata_i [7] \data_rdata_i [7] \data_rdata_i [7] \data_rdata_i [7] \data_rdata_i [7] \data_rdata_i [7] \data_rdata_i [7] \data_rdata_i [7] \data_rdata_i [7] \data_rdata_i [7] \data_rdata_i [7] \data_rdata_i [7] \data_rdata_i [7:0] }, Y=$load_store_unit_i.rdata_b_ext$2529
      New ports: A=1'0, B=\data_rdata_i [7], Y=$load_store_unit_i.rdata_b_ext$2529 [8]
      New connections: { $load_store_unit_i.rdata_b_ext$2529 [31:9] $load_store_unit_i.rdata_b_ext$2529 [7:0] } = { $load_store_unit_i.rdata_b_ext$2529 [8] $load_store_unit_i.rdata_b_ext$2529 [8] $load_store_unit_i.rdata_b_ext$2529 [8] $load_store_unit_i.rdata_b_ext$2529 [8] $load_store_unit_i.rdata_b_ext$2529 [8] $load_store_unit_i.rdata_b_ext$2529 [8] $load_store_unit_i.rdata_b_ext$2529 [8] $load_store_unit_i.rdata_b_ext$2529 [8] $load_store_unit_i.rdata_b_ext$2529 [8] $load_store_unit_i.rdata_b_ext$2529 [8] $load_store_unit_i.rdata_b_ext$2529 [8] $load_store_unit_i.rdata_b_ext$2529 [8] $load_store_unit_i.rdata_b_ext$2529 [8] $load_store_unit_i.rdata_b_ext$2529 [8] $load_store_unit_i.rdata_b_ext$2529 [8] $load_store_unit_i.rdata_b_ext$2529 [8] $load_store_unit_i.rdata_b_ext$2529 [8] $load_store_unit_i.rdata_b_ext$2529 [8] $load_store_unit_i.rdata_b_ext$2529 [8] $load_store_unit_i.rdata_b_ext$2529 [8] $load_store_unit_i.rdata_b_ext$2529 [8] $load_store_unit_i.rdata_b_ext$2529 [8] $load_store_unit_i.rdata_b_ext$2529 [8] \data_rdata_i [7:0] }
    Consolidated identical input bits for $mux cell $procmux$649:
      Old ports: A={ 16'0000000000000000 \data_rdata_i [7:0] \load_store_unit_i.rdata_q [31:24] }, B={ \data_rdata_i [7] \data_rdata_i [7] \data_rdata_i [7] \data_rdata_i [7] \data_rdata_i [7] \data_rdata_i [7] \data_rdata_i [7] \data_rdata_i [7] \data_rdata_i [7] \data_rdata_i [7] \data_rdata_i [7] \data_rdata_i [7] \data_rdata_i [7] \data_rdata_i [7] \data_rdata_i [7] \data_rdata_i [7] \data_rdata_i [7:0] \load_store_unit_i.rdata_q [31:24] }, Y=$load_store_unit_i.rdata_h_ext$2523
      New ports: A=1'0, B=\data_rdata_i [7], Y=$load_store_unit_i.rdata_h_ext$2523 [16]
      New connections: { $load_store_unit_i.rdata_h_ext$2523 [31:17] $load_store_unit_i.rdata_h_ext$2523 [15:0] } = { $load_store_unit_i.rdata_h_ext$2523 [16] $load_store_unit_i.rdata_h_ext$2523 [16] $load_store_unit_i.rdata_h_ext$2523 [16] $load_store_unit_i.rdata_h_ext$2523 [16] $load_store_unit_i.rdata_h_ext$2523 [16] $load_store_unit_i.rdata_h_ext$2523 [16] $load_store_unit_i.rdata_h_ext$2523 [16] $load_store_unit_i.rdata_h_ext$2523 [16] $load_store_unit_i.rdata_h_ext$2523 [16] $load_store_unit_i.rdata_h_ext$2523 [16] $load_store_unit_i.rdata_h_ext$2523 [16] $load_store_unit_i.rdata_h_ext$2523 [16] $load_store_unit_i.rdata_h_ext$2523 [16] $load_store_unit_i.rdata_h_ext$2523 [16] $load_store_unit_i.rdata_h_ext$2523 [16] \data_rdata_i [7:0] \load_store_unit_i.rdata_q [31:24] }
    Consolidated identical input bits for $mux cell $procmux$665:
      Old ports: A={ 16'0000000000000000 \data_rdata_i [31:16] }, B={ \data_rdata_i [31] \data_rdata_i [31] \data_rdata_i [31] \data_rdata_i [31] \data_rdata_i [31] \data_rdata_i [31] \data_rdata_i [31] \data_rdata_i [31] \data_rdata_i [31] \data_rdata_i [31] \data_rdata_i [31] \data_rdata_i [31] \data_rdata_i [31] \data_rdata_i [31] \data_rdata_i [31] \data_rdata_i [31] \data_rdata_i [31:16] }, Y=$load_store_unit_i.rdata_h_ext$2519
      New ports: A=1'0, B=\data_rdata_i [31], Y=$load_store_unit_i.rdata_h_ext$2519 [16]
      New connections: { $load_store_unit_i.rdata_h_ext$2519 [31:17] $load_store_unit_i.rdata_h_ext$2519 [15:0] } = { $load_store_unit_i.rdata_h_ext$2519 [16] $load_store_unit_i.rdata_h_ext$2519 [16] $load_store_unit_i.rdata_h_ext$2519 [16] $load_store_unit_i.rdata_h_ext$2519 [16] $load_store_unit_i.rdata_h_ext$2519 [16] $load_store_unit_i.rdata_h_ext$2519 [16] $load_store_unit_i.rdata_h_ext$2519 [16] $load_store_unit_i.rdata_h_ext$2519 [16] $load_store_unit_i.rdata_h_ext$2519 [16] $load_store_unit_i.rdata_h_ext$2519 [16] $load_store_unit_i.rdata_h_ext$2519 [16] $load_store_unit_i.rdata_h_ext$2519 [16] $load_store_unit_i.rdata_h_ext$2519 [16] $load_store_unit_i.rdata_h_ext$2519 [16] $load_store_unit_i.rdata_h_ext$2519 [16] \data_rdata_i [31:16] }
    Consolidated identical input bits for $mux cell $procmux$683:
      Old ports: A={ 16'0000000000000000 \data_rdata_i [23:8] }, B={ \data_rdata_i [23] \data_rdata_i [23] \data_rdata_i [23] \data_rdata_i [23] \data_rdata_i [23] \data_rdata_i [23] \data_rdata_i [23] \data_rdata_i [23] \data_rdata_i [23] \data_rdata_i [23] \data_rdata_i [23] \data_rdata_i [23] \data_rdata_i [23] \data_rdata_i [23] \data_rdata_i [23] \data_rdata_i [23] \data_rdata_i [23:8] }, Y=$load_store_unit_i.rdata_h_ext$2515
      New ports: A=1'0, B=\data_rdata_i [23], Y=$load_store_unit_i.rdata_h_ext$2515 [16]
      New connections: { $load_store_unit_i.rdata_h_ext$2515 [31:17] $load_store_unit_i.rdata_h_ext$2515 [15:0] } = { $load_store_unit_i.rdata_h_ext$2515 [16] $load_store_unit_i.rdata_h_ext$2515 [16] $load_store_unit_i.rdata_h_ext$2515 [16] $load_store_unit_i.rdata_h_ext$2515 [16] $load_store_unit_i.rdata_h_ext$2515 [16] $load_store_unit_i.rdata_h_ext$2515 [16] $load_store_unit_i.rdata_h_ext$2515 [16] $load_store_unit_i.rdata_h_ext$2515 [16] $load_store_unit_i.rdata_h_ext$2515 [16] $load_store_unit_i.rdata_h_ext$2515 [16] $load_store_unit_i.rdata_h_ext$2515 [16] $load_store_unit_i.rdata_h_ext$2515 [16] $load_store_unit_i.rdata_h_ext$2515 [16] $load_store_unit_i.rdata_h_ext$2515 [16] $load_store_unit_i.rdata_h_ext$2515 [16] \data_rdata_i [23:8] }
    Consolidated identical input bits for $mux cell $procmux$712:
      Old ports: A={ 16'0000000000000000 \data_rdata_i [15:0] }, B={ \data_rdata_i [15] \data_rdata_i [15] \data_rdata_i [15] \data_rdata_i [15] \data_rdata_i [15] \data_rdata_i [15] \data_rdata_i [15] \data_rdata_i [15] \data_rdata_i [15] \data_rdata_i [15] \data_rdata_i [15] \data_rdata_i [15] \data_rdata_i [15] \data_rdata_i [15] \data_rdata_i [15] \data_rdata_i [15] \data_rdata_i [15:0] }, Y=$load_store_unit_i.rdata_h_ext$2511
      New ports: A=1'0, B=\data_rdata_i [15], Y=$load_store_unit_i.rdata_h_ext$2511 [16]
      New connections: { $load_store_unit_i.rdata_h_ext$2511 [31:17] $load_store_unit_i.rdata_h_ext$2511 [15:0] } = { $load_store_unit_i.rdata_h_ext$2511 [16] $load_store_unit_i.rdata_h_ext$2511 [16] $load_store_unit_i.rdata_h_ext$2511 [16] $load_store_unit_i.rdata_h_ext$2511 [16] $load_store_unit_i.rdata_h_ext$2511 [16] $load_store_unit_i.rdata_h_ext$2511 [16] $load_store_unit_i.rdata_h_ext$2511 [16] $load_store_unit_i.rdata_h_ext$2511 [16] $load_store_unit_i.rdata_h_ext$2511 [16] $load_store_unit_i.rdata_h_ext$2511 [16] $load_store_unit_i.rdata_h_ext$2511 [16] $load_store_unit_i.rdata_h_ext$2511 [16] $load_store_unit_i.rdata_h_ext$2511 [16] $load_store_unit_i.rdata_h_ext$2511 [16] $load_store_unit_i.rdata_h_ext$2511 [16] \data_rdata_i [15:0] }
    Consolidated identical input bits for $pmux cell $procmux$770:
      Old ports: A=4'0000, B=12'000100110111, Y=$load_store_unit_i.data_be$2483
      New ports: A=3'000, B=9'001011111, Y=$load_store_unit_i.data_be$2483 [2:0]
      New connections: $load_store_unit_i.data_be$2483 [3] = 1'0
    Consolidated identical input bits for $pmux cell $procmux$792:
      Old ports: A=4'1111, B=12'111011001000, Y=$load_store_unit_i.data_be$2482
      New ports: A=3'111, B=9'110100000, Y=$load_store_unit_i.data_be$2482 [2:0]
      New connections: $load_store_unit_i.data_be$2482 [3] = 1'1
    Consolidated identical input bits for $mux cell $procmux$7959:
      Old ports: A=2'00, B=2'10, Y=$auto$wreduce.cc:514:run$20092 [1:0]
      New ports: A=1'0, B=1'1, Y=$auto$wreduce.cc:514:run$20092 [1]
      New connections: $auto$wreduce.cc:514:run$20092 [0] = 1'0
    Consolidated identical input bits for $mux cell $procmux$915:
      Old ports: A=5'00000, B=5'10000, Y=\ex_stage_i.mult_i.mulh_imm
      New ports: A=1'0, B=1'1, Y=\ex_stage_i.mult_i.mulh_imm [4]
      New connections: \ex_stage_i.mult_i.mulh_imm [3:0] = 4'0000
    Consolidated identical input bits for $mux cell $procmux$953:
      Old ports: A=5'00000, B=5'11111, Y=$auto$wreduce.cc:514:run$20077 [4:0]
      New ports: A=1'0, B=1'1, Y=$auto$wreduce.cc:514:run$20077 [0]
      New connections: $auto$wreduce.cc:514:run$20077 [4:1] = { $auto$wreduce.cc:514:run$20077 [0] $auto$wreduce.cc:514:run$20077 [0] $auto$wreduce.cc:514:run$20077 [0] $auto$wreduce.cc:514:run$20077 [0] }
  Optimizing cells in module \cv32e40p_core.
    Consolidated identical input bits for $demux cell $100:
      Old ports: A=$2809y, Y=$100y
      New ports: A=$2809y [0], Y={ $100y [32] $100y [0] }
      New connections: { $100y [63] $100y [31] $100y [62] $100y [30] $100y [61] $100y [29] $100y [60] $100y [28] $100y [59] $100y [27] $100y [58] $100y [26] $100y [57] $100y [25] $100y [56] $100y [24] $100y [55] $100y [23] $100y [54] $100y [22] $100y [53] $100y [21] $100y [52] $100y [20] $100y [51] $100y [19] $100y [50] $100y [18] $100y [49] $100y [17] $100y [48] $100y [16] $100y [47] $100y [15] $100y [46] $100y [14] $100y [45] $100y [13] $100y [44] $100y [12] $100y [43] $100y [11] $100y [42] $100y [10] $100y [41] $100y [9] $100y [40] $100y [8] $100y [39] $100y [7] $100y [38] $100y [6] $100y [37] $100y [5] $100y [36] $100y [4] $100y [35] $100y [3] $100y [34] $100y [2] $100y [33] $100y [1] } = { $100y [32] $100y [0] $100y [32] $100y [0] $100y [32] $100y [0] $100y [32] $100y [0] $100y [32] $100y [0] $100y [32] $100y [0] $100y [32] $100y [0] $100y [32] $100y [0] $100y [32] $100y [0] $100y [32] $100y [0] $100y [32] $100y [0] $100y [32] $100y [0] $100y [32] $100y [0] $100y [32] $100y [0] $100y [32] $100y [0] $100y [32] $100y [0] $100y [32] $100y [0] $100y [32] $100y [0] $100y [32] $100y [0] $100y [32] $100y [0] $100y [32] $100y [0] $100y [32] $100y [0] $100y [32] $100y [0] $100y [32] $100y [0] $100y [32] $100y [0] $100y [32] $100y [0] $100y [32] $100y [0] $100y [32] $100y [0] $100y [32] $100y [0] $100y [32] $100y [0] $100y [32] $100y [0] }
    Consolidated identical input bits for $mux cell $2236:
      Old ports: A=\ex_stage_i.alu_i.ff_one_i.index_nodes [44:40], B=\ex_stage_i.alu_i.ff_one_i.index_nodes [39:35], Y=\ex_stage_i.alu_i.ff_one_i.index_nodes [19:15]
      New ports: A={ 1'1 \ex_stage_i.alu_i.ff_one_i.index_nodes [41:40] }, B={ 1'0 \ex_stage_i.alu_i.ff_one_i.index_nodes [36:35] }, Y=\ex_stage_i.alu_i.ff_one_i.index_nodes [17:15]
      New connections: \ex_stage_i.alu_i.ff_one_i.index_nodes [19:18] = 2'00
    Consolidated identical input bits for $mux cell $2239:
      Old ports: A=\ex_stage_i.alu_i.ff_one_i.index_nodes [54:50], B=\ex_stage_i.alu_i.ff_one_i.index_nodes [49:45], Y=\ex_stage_i.alu_i.ff_one_i.index_nodes [24:20]
      New ports: A={ 1'1 \ex_stage_i.alu_i.ff_one_i.index_nodes [51:50] }, B={ 1'0 \ex_stage_i.alu_i.ff_one_i.index_nodes [46:45] }, Y=\ex_stage_i.alu_i.ff_one_i.index_nodes [22:20]
      New connections: \ex_stage_i.alu_i.ff_one_i.index_nodes [24:23] = 2'01
    Consolidated identical input bits for $mux cell $2242:
      Old ports: A=\ex_stage_i.alu_i.ff_one_i.index_nodes [64:60], B=\ex_stage_i.alu_i.ff_one_i.index_nodes [59:55], Y=\ex_stage_i.alu_i.ff_one_i.index_nodes [29:25]
      New ports: A={ 1'1 \ex_stage_i.alu_i.ff_one_i.index_nodes [61:60] }, B={ 1'0 \ex_stage_i.alu_i.ff_one_i.index_nodes [56:55] }, Y=\ex_stage_i.alu_i.ff_one_i.index_nodes [27:25]
      New connections: \ex_stage_i.alu_i.ff_one_i.index_nodes [29:28] = 2'10
    Consolidated identical input bits for $mux cell $2245:
      Old ports: A=\ex_stage_i.alu_i.ff_one_i.index_nodes [74:70], B=\ex_stage_i.alu_i.ff_one_i.index_nodes [69:65], Y=\ex_stage_i.alu_i.ff_one_i.index_nodes [34:30]
      New ports: A={ 1'1 \ex_stage_i.alu_i.ff_one_i.index_nodes [71:70] }, B={ 1'0 \ex_stage_i.alu_i.ff_one_i.index_nodes [66:65] }, Y=\ex_stage_i.alu_i.ff_one_i.index_nodes [32:30]
      New connections: \ex_stage_i.alu_i.ff_one_i.index_nodes [34:33] = 2'11
    Consolidated identical input bits for $mux cell $2377:
      Old ports: A=\ex_stage_i.mult_i.mulh_imm, B=5'00000, Y=\ex_stage_i.mult_i.short_imm
      New ports: A=\ex_stage_i.mult_i.mulh_imm [4], B=1'0, Y=\ex_stage_i.mult_i.short_imm [4]
      New connections: \ex_stage_i.mult_i.short_imm [3:0] = 4'0000
    Consolidated identical input bits for $demux cell $2811:
      Old ports: A=$2809y, Y=$2811y
      New ports: A=$2809y [0], Y={ $2811y [992] $2811y [960] $2811y [928] $2811y [896] $2811y [864] $2811y [832] $2811y [800] $2811y [768] $2811y [736] $2811y [704] $2811y [672] $2811y [640] $2811y [608] $2811y [576] $2811y [544] $2811y [512] $2811y [480] $2811y [448] $2811y [416] $2811y [384] $2811y [352] $2811y [320] $2811y [288] $2811y [256] $2811y [224] $2811y [192] $2811y [160] $2811y [128] $2811y [96] $2811y [64] $2811y [32] $2811y [0] }
      New connections: { $2811y [1023] $2811y [991] $2811y [959] $2811y [927] $2811y [895] $2811y [863] $2811y [831] $2811y [799] $2811y [767] $2811y [735] $2811y [703] $2811y [671] $2811y [639] $2811y [607] $2811y [575] $2811y [543] $2811y [511] $2811y [479] $2811y [447] $2811y [415] $2811y [383] $2811y [351] $2811y [319] $2811y [287] $2811y [255] $2811y [223] $2811y [191] $2811y [159] $2811y [127] $2811y [95] $2811y [63] $2811y [31] $2811y [1022] $2811y [990] $2811y [958] $2811y [926] $2811y [894] $2811y [862] $2811y [830] $2811y [798] $2811y [766] $2811y [734] $2811y [702] $2811y [670] $2811y [638] $2811y [606] $2811y [574] $2811y [542] $2811y [510] $2811y [478] $2811y [446] $2811y [414] $2811y [382] $2811y [350] $2811y [318] $2811y [286] $2811y [254] $2811y [222] $2811y [190] $2811y [158] $2811y [126] $2811y [94] $2811y [62] $2811y [30] $2811y [1021] $2811y [989] $2811y [957] $2811y [925] $2811y [893] $2811y [861] $2811y [829] $2811y [797] $2811y [765] $2811y [733] $2811y [701] $2811y [669] $2811y [637] $2811y [605] $2811y [573] $2811y [541] $2811y [509] $2811y [477] $2811y [445] $2811y [413] $2811y [381] $2811y [349] $2811y [317] $2811y [285] $2811y [253] $2811y [221] $2811y [189] $2811y [157] $2811y [125] $2811y [93] $2811y [61] $2811y [29] $2811y [1020] $2811y [988] $2811y [956] $2811y [924] $2811y [892] $2811y [860] $2811y [828] $2811y [796] $2811y [764] $2811y [732] $2811y [700] $2811y [668] $2811y [636] $2811y [604] $2811y [572] $2811y [540] $2811y [508] $2811y [476] $2811y [444] $2811y [412] $2811y [380] $2811y [348] $2811y [316] $2811y [284] $2811y [252] $2811y [220] $2811y [188] $2811y [156] $2811y [124] $2811y [92] $2811y [60] $2811y [28] $2811y [1019] $2811y [987] $2811y [955] $2811y [923] $2811y [891] $2811y [859] $2811y [827] $2811y [795] $2811y [763] $2811y [731] $2811y [699] $2811y [667] $2811y [635] $2811y [603] $2811y [571] $2811y [539] $2811y [507] $2811y [475] $2811y [443] $2811y [411] $2811y [379] $2811y [347] $2811y [315] $2811y [283] $2811y [251] $2811y [219] $2811y [187] $2811y [155] $2811y [123] $2811y [91] $2811y [59] $2811y [27] $2811y [1018] $2811y [986] $2811y [954] $2811y [922] $2811y [890] $2811y [858] $2811y [826] $2811y [794] $2811y [762] $2811y [730] $2811y [698] $2811y [666] $2811y [634] $2811y [602] $2811y [570] $2811y [538] $2811y [506] $2811y [474] $2811y [442] $2811y [410] $2811y [378] $2811y [346] $2811y [314] $2811y [282] $2811y [250] $2811y [218] $2811y [186] $2811y [154] $2811y [122] $2811y [90] $2811y [58] $2811y [26] $2811y [1017] $2811y [985] $2811y [953] $2811y [921] $2811y [889] $2811y [857] $2811y [825] $2811y [793] $2811y [761] $2811y [729] $2811y [697] $2811y [665] $2811y [633] $2811y [601] $2811y [569] $2811y [537] $2811y [505] $2811y [473] $2811y [441] $2811y [409] $2811y [377] $2811y [345] $2811y [313] $2811y [281] $2811y [249] $2811y [217] $2811y [185] $2811y [153] $2811y [121] $2811y [89] $2811y [57] $2811y [25] $2811y [1016] $2811y [984] $2811y [952] $2811y [920] $2811y [888] $2811y [856] $2811y [824] $2811y [792] $2811y [760] $2811y [728] $2811y [696] $2811y [664] $2811y [632] $2811y [600] $2811y [568] $2811y [536] $2811y [504] $2811y [472] $2811y [440] $2811y [408] $2811y [376] $2811y [344] $2811y [312] $2811y [280] $2811y [248] $2811y [216] $2811y [184] $2811y [152] $2811y [120] $2811y [88] $2811y [56] $2811y [24] $2811y [1015] $2811y [983] $2811y [951] $2811y [919] $2811y [887] $2811y [855] $2811y [823] $2811y [791] $2811y [759] $2811y [727] $2811y [695] $2811y [663] $2811y [631] $2811y [599] $2811y [567] $2811y [535] $2811y [503] $2811y [471] $2811y [439] $2811y [407] $2811y [375] $2811y [343] $2811y [311] $2811y [279] $2811y [247] $2811y [215] $2811y [183] $2811y [151] $2811y [119] $2811y [87] $2811y [55] $2811y [23] $2811y [1014] $2811y [982] $2811y [950] $2811y [918] $2811y [886] $2811y [854] $2811y [822] $2811y [790] $2811y [758] $2811y [726] $2811y [694] $2811y [662] $2811y [630] $2811y [598] $2811y [566] $2811y [534] $2811y [502] $2811y [470] $2811y [438] $2811y [406] $2811y [374] $2811y [342] $2811y [310] $2811y [278] $2811y [246] $2811y [214] $2811y [182] $2811y [150] $2811y [118] $2811y [86] $2811y [54] $2811y [22] $2811y [1013] $2811y [981] $2811y [949] $2811y [917] $2811y [885] $2811y [853] $2811y [821] $2811y [789] $2811y [757] $2811y [725] $2811y [693] $2811y [661] $2811y [629] $2811y [597] $2811y [565] $2811y [533] $2811y [501] $2811y [469] $2811y [437] $2811y [405] $2811y [373] $2811y [341] $2811y [309] $2811y [277] $2811y [245] $2811y [213] $2811y [181] $2811y [149] $2811y [117] $2811y [85] $2811y [53] $2811y [21] $2811y [1012] $2811y [980] $2811y [948] $2811y [916] $2811y [884] $2811y [852] $2811y [820] $2811y [788] $2811y [756] $2811y [724] $2811y [692] $2811y [660] $2811y [628] $2811y [596] $2811y [564] $2811y [532] $2811y [500] $2811y [468] $2811y [436] $2811y [404] $2811y [372] $2811y [340] $2811y [308] $2811y [276] $2811y [244] $2811y [212] $2811y [180] $2811y [148] $2811y [116] $2811y [84] $2811y [52] $2811y [20] $2811y [1011] $2811y [979] $2811y [947] $2811y [915] $2811y [883] $2811y [851] $2811y [819] $2811y [787] $2811y [755] $2811y [723] $2811y [691] $2811y [659] $2811y [627] $2811y [595] $2811y [563] $2811y [531] $2811y [499] $2811y [467] $2811y [435] $2811y [403] $2811y [371] $2811y [339] $2811y [307] $2811y [275] $2811y [243] $2811y [211] $2811y [179] $2811y [147] $2811y [115] $2811y [83] $2811y [51] $2811y [19] $2811y [1010] $2811y [978] $2811y [946] $2811y [914] $2811y [882] $2811y [850] $2811y [818] $2811y [786] $2811y [754] $2811y [722] $2811y [690] $2811y [658] $2811y [626] $2811y [594] $2811y [562] $2811y [530] $2811y [498] $2811y [466] $2811y [434] $2811y [402] $2811y [370] $2811y [338] $2811y [306] $2811y [274] $2811y [242] $2811y [210] $2811y [178] $2811y [146] $2811y [114] $2811y [82] $2811y [50] $2811y [18] $2811y [1009] $2811y [977] $2811y [945] $2811y [913] $2811y [881] $2811y [849] $2811y [817] $2811y [785] $2811y [753] $2811y [721] $2811y [689] $2811y [657] $2811y [625] $2811y [593] $2811y [561] $2811y [529] $2811y [497] $2811y [465] $2811y [433] $2811y [401] $2811y [369] $2811y [337] $2811y [305] $2811y [273] $2811y [241] $2811y [209] $2811y [177] $2811y [145] $2811y [113] $2811y [81] $2811y [49] $2811y [17] $2811y [1008] $2811y [976] $2811y [944] $2811y [912] $2811y [880] $2811y [848] $2811y [816] $2811y [784] $2811y [752] $2811y [720] $2811y [688] $2811y [656] $2811y [624] $2811y [592] $2811y [560] $2811y [528] $2811y [496] $2811y [464] $2811y [432] $2811y [400] $2811y [368] $2811y [336] $2811y [304] $2811y [272] $2811y [240] $2811y [208] $2811y [176] $2811y [144] $2811y [112] $2811y [80] $2811y [48] $2811y [16] $2811y [1007] $2811y [975] $2811y [943] $2811y [911] $2811y [879] $2811y [847] $2811y [815] $2811y [783] $2811y [751] $2811y [719] $2811y [687] $2811y [655] $2811y [623] $2811y [591] $2811y [559] $2811y [527] $2811y [495] $2811y [463] $2811y [431] $2811y [399] $2811y [367] $2811y [335] $2811y [303] $2811y [271] $2811y [239] $2811y [207] $2811y [175] $2811y [143] $2811y [111] $2811y [79] $2811y [47] $2811y [15] $2811y [1006] $2811y [974] $2811y [942] $2811y [910] $2811y [878] $2811y [846] $2811y [814] $2811y [782] $2811y [750] $2811y [718] $2811y [686] $2811y [654] $2811y [622] $2811y [590] $2811y [558] $2811y [526] $2811y [494] $2811y [462] $2811y [430] $2811y [398] $2811y [366] $2811y [334] $2811y [302] $2811y [270] $2811y [238] $2811y [206] $2811y [174] $2811y [142] $2811y [110] $2811y [78] $2811y [46] $2811y [14] $2811y [1005] $2811y [973] $2811y [941] $2811y [909] $2811y [877] $2811y [845] $2811y [813] $2811y [781] $2811y [749] $2811y [717] $2811y [685] $2811y [653] $2811y [621] $2811y [589] $2811y [557] $2811y [525] $2811y [493] $2811y [461] $2811y [429] $2811y [397] $2811y [365] $2811y [333] $2811y [301] $2811y [269] $2811y [237] $2811y [205] $2811y [173] $2811y [141] $2811y [109] $2811y [77] $2811y [45] $2811y [13] $2811y [1004] $2811y [972] $2811y [940] $2811y [908] $2811y [876] $2811y [844] $2811y [812] $2811y [780] $2811y [748] $2811y [716] $2811y [684] $2811y [652] $2811y [620] $2811y [588] $2811y [556] $2811y [524] $2811y [492] $2811y [460] $2811y [428] $2811y [396] $2811y [364] $2811y [332] $2811y [300] $2811y [268] $2811y [236] $2811y [204] $2811y [172] $2811y [140] $2811y [108] $2811y [76] $2811y [44] $2811y [12] $2811y [1003] $2811y [971] $2811y [939] $2811y [907] $2811y [875] $2811y [843] $2811y [811] $2811y [779] $2811y [747] $2811y [715] $2811y [683] $2811y [651] $2811y [619] $2811y [587] $2811y [555] $2811y [523] $2811y [491] $2811y [459] $2811y [427] $2811y [395] $2811y [363] $2811y [331] $2811y [299] $2811y [267] $2811y [235] $2811y [203] $2811y [171] $2811y [139] $2811y [107] $2811y [75] $2811y [43] $2811y [11] $2811y [1002] $2811y [970] $2811y [938] $2811y [906] $2811y [874] $2811y [842] $2811y [810] $2811y [778] $2811y [746] $2811y [714] $2811y [682] $2811y [650] $2811y [618] $2811y [586] $2811y [554] $2811y [522] $2811y [490] $2811y [458] $2811y [426] $2811y [394] $2811y [362] $2811y [330] $2811y [298] $2811y [266] $2811y [234] $2811y [202] $2811y [170] $2811y [138] $2811y [106] $2811y [74] $2811y [42] $2811y [10] $2811y [1001] $2811y [969] $2811y [937] $2811y [905] $2811y [873] $2811y [841] $2811y [809] $2811y [777] $2811y [745] $2811y [713] $2811y [681] $2811y [649] $2811y [617] $2811y [585] $2811y [553] $2811y [521] $2811y [489] $2811y [457] $2811y [425] $2811y [393] $2811y [361] $2811y [329] $2811y [297] $2811y [265] $2811y [233] $2811y [201] $2811y [169] $2811y [137] $2811y [105] $2811y [73] $2811y [41] $2811y [9] $2811y [1000] $2811y [968] $2811y [936] $2811y [904] $2811y [872] $2811y [840] $2811y [808] $2811y [776] $2811y [744] $2811y [712] $2811y [680] $2811y [648] $2811y [616] $2811y [584] $2811y [552] $2811y [520] $2811y [488] $2811y [456] $2811y [424] $2811y [392] $2811y [360] $2811y [328] $2811y [296] $2811y [264] $2811y [232] $2811y [200] $2811y [168] $2811y [136] $2811y [104] $2811y [72] $2811y [40] $2811y [8] $2811y [999] $2811y [967] $2811y [935] $2811y [903] $2811y [871] $2811y [839] $2811y [807] $2811y [775] $2811y [743] $2811y [711] $2811y [679] $2811y [647] $2811y [615] $2811y [583] $2811y [551] $2811y [519] $2811y [487] $2811y [455] $2811y [423] $2811y [391] $2811y [359] $2811y [327] $2811y [295] $2811y [263] $2811y [231] $2811y [199] $2811y [167] $2811y [135] $2811y [103] $2811y [71] $2811y [39] $2811y [7] $2811y [998] $2811y [966] $2811y [934] $2811y [902] $2811y [870] $2811y [838] $2811y [806] $2811y [774] $2811y [742] $2811y [710] $2811y [678] $2811y [646] $2811y [614] $2811y [582] $2811y [550] $2811y [518] $2811y [486] $2811y [454] $2811y [422] $2811y [390] $2811y [358] $2811y [326] $2811y [294] $2811y [262] $2811y [230] $2811y [198] $2811y [166] $2811y [134] $2811y [102] $2811y [70] $2811y [38] $2811y [6] $2811y [997] $2811y [965] $2811y [933] $2811y [901] $2811y [869] $2811y [837] $2811y [805] $2811y [773] $2811y [741] $2811y [709] $2811y [677] $2811y [645] $2811y [613] $2811y [581] $2811y [549] $2811y [517] $2811y [485] $2811y [453] $2811y [421] $2811y [389] $2811y [357] $2811y [325] $2811y [293] $2811y [261] $2811y [229] $2811y [197] $2811y [165] $2811y [133] $2811y [101] $2811y [69] $2811y [37] $2811y [5] $2811y [996] $2811y [964] $2811y [932] $2811y [900] $2811y [868] $2811y [836] $2811y [804] $2811y [772] $2811y [740] $2811y [708] $2811y [676] $2811y [644] $2811y [612] $2811y [580] $2811y [548] $2811y [516] $2811y [484] $2811y [452] $2811y [420] $2811y [388] $2811y [356] $2811y [324] $2811y [292] $2811y [260] $2811y [228] $2811y [196] $2811y [164] $2811y [132] $2811y [100] $2811y [68] $2811y [36] $2811y [4] $2811y [995] $2811y [963] $2811y [931] $2811y [899] $2811y [867] $2811y [835] $2811y [803] $2811y [771] $2811y [739] $2811y [707] $2811y [675] $2811y [643] $2811y [611] $2811y [579] $2811y [547] $2811y [515] $2811y [483] $2811y [451] $2811y [419] $2811y [387] $2811y [355] $2811y [323] $2811y [291] $2811y [259] $2811y [227] $2811y [195] $2811y [163] $2811y [131] $2811y [99] $2811y [67] $2811y [35] $2811y [3] $2811y [994] $2811y [962] $2811y [930] $2811y [898] $2811y [866] $2811y [834] $2811y [802] $2811y [770] $2811y [738] $2811y [706] $2811y [674] $2811y [642] $2811y [610] $2811y [578] $2811y [546] $2811y [514] $2811y [482] $2811y [450] $2811y [418] $2811y [386] $2811y [354] $2811y [322] $2811y [290] $2811y [258] $2811y [226] $2811y [194] $2811y [162] $2811y [130] $2811y [98] $2811y [66] $2811y [34] $2811y [2] $2811y [993] $2811y [961] $2811y [929] $2811y [897] $2811y [865] $2811y [833] $2811y [801] $2811y [769] $2811y [737] $2811y [705] $2811y [673] $2811y [641] $2811y [609] $2811y [577] $2811y [545] $2811y [513] $2811y [481] $2811y [449] $2811y [417] $2811y [385] $2811y [353] $2811y [321] $2811y [289] $2811y [257] $2811y [225] $2811y [193] $2811y [161] $2811y [129] $2811y [97] $2811y [65] $2811y [33] $2811y [1] } = { $2811y [992] $2811y [960] $2811y [928] $2811y [896] $2811y [864] $2811y [832] $2811y [800] $2811y [768] $2811y [736] $2811y [704] $2811y [672] $2811y [640] $2811y [608] $2811y [576] $2811y [544] $2811y [512] $2811y [480] $2811y [448] $2811y [416] $2811y [384] $2811y [352] $2811y [320] $2811y [288] $2811y [256] $2811y [224] $2811y [192] $2811y [160] $2811y [128] $2811y [96] $2811y [64] $2811y [32] $2811y [0] $2811y [992] $2811y [960] $2811y [928] $2811y [896] $2811y [864] $2811y [832] $2811y [800] $2811y [768] $2811y [736] $2811y [704] $2811y [672] $2811y [640] $2811y [608] $2811y [576] $2811y [544] $2811y [512] $2811y [480] $2811y [448] $2811y [416] $2811y [384] $2811y [352] $2811y [320] $2811y [288] $2811y [256] $2811y [224] $2811y [192] $2811y [160] $2811y [128] $2811y [96] $2811y [64] $2811y [32] $2811y [0] $2811y [992] $2811y [960] $2811y [928] $2811y [896] $2811y [864] $2811y [832] $2811y [800] $2811y [768] $2811y [736] $2811y [704] $2811y [672] $2811y [640] $2811y [608] $2811y [576] $2811y [544] $2811y [512] $2811y [480] $2811y [448] $2811y [416] $2811y [384] $2811y [352] $2811y [320] $2811y [288] $2811y [256] $2811y [224] $2811y [192] $2811y [160] $2811y [128] $2811y [96] $2811y [64] $2811y [32] $2811y [0] $2811y [992] $2811y [960] $2811y [928] $2811y [896] $2811y [864] $2811y [832] $2811y [800] $2811y [768] $2811y [736] $2811y [704] $2811y [672] $2811y [640] $2811y [608] $2811y [576] $2811y [544] $2811y [512] $2811y [480] $2811y [448] $2811y [416] $2811y [384] $2811y [352] $2811y [320] $2811y [288] $2811y [256] $2811y [224] $2811y [192] $2811y [160] $2811y [128] $2811y [96] $2811y [64] $2811y [32] $2811y [0] $2811y [992] $2811y [960] $2811y [928] $2811y [896] $2811y [864] $2811y [832] $2811y [800] $2811y [768] $2811y [736] $2811y [704] $2811y [672] $2811y [640] $2811y [608] $2811y [576] $2811y [544] $2811y [512] $2811y [480] $2811y [448] $2811y [416] $2811y [384] $2811y [352] $2811y [320] $2811y [288] $2811y [256] $2811y [224] $2811y [192] $2811y [160] $2811y [128] $2811y [96] $2811y [64] $2811y [32] $2811y [0] $2811y [992] $2811y [960] $2811y [928] $2811y [896] $2811y [864] $2811y [832] $2811y [800] $2811y [768] $2811y [736] $2811y [704] $2811y [672] $2811y [640] $2811y [608] $2811y [576] $2811y [544] $2811y [512] $2811y [480] $2811y [448] $2811y [416] $2811y [384] $2811y [352] $2811y [320] $2811y [288] $2811y [256] $2811y [224] $2811y [192] $2811y [160] $2811y [128] $2811y [96] $2811y [64] $2811y [32] $2811y [0] $2811y [992] $2811y [960] $2811y [928] $2811y [896] $2811y [864] $2811y [832] $2811y [800] $2811y [768] $2811y [736] $2811y [704] $2811y [672] $2811y [640] $2811y [608] $2811y [576] $2811y [544] $2811y [512] $2811y [480] $2811y [448] $2811y [416] $2811y [384] $2811y [352] $2811y [320] $2811y [288] $2811y [256] $2811y [224] $2811y [192] $2811y [160] $2811y [128] $2811y [96] $2811y [64] $2811y [32] $2811y [0] $2811y [992] $2811y [960] $2811y [928] $2811y [896] $2811y [864] $2811y [832] $2811y [800] $2811y [768] $2811y [736] $2811y [704] $2811y [672] $2811y [640] $2811y [608] $2811y [576] $2811y [544] $2811y [512] $2811y [480] $2811y [448] $2811y [416] $2811y [384] $2811y [352] $2811y [320] $2811y [288] $2811y [256] $2811y [224] $2811y [192] $2811y [160] $2811y [128] $2811y [96] $2811y [64] $2811y [32] $2811y [0] $2811y [992] $2811y [960] $2811y [928] $2811y [896] $2811y [864] $2811y [832] $2811y [800] $2811y [768] $2811y [736] $2811y [704] $2811y [672] $2811y [640] $2811y [608] $2811y [576] $2811y [544] $2811y [512] $2811y [480] $2811y [448] $2811y [416] $2811y [384] $2811y [352] $2811y [320] $2811y [288] $2811y [256] $2811y [224] $2811y [192] $2811y [160] $2811y [128] $2811y [96] $2811y [64] $2811y [32] $2811y [0] $2811y [992] $2811y [960] $2811y [928] $2811y [896] $2811y [864] $2811y [832] $2811y [800] $2811y [768] $2811y [736] $2811y [704] $2811y [672] $2811y [640] $2811y [608] $2811y [576] $2811y [544] $2811y [512] $2811y [480] $2811y [448] $2811y [416] $2811y [384] $2811y [352] $2811y [320] $2811y [288] $2811y [256] $2811y [224] $2811y [192] $2811y [160] $2811y [128] $2811y [96] $2811y [64] $2811y [32] $2811y [0] $2811y [992] $2811y [960] $2811y [928] $2811y [896] $2811y [864] $2811y [832] $2811y [800] $2811y [768] $2811y [736] $2811y [704] $2811y [672] $2811y [640] $2811y [608] $2811y [576] $2811y [544] $2811y [512] $2811y [480] $2811y [448] $2811y [416] $2811y [384] $2811y [352] $2811y [320] $2811y [288] $2811y [256] $2811y [224] $2811y [192] $2811y [160] $2811y [128] $2811y [96] $2811y [64] $2811y [32] $2811y [0] $2811y [992] $2811y [960] $2811y [928] $2811y [896] $2811y [864] $2811y [832] $2811y [800] $2811y [768] $2811y [736] $2811y [704] $2811y [672] $2811y [640] $2811y [608] $2811y [576] $2811y [544] $2811y [512] $2811y [480] $2811y [448] $2811y [416] $2811y [384] $2811y [352] $2811y [320] $2811y [288] $2811y [256] $2811y [224] $2811y [192] $2811y [160] $2811y [128] $2811y [96] $2811y [64] $2811y [32] $2811y [0] $2811y [992] $2811y [960] $2811y [928] $2811y [896] $2811y [864] $2811y [832] $2811y [800] $2811y [768] $2811y [736] $2811y [704] $2811y [672] $2811y [640] $2811y [608] $2811y [576] $2811y [544] $2811y [512] $2811y [480] $2811y [448] $2811y [416] $2811y [384] $2811y [352] $2811y [320] $2811y [288] $2811y [256] $2811y [224] $2811y [192] $2811y [160] $2811y [128] $2811y [96] $2811y [64] $2811y [32] $2811y [0] $2811y [992] $2811y [960] $2811y [928] $2811y [896] $2811y [864] $2811y [832] $2811y [800] $2811y [768] $2811y [736] $2811y [704] $2811y [672] $2811y [640] $2811y [608] $2811y [576] $2811y [544] $2811y [512] $2811y [480] $2811y [448] $2811y [416] $2811y [384] $2811y [352] $2811y [320] $2811y [288] $2811y [256] $2811y [224] $2811y [192] $2811y [160] $2811y [128] $2811y [96] $2811y [64] $2811y [32] $2811y [0] $2811y [992] $2811y [960] $2811y [928] $2811y [896] $2811y [864] $2811y [832] $2811y [800] $2811y [768] $2811y [736] $2811y [704] $2811y [672] $2811y [640] $2811y [608] $2811y [576] $2811y [544] $2811y [512] $2811y [480] $2811y [448] $2811y [416] $2811y [384] $2811y [352] $2811y [320] $2811y [288] $2811y [256] $2811y [224] $2811y [192] $2811y [160] $2811y [128] $2811y [96] $2811y [64] $2811y [32] $2811y [0] $2811y [992] $2811y [960] $2811y [928] $2811y [896] $2811y [864] $2811y [832] $2811y [800] $2811y [768] $2811y [736] $2811y [704] $2811y [672] $2811y [640] $2811y [608] $2811y [576] $2811y [544] $2811y [512] $2811y [480] $2811y [448] $2811y [416] $2811y [384] $2811y [352] $2811y [320] $2811y [288] $2811y [256] $2811y [224] $2811y [192] $2811y [160] $2811y [128] $2811y [96] $2811y [64] $2811y [32] $2811y [0] $2811y [992] $2811y [960] $2811y [928] $2811y [896] $2811y [864] $2811y [832] $2811y [800] $2811y [768] $2811y [736] $2811y [704] $2811y [672] $2811y [640] $2811y [608] $2811y [576] $2811y [544] $2811y [512] $2811y [480] $2811y [448] $2811y [416] $2811y [384] $2811y [352] $2811y [320] $2811y [288] $2811y [256] $2811y [224] $2811y [192] $2811y [160] $2811y [128] $2811y [96] $2811y [64] $2811y [32] $2811y [0] $2811y [992] $2811y [960] $2811y [928] $2811y [896] $2811y [864] $2811y [832] $2811y [800] $2811y [768] $2811y [736] $2811y [704] $2811y [672] $2811y [640] $2811y [608] $2811y [576] $2811y [544] $2811y [512] $2811y [480] $2811y [448] $2811y [416] $2811y [384] $2811y [352] $2811y [320] $2811y [288] $2811y [256] $2811y [224] $2811y [192] $2811y [160] $2811y [128] $2811y [96] $2811y [64] $2811y [32] $2811y [0] $2811y [992] $2811y [960] $2811y [928] $2811y [896] $2811y [864] $2811y [832] $2811y [800] $2811y [768] $2811y [736] $2811y [704] $2811y [672] $2811y [640] $2811y [608] $2811y [576] $2811y [544] $2811y [512] $2811y [480] $2811y [448] $2811y [416] $2811y [384] $2811y [352] $2811y [320] $2811y [288] $2811y [256] $2811y [224] $2811y [192] $2811y [160] $2811y [128] $2811y [96] $2811y [64] $2811y [32] $2811y [0] $2811y [992] $2811y [960] $2811y [928] $2811y [896] $2811y [864] $2811y [832] $2811y [800] $2811y [768] $2811y [736] $2811y [704] $2811y [672] $2811y [640] $2811y [608] $2811y [576] $2811y [544] $2811y [512] $2811y [480] $2811y [448] $2811y [416] $2811y [384] $2811y [352] $2811y [320] $2811y [288] $2811y [256] $2811y [224] $2811y [192] $2811y [160] $2811y [128] $2811y [96] $2811y [64] $2811y [32] $2811y [0] $2811y [992] $2811y [960] $2811y [928] $2811y [896] $2811y [864] $2811y [832] $2811y [800] $2811y [768] $2811y [736] $2811y [704] $2811y [672] $2811y [640] $2811y [608] $2811y [576] $2811y [544] $2811y [512] $2811y [480] $2811y [448] $2811y [416] $2811y [384] $2811y [352] $2811y [320] $2811y [288] $2811y [256] $2811y [224] $2811y [192] $2811y [160] $2811y [128] $2811y [96] $2811y [64] $2811y [32] $2811y [0] $2811y [992] $2811y [960] $2811y [928] $2811y [896] $2811y [864] $2811y [832] $2811y [800] $2811y [768] $2811y [736] $2811y [704] $2811y [672] $2811y [640] $2811y [608] $2811y [576] $2811y [544] $2811y [512] $2811y [480] $2811y [448] $2811y [416] $2811y [384] $2811y [352] $2811y [320] $2811y [288] $2811y [256] $2811y [224] $2811y [192] $2811y [160] $2811y [128] $2811y [96] $2811y [64] $2811y [32] $2811y [0] $2811y [992] $2811y [960] $2811y [928] $2811y [896] $2811y [864] $2811y [832] $2811y [800] $2811y [768] $2811y [736] $2811y [704] $2811y [672] $2811y [640] $2811y [608] $2811y [576] $2811y [544] $2811y [512] $2811y [480] $2811y [448] $2811y [416] $2811y [384] $2811y [352] $2811y [320] $2811y [288] $2811y [256] $2811y [224] $2811y [192] $2811y [160] $2811y [128] $2811y [96] $2811y [64] $2811y [32] $2811y [0] $2811y [992] $2811y [960] $2811y [928] $2811y [896] $2811y [864] $2811y [832] $2811y [800] $2811y [768] $2811y [736] $2811y [704] $2811y [672] $2811y [640] $2811y [608] $2811y [576] $2811y [544] $2811y [512] $2811y [480] $2811y [448] $2811y [416] $2811y [384] $2811y [352] $2811y [320] $2811y [288] $2811y [256] $2811y [224] $2811y [192] $2811y [160] $2811y [128] $2811y [96] $2811y [64] $2811y [32] $2811y [0] $2811y [992] $2811y [960] $2811y [928] $2811y [896] $2811y [864] $2811y [832] $2811y [800] $2811y [768] $2811y [736] $2811y [704] $2811y [672] $2811y [640] $2811y [608] $2811y [576] $2811y [544] $2811y [512] $2811y [480] $2811y [448] $2811y [416] $2811y [384] $2811y [352] $2811y [320] $2811y [288] $2811y [256] $2811y [224] $2811y [192] $2811y [160] $2811y [128] $2811y [96] $2811y [64] $2811y [32] $2811y [0] $2811y [992] $2811y [960] $2811y [928] $2811y [896] $2811y [864] $2811y [832] $2811y [800] $2811y [768] $2811y [736] $2811y [704] $2811y [672] $2811y [640] $2811y [608] $2811y [576] $2811y [544] $2811y [512] $2811y [480] $2811y [448] $2811y [416] $2811y [384] $2811y [352] $2811y [320] $2811y [288] $2811y [256] $2811y [224] $2811y [192] $2811y [160] $2811y [128] $2811y [96] $2811y [64] $2811y [32] $2811y [0] $2811y [992] $2811y [960] $2811y [928] $2811y [896] $2811y [864] $2811y [832] $2811y [800] $2811y [768] $2811y [736] $2811y [704] $2811y [672] $2811y [640] $2811y [608] $2811y [576] $2811y [544] $2811y [512] $2811y [480] $2811y [448] $2811y [416] $2811y [384] $2811y [352] $2811y [320] $2811y [288] $2811y [256] $2811y [224] $2811y [192] $2811y [160] $2811y [128] $2811y [96] $2811y [64] $2811y [32] $2811y [0] $2811y [992] $2811y [960] $2811y [928] $2811y [896] $2811y [864] $2811y [832] $2811y [800] $2811y [768] $2811y [736] $2811y [704] $2811y [672] $2811y [640] $2811y [608] $2811y [576] $2811y [544] $2811y [512] $2811y [480] $2811y [448] $2811y [416] $2811y [384] $2811y [352] $2811y [320] $2811y [288] $2811y [256] $2811y [224] $2811y [192] $2811y [160] $2811y [128] $2811y [96] $2811y [64] $2811y [32] $2811y [0] $2811y [992] $2811y [960] $2811y [928] $2811y [896] $2811y [864] $2811y [832] $2811y [800] $2811y [768] $2811y [736] $2811y [704] $2811y [672] $2811y [640] $2811y [608] $2811y [576] $2811y [544] $2811y [512] $2811y [480] $2811y [448] $2811y [416] $2811y [384] $2811y [352] $2811y [320] $2811y [288] $2811y [256] $2811y [224] $2811y [192] $2811y [160] $2811y [128] $2811y [96] $2811y [64] $2811y [32] $2811y [0] $2811y [992] $2811y [960] $2811y [928] $2811y [896] $2811y [864] $2811y [832] $2811y [800] $2811y [768] $2811y [736] $2811y [704] $2811y [672] $2811y [640] $2811y [608] $2811y [576] $2811y [544] $2811y [512] $2811y [480] $2811y [448] $2811y [416] $2811y [384] $2811y [352] $2811y [320] $2811y [288] $2811y [256] $2811y [224] $2811y [192] $2811y [160] $2811y [128] $2811y [96] $2811y [64] $2811y [32] $2811y [0] $2811y [992] $2811y [960] $2811y [928] $2811y [896] $2811y [864] $2811y [832] $2811y [800] $2811y [768] $2811y [736] $2811y [704] $2811y [672] $2811y [640] $2811y [608] $2811y [576] $2811y [544] $2811y [512] $2811y [480] $2811y [448] $2811y [416] $2811y [384] $2811y [352] $2811y [320] $2811y [288] $2811y [256] $2811y [224] $2811y [192] $2811y [160] $2811y [128] $2811y [96] $2811y [64] $2811y [32] $2811y [0] }
    Consolidated identical input bits for $mux cell $procmux$12879:
      Old ports: A=2'00, B=$auto$wreduce.cc:514:run$20112 [1:0], Y=$auto$wreduce.cc:514:run$20113 [1:0]
      New ports: A=1'0, B=$auto$wreduce.cc:514:run$20112 [1], Y=$auto$wreduce.cc:514:run$20113 [1]
      New connections: $auto$wreduce.cc:514:run$20113 [0] = 1'0
    Consolidated identical input bits for $mux cell $procmux$12893:
      Old ports: A=5'00011, B=$auto$wreduce.cc:514:run$20125 [4:0], Y=$auto$wreduce.cc:514:run$20126 [4:0]
      New ports: A=2'01, B={ $auto$wreduce.cc:514:run$20125 [3] $auto$wreduce.cc:514:run$20125 [0] }, Y={ $auto$wreduce.cc:514:run$20126 [3] $auto$wreduce.cc:514:run$20126 [0] }
      New connections: { $auto$wreduce.cc:514:run$20126 [4] $auto$wreduce.cc:514:run$20126 [2:1] } = { $auto$wreduce.cc:514:run$20126 [3] 1'0 $auto$wreduce.cc:514:run$20126 [0] }
    Consolidated identical input bits for $mux cell $procmux$13243:
      Old ports: A=$auto$wreduce.cc:514:run$20108 [1:0], B=2'00, Y=$auto$wreduce.cc:514:run$20104 [1:0]
      New ports: A=$auto$wreduce.cc:514:run$20108 [1], B=1'0, Y=$auto$wreduce.cc:514:run$20104 [1]
      New connections: $auto$wreduce.cc:514:run$20104 [0] = 1'0
    Consolidated identical input bits for $mux cell $procmux$15075:
      Old ports: A=$auto$wreduce.cc:514:run$20105 [1:0], B=2'00, Y=$auto$wreduce.cc:514:run$20106 [1:0]
      New ports: A=$auto$wreduce.cc:514:run$20105 [0], B=1'0, Y=$auto$wreduce.cc:514:run$20106 [0]
      New connections: $auto$wreduce.cc:514:run$20106 [1] = $auto$wreduce.cc:514:run$20106 [0]
    Consolidated identical input bits for $mux cell $procmux$15455:
      Old ports: A=$auto$wreduce.cc:514:run$20120 [5:0], B=6'100101, Y=$auto$wreduce.cc:514:run$20121 [5:0]
      New ports: A={ $auto$wreduce.cc:514:run$20120 [2] $auto$wreduce.cc:514:run$20120 [0] $auto$wreduce.cc:514:run$20120 [0] }, B=3'101, Y=$auto$wreduce.cc:514:run$20121 [2:0]
      New connections: $auto$wreduce.cc:514:run$20121 [5:3] = { $auto$wreduce.cc:514:run$20121 [2] 2'00 }
    Consolidated identical input bits for $mux cell $procmux$16503:
      Old ports: A=2'00, B=$auto$wreduce.cc:514:run$20109 [1:0], Y=$auto$wreduce.cc:514:run$20110 [1:0]
      New ports: A=1'0, B=$auto$wreduce.cc:514:run$20109 [1], Y=$auto$wreduce.cc:514:run$20110 [1]
      New connections: $auto$wreduce.cc:514:run$20110 [0] = 1'0
    Consolidated identical input bits for $pmux cell $procmux$17059:
      Old ports: A=3'000, B={ 1'0 $auto$wreduce.cc:514:run$20110 [1:0] 1'0 $auto$wreduce.cc:514:run$20111 [1:0] 4'0100 $auto$wreduce.cc:514:run$20107 [1:0] $id_stage_i.decoder_i.alu_op_b_mux_sel_o$1018 }, Y=\id_stage_i.alu_op_b_mux_sel
      New ports: A=2'00, B={ $auto$wreduce.cc:514:run$20110 [1:0] $auto$wreduce.cc:514:run$20111 [1] 3'010 $auto$wreduce.cc:514:run$20107 [1:0] $id_stage_i.decoder_i.alu_op_b_mux_sel_o$1018 [1:0] }, Y=\id_stage_i.alu_op_b_mux_sel [1:0]
      New connections: \id_stage_i.alu_op_b_mux_sel [2] = 1'0
    Consolidated identical input bits for $pmux cell $procmux$17089:
      Old ports: A=7'0000011, B={ 3'000 $auto$wreduce.cc:514:run$20117 [3:0] 2'00 $auto$wreduce.cc:514:run$20118 [4:0] 2'00 $auto$wreduce.cc:514:run$20119 [4:0] 7'0011000 $id_stage_i.decoder_i.alu_operator_o$861 1'0 $auto$wreduce.cc:514:run$20124 [5:0] 2'00 $auto$wreduce.cc:514:run$20116 [4:0] }, Y=\id_stage_i.alu_operator
      New ports: A=6'000011, B={ 2'00 $auto$wreduce.cc:514:run$20117 [3:0] 1'0 $auto$wreduce.cc:514:run$20118 [3] $auto$wreduce.cc:514:run$20118 [3] 1'0 $auto$wreduce.cc:514:run$20118 [0] $auto$wreduce.cc:514:run$20118 [0] 1'0 $auto$wreduce.cc:514:run$20119 [3] $auto$wreduce.cc:514:run$20119 [3] 1'0 $auto$wreduce.cc:514:run$20119 [0] $auto$wreduce.cc:514:run$20119 [0] 6'011000 $id_stage_i.decoder_i.alu_operator_o$861 [5:0] $auto$wreduce.cc:514:run$20124 [5:0] 1'0 $auto$wreduce.cc:514:run$20116 [4:0] }, Y=\id_stage_i.alu_operator [5:0]
      New connections: \id_stage_i.alu_operator [6] = 1'0
    Consolidated identical input bits for $mux cell $procmux$17629:
      Old ports: A={ \if_stage_i.compressed_decoder_i.instr_i [6:2] \if_stage_i.compressed_decoder_i.instr_i [11:7] 3'000 \if_stage_i.compressed_decoder_i.instr_i [11:7] 7'0110011 }, B={ 4'0000 $auto$wreduce.cc:514:run$20150 [20:0] }, Y=$if_stage_i.compressed_decoder_i.instr_o$311 [24:0]
      New ports: A={ \if_stage_i.compressed_decoder_i.instr_i [6:2] \if_stage_i.compressed_decoder_i.instr_i [11:7] \if_stage_i.compressed_decoder_i.instr_i [11:7] 3'010 }, B={ 4'0000 $auto$wreduce.cc:514:run$20150 [4] $auto$wreduce.cc:514:run$20150 [19:15] 4'0000 $auto$wreduce.cc:514:run$20150 [2] 1'1 $auto$wreduce.cc:514:run$20150 [4] $auto$wreduce.cc:514:run$20150 [2] }, Y={ $if_stage_i.compressed_decoder_i.instr_o$311 [24:15] $if_stage_i.compressed_decoder_i.instr_o$311 [11:6] $if_stage_i.compressed_decoder_i.instr_o$311 [4] $if_stage_i.compressed_decoder_i.instr_o$311 [2] }
      New connections: { $if_stage_i.compressed_decoder_i.instr_o$311 [14:12] $if_stage_i.compressed_decoder_i.instr_o$311 [5] $if_stage_i.compressed_decoder_i.instr_o$311 [3] $if_stage_i.compressed_decoder_i.instr_o$311 [1:0] } = 7'0001011
    Consolidated identical input bits for $mux cell $procmux$17662:
      Old ports: A={ 7'0000000 $auto$wreduce.cc:514:run$20149 [24:0] }, B=$if_stage_i.compressed_decoder_i.instr_o$311, Y=$if_stage_i.compressed_decoder_i.instr_o$312
      New ports: A={ $auto$wreduce.cc:514:run$20149 [24:15] 3'000 $auto$wreduce.cc:514:run$20149 [11:7] $auto$wreduce.cc:514:run$20149 [2] 1'1 $auto$wreduce.cc:514:run$20149 [4] 1'0 $auto$wreduce.cc:514:run$20149 [2] 2'11 }, B=$if_stage_i.compressed_decoder_i.instr_o$311 [24:0], Y=$if_stage_i.compressed_decoder_i.instr_o$312 [24:0]
      New connections: $if_stage_i.compressed_decoder_i.instr_o$312 [31:25] = 7'0000000
    Consolidated identical input bits for $pmux cell $procmux$17879:
      Old ports: A={ 1'0 \if_stage_i.compressed_decoder_i.instr_i [10] 5'00000 \if_stage_i.compressed_decoder_i.instr_i [6:2] 2'01 \if_stage_i.compressed_decoder_i.instr_i [9:7] 5'10101 \if_stage_i.compressed_decoder_i.instr_i [9:7] 7'0010011 }, B={ \if_stage_i.compressed_decoder_i.instr_i [12] \if_stage_i.compressed_decoder_i.instr_i [12] \if_stage_i.compressed_decoder_i.instr_i [12] \if_stage_i.compressed_decoder_i.instr_i [12] \if_stage_i.compressed_decoder_i.instr_i [12] \if_stage_i.compressed_decoder_i.instr_i [12] \if_stage_i.compressed_decoder_i.instr_i [12] \if_stage_i.compressed_decoder_i.instr_i [6:2] 2'01 \if_stage_i.compressed_decoder_i.instr_i [9:7] 5'11101 \if_stage_i.compressed_decoder_i.instr_i [9:7] 8'00100110 $auto$wreduce.cc:514:run$20148 [30:0] }, Y=$if_stage_i.compressed_decoder_i.instr_o$283
      New ports: A={ \if_stage_i.compressed_decoder_i.instr_i [10] 1'0 \if_stage_i.compressed_decoder_i.instr_i [6:2] 3'101 \if_stage_i.compressed_decoder_i.instr_i [9:7] 2'01 }, B={ \if_stage_i.compressed_decoder_i.instr_i [12] \if_stage_i.compressed_decoder_i.instr_i [12] \if_stage_i.compressed_decoder_i.instr_i [6:2] 3'111 \if_stage_i.compressed_decoder_i.instr_i [9:7] 2'01 $auto$wreduce.cc:514:run$20148 [30] 2'00 $auto$wreduce.cc:514:run$20148 [0] $auto$wreduce.cc:514:run$20148 [22:20] $auto$wreduce.cc:514:run$20148 [14:12] $auto$wreduce.cc:514:run$20148 [9:7] $auto$wreduce.cc:514:run$20148 [0] $auto$wreduce.cc:514:run$20148 [0] }, Y={ $if_stage_i.compressed_decoder_i.instr_o$283 [30] $if_stage_i.compressed_decoder_i.instr_o$283 [25:20] $if_stage_i.compressed_decoder_i.instr_o$283 [14:12] $if_stage_i.compressed_decoder_i.instr_o$283 [9:7] $if_stage_i.compressed_decoder_i.instr_o$283 [5] $if_stage_i.compressed_decoder_i.instr_o$283 [0] }
      New connections: { $if_stage_i.compressed_decoder_i.instr_o$283 [31] $if_stage_i.compressed_decoder_i.instr_o$283 [29:26] $if_stage_i.compressed_decoder_i.instr_o$283 [19:15] $if_stage_i.compressed_decoder_i.instr_o$283 [11:10] $if_stage_i.compressed_decoder_i.instr_o$283 [6] $if_stage_i.compressed_decoder_i.instr_o$283 [4:1] } = { $if_stage_i.compressed_decoder_i.instr_o$283 [25] $if_stage_i.compressed_decoder_i.instr_o$283 [25] $if_stage_i.compressed_decoder_i.instr_o$283 [25] $if_stage_i.compressed_decoder_i.instr_o$283 [25] $if_stage_i.compressed_decoder_i.instr_o$283 [25] 1'0 $if_stage_i.compressed_decoder_i.instr_o$283 [0] $if_stage_i.compressed_decoder_i.instr_o$283 [9:7] 1'0 $if_stage_i.compressed_decoder_i.instr_o$283 [0] 1'0 $if_stage_i.compressed_decoder_i.instr_o$283 [0] 2'00 $if_stage_i.compressed_decoder_i.instr_o$283 [0] }
    Consolidated identical input bits for $mux cell $procmux$17993:
      Old ports: A={ \if_stage_i.compressed_decoder_i.instr_i [12] $if_stage_i.compressed_decoder_i.instr_o$273 [28:0] }, B=30'000000000000000000000000000000, Y=$if_stage_i.compressed_decoder_i.instr_o$274 [29:0]
      New ports: A={ \if_stage_i.compressed_decoder_i.instr_i [12] $if_stage_i.compressed_decoder_i.instr_o$273 [28:24] $if_stage_i.compressed_decoder_i.instr_o$273 [17:7] $if_stage_i.compressed_decoder_i.instr_o$273 [2] 1'1 }, B=19'0000000000000000000, Y={ $if_stage_i.compressed_decoder_i.instr_o$274 [29:24] $if_stage_i.compressed_decoder_i.instr_o$274 [17:7] $if_stage_i.compressed_decoder_i.instr_o$274 [2] $if_stage_i.compressed_decoder_i.instr_o$274 [0] }
      New connections: { $if_stage_i.compressed_decoder_i.instr_o$274 [23:18] $if_stage_i.compressed_decoder_i.instr_o$274 [6:3] $if_stage_i.compressed_decoder_i.instr_o$274 [1] } = { $if_stage_i.compressed_decoder_i.instr_o$274 [17] $if_stage_i.compressed_decoder_i.instr_o$274 [17] $if_stage_i.compressed_decoder_i.instr_o$274 [17] $if_stage_i.compressed_decoder_i.instr_o$274 [17] $if_stage_i.compressed_decoder_i.instr_o$274 [17] $if_stage_i.compressed_decoder_i.instr_o$274 [17] 1'0 $if_stage_i.compressed_decoder_i.instr_o$274 [2] $if_stage_i.compressed_decoder_i.instr_o$274 [0] 1'0 $if_stage_i.compressed_decoder_i.instr_o$274 [0] }
    Consolidated identical input bits for $pmux cell $procmux$18289:
      Old ports: A=$if_stage_i.aligner_i.pc_n$224, B={ $if_stage_i.aligner_i.pc_n$215 \if_stage_i.aligner_i.pc_plus2 [31:1] 1'x }, Y=$if_stage_i.aligner_i.pc_n$251
      New ports: A=$if_stage_i.aligner_i.pc_n$224 [31:1], B={ $if_stage_i.aligner_i.pc_n$215 [31:1] \if_stage_i.aligner_i.pc_plus2 [31:1] }, Y=$if_stage_i.aligner_i.pc_n$251 [31:1]
      New connections: $if_stage_i.aligner_i.pc_n$251 [0] = 1'x
    Consolidated identical input bits for $mux cell $procmux$18538:
      Old ports: A=$if_stage_i.prefetch_buffer_i.prefetch_controller_i.trans_addr_o$40, B=$46y, Y=\if_stage_i.prefetch_buffer_i.prefetch_controller_i.trans_addr_o
      New ports: A={ $if_stage_i.prefetch_buffer_i.prefetch_controller_i.trans_addr_o$40 [31:2] 1'0 }, B={ $46y [31:2] $46y [0] }, Y={ \if_stage_i.prefetch_buffer_i.prefetch_controller_i.trans_addr_o [31:2] \if_stage_i.prefetch_buffer_i.prefetch_controller_i.trans_addr_o [0] }
      New connections: \if_stage_i.prefetch_buffer_i.prefetch_controller_i.trans_addr_o [1] = \if_stage_i.prefetch_buffer_i.prefetch_controller_i.trans_addr_o [0]
    Consolidated identical input bits for $mux cell $procmux$3187:
      Old ports: A={ 1'1 $auto$wreduce.cc:514:run$20131 [1:0] }, B=3'000, Y=$auto$wreduce.cc:514:run$20132 [2:0]
      New ports: A={ 1'1 $auto$wreduce.cc:514:run$20131 [0] }, B=2'00, Y={ $auto$wreduce.cc:514:run$20132 [2] $auto$wreduce.cc:514:run$20132 [0] }
      New connections: $auto$wreduce.cc:514:run$20132 [1] = $auto$wreduce.cc:514:run$20132 [0]
    Consolidated identical input bits for $mux cell $procmux$4853:
      Old ports: A=2'00, B=$id_stage_i.controller_i.operand_b_fw_mux_sel_o$1551, Y=$id_stage_i.controller_i.operand_b_fw_mux_sel_o$1555
      New ports: A=1'0, B=$id_stage_i.controller_i.operand_b_fw_mux_sel_o$1551 [1], Y=$id_stage_i.controller_i.operand_b_fw_mux_sel_o$1555 [1]
      New connections: $id_stage_i.controller_i.operand_b_fw_mux_sel_o$1555 [0] = 1'0
    Consolidated identical input bits for $mux cell $procmux$4856:
      Old ports: A=2'00, B=$id_stage_i.controller_i.operand_a_fw_mux_sel_o$1549, Y=$id_stage_i.controller_i.operand_a_fw_mux_sel_o$1554
      New ports: A=1'0, B=$id_stage_i.controller_i.operand_a_fw_mux_sel_o$1549 [1], Y=$id_stage_i.controller_i.operand_a_fw_mux_sel_o$1554 [1]
      New connections: $id_stage_i.controller_i.operand_a_fw_mux_sel_o$1554 [0] = 1'0
    Consolidated identical input bits for $mux cell $procmux$4953:
      Old ports: A=$auto$wreduce.cc:514:run$20081 [1:0], B=2'01, Y=$auto$wreduce.cc:514:run$20082 [1:0]
      New ports: A=$auto$wreduce.cc:514:run$20081 [1], B=1'0, Y=$auto$wreduce.cc:514:run$20082 [1]
      New connections: $auto$wreduce.cc:514:run$20082 [0] = 1'1
    Consolidated identical input bits for $mux cell $procmux$5650:
      Old ports: A=$auto$wreduce.cc:514:run$20099 [2:0], B=3'100, Y=$auto$wreduce.cc:514:run$20100 [2:0]
      New ports: A={ $auto$wreduce.cc:514:run$20099 [2] $auto$wreduce.cc:514:run$20099 [0] }, B=2'10, Y={ $auto$wreduce.cc:514:run$20100 [2] $auto$wreduce.cc:514:run$20100 [0] }
      New connections: $auto$wreduce.cc:514:run$20100 [1] = 1'0
    Consolidated identical input bits for $pmux cell $procmux$611:
      Old ports: A=$load_store_unit_i.rdata_b_ext$2529, B={ $load_store_unit_i.rdata_b_ext$2533 $load_store_unit_i.rdata_b_ext$2537 $load_store_unit_i.rdata_b_ext$2541 }, Y=\load_store_unit_i.rdata_b_ext
      New ports: A={ $load_store_unit_i.rdata_b_ext$2529 [8] \data_rdata_i [7:0] }, B={ $load_store_unit_i.rdata_b_ext$2533 [8] \data_rdata_i [15:8] $load_store_unit_i.rdata_b_ext$2537 [8] \data_rdata_i [23:16] $load_store_unit_i.rdata_b_ext$2541 [8] \data_rdata_i [31:24] }, Y=\load_store_unit_i.rdata_b_ext [8:0]
      New connections: \load_store_unit_i.rdata_b_ext [31:9] = { \load_store_unit_i.rdata_b_ext [8] \load_store_unit_i.rdata_b_ext [8] \load_store_unit_i.rdata_b_ext [8] \load_store_unit_i.rdata_b_ext [8] \load_store_unit_i.rdata_b_ext [8] \load_store_unit_i.rdata_b_ext [8] \load_store_unit_i.rdata_b_ext [8] \load_store_unit_i.rdata_b_ext [8] \load_store_unit_i.rdata_b_ext [8] \load_store_unit_i.rdata_b_ext [8] \load_store_unit_i.rdata_b_ext [8] \load_store_unit_i.rdata_b_ext [8] \load_store_unit_i.rdata_b_ext [8] \load_store_unit_i.rdata_b_ext [8] \load_store_unit_i.rdata_b_ext [8] \load_store_unit_i.rdata_b_ext [8] \load_store_unit_i.rdata_b_ext [8] \load_store_unit_i.rdata_b_ext [8] \load_store_unit_i.rdata_b_ext [8] \load_store_unit_i.rdata_b_ext [8] \load_store_unit_i.rdata_b_ext [8] \load_store_unit_i.rdata_b_ext [8] \load_store_unit_i.rdata_b_ext [8] }
    Consolidated identical input bits for $mux cell $procmux$6229:
      Old ports: A=$auto$wreduce.cc:514:run$20078 [3:0], B=4'0010, Y=$auto$wreduce.cc:514:run$20079 [3:0]
      New ports: A={ $auto$wreduce.cc:514:run$20078 [3] $auto$wreduce.cc:514:run$20078 [0] $auto$wreduce.cc:514:run$20078 [0] }, B=3'010, Y={ $auto$wreduce.cc:514:run$20079 [3] $auto$wreduce.cc:514:run$20079 [1:0] }
      New connections: $auto$wreduce.cc:514:run$20079 [2] = 1'0
    Consolidated identical input bits for $pmux cell $procmux$688:
      Old ports: A=$load_store_unit_i.rdata_h_ext$2511, B={ $load_store_unit_i.rdata_h_ext$2515 $load_store_unit_i.rdata_h_ext$2519 $load_store_unit_i.rdata_h_ext$2523 }, Y=\load_store_unit_i.rdata_h_ext
      New ports: A={ $load_store_unit_i.rdata_h_ext$2511 [16] \data_rdata_i [15:0] }, B={ $load_store_unit_i.rdata_h_ext$2515 [16] \data_rdata_i [23:8] $load_store_unit_i.rdata_h_ext$2519 [16] \data_rdata_i [31:16] $load_store_unit_i.rdata_h_ext$2523 [16] \data_rdata_i [7:0] \load_store_unit_i.rdata_q [31:24] }, Y=\load_store_unit_i.rdata_h_ext [16:0]
      New connections: \load_store_unit_i.rdata_h_ext [31:17] = { \load_store_unit_i.rdata_h_ext [16] \load_store_unit_i.rdata_h_ext [16] \load_store_unit_i.rdata_h_ext [16] \load_store_unit_i.rdata_h_ext [16] \load_store_unit_i.rdata_h_ext [16] \load_store_unit_i.rdata_h_ext [16] \load_store_unit_i.rdata_h_ext [16] \load_store_unit_i.rdata_h_ext [16] \load_store_unit_i.rdata_h_ext [16] \load_store_unit_i.rdata_h_ext [16] \load_store_unit_i.rdata_h_ext [16] \load_store_unit_i.rdata_h_ext [16] \load_store_unit_i.rdata_h_ext [16] \load_store_unit_i.rdata_h_ext [16] \load_store_unit_i.rdata_h_ext [16] }
    Consolidated identical input bits for $mux cell $procmux$8260:
      Old ports: A=$auto$wreduce.cc:514:run$20092 [1:0], B=2'00, Y=$auto$wreduce.cc:514:run$20093 [1:0]
      New ports: A=$auto$wreduce.cc:514:run$20092 [1], B=1'0, Y=$auto$wreduce.cc:514:run$20093 [1]
      New connections: $auto$wreduce.cc:514:run$20093 [0] = 1'0
  Optimizing cells in module \cv32e40p_core.
    Consolidated identical input bits for $mux cell $2230:
      Old ports: A=\ex_stage_i.alu_i.ff_one_i.index_nodes [24:20], B=\ex_stage_i.alu_i.ff_one_i.index_nodes [19:15], Y=\ex_stage_i.alu_i.ff_one_i.index_nodes [9:5]
      New ports: A={ 1'1 \ex_stage_i.alu_i.ff_one_i.index_nodes [22:20] }, B={ 1'0 \ex_stage_i.alu_i.ff_one_i.index_nodes [17:15] }, Y=\ex_stage_i.alu_i.ff_one_i.index_nodes [8:5]
      New connections: \ex_stage_i.alu_i.ff_one_i.index_nodes [9] = 1'0
    Consolidated identical input bits for $mux cell $2233:
      Old ports: A=\ex_stage_i.alu_i.ff_one_i.index_nodes [34:30], B=\ex_stage_i.alu_i.ff_one_i.index_nodes [29:25], Y=\ex_stage_i.alu_i.ff_one_i.index_nodes [14:10]
      New ports: A={ 1'1 \ex_stage_i.alu_i.ff_one_i.index_nodes [32:30] }, B={ 1'0 \ex_stage_i.alu_i.ff_one_i.index_nodes [27:25] }, Y=\ex_stage_i.alu_i.ff_one_i.index_nodes [13:10]
      New connections: \ex_stage_i.alu_i.ff_one_i.index_nodes [14] = 1'1
    Consolidated identical input bits for $mux cell $procmux$13075:
      Old ports: A=2'00, B=$auto$wreduce.cc:514:run$20113 [1:0], Y=$auto$wreduce.cc:514:run$20114 [1:0]
      New ports: A=1'0, B=$auto$wreduce.cc:514:run$20113 [1], Y=$auto$wreduce.cc:514:run$20114 [1]
      New connections: $auto$wreduce.cc:514:run$20114 [0] = 1'0
    Consolidated identical input bits for $mux cell $procmux$13086:
      Old ports: A=5'00011, B=$auto$wreduce.cc:514:run$20126 [4:0], Y=$auto$wreduce.cc:514:run$20127 [4:0]
      New ports: A=2'01, B={ $auto$wreduce.cc:514:run$20126 [3] $auto$wreduce.cc:514:run$20126 [0] }, Y={ $auto$wreduce.cc:514:run$20127 [3] $auto$wreduce.cc:514:run$20127 [0] }
      New connections: { $auto$wreduce.cc:514:run$20127 [4] $auto$wreduce.cc:514:run$20127 [2:1] } = { $auto$wreduce.cc:514:run$20127 [3] 1'0 $auto$wreduce.cc:514:run$20127 [0] }
    Consolidated identical input bits for $mux cell $procmux$15316:
      Old ports: A=$auto$wreduce.cc:514:run$20106 [1:0], B=2'00, Y=$auto$wreduce.cc:514:run$20107 [1:0]
      New ports: A=$auto$wreduce.cc:514:run$20106 [0], B=1'0, Y=$auto$wreduce.cc:514:run$20107 [0]
      New connections: $auto$wreduce.cc:514:run$20107 [1] = $auto$wreduce.cc:514:run$20107 [0]
    Consolidated identical input bits for $mux cell $procmux$1582:
      Old ports: A=7'0000011, B=\id_stage_i.alu_operator, Y=$id_stage_i.alu_operator_ex_o$1726
      New ports: A=6'000011, B=\id_stage_i.alu_operator [5:0], Y=$id_stage_i.alu_operator_ex_o$1726 [5:0]
      New connections: $id_stage_i.alu_operator_ex_o$1726 [6] = 1'0
    Consolidated identical input bits for $mux cell $procmux$17662:
      Old ports: A={ $auto$wreduce.cc:514:run$20149 [24:15] 3'000 $auto$wreduce.cc:514:run$20149 [11:7] $auto$wreduce.cc:514:run$20149 [2] 1'1 $auto$wreduce.cc:514:run$20149 [4] 1'0 $auto$wreduce.cc:514:run$20149 [2] 2'11 }, B=$if_stage_i.compressed_decoder_i.instr_o$311 [24:0], Y=$if_stage_i.compressed_decoder_i.instr_o$312 [24:0]
      New ports: A={ $auto$wreduce.cc:514:run$20149 [24:15] $auto$wreduce.cc:514:run$20149 [11:7] $auto$wreduce.cc:514:run$20149 [2] $auto$wreduce.cc:514:run$20149 [4] $auto$wreduce.cc:514:run$20149 [2] }, B={ $if_stage_i.compressed_decoder_i.instr_o$311 [24:15] $if_stage_i.compressed_decoder_i.instr_o$311 [11:6] $if_stage_i.compressed_decoder_i.instr_o$311 [4] $if_stage_i.compressed_decoder_i.instr_o$311 [2] }, Y={ $if_stage_i.compressed_decoder_i.instr_o$312 [24:15] $if_stage_i.compressed_decoder_i.instr_o$312 [11:6] $if_stage_i.compressed_decoder_i.instr_o$312 [4] $if_stage_i.compressed_decoder_i.instr_o$312 [2] }
      New connections: { $if_stage_i.compressed_decoder_i.instr_o$312 [14:12] $if_stage_i.compressed_decoder_i.instr_o$312 [5] $if_stage_i.compressed_decoder_i.instr_o$312 [3] $if_stage_i.compressed_decoder_i.instr_o$312 [1:0] } = 7'0001011
    Consolidated identical input bits for $pmux cell $procmux$17839:
      Old ports: A=0, B={ 7'0000000 \if_stage_i.compressed_decoder_i.instr_i [6:2] \if_stage_i.compressed_decoder_i.instr_i [11:7] 3'001 \if_stage_i.compressed_decoder_i.instr_i [11:7] 11'00100110000 \if_stage_i.compressed_decoder_i.instr_i [3:2] \if_stage_i.compressed_decoder_i.instr_i [12] \if_stage_i.compressed_decoder_i.instr_i [6:4] 10'0000010010 \if_stage_i.compressed_decoder_i.instr_i [11:7] 7'0000011 $if_stage_i.compressed_decoder_i.instr_o$312 4'0000 \if_stage_i.compressed_decoder_i.instr_i [8:7] \if_stage_i.compressed_decoder_i.instr_i [12] \if_stage_i.compressed_decoder_i.instr_i [6:2] 8'00010010 \if_stage_i.compressed_decoder_i.instr_i [11:9] 9'000100011 }, Y=$if_stage_i.compressed_decoder_i.instr_o$316
      New ports: A=28'0000000000000000000000000000, B={ 3'000 \if_stage_i.compressed_decoder_i.instr_i [6:2] \if_stage_i.compressed_decoder_i.instr_i [11:7] 3'001 \if_stage_i.compressed_decoder_i.instr_i [11:7] 7'0010011 \if_stage_i.compressed_decoder_i.instr_i [3:2] \if_stage_i.compressed_decoder_i.instr_i [12] \if_stage_i.compressed_decoder_i.instr_i [6:4] 10'0000010010 \if_stage_i.compressed_decoder_i.instr_i [11:7] 10'0000011000 $if_stage_i.compressed_decoder_i.instr_o$312 [24:0] \if_stage_i.compressed_decoder_i.instr_i [8:7] \if_stage_i.compressed_decoder_i.instr_i [12] \if_stage_i.compressed_decoder_i.instr_i [6:2] 8'00010010 \if_stage_i.compressed_decoder_i.instr_i [11:9] 9'000100011 }, Y=$if_stage_i.compressed_decoder_i.instr_o$316 [27:0]
      New connections: $if_stage_i.compressed_decoder_i.instr_o$316 [31:28] = 4'0000
    Consolidated identical input bits for $pmux cell $procmux$18012:
      Old ports: A={ \if_stage_i.compressed_decoder_i.instr_i [12] \if_stage_i.compressed_decoder_i.instr_i [12] \if_stage_i.compressed_decoder_i.instr_i [12] \if_stage_i.compressed_decoder_i.instr_i [12] \if_stage_i.compressed_decoder_i.instr_i [12] \if_stage_i.compressed_decoder_i.instr_i [12] \if_stage_i.compressed_decoder_i.instr_i [12] \if_stage_i.compressed_decoder_i.instr_i [6:2] \if_stage_i.compressed_decoder_i.instr_i [11:7] 3'000 \if_stage_i.compressed_decoder_i.instr_i [11:7] 7'0010011 }, B={ \if_stage_i.compressed_decoder_i.instr_i [12] \if_stage_i.compressed_decoder_i.instr_i [8] \if_stage_i.compressed_decoder_i.instr_i [10:9] \if_stage_i.compressed_decoder_i.instr_i [6] \if_stage_i.compressed_decoder_i.instr_i [7] \if_stage_i.compressed_decoder_i.instr_i [2] \if_stage_i.compressed_decoder_i.instr_i [11] \if_stage_i.compressed_decoder_i.instr_i [5:3] \if_stage_i.compressed_decoder_i.instr_i [12] \if_stage_i.compressed_decoder_i.instr_i [12] \if_stage_i.compressed_decoder_i.instr_i [12] \if_stage_i.compressed_decoder_i.instr_i [12] \if_stage_i.compressed_decoder_i.instr_i [12] \if_stage_i.compressed_decoder_i.instr_i [12] \if_stage_i.compressed_decoder_i.instr_i [12] \if_stage_i.compressed_decoder_i.instr_i [12] \if_stage_i.compressed_decoder_i.instr_i [12] 4'0000 $266y 7'1101111 \if_stage_i.compressed_decoder_i.instr_i [12] \if_stage_i.compressed_decoder_i.instr_i [12] \if_stage_i.compressed_decoder_i.instr_i [12] \if_stage_i.compressed_decoder_i.instr_i [12] \if_stage_i.compressed_decoder_i.instr_i [12] \if_stage_i.compressed_decoder_i.instr_i [12] \if_stage_i.compressed_decoder_i.instr_i [12] \if_stage_i.compressed_decoder_i.instr_i [6:2] 8'00000000 \if_stage_i.compressed_decoder_i.instr_i [11:7] 7'0010011 $if_stage_i.compressed_decoder_i.instr_o$274 $if_stage_i.compressed_decoder_i.instr_o$283 \if_stage_i.compressed_decoder_i.instr_i [12] \if_stage_i.compressed_decoder_i.instr_i [12] \if_stage_i.compressed_decoder_i.instr_i [12] \if_stage_i.compressed_decoder_i.instr_i [12] \if_stage_i.compressed_decoder_i.instr_i [6:5] \if_stage_i.compressed_decoder_i.instr_i [2] 7'0000001 \if_stage_i.compressed_decoder_i.instr_i [9:7] 2'00 \if_stage_i.compressed_decoder_i.instr_i [13] \if_stage_i.compressed_decoder_i.instr_i [11:10] \if_stage_i.compressed_decoder_i.instr_i [4:3] \if_stage_i.compressed_decoder_i.instr_i [12] 7'1100011 }, Y=$if_stage_i.compressed_decoder_i.instr_o$285
      New ports: A={ \if_stage_i.compressed_decoder_i.instr_i [12] \if_stage_i.compressed_decoder_i.instr_i [12] \if_stage_i.compressed_decoder_i.instr_i [12] \if_stage_i.compressed_decoder_i.instr_i [12] \if_stage_i.compressed_decoder_i.instr_i [12] \if_stage_i.compressed_decoder_i.instr_i [12] \if_stage_i.compressed_decoder_i.instr_i [12] \if_stage_i.compressed_decoder_i.instr_i [6:2] \if_stage_i.compressed_decoder_i.instr_i [11:7] 3'000 \if_stage_i.compressed_decoder_i.instr_i [11:7] 6'001001 }, B={ \if_stage_i.compressed_decoder_i.instr_i [12] \if_stage_i.compressed_decoder_i.instr_i [8] \if_stage_i.compressed_decoder_i.instr_i [10:9] \if_stage_i.compressed_decoder_i.instr_i [6] \if_stage_i.compressed_decoder_i.instr_i [7] \if_stage_i.compressed_decoder_i.instr_i [2] \if_stage_i.compressed_decoder_i.instr_i [11] \if_stage_i.compressed_decoder_i.instr_i [5:3] \if_stage_i.compressed_decoder_i.instr_i [12] \if_stage_i.compressed_decoder_i.instr_i [12] \if_stage_i.compressed_decoder_i.instr_i [12] \if_stage_i.compressed_decoder_i.instr_i [12] \if_stage_i.compressed_decoder_i.instr_i [12] \if_stage_i.compressed_decoder_i.instr_i [12] \if_stage_i.compressed_decoder_i.instr_i [12] \if_stage_i.compressed_decoder_i.instr_i [12] \if_stage_i.compressed_decoder_i.instr_i [12] 4'0000 $266y 6'110111 \if_stage_i.compressed_decoder_i.instr_i [12] \if_stage_i.compressed_decoder_i.instr_i [12] \if_stage_i.compressed_decoder_i.instr_i [12] \if_stage_i.compressed_decoder_i.instr_i [12] \if_stage_i.compressed_decoder_i.instr_i [12] \if_stage_i.compressed_decoder_i.instr_i [12] \if_stage_i.compressed_decoder_i.instr_i [12] \if_stage_i.compressed_decoder_i.instr_i [6:2] 8'00000000 \if_stage_i.compressed_decoder_i.instr_i [11:7] 6'001001 $if_stage_i.compressed_decoder_i.instr_o$274 [29] $if_stage_i.compressed_decoder_i.instr_o$274 [29] $if_stage_i.compressed_decoder_i.instr_o$274 [29:24] $if_stage_i.compressed_decoder_i.instr_o$274 [17] $if_stage_i.compressed_decoder_i.instr_o$274 [17] $if_stage_i.compressed_decoder_i.instr_o$274 [17] $if_stage_i.compressed_decoder_i.instr_o$274 [17] $if_stage_i.compressed_decoder_i.instr_o$274 [17] $if_stage_i.compressed_decoder_i.instr_o$274 [17] $if_stage_i.compressed_decoder_i.instr_o$274 [17:7] 1'0 $if_stage_i.compressed_decoder_i.instr_o$274 [2] $if_stage_i.compressed_decoder_i.instr_o$274 [0] 1'0 $if_stage_i.compressed_decoder_i.instr_o$274 [2] $if_stage_i.compressed_decoder_i.instr_o$274 [0] $if_stage_i.compressed_decoder_i.instr_o$283 [25] $if_stage_i.compressed_decoder_i.instr_o$283 [30] $if_stage_i.compressed_decoder_i.instr_o$283 [25] $if_stage_i.compressed_decoder_i.instr_o$283 [25] $if_stage_i.compressed_decoder_i.instr_o$283 [25] $if_stage_i.compressed_decoder_i.instr_o$283 [25] $if_stage_i.compressed_decoder_i.instr_o$283 [25:20] 1'0 $if_stage_i.compressed_decoder_i.instr_o$283 [0] $if_stage_i.compressed_decoder_i.instr_o$283 [9:7] $if_stage_i.compressed_decoder_i.instr_o$283 [14:12] 1'0 $if_stage_i.compressed_decoder_i.instr_o$283 [0] $if_stage_i.compressed_decoder_i.instr_o$283 [9:7] 1'0 $if_stage_i.compressed_decoder_i.instr_o$283 [5] $if_stage_i.compressed_decoder_i.instr_o$283 [0] 2'00 $if_stage_i.compressed_decoder_i.instr_o$283 [0] \if_stage_i.compressed_decoder_i.instr_i [12] \if_stage_i.compressed_decoder_i.instr_i [12] \if_stage_i.compressed_decoder_i.instr_i [12] \if_stage_i.compressed_decoder_i.instr_i [12] \if_stage_i.compressed_decoder_i.instr_i [6:5] \if_stage_i.compressed_decoder_i.instr_i [2] 7'0000001 \if_stage_i.compressed_decoder_i.instr_i [9:7] 2'00 \if_stage_i.compressed_decoder_i.instr_i [13] \if_stage_i.compressed_decoder_i.instr_i [11:10] \if_stage_i.compressed_decoder_i.instr_i [4:3] \if_stage_i.compressed_decoder_i.instr_i [12] 6'110001 }, Y={ $if_stage_i.compressed_decoder_i.instr_o$285 [31:2] $if_stage_i.compressed_decoder_i.instr_o$285 [0] }
      New connections: $if_stage_i.compressed_decoder_i.instr_o$285 [1] = $if_stage_i.compressed_decoder_i.instr_o$285 [0]
    Consolidated identical input bits for $mux cell $procmux$3281:
      Old ports: A={ 1'0 $auto$wreduce.cc:514:run$20132 [2:0] }, B=4'1000, Y=$auto$wreduce.cc:514:run$20133 [3:0]
      New ports: A={ 1'0 $auto$wreduce.cc:514:run$20132 [2] $auto$wreduce.cc:514:run$20132 [0] }, B=3'100, Y={ $auto$wreduce.cc:514:run$20133 [3:2] $auto$wreduce.cc:514:run$20133 [0] }
      New connections: $auto$wreduce.cc:514:run$20133 [1] = $auto$wreduce.cc:514:run$20133 [0]
    Consolidated identical input bits for $mux cell $procmux$6302:
      Old ports: A=4'0000, B=$auto$wreduce.cc:514:run$20079 [3:0], Y=$auto$wreduce.cc:514:run$20080 [3:0]
      New ports: A=3'000, B={ $auto$wreduce.cc:514:run$20079 [3] $auto$wreduce.cc:514:run$20079 [1:0] }, Y={ $auto$wreduce.cc:514:run$20080 [3] $auto$wreduce.cc:514:run$20080 [1:0] }
      New connections: $auto$wreduce.cc:514:run$20080 [2] = 1'0
    Consolidated identical input bits for $mux cell $procmux$8397:
      Old ports: A={ 1'0 $auto$wreduce.cc:514:run$20093 [1:0] }, B=3'100, Y=$auto$wreduce.cc:514:run$20094 [2:0]
      New ports: A={ 1'0 $auto$wreduce.cc:514:run$20093 [1] }, B=2'10, Y=$auto$wreduce.cc:514:run$20094 [2:1]
      New connections: $auto$wreduce.cc:514:run$20094 [0] = 1'0
  Optimizing cells in module \cv32e40p_core.
    Consolidated identical input bits for $mux cell $procmux$12791:
      Old ports: A=2'10, B=$auto$wreduce.cc:514:run$20114 [1:0], Y=$id_stage_i.decoder_i.alu_op_b_mux_sel_o$1018 [1:0]
      New ports: A=1'1, B=$auto$wreduce.cc:514:run$20114 [1], Y=$id_stage_i.decoder_i.alu_op_b_mux_sel_o$1018 [1]
      New connections: $id_stage_i.decoder_i.alu_op_b_mux_sel_o$1018 [0] = 1'0
    Consolidated identical input bits for $mux cell $procmux$13251:
      Old ports: A=5'00011, B=$auto$wreduce.cc:514:run$20127 [4:0], Y=$auto$wreduce.cc:514:run$20116 [4:0]
      New ports: A=2'01, B={ $auto$wreduce.cc:514:run$20127 [3] $auto$wreduce.cc:514:run$20127 [0] }, Y={ $auto$wreduce.cc:514:run$20116 [3] $auto$wreduce.cc:514:run$20116 [0] }
      New connections: { $auto$wreduce.cc:514:run$20116 [4] $auto$wreduce.cc:514:run$20116 [2:1] } = { $auto$wreduce.cc:514:run$20116 [3] 1'0 $auto$wreduce.cc:514:run$20116 [0] }
    Consolidated identical input bits for $pmux cell $procmux$17839:
      Old ports: A=28'0000000000000000000000000000, B={ 3'000 \if_stage_i.compressed_decoder_i.instr_i [6:2] \if_stage_i.compressed_decoder_i.instr_i [11:7] 3'001 \if_stage_i.compressed_decoder_i.instr_i [11:7] 7'0010011 \if_stage_i.compressed_decoder_i.instr_i [3:2] \if_stage_i.compressed_decoder_i.instr_i [12] \if_stage_i.compressed_decoder_i.instr_i [6:4] 10'0000010010 \if_stage_i.compressed_decoder_i.instr_i [11:7] 10'0000011000 $if_stage_i.compressed_decoder_i.instr_o$312 [24:0] \if_stage_i.compressed_decoder_i.instr_i [8:7] \if_stage_i.compressed_decoder_i.instr_i [12] \if_stage_i.compressed_decoder_i.instr_i [6:2] 8'00010010 \if_stage_i.compressed_decoder_i.instr_i [11:9] 9'000100011 }, Y=$if_stage_i.compressed_decoder_i.instr_o$316 [27:0]
      New ports: A=25'0000000000000000000000000, B={ 3'000 \if_stage_i.compressed_decoder_i.instr_i [6:2] \if_stage_i.compressed_decoder_i.instr_i [11:7] 2'01 \if_stage_i.compressed_decoder_i.instr_i [11:7] 5'00101 \if_stage_i.compressed_decoder_i.instr_i [3:2] \if_stage_i.compressed_decoder_i.instr_i [12] \if_stage_i.compressed_decoder_i.instr_i [6:4] 9'000001010 \if_stage_i.compressed_decoder_i.instr_i [11:7] 8'00001000 $if_stage_i.compressed_decoder_i.instr_o$312 [24:15] 2'00 $if_stage_i.compressed_decoder_i.instr_o$312 [11:6] 1'1 $if_stage_i.compressed_decoder_i.instr_o$312 [4] $if_stage_i.compressed_decoder_i.instr_o$312 [2] 1'1 \if_stage_i.compressed_decoder_i.instr_i [8:7] \if_stage_i.compressed_decoder_i.instr_i [12] \if_stage_i.compressed_decoder_i.instr_i [6:2] 7'0001010 \if_stage_i.compressed_decoder_i.instr_i [11:9] 7'0001001 }, Y={ $if_stage_i.compressed_decoder_i.instr_o$316 [27:15] $if_stage_i.compressed_decoder_i.instr_o$316 [13:4] $if_stage_i.compressed_decoder_i.instr_o$316 [2] $if_stage_i.compressed_decoder_i.instr_o$316 [0] }
      New connections: { $if_stage_i.compressed_decoder_i.instr_o$316 [14] $if_stage_i.compressed_decoder_i.instr_o$316 [3] $if_stage_i.compressed_decoder_i.instr_o$316 [1] } = { 2'00 $if_stage_i.compressed_decoder_i.instr_o$316 [0] }
    Consolidated identical input bits for $mux cell $procmux$9498:
      Old ports: A=$auto$wreduce.cc:514:run$20094 [2:0], B=3'000, Y=$auto$wreduce.cc:514:run$20095 [2:0]
      New ports: A=$auto$wreduce.cc:514:run$20094 [2:1], B=2'00, Y=$auto$wreduce.cc:514:run$20095 [2:1]
      New connections: $auto$wreduce.cc:514:run$20095 [0] = 1'0
  Optimizing cells in module \cv32e40p_core.
    Consolidated identical input bits for $mux cell $procmux$10079:
      Old ports: A=3'000, B=$auto$wreduce.cc:514:run$20095 [2:0], Y=$auto$wreduce.cc:514:run$20096 [2:0]
      New ports: A=2'00, B=$auto$wreduce.cc:514:run$20095 [2:1], Y=$auto$wreduce.cc:514:run$20096 [2:1]
      New connections: $auto$wreduce.cc:514:run$20096 [0] = 1'0
  Optimizing cells in module \cv32e40p_core.
Performed a total of 124 changes.

4.20.5. Executing OPT_MERGE pass (detect identical cells).
Finding identical cells in module `\cv32e40p_core'.
<suppressed ~42 debug messages>
Removed a total of 14 cells.

4.20.6. Executing OPT_SHARE pass.
    Found cells that share an operand and can be merged by moving the $pmux $procmux$17585 in front of them:
        $auto$alumacc.cc:512:replace_alu$20380
        $auto$alumacc.cc:512:replace_alu$20342

    Found cells that share an operand and can be merged by moving the $mux $procmux$18473 in front of them:
        $auto$alumacc.cc:512:replace_alu$20327
        $auto$alumacc.cc:512:replace_alu$20321

4.20.7. Executing OPT_DFF pass (perform DFF optimizations).

4.20.8. Executing OPT_CLEAN pass (remove unused cells and wires).
Finding unused cells or wires in module \cv32e40p_core..
Removed 0 unused cells and 25 unused wires.
<suppressed ~1 debug messages>

4.20.9. Executing OPT_EXPR pass (perform const folding).
Optimizing module cv32e40p_core.
<suppressed ~50 debug messages>

4.20.10. Rerunning OPT passes. (Maybe there is more to do..)

4.20.11. Executing OPT_MUXTREE pass (detect dead branches in mux trees).
Running muxtree optimizer on module \cv32e40p_core..
  Creating internal representation of mux trees.
  Evaluating internal representation of mux trees.
  Analyzing evaluation results.
    dead port 2/2 on $mux $2159.
    dead port 2/2 on $mux $2171.
    dead port 1/5 on $pmux $procmux$17553.
Removed 3 multiplexer ports.
<suppressed ~3485 debug messages>

4.20.12. Executing OPT_REDUCE pass (consolidate $*mux and $reduce_* inputs).
  Optimizing cells in module \cv32e40p_core.
    Consolidated identical input bits for $mux cell $auto$opt_share.cc:244:merge_operators$20495:
      Old ports: A=2'11, B=2'01, Y=$auto$rtlil.cc:3469:Mux$20496
      New ports: A=1'1, B=1'0, Y=$auto$rtlil.cc:3469:Mux$20496 [1]
      New connections: $auto$rtlil.cc:3469:Mux$20496 [0] = 1'1
    Consolidated identical input bits for $mux cell $auto$opt_share.cc:246:merge_operators$20488:
      Old ports: A={ \if_stage_i.instr_rdata_id_o [31] \if_stage_i.instr_rdata_id_o [31] \if_stage_i.instr_rdata_id_o [31] \if_stage_i.instr_rdata_id_o [31] \if_stage_i.instr_rdata_id_o [31] \if_stage_i.instr_rdata_id_o [31] \if_stage_i.instr_rdata_id_o [31] \if_stage_i.instr_rdata_id_o [31] \if_stage_i.instr_rdata_id_o [31] \if_stage_i.instr_rdata_id_o [31] \if_stage_i.instr_rdata_id_o [31] \if_stage_i.instr_rdata_id_o [31] \if_stage_i.instr_rdata_id_o [19:12] \if_stage_i.instr_rdata_id_o [20] \if_stage_i.instr_rdata_id_o [30:21] }, B={ \if_stage_i.instr_rdata_id_o [31] \if_stage_i.instr_rdata_id_o [31] \if_stage_i.instr_rdata_id_o [31] \if_stage_i.instr_rdata_id_o [31] \if_stage_i.instr_rdata_id_o [31] \if_stage_i.instr_rdata_id_o [31] \if_stage_i.instr_rdata_id_o [31] \if_stage_i.instr_rdata_id_o [31] \if_stage_i.instr_rdata_id_o [31] \if_stage_i.instr_rdata_id_o [31] \if_stage_i.instr_rdata_id_o [31] \if_stage_i.instr_rdata_id_o [31] \if_stage_i.instr_rdata_id_o [31] \if_stage_i.instr_rdata_id_o [31] \if_stage_i.instr_rdata_id_o [31] \if_stage_i.instr_rdata_id_o [31] \if_stage_i.instr_rdata_id_o [31] \if_stage_i.instr_rdata_id_o [31] \if_stage_i.instr_rdata_id_o [31] \if_stage_i.instr_rdata_id_o [31] \if_stage_i.instr_rdata_id_o [7] \if_stage_i.instr_rdata_id_o [30:25] \if_stage_i.instr_rdata_id_o [11:8] }, Y=$auto$rtlil.cc:3471:Pmux$20489
      New ports: A={ \if_stage_i.instr_rdata_id_o [19:12] \if_stage_i.instr_rdata_id_o [20] \if_stage_i.instr_rdata_id_o [24:21] }, B={ \if_stage_i.instr_rdata_id_o [31] \if_stage_i.instr_rdata_id_o [31] \if_stage_i.instr_rdata_id_o [31] \if_stage_i.instr_rdata_id_o [31] \if_stage_i.instr_rdata_id_o [31] \if_stage_i.instr_rdata_id_o [31] \if_stage_i.instr_rdata_id_o [31] \if_stage_i.instr_rdata_id_o [31] \if_stage_i.instr_rdata_id_o [7] \if_stage_i.instr_rdata_id_o [11:8] }, Y={ $auto$rtlil.cc:3471:Pmux$20489 [18:10] $auto$rtlil.cc:3471:Pmux$20489 [3:0] }
      New connections: { $auto$rtlil.cc:3471:Pmux$20489 [30:19] $auto$rtlil.cc:3471:Pmux$20489 [9:4] } = { \if_stage_i.instr_rdata_id_o [31] \if_stage_i.instr_rdata_id_o [31] \if_stage_i.instr_rdata_id_o [31] \if_stage_i.instr_rdata_id_o [31] \if_stage_i.instr_rdata_id_o [31] \if_stage_i.instr_rdata_id_o [31] \if_stage_i.instr_rdata_id_o [31] \if_stage_i.instr_rdata_id_o [31] \if_stage_i.instr_rdata_id_o [31] \if_stage_i.instr_rdata_id_o [31] \if_stage_i.instr_rdata_id_o [31] \if_stage_i.instr_rdata_id_o [31:25] }
    New ctrl vector for $pmux cell $procmux$17585: $auto$opt_reduce.cc:137:opt_pmux$20500
  Optimizing cells in module \cv32e40p_core.
Performed a total of 3 changes.

4.20.13. Executing OPT_MERGE pass (detect identical cells).
Finding identical cells in module `\cv32e40p_core'.
<suppressed ~12 debug messages>
Removed a total of 4 cells.

4.20.14. Executing OPT_SHARE pass.

4.20.15. Executing OPT_DFF pass (perform DFF optimizations).
Setting constant 0-bit at position 6 on $auto$ff.cc:337:slice$19850 ($adffe) from module cv32e40p_core.

4.20.16. Executing OPT_CLEAN pass (remove unused cells and wires).
Finding unused cells or wires in module \cv32e40p_core..
Removed 0 unused cells and 38 unused wires.
<suppressed ~1 debug messages>

4.20.17. Executing OPT_EXPR pass (perform const folding).
Optimizing module cv32e40p_core.
<suppressed ~4 debug messages>

4.20.18. Rerunning OPT passes. (Maybe there is more to do..)

4.20.19. Executing OPT_MUXTREE pass (detect dead branches in mux trees).
Running muxtree optimizer on module \cv32e40p_core..
  Creating internal representation of mux trees.
  Evaluating internal representation of mux trees.
  Analyzing evaluation results.
    dead port 7/15 on $pmux $procmux$925.
Removed 1 multiplexer ports.
<suppressed ~3395 debug messages>

4.20.20. Executing OPT_REDUCE pass (consolidate $*mux and $reduce_* inputs).
  Optimizing cells in module \cv32e40p_core.
Performed a total of 0 changes.

4.20.21. Executing OPT_MERGE pass (detect identical cells).
Finding identical cells in module `\cv32e40p_core'.
Removed a total of 0 cells.

4.20.22. Executing OPT_SHARE pass.

4.20.23. Executing OPT_DFF pass (perform DFF optimizations).

4.20.24. Executing OPT_CLEAN pass (remove unused cells and wires).
Finding unused cells or wires in module \cv32e40p_core..
Removed 0 unused cells and 2 unused wires.
<suppressed ~1 debug messages>

4.20.25. Executing OPT_EXPR pass (perform const folding).
Optimizing module cv32e40p_core.

4.20.26. Rerunning OPT passes. (Maybe there is more to do..)

4.20.27. Executing OPT_MUXTREE pass (detect dead branches in mux trees).
Running muxtree optimizer on module \cv32e40p_core..
  Creating internal representation of mux trees.
  Evaluating internal representation of mux trees.
  Analyzing evaluation results.
Removed 0 multiplexer ports.
<suppressed ~3395 debug messages>

4.20.28. Executing OPT_REDUCE pass (consolidate $*mux and $reduce_* inputs).
  Optimizing cells in module \cv32e40p_core.
Performed a total of 0 changes.

4.20.29. Executing OPT_MERGE pass (detect identical cells).
Finding identical cells in module `\cv32e40p_core'.
Removed a total of 0 cells.

4.20.30. Executing OPT_SHARE pass.

4.20.31. Executing OPT_DFF pass (perform DFF optimizations).

4.20.32. Executing OPT_CLEAN pass (remove unused cells and wires).
Finding unused cells or wires in module \cv32e40p_core..

4.20.33. Executing OPT_EXPR pass (perform const folding).
Optimizing module cv32e40p_core.

4.20.34. Finished fast OPT passes. (There is nothing left to do.)

4.21. Executing TECHMAP pass (map to technology primitives).

4.21.1. Executing Verilog-2005 frontend: /foss/tools/yosys/bin/../share/yosys/techmap.v
Parsing Verilog input from `/foss/tools/yosys/bin/../share/yosys/techmap.v' to AST representation.
verilog frontend filename /foss/tools/yosys/bin/../share/yosys/techmap.v
Generating RTLIL representation for module `\_90_simplemap_bool_ops'.
Generating RTLIL representation for module `\_90_simplemap_reduce_ops'.
Generating RTLIL representation for module `\_90_simplemap_logic_ops'.
Generating RTLIL representation for module `\_90_simplemap_compare_ops'.
Generating RTLIL representation for module `\_90_simplemap_various'.
Generating RTLIL representation for module `\_90_simplemap_registers'.
Generating RTLIL representation for module `\_90_shift_ops_shr_shl_sshl_sshr'.
Generating RTLIL representation for module `\_90_shift_shiftx'.
Generating RTLIL representation for module `\_90_fa'.
Generating RTLIL representation for module `\_90_lcu_brent_kung'.
Generating RTLIL representation for module `\_90_alu'.
Generating RTLIL representation for module `\_90_macc'.
Generating RTLIL representation for module `\_90_alumacc'.
Generating RTLIL representation for module `\$__div_mod_u'.
Generating RTLIL representation for module `\$__div_mod_trunc'.
Generating RTLIL representation for module `\_90_div'.
Generating RTLIL representation for module `\_90_mod'.
Generating RTLIL representation for module `\$__div_mod_floor'.
Generating RTLIL representation for module `\_90_divfloor'.
Generating RTLIL representation for module `\_90_modfloor'.
Generating RTLIL representation for module `\_90_pow'.
Generating RTLIL representation for module `\_90_pmux'.
Generating RTLIL representation for module `\_90_demux'.
Generating RTLIL representation for module `\_90_lut'.
Generating RTLIL representation for module `\$connect'.
Generating RTLIL representation for module `\$input_port'.
Successfully finished Verilog frontend.

4.21.2. Continuing TECHMAP pass.
Using extmapper simplemap for cells of type $adffe.
Using extmapper simplemap for cells of type $reduce_or.
Using extmapper simplemap for cells of type $not.
Using extmapper simplemap for cells of type $mux.
Using extmapper simplemap for cells of type $reduce_and.
Using extmapper simplemap for cells of type $ne.
Using extmapper simplemap for cells of type $xor.
Using extmapper simplemap for cells of type $and.
Using extmapper simplemap for cells of type $or.
Using template $paramod$cc80a4e89b0341cb117f5d28b0e7244620640141\_90_alu for cells of type $alu.
Using template $paramod$332fab4e157f868977379756d21fa99887c3c6c4\_90_alu for cells of type $alu.
Using template $paramod$fbc7873bff55778c0b3173955b7e4bce1d9d6834\_90_alu for cells of type $alu.
Using template $paramod$ba698a254f9a5947e85cbe7beae6b161eefc5386\_90_alu for cells of type $alu.
Using template $paramod$ebf89ea36a793f0f77858f212141d47c833068ad\_90_alu for cells of type $alu.
Using template $paramod$175e67c02b86e96b1288b9dc100122520d7240d8\_90_alu for cells of type $alu.
Using template $paramod$44a13d10af618e7fbe7b9aad2f6151ffcee1e2fa\_90_alu for cells of type $alu.
Using template $paramod$672a140277c71df8314410f22acc08d55222c3c7\_90_alu for cells of type $alu.
Using template $paramod$649fc39eef2451024566705288528c8671211199\_90_alu for cells of type $alu.
Using template $paramod$b3281d5284dce60e3ac7a1bd7301e0c5482d22f7\_90_alu for cells of type $alu.
Using template $paramod$788c3d57e5abb3a3f89aea6d4acd665be37f4e9b\_90_alu for cells of type $alu.
Using template $paramod$7e708ae28ab761f11d0fb59d3ffc72f6a4baf5d9\_90_alu for cells of type $alu.
Using template $paramod$fc972a7a46956c1788f3cb5257b53c8f1df2d0cc\_90_alu for cells of type $alu.
Using template $paramod$a7ecfa730f7b429cdd2d19291637694b0937162d\_90_alu for cells of type $alu.
Using template $paramod$adbaf76fa5a3091a329503792521395f8ff4d1a4\_90_alu for cells of type $alu.
Using extmapper maccmap for cells of type $macc_v2.
  add \id_stage_i.mult_operand_a_ex_o * \id_stage_i.mult_operand_b_ex_o (32x32 bits, signed)
  add \id_stage_i.mult_operand_c_ex_o (32 bits, signed)
  add \id_stage_i.alu_operand_a_ex_o [0] (1 bits, unsigned)
  add \id_stage_i.alu_operand_a_ex_o [16] (1 bits, unsigned)
  add \id_stage_i.alu_operand_a_ex_o [8] (1 bits, unsigned)
  add \id_stage_i.alu_operand_a_ex_o [4] (1 bits, unsigned)
  add \id_stage_i.alu_operand_a_ex_o [2] (1 bits, unsigned)
  add \id_stage_i.alu_operand_a_ex_o [1] (1 bits, unsigned)
  add \id_stage_i.alu_operand_a_ex_o [24] (1 bits, unsigned)
  add \id_stage_i.alu_operand_a_ex_o [20] (1 bits, unsigned)
  add \id_stage_i.alu_operand_a_ex_o [18] (1 bits, unsigned)
  add \id_stage_i.alu_operand_a_ex_o [17] (1 bits, unsigned)
  add \id_stage_i.alu_operand_a_ex_o [12] (1 bits, unsigned)
  add \id_stage_i.alu_operand_a_ex_o [10] (1 bits, unsigned)
  add \id_stage_i.alu_operand_a_ex_o [9] (1 bits, unsigned)
  add \id_stage_i.alu_operand_a_ex_o [6] (1 bits, unsigned)
  add \id_stage_i.alu_operand_a_ex_o [5] (1 bits, unsigned)
  add \id_stage_i.alu_operand_a_ex_o [3] (1 bits, unsigned)
  add \id_stage_i.alu_operand_a_ex_o [28] (1 bits, unsigned)
  add \id_stage_i.alu_operand_a_ex_o [26] (1 bits, unsigned)
  add \id_stage_i.alu_operand_a_ex_o [25] (1 bits, unsigned)
  add \id_stage_i.alu_operand_a_ex_o [22] (1 bits, unsigned)
  add \id_stage_i.alu_operand_a_ex_o [21] (1 bits, unsigned)
  add \id_stage_i.alu_operand_a_ex_o [19] (1 bits, unsigned)
  add \id_stage_i.alu_operand_a_ex_o [14] (1 bits, unsigned)
  add \id_stage_i.alu_operand_a_ex_o [13] (1 bits, unsigned)
  add \id_stage_i.alu_operand_a_ex_o [11] (1 bits, unsigned)
  add \id_stage_i.alu_operand_a_ex_o [7] (1 bits, unsigned)
  add \id_stage_i.alu_operand_a_ex_o [30] (1 bits, unsigned)
  add \id_stage_i.alu_operand_a_ex_o [29] (1 bits, unsigned)
  add \id_stage_i.alu_operand_a_ex_o [27] (1 bits, unsigned)
  add \id_stage_i.alu_operand_a_ex_o [23] (1 bits, unsigned)
  add \id_stage_i.alu_operand_a_ex_o [15] (1 bits, unsigned)
  add \id_stage_i.alu_operand_a_ex_o [31] (1 bits, unsigned)
  packed 15 (15) bits / 15 words into adder tree
  add \ex_stage_i.mult_i.short_op_a * \ex_stage_i.mult_i.short_op_b (17x17 bits, signed)
  add { \ex_stage_i.mult_i.short_op_c [32] \id_stage_i.mult_operand_c_ex_o } (33 bits, signed)
Using extmapper simplemap for cells of type $reduce_bool.
Using extmapper simplemap for cells of type $eq.
Using extmapper simplemap for cells of type $adff.
Using extmapper simplemap for cells of type $logic_not.
Using extmapper simplemap for cells of type $logic_or.
Using extmapper simplemap for cells of type $logic_and.
Using template $paramod$824a2ca00d29d886599434cf8ea60471635f2955\_90_demux for cells of type $demux.
Using extmapper simplemap for cells of type $bwmux.
Using extmapper simplemap for cells of type $bmux.
Using template $paramod$constmap:5d14ddbe6d429631d625806a1598ec86277e3714$paramod$8adf3a58680218fb6a23e758b618fb2d0a9745b2\_90_shift_ops_shr_shl_sshl_sshr for cells of type $shr.
Using template $paramod$constmap:4ee0836067d0a0678ca9bd734e257925970189a8$paramod$a57e7bc40c1a5d9055ca8c83774592528b1209bc\_90_shift_ops_shr_shl_sshl_sshr for cells of type $sshr.
Using template $paramod$2407ada40cc3dda6c6015be2b49b748cddb5a800\_90_demux for cells of type $demux.
Using template $paramod$2407ada40cc3dda6c6015be2b49b748cddb5a800\_90_pmux for cells of type $pmux.
Using template $paramod$c5c783b17ab1d780abfad8cfe6563a0a7b47a3b0\_90_pmux for cells of type $pmux.
Using template $paramod$32e7c4d6f92ff4337599ece53082d2e88a82a9f2\_90_pmux for cells of type $pmux.
Using template $paramod$4106f636ad8f5601b8bb866fe1a00192faef0f8b\_90_pmux for cells of type $pmux.
Using template $paramod$8fabc56b80a569262acfc42757a02ca0b8e91278\_90_pmux for cells of type $pmux.
Using template $paramod$200cf4763a5dd97104da97c2740bc6396db7fa25\_90_pmux for cells of type $pmux.
Using template $paramod$24d84da3a13a7952fabd852af4b40b86275330c3\_90_pmux for cells of type $pmux.
Using template $paramod$54d740639e1393b22262823179ff783ea9f17a35\_90_pmux for cells of type $pmux.
Using template $paramod$c2e415ef15bc3ccd2723772353a6b450d3d76206\_90_pmux for cells of type $pmux.
Using template $paramod$bf2533632d512eac76dd186c0da49367e29b8e98\_90_pmux for cells of type $pmux.
Using template $paramod$85df5dc01c7df96a7d8e5f1fdf76ce9ac452af63\_90_pmux for cells of type $pmux.
Using template $paramod$97565c3687be688407d1272a293bd9d0ae6852dc\_90_pmux for cells of type $pmux.
Using template $paramod$f3115659d5e2977ebd2cb01ff3557fc5f6187689\_90_pmux for cells of type $pmux.
Using template $paramod$871b1637e2a0322d7216dfe7f3515386c39ed63c\_90_pmux for cells of type $pmux.
Using template $paramod$521ce43182eecb9f60c72393a788160d2c356bf5\_90_pmux for cells of type $pmux.
Using template $paramod$d629d85c8826a74239b9178d1930215a43b0ceb0\_90_pmux for cells of type $pmux.
Using template $paramod$c15e84c77f007506123baf6c4be45847f0e33a3b\_90_pmux for cells of type $pmux.
Using template $paramod$70d30c21ff772b34d0d1da2801fbd781dc3c70e4\_90_pmux for cells of type $pmux.
Using template $paramod$57f63e8a3282e053be0430389b09fa050ac7dca0\_90_pmux for cells of type $pmux.
Using template $paramod$eaeb96106163dbf82031649d189817109fe07c69\_90_pmux for cells of type $pmux.
Using template $paramod$854487f5a27fb89308d98391456825194c4963c8\_90_pmux for cells of type $pmux.
Using template $paramod$4a4c6f523b89f93e1d9b10390d6da3f02d91b918\_90_pmux for cells of type $pmux.
Using template $paramod$a13703aa027da371a1931fc542d213d7de559b19\_90_pmux for cells of type $pmux.
Using template $paramod$9174beaf0f44375ab754acac146039d243ace676\_90_pmux for cells of type $pmux.
Using template $paramod$068ad458e7761d78e5eed8238508872e7b0aef95\_90_pmux for cells of type $pmux.
Using template $paramod$eb7b5fa594d21f32e2ff3bd05b81752f0f326d5f\_90_pmux for cells of type $pmux.
Using template $paramod$b3b6ac92d800c6f07aa48f510f923d86a674e5a7\_90_pmux for cells of type $pmux.
Using template $paramod$8e235e9b529dfd4aea8a90009cd599016ab01c3c\_90_pmux for cells of type $pmux.
Using template $paramod$625a2613ba8f068d256b4dc2ab7dfd0dec72cade\_90_pmux for cells of type $pmux.
Using template $paramod$21a993a8c398891107be36c3a76332f0d1652884\_90_pmux for cells of type $pmux.
Using template $paramod$878fd1809419ed11a2d056be26ac30d95fbba358\_90_pmux for cells of type $pmux.
Using template $paramod$4e99ce8f3ff8355c2fa6eaa8d174fb317480c146\_90_pmux for cells of type $pmux.
Using template $paramod$f08cf4b531f7b2bd95251b79857dfb970a6679fc\_90_pmux for cells of type $pmux.
Using template $paramod$4e65adf591106d1cc3ea3e20430d49331644006f\_90_pmux for cells of type $pmux.
Using template $paramod$49f1dc3dcd6d2c748486fe94c6744a34a19bbafe\_90_pmux for cells of type $pmux.
Using template $paramod\_90_fa\WIDTH=32'00000000000000000000000000100010 for cells of type $fa.
Using template $paramod$dbef6e48cd28208af1b77a9bd7dfc80580f16131\_90_alu for cells of type $alu.
Using template $paramod\_90_fa\WIDTH=32'00000000000000000000000000000001 for cells of type $fa.
Using template $paramod\_90_fa\WIDTH=32'00000000000000000000000000000010 for cells of type $fa.
Using template $paramod\_90_fa\WIDTH=32'00000000000000000000000000000011 for cells of type $fa.
Using template $paramod\_90_fa\WIDTH=32'00000000000000000000000000000100 for cells of type $fa.
Using template $paramod\_90_fa\WIDTH=32'00000000000000000000000000000101 for cells of type $fa.
Using template $paramod\_90_fa\WIDTH=32'00000000000000000000000000000110 for cells of type $fa.
Using template $paramod$00298f3f8094950cb9a5ff2fda48d0d8bde8806c\_90_alu for cells of type $alu.
Using template $paramod\_90_fa\WIDTH=32'00000000000000000000000000100000 for cells of type $fa.
Using template $paramod\_90_fa\WIDTH=32'00000000000000000000000000011111 for cells of type $fa.
Using extmapper simplemap for cells of type $pos.
Using template $paramod\_90_fa\WIDTH=32'00000000000000000000000000011110 for cells of type $fa.
Using template $paramod\_90_lcu_brent_kung\WIDTH=32'00000000000000000000000000011110 for cells of type $lcu.
Using template $paramod\_90_lcu_brent_kung\WIDTH=32'00000000000000000000000000100000 for cells of type $lcu.
Using template $paramod\_90_lcu_brent_kung\WIDTH=32'00000000000000000000000000000010 for cells of type $lcu.
Using template $paramod\_90_lcu_brent_kung\WIDTH=32'00000000000000000000000000011111 for cells of type $lcu.
Using template $paramod\_90_lcu_brent_kung\WIDTH=32'00000000000000000000000000000011 for cells of type $lcu.
Using template $paramod\_90_lcu_brent_kung\WIDTH=32'00000000000000000000000000000101 for cells of type $lcu.
Using template $paramod\_90_lcu_brent_kung\WIDTH=32'00000000000000000000000000000110 for cells of type $lcu.
Using template $paramod\_90_lcu_brent_kung\WIDTH=32'00000000000000000000000000000001 for cells of type $lcu.
Using template $paramod\_90_fa\WIDTH=32'00000000000000000000000001000000 for cells of type $fa.
Using template $paramod\_90_lcu_brent_kung\WIDTH=32'00000000000000000000000001000000 for cells of type $lcu.
Using template $paramod\_90_fa\WIDTH=32'00000000000000000000000000001001 for cells of type $fa.
Using template $paramod\_90_lcu_brent_kung\WIDTH=32'00000000000000000000000000001001 for cells of type $lcu.
Using template $paramod\_90_fa\WIDTH=32'00000000000000000000000000100101 for cells of type $fa.
Using template $paramod\_90_lcu_brent_kung\WIDTH=32'00000000000000000000000000100101 for cells of type $lcu.
Using template $paramod$63301a5e78ceb1f2c17a4ac1894f292ed5701c1f\_90_demux for cells of type $demux.
Using template $paramod$46c272b461898a6a76adeeeedb0917ce1a81b478\_90_demux for cells of type $demux.
Using template $paramod\_90_lcu_brent_kung\WIDTH=32'00000000000000000000000000100010 for cells of type $lcu.
No more expansions possible.
<suppressed ~11007 debug messages>

4.22. Executing OPT pass (performing simple optimizations).

4.22.1. Executing OPT_EXPR pass (perform const folding).
Optimizing module cv32e40p_core.
<suppressed ~20091 debug messages>

4.22.2. Executing OPT_MERGE pass (detect identical cells).
Finding identical cells in module `\cv32e40p_core'.
<suppressed ~22989 debug messages>
Removed a total of 7663 cells.

4.22.3. Executing OPT_DFF pass (perform DFF optimizations).
Adding EN signal on $auto$ff.cc:337:slice$21516 ($_DFFE_PN0P_) from module cv32e40p_core (D = \cs_registers_i.csr_wdata_int [15], Q = \cs_registers_i.mhpmevent_q [111]).
Adding EN signal on $auto$ff.cc:337:slice$23207 ($_DFFE_PN0P_) from module cv32e40p_core (D = \instr_rdata_i [31], Q = \if_stage_i.prefetch_buffer_i.fifo_i.mem_q [31]).
Adding EN signal on $auto$ff.cc:337:slice$23239 ($_DFFE_PN0P_) from module cv32e40p_core (D = \instr_rdata_i [31], Q = \if_stage_i.prefetch_buffer_i.fifo_i.mem_q [63]).
Adding EN signal on $auto$ff.cc:337:slice$21501 ($_DFFE_PN0P_) from module cv32e40p_core (D = \cs_registers_i.csr_wdata_int [0], Q = \cs_registers_i.mhpmevent_q [96]).
Adding EN signal on $auto$ff.cc:337:slice$21502 ($_DFFE_PN0P_) from module cv32e40p_core (D = \cs_registers_i.csr_wdata_int [1], Q = \cs_registers_i.mhpmevent_q [97]).
Adding EN signal on $auto$ff.cc:337:slice$21503 ($_DFFE_PN0P_) from module cv32e40p_core (D = \cs_registers_i.csr_wdata_int [2], Q = \cs_registers_i.mhpmevent_q [98]).
Adding EN signal on $auto$ff.cc:337:slice$21504 ($_DFFE_PN0P_) from module cv32e40p_core (D = \cs_registers_i.csr_wdata_int [3], Q = \cs_registers_i.mhpmevent_q [99]).
Adding EN signal on $auto$ff.cc:337:slice$21505 ($_DFFE_PN0P_) from module cv32e40p_core (D = \cs_registers_i.csr_wdata_int [4], Q = \cs_registers_i.mhpmevent_q [100]).
Adding EN signal on $auto$ff.cc:337:slice$21506 ($_DFFE_PN0P_) from module cv32e40p_core (D = \cs_registers_i.csr_wdata_int [5], Q = \cs_registers_i.mhpmevent_q [101]).
Adding EN signal on $auto$ff.cc:337:slice$21507 ($_DFFE_PN0P_) from module cv32e40p_core (D = \cs_registers_i.csr_wdata_int [6], Q = \cs_registers_i.mhpmevent_q [102]).
Adding EN signal on $auto$ff.cc:337:slice$21508 ($_DFFE_PN0P_) from module cv32e40p_core (D = \cs_registers_i.csr_wdata_int [7], Q = \cs_registers_i.mhpmevent_q [103]).
Adding EN signal on $auto$ff.cc:337:slice$21509 ($_DFFE_PN0P_) from module cv32e40p_core (D = \cs_registers_i.csr_wdata_int [8], Q = \cs_registers_i.mhpmevent_q [104]).
Adding EN signal on $auto$ff.cc:337:slice$21510 ($_DFFE_PN0P_) from module cv32e40p_core (D = \cs_registers_i.csr_wdata_int [9], Q = \cs_registers_i.mhpmevent_q [105]).
Adding EN signal on $auto$ff.cc:337:slice$21511 ($_DFFE_PN0P_) from module cv32e40p_core (D = \cs_registers_i.csr_wdata_int [10], Q = \cs_registers_i.mhpmevent_q [106]).
Adding EN signal on $auto$ff.cc:337:slice$21512 ($_DFFE_PN0P_) from module cv32e40p_core (D = \cs_registers_i.csr_wdata_int [11], Q = \cs_registers_i.mhpmevent_q [107]).
Adding EN signal on $auto$ff.cc:337:slice$21513 ($_DFFE_PN0P_) from module cv32e40p_core (D = \cs_registers_i.csr_wdata_int [12], Q = \cs_registers_i.mhpmevent_q [108]).
Adding EN signal on $auto$ff.cc:337:slice$21514 ($_DFFE_PN0P_) from module cv32e40p_core (D = \cs_registers_i.csr_wdata_int [13], Q = \cs_registers_i.mhpmevent_q [109]).
Adding EN signal on $auto$ff.cc:337:slice$21515 ($_DFFE_PN0P_) from module cv32e40p_core (D = \cs_registers_i.csr_wdata_int [14], Q = \cs_registers_i.mhpmevent_q [110]).
Adding EN signal on $auto$ff.cc:337:slice$23176 ($_DFFE_PN0P_) from module cv32e40p_core (D = \instr_rdata_i [0], Q = \if_stage_i.prefetch_buffer_i.fifo_i.mem_q [0]).
Adding EN signal on $auto$ff.cc:337:slice$23177 ($_DFFE_PN0P_) from module cv32e40p_core (D = \instr_rdata_i [1], Q = \if_stage_i.prefetch_buffer_i.fifo_i.mem_q [1]).
Adding EN signal on $auto$ff.cc:337:slice$23178 ($_DFFE_PN0P_) from module cv32e40p_core (D = \instr_rdata_i [2], Q = \if_stage_i.prefetch_buffer_i.fifo_i.mem_q [2]).
Adding EN signal on $auto$ff.cc:337:slice$23179 ($_DFFE_PN0P_) from module cv32e40p_core (D = \instr_rdata_i [3], Q = \if_stage_i.prefetch_buffer_i.fifo_i.mem_q [3]).
Adding EN signal on $auto$ff.cc:337:slice$23180 ($_DFFE_PN0P_) from module cv32e40p_core (D = \instr_rdata_i [4], Q = \if_stage_i.prefetch_buffer_i.fifo_i.mem_q [4]).
Adding EN signal on $auto$ff.cc:337:slice$23181 ($_DFFE_PN0P_) from module cv32e40p_core (D = \instr_rdata_i [5], Q = \if_stage_i.prefetch_buffer_i.fifo_i.mem_q [5]).
Adding EN signal on $auto$ff.cc:337:slice$23182 ($_DFFE_PN0P_) from module cv32e40p_core (D = \instr_rdata_i [6], Q = \if_stage_i.prefetch_buffer_i.fifo_i.mem_q [6]).
Adding EN signal on $auto$ff.cc:337:slice$23183 ($_DFFE_PN0P_) from module cv32e40p_core (D = \instr_rdata_i [7], Q = \if_stage_i.prefetch_buffer_i.fifo_i.mem_q [7]).
Adding EN signal on $auto$ff.cc:337:slice$23184 ($_DFFE_PN0P_) from module cv32e40p_core (D = \instr_rdata_i [8], Q = \if_stage_i.prefetch_buffer_i.fifo_i.mem_q [8]).
Adding EN signal on $auto$ff.cc:337:slice$23185 ($_DFFE_PN0P_) from module cv32e40p_core (D = \instr_rdata_i [9], Q = \if_stage_i.prefetch_buffer_i.fifo_i.mem_q [9]).
Adding EN signal on $auto$ff.cc:337:slice$23186 ($_DFFE_PN0P_) from module cv32e40p_core (D = \instr_rdata_i [10], Q = \if_stage_i.prefetch_buffer_i.fifo_i.mem_q [10]).
Adding EN signal on $auto$ff.cc:337:slice$23187 ($_DFFE_PN0P_) from module cv32e40p_core (D = \instr_rdata_i [11], Q = \if_stage_i.prefetch_buffer_i.fifo_i.mem_q [11]).
Adding EN signal on $auto$ff.cc:337:slice$23188 ($_DFFE_PN0P_) from module cv32e40p_core (D = \instr_rdata_i [12], Q = \if_stage_i.prefetch_buffer_i.fifo_i.mem_q [12]).
Adding EN signal on $auto$ff.cc:337:slice$23189 ($_DFFE_PN0P_) from module cv32e40p_core (D = \instr_rdata_i [13], Q = \if_stage_i.prefetch_buffer_i.fifo_i.mem_q [13]).
Adding EN signal on $auto$ff.cc:337:slice$23190 ($_DFFE_PN0P_) from module cv32e40p_core (D = \instr_rdata_i [14], Q = \if_stage_i.prefetch_buffer_i.fifo_i.mem_q [14]).
Adding EN signal on $auto$ff.cc:337:slice$23191 ($_DFFE_PN0P_) from module cv32e40p_core (D = \instr_rdata_i [15], Q = \if_stage_i.prefetch_buffer_i.fifo_i.mem_q [15]).
Adding EN signal on $auto$ff.cc:337:slice$23192 ($_DFFE_PN0P_) from module cv32e40p_core (D = \instr_rdata_i [16], Q = \if_stage_i.prefetch_buffer_i.fifo_i.mem_q [16]).
Adding EN signal on $auto$ff.cc:337:slice$23193 ($_DFFE_PN0P_) from module cv32e40p_core (D = \instr_rdata_i [17], Q = \if_stage_i.prefetch_buffer_i.fifo_i.mem_q [17]).
Adding EN signal on $auto$ff.cc:337:slice$23194 ($_DFFE_PN0P_) from module cv32e40p_core (D = \instr_rdata_i [18], Q = \if_stage_i.prefetch_buffer_i.fifo_i.mem_q [18]).
Adding EN signal on $auto$ff.cc:337:slice$23195 ($_DFFE_PN0P_) from module cv32e40p_core (D = \instr_rdata_i [19], Q = \if_stage_i.prefetch_buffer_i.fifo_i.mem_q [19]).
Adding EN signal on $auto$ff.cc:337:slice$23196 ($_DFFE_PN0P_) from module cv32e40p_core (D = \instr_rdata_i [20], Q = \if_stage_i.prefetch_buffer_i.fifo_i.mem_q [20]).
Adding EN signal on $auto$ff.cc:337:slice$23197 ($_DFFE_PN0P_) from module cv32e40p_core (D = \instr_rdata_i [21], Q = \if_stage_i.prefetch_buffer_i.fifo_i.mem_q [21]).
Adding EN signal on $auto$ff.cc:337:slice$23198 ($_DFFE_PN0P_) from module cv32e40p_core (D = \instr_rdata_i [22], Q = \if_stage_i.prefetch_buffer_i.fifo_i.mem_q [22]).
Adding EN signal on $auto$ff.cc:337:slice$23199 ($_DFFE_PN0P_) from module cv32e40p_core (D = \instr_rdata_i [23], Q = \if_stage_i.prefetch_buffer_i.fifo_i.mem_q [23]).
Adding EN signal on $auto$ff.cc:337:slice$23200 ($_DFFE_PN0P_) from module cv32e40p_core (D = \instr_rdata_i [24], Q = \if_stage_i.prefetch_buffer_i.fifo_i.mem_q [24]).
Adding EN signal on $auto$ff.cc:337:slice$23201 ($_DFFE_PN0P_) from module cv32e40p_core (D = \instr_rdata_i [25], Q = \if_stage_i.prefetch_buffer_i.fifo_i.mem_q [25]).
Adding EN signal on $auto$ff.cc:337:slice$23202 ($_DFFE_PN0P_) from module cv32e40p_core (D = \instr_rdata_i [26], Q = \if_stage_i.prefetch_buffer_i.fifo_i.mem_q [26]).
Adding EN signal on $auto$ff.cc:337:slice$23203 ($_DFFE_PN0P_) from module cv32e40p_core (D = \instr_rdata_i [27], Q = \if_stage_i.prefetch_buffer_i.fifo_i.mem_q [27]).
Adding EN signal on $auto$ff.cc:337:slice$23204 ($_DFFE_PN0P_) from module cv32e40p_core (D = \instr_rdata_i [28], Q = \if_stage_i.prefetch_buffer_i.fifo_i.mem_q [28]).
Adding EN signal on $auto$ff.cc:337:slice$23205 ($_DFFE_PN0P_) from module cv32e40p_core (D = \instr_rdata_i [29], Q = \if_stage_i.prefetch_buffer_i.fifo_i.mem_q [29]).
Adding EN signal on $auto$ff.cc:337:slice$23206 ($_DFFE_PN0P_) from module cv32e40p_core (D = \instr_rdata_i [30], Q = \if_stage_i.prefetch_buffer_i.fifo_i.mem_q [30]).
Adding EN signal on $auto$ff.cc:337:slice$23208 ($_DFFE_PN0P_) from module cv32e40p_core (D = \instr_rdata_i [0], Q = \if_stage_i.prefetch_buffer_i.fifo_i.mem_q [32]).
Adding EN signal on $auto$ff.cc:337:slice$23209 ($_DFFE_PN0P_) from module cv32e40p_core (D = \instr_rdata_i [1], Q = \if_stage_i.prefetch_buffer_i.fifo_i.mem_q [33]).
Adding EN signal on $auto$ff.cc:337:slice$23210 ($_DFFE_PN0P_) from module cv32e40p_core (D = \instr_rdata_i [2], Q = \if_stage_i.prefetch_buffer_i.fifo_i.mem_q [34]).
Adding EN signal on $auto$ff.cc:337:slice$23211 ($_DFFE_PN0P_) from module cv32e40p_core (D = \instr_rdata_i [3], Q = \if_stage_i.prefetch_buffer_i.fifo_i.mem_q [35]).
Adding EN signal on $auto$ff.cc:337:slice$23212 ($_DFFE_PN0P_) from module cv32e40p_core (D = \instr_rdata_i [4], Q = \if_stage_i.prefetch_buffer_i.fifo_i.mem_q [36]).
Adding EN signal on $auto$ff.cc:337:slice$23213 ($_DFFE_PN0P_) from module cv32e40p_core (D = \instr_rdata_i [5], Q = \if_stage_i.prefetch_buffer_i.fifo_i.mem_q [37]).
Adding EN signal on $auto$ff.cc:337:slice$23214 ($_DFFE_PN0P_) from module cv32e40p_core (D = \instr_rdata_i [6], Q = \if_stage_i.prefetch_buffer_i.fifo_i.mem_q [38]).
Adding EN signal on $auto$ff.cc:337:slice$23215 ($_DFFE_PN0P_) from module cv32e40p_core (D = \instr_rdata_i [7], Q = \if_stage_i.prefetch_buffer_i.fifo_i.mem_q [39]).
Adding EN signal on $auto$ff.cc:337:slice$23216 ($_DFFE_PN0P_) from module cv32e40p_core (D = \instr_rdata_i [8], Q = \if_stage_i.prefetch_buffer_i.fifo_i.mem_q [40]).
Adding EN signal on $auto$ff.cc:337:slice$23217 ($_DFFE_PN0P_) from module cv32e40p_core (D = \instr_rdata_i [9], Q = \if_stage_i.prefetch_buffer_i.fifo_i.mem_q [41]).
Adding EN signal on $auto$ff.cc:337:slice$23218 ($_DFFE_PN0P_) from module cv32e40p_core (D = \instr_rdata_i [10], Q = \if_stage_i.prefetch_buffer_i.fifo_i.mem_q [42]).
Adding EN signal on $auto$ff.cc:337:slice$23219 ($_DFFE_PN0P_) from module cv32e40p_core (D = \instr_rdata_i [11], Q = \if_stage_i.prefetch_buffer_i.fifo_i.mem_q [43]).
Adding EN signal on $auto$ff.cc:337:slice$23220 ($_DFFE_PN0P_) from module cv32e40p_core (D = \instr_rdata_i [12], Q = \if_stage_i.prefetch_buffer_i.fifo_i.mem_q [44]).
Adding EN signal on $auto$ff.cc:337:slice$23221 ($_DFFE_PN0P_) from module cv32e40p_core (D = \instr_rdata_i [13], Q = \if_stage_i.prefetch_buffer_i.fifo_i.mem_q [45]).
Adding EN signal on $auto$ff.cc:337:slice$23222 ($_DFFE_PN0P_) from module cv32e40p_core (D = \instr_rdata_i [14], Q = \if_stage_i.prefetch_buffer_i.fifo_i.mem_q [46]).
Adding EN signal on $auto$ff.cc:337:slice$23223 ($_DFFE_PN0P_) from module cv32e40p_core (D = \instr_rdata_i [15], Q = \if_stage_i.prefetch_buffer_i.fifo_i.mem_q [47]).
Adding EN signal on $auto$ff.cc:337:slice$23224 ($_DFFE_PN0P_) from module cv32e40p_core (D = \instr_rdata_i [16], Q = \if_stage_i.prefetch_buffer_i.fifo_i.mem_q [48]).
Adding EN signal on $auto$ff.cc:337:slice$23225 ($_DFFE_PN0P_) from module cv32e40p_core (D = \instr_rdata_i [17], Q = \if_stage_i.prefetch_buffer_i.fifo_i.mem_q [49]).
Adding EN signal on $auto$ff.cc:337:slice$23226 ($_DFFE_PN0P_) from module cv32e40p_core (D = \instr_rdata_i [18], Q = \if_stage_i.prefetch_buffer_i.fifo_i.mem_q [50]).
Adding EN signal on $auto$ff.cc:337:slice$23227 ($_DFFE_PN0P_) from module cv32e40p_core (D = \instr_rdata_i [19], Q = \if_stage_i.prefetch_buffer_i.fifo_i.mem_q [51]).
Adding EN signal on $auto$ff.cc:337:slice$23228 ($_DFFE_PN0P_) from module cv32e40p_core (D = \instr_rdata_i [20], Q = \if_stage_i.prefetch_buffer_i.fifo_i.mem_q [52]).
Adding EN signal on $auto$ff.cc:337:slice$23229 ($_DFFE_PN0P_) from module cv32e40p_core (D = \instr_rdata_i [21], Q = \if_stage_i.prefetch_buffer_i.fifo_i.mem_q [53]).
Adding EN signal on $auto$ff.cc:337:slice$23230 ($_DFFE_PN0P_) from module cv32e40p_core (D = \instr_rdata_i [22], Q = \if_stage_i.prefetch_buffer_i.fifo_i.mem_q [54]).
Adding EN signal on $auto$ff.cc:337:slice$23231 ($_DFFE_PN0P_) from module cv32e40p_core (D = \instr_rdata_i [23], Q = \if_stage_i.prefetch_buffer_i.fifo_i.mem_q [55]).
Adding EN signal on $auto$ff.cc:337:slice$23232 ($_DFFE_PN0P_) from module cv32e40p_core (D = \instr_rdata_i [24], Q = \if_stage_i.prefetch_buffer_i.fifo_i.mem_q [56]).
Adding EN signal on $auto$ff.cc:337:slice$23233 ($_DFFE_PN0P_) from module cv32e40p_core (D = \instr_rdata_i [25], Q = \if_stage_i.prefetch_buffer_i.fifo_i.mem_q [57]).
Adding EN signal on $auto$ff.cc:337:slice$23234 ($_DFFE_PN0P_) from module cv32e40p_core (D = \instr_rdata_i [26], Q = \if_stage_i.prefetch_buffer_i.fifo_i.mem_q [58]).
Adding EN signal on $auto$ff.cc:337:slice$23235 ($_DFFE_PN0P_) from module cv32e40p_core (D = \instr_rdata_i [27], Q = \if_stage_i.prefetch_buffer_i.fifo_i.mem_q [59]).
Adding EN signal on $auto$ff.cc:337:slice$23236 ($_DFFE_PN0P_) from module cv32e40p_core (D = \instr_rdata_i [28], Q = \if_stage_i.prefetch_buffer_i.fifo_i.mem_q [60]).
Adding EN signal on $auto$ff.cc:337:slice$23237 ($_DFFE_PN0P_) from module cv32e40p_core (D = \instr_rdata_i [29], Q = \if_stage_i.prefetch_buffer_i.fifo_i.mem_q [61]).
Adding EN signal on $auto$ff.cc:337:slice$23238 ($_DFFE_PN0P_) from module cv32e40p_core (D = \instr_rdata_i [30], Q = \if_stage_i.prefetch_buffer_i.fifo_i.mem_q [62]).

4.22.4. Executing OPT_CLEAN pass (remove unused cells and wires).
Finding unused cells or wires in module \cv32e40p_core..
Removed 1876 unused cells and 12515 unused wires.
<suppressed ~1882 debug messages>

4.22.5. Rerunning OPT passes. (Removed registers in this run.)

4.22.6. Executing OPT_EXPR pass (perform const folding).
Optimizing module cv32e40p_core.
<suppressed ~13 debug messages>

4.22.7. Executing OPT_MERGE pass (detect identical cells).
Finding identical cells in module `\cv32e40p_core'.
<suppressed ~327 debug messages>
Removed a total of 109 cells.

4.22.8. Executing OPT_DFF pass (perform DFF optimizations).

4.22.9. Executing OPT_CLEAN pass (remove unused cells and wires).
Finding unused cells or wires in module \cv32e40p_core..
Removed 2 unused cells and 116 unused wires.
<suppressed ~3 debug messages>

4.22.10. Finished fast OPT passes.

4.23. Executing ABC pass (technology mapping using ABC).

4.23.1. Extracting gate netlist of module `\cv32e40p_core' to `<abc-temp-dir>/input.blif'..
Replacing 3 occurrences of constant undef bits with constant zero bits

4.23.1.1. Executed ABC.
Extracted 23390 gates and 25712 wires to a netlist network with 2319 inputs and 1939 outputs.
Running ABC script: <abc-temp-dir>/abc.script
ABC: UC Berkeley, ABC 1.01 (compiled Dec 21 2025 19:49:10)
ABC: abc 01> empty
ABC: abc 01> source <abc-temp-dir>/abc.script
ABC: + read_blif <abc-temp-dir>/input.blif 
ABC: + read_library /tmp/yosys-abc-87MUv4/stdcells.genlib 
ABC: + strash 
ABC: + dretime 
ABC: + map 
ABC: + write_blif <abc-temp-dir>/output.blif 
ABC: 

4.23.1.2. Re-integrating ABC results.
ABC RESULTS:               AND cells:     1160
ABC RESULTS:            ANDNOT cells:     5835
ABC RESULTS:               MUX cells:     5670
ABC RESULTS:              NAND cells:      623
ABC RESULTS:               NOR cells:     1353
ABC RESULTS:               NOT cells:      780
ABC RESULTS:                OR cells:     4213
ABC RESULTS:             ORNOT cells:      638
ABC RESULTS:              XNOR cells:      789
ABC RESULTS:               XOR cells:     1976
ABC RESULTS:              ZERO cells:        1
ABC RESULTS:        internal signals:    21454
ABC RESULTS:           input signals:     2319
ABC RESULTS:          output signals:     1939
Removing temp directory.
Removing global temp directory.

4.24. Executing OPT pass (performing simple optimizations).

4.24.1. Executing OPT_EXPR pass (perform const folding).
Optimizing module cv32e40p_core.
<suppressed ~1330 debug messages>

4.24.2. Executing OPT_MERGE pass (detect identical cells).
Finding identical cells in module `\cv32e40p_core'.
<suppressed ~75 debug messages>
Removed a total of 25 cells.

4.24.3. Executing OPT_DFF pass (perform DFF optimizations).
Setting constant 0-bit at position 0 on $auto$ff.cc:337:slice$20634 ($_DFFE_PN0P_) from module cv32e40p_core.

4.24.4. Executing OPT_CLEAN pass (remove unused cells and wires).
Finding unused cells or wires in module \cv32e40p_core..
Removed 9 unused cells and 7983 unused wires.
<suppressed ~386 debug messages>

4.24.5. Rerunning OPT passes. (Removed registers in this run.)

4.24.6. Executing OPT_EXPR pass (perform const folding).
Optimizing module cv32e40p_core.

4.24.7. Executing OPT_MERGE pass (detect identical cells).
Finding identical cells in module `\cv32e40p_core'.
Removed a total of 0 cells.

4.24.8. Executing OPT_DFF pass (perform DFF optimizations).
Adding EN signal on $auto$ff.cc:337:slice$23501 ($_DFF_PN0_) from module cv32e40p_core (D = $abc$89890$new_n9621, Q = \if_stage_i.aligner_i.state [3]).
Setting constant 0-bit at position 0 on $auto$ff.cc:337:slice$23144 ($_DFFE_PN0P_) from module cv32e40p_core.

4.24.9. Executing OPT_CLEAN pass (remove unused cells and wires).
Finding unused cells or wires in module \cv32e40p_core..
Removed 1 unused cells and 1 unused wires.
<suppressed ~2 debug messages>

4.24.10. Rerunning OPT passes. (Removed registers in this run.)

4.24.11. Executing OPT_EXPR pass (perform const folding).
Optimizing module cv32e40p_core.
<suppressed ~2 debug messages>

4.24.12. Executing OPT_MERGE pass (detect identical cells).
Finding identical cells in module `\cv32e40p_core'.
Removed a total of 0 cells.

4.24.13. Executing OPT_DFF pass (perform DFF optimizations).

4.24.14. Executing OPT_CLEAN pass (remove unused cells and wires).
Finding unused cells or wires in module \cv32e40p_core..
Removed 0 unused cells and 2 unused wires.
<suppressed ~1 debug messages>

4.24.15. Finished fast OPT passes.

4.25. Executing HIERARCHY pass (managing design hierarchy).
Attribute `top' found on module `cv32e40p_core'. Setting top module to cv32e40p_core.

4.25.1. Analyzing design hierarchy..
Top module:  \cv32e40p_core

4.25.2. Analyzing design hierarchy..
Top module:  \cv32e40p_core
Removed 0 unused modules.

4.26. Printing statistics.

=== cv32e40p_core ===

        +----------Local Count, excluding submodules.
        | 
    23534 wires
    44009 wire bits
     1023 public wires
    21498 public wire bits
       39 ports
      536 port bits
    25072 cells
     5833   $_ANDNOT_
     1158   $_AND_
       37   $_DFFE_PN0N_
     1854   $_DFFE_PN0P_
        7   $_DFFE_PN1P_
      166   $_DFF_PN0_
        7   $_DFF_PN1_
     5665   $_MUX_
      622   $_NAND_
     1346   $_NOR_
      772   $_NOT_
      636   $_ORNOT_
     4204   $_OR_
      789   $_XNOR_
     1975   $_XOR_
        1   sg13g2_lgcp_1

4.27. Executing CHECK pass (checking for obvious problems).
Checking module cv32e40p_core...
Found and reported 0 problems.

5. Executing DFFLIBMAP pass (mapping DFF cells to sequential cells from liberty file).
  cell sg13g2_dfrbpq_1 (noninv, pins=4, area=48.99) is a direct match for cell type $_DFF_PN0_.
  final dff cell mappings:
    unmapped dff cell: $_DFF_N_
    unmapped dff cell: $_DFF_P_
    unmapped dff cell: $_DFF_NN0_
    unmapped dff cell: $_DFF_NN1_
    unmapped dff cell: $_DFF_NP0_
    unmapped dff cell: $_DFF_NP1_
    \sg13g2_dfrbpq_1 _DFF_PN0_ (.CLK( C), .D( D), .Q( Q), .RESET_B( R));
    unmapped dff cell: $_DFF_PN1_
    unmapped dff cell: $_DFF_PP0_
    unmapped dff cell: $_DFF_PP1_
    unmapped dff cell: $_DFFE_NN_
    unmapped dff cell: $_DFFE_NP_
    unmapped dff cell: $_DFFE_PN_
    unmapped dff cell: $_DFFE_PP_
    unmapped dff cell: $_DFFSR_NNN_
    unmapped dff cell: $_DFFSR_NNP_
    unmapped dff cell: $_DFFSR_NPN_
    unmapped dff cell: $_DFFSR_NPP_
    unmapped dff cell: $_DFFSR_PNN_
    unmapped dff cell: $_DFFSR_PNP_
    unmapped dff cell: $_DFFSR_PPN_
    unmapped dff cell: $_DFFSR_PPP_

5.1. Executing DFFLEGALIZE pass (convert FFs to types supported by the target).
<suppressed ~4 debug messages>
Mapping DFF cells in module `\cv32e40p_core':
  mapped 2071 $_DFF_PN0_ cells to \sg13g2_dfrbpq_1 cells.

6. Executing ABC pass (technology mapping using ABC).

6.1. Extracting gate netlist of module `\cv32e40p_core' to `<abc-temp-dir>/input.blif'..

6.1.1. Executed ABC.
Extracted 24926 gates and 27248 wires to a netlist network with 2320 inputs and 2148 outputs.
Running ABC script: <abc-temp-dir>/abc.script
ABC: UC Berkeley, ABC 1.01 (compiled Dec 21 2025 19:49:10)
ABC: abc 01> empty
ABC: abc 01> source <abc-temp-dir>/abc.script
ABC: + read_blif <abc-temp-dir>/input.blif 
ABC: + read_lib -w /foss/pdks/ihp-sg13g2/libs.ref/sg13g2_stdcell/lib/sg13g2_stdcell_typ_1p20V_25C.lib 
ABC: Parsing finished successfully.  Parsing time =     0.01 sec
ABC: Scl_LibertyReadGenlib() skipped cell "sg13g2_antennanp" due to dont_use attribute.
ABC: Scl_LibertyReadGenlib() skipped cell "sg13g2_decap_4" due to dont_use attribute.
ABC: Scl_LibertyReadGenlib() skipped cell "sg13g2_decap_8" due to dont_use attribute.
ABC: Scl_LibertyReadGenlib() skipped sequential cell "sg13g2_dfrbp_1".
ABC: Scl_LibertyReadGenlib() skipped sequential cell "sg13g2_dfrbp_2".
ABC: Scl_LibertyReadGenlib() skipped sequential cell "sg13g2_dfrbpq_1".
ABC: Scl_LibertyReadGenlib() skipped sequential cell "sg13g2_dfrbpq_2".
ABC: Scl_LibertyReadGenlib() skipped sequential cell "sg13g2_dlhq_1".
ABC: Scl_LibertyReadGenlib() skipped sequential cell "sg13g2_dlhr_1".
ABC: Scl_LibertyReadGenlib() skipped sequential cell "sg13g2_dlhrq_1".
ABC: Scl_LibertyReadGenlib() skipped sequential cell "sg13g2_dllr_1".
ABC: Scl_LibertyReadGenlib() skipped sequential cell "sg13g2_dllrq_1".
ABC: Scl_LibertyReadGenlib() skipped three-state cell "sg13g2_ebufn_2".
ABC: Scl_LibertyReadGenlib() skipped three-state cell "sg13g2_ebufn_4".
ABC: Scl_LibertyReadGenlib() skipped three-state cell "sg13g2_ebufn_8".
ABC: Scl_LibertyReadGenlib() skipped three-state cell "sg13g2_einvn_2".
ABC: Scl_LibertyReadGenlib() skipped three-state cell "sg13g2_einvn_4".
ABC: Scl_LibertyReadGenlib() skipped three-state cell "sg13g2_einvn_8".
ABC: Scl_LibertyReadGenlib() skipped cell "sg13g2_fill_1" due to dont_use attribute.
ABC: Scl_LibertyReadGenlib() skipped cell "sg13g2_fill_2" due to dont_use attribute.
ABC: Scl_LibertyReadGenlib() skipped cell "sg13g2_fill_4" due to dont_use attribute.
ABC: Scl_LibertyReadGenlib() skipped cell "sg13g2_fill_8" due to dont_use attribute.
ABC: Scl_LibertyReadGenlib() skipped cell "sg13g2_lgcp_1" due to dont_use attribute.
ABC: Scl_LibertyReadGenlib() skipped sequential cell "sg13g2_sdfbbp_1".
ABC: Scl_LibertyReadGenlib() skipped sequential cell "sg13g2_sdfrbp_1".
ABC: Scl_LibertyReadGenlib() skipped sequential cell "sg13g2_sdfrbp_2".
ABC: Scl_LibertyReadGenlib() skipped sequential cell "sg13g2_sdfrbpq_1".
ABC: Scl_LibertyReadGenlib() skipped sequential cell "sg13g2_sdfrbpq_2".
ABC: Scl_LibertyReadGenlib() skipped cell "sg13g2_sighold" due to dont_use attribute.
ABC: Scl_LibertyReadGenlib() skipped cell "sg13g2_slgcp_1" due to dont_use attribute.
ABC: Library "sg13g2_stdcell_typ_1p20V_25C" from "/foss/pdks/ihp-sg13g2/libs.ref/sg13g2_stdcell/lib/sg13g2_stdcell_typ_1p20V_25C.lib" has 54 cells (30 skipped: 14 seq; 6 tri-state; 0 no func; 10 dont_use; 0 with 2 outputs; 0 with 3+ outputs).  Time =     0.01 sec
ABC: Memory =    2.85 MB. Time =     0.01 sec
ABC: + strash 
ABC: + &get -n 
ABC: + &fraig -x 
ABC: + &put 
ABC: + scorr 
ABC: Warning: The network is combinational (run "fraig" or "fraig_sweep").
ABC: + dc2 
ABC: + dretime 
ABC: + retime -o -D 20000 
ABC: + strash 
ABC: + &get -n 
ABC: + &dch -f 
ABC: + &nf -D 20000 
ABC: + &put 
ABC: + write_blif <abc-temp-dir>/output.blif 
ABC: 

6.1.2. Re-integrating ABC results.
ABC RESULTS:     sg13g2_a21o_1 cells:      431
ABC RESULTS:    sg13g2_a21oi_1 cells:     2034
ABC RESULTS:   sg13g2_a221oi_1 cells:      358
ABC RESULTS:    sg13g2_a22oi_1 cells:     2534
ABC RESULTS:     sg13g2_and2_1 cells:      559
ABC RESULTS:     sg13g2_and3_1 cells:       74
ABC RESULTS:     sg13g2_and4_1 cells:       61
ABC RESULTS:      sg13g2_inv_1 cells:      614
ABC RESULTS:     sg13g2_mux2_1 cells:      265
ABC RESULTS:     sg13g2_mux4_1 cells:      133
ABC RESULTS:    sg13g2_nand2_1 cells:     2313
ABC RESULTS:   sg13g2_nand2b_1 cells:      504
ABC RESULTS:    sg13g2_nand3_1 cells:      423
ABC RESULTS:   sg13g2_nand3b_1 cells:       24
ABC RESULTS:    sg13g2_nand4_1 cells:      214
ABC RESULTS:     sg13g2_nor2_1 cells:     1561
ABC RESULTS:    sg13g2_nor2b_1 cells:      538
ABC RESULTS:     sg13g2_nor3_1 cells:      370
ABC RESULTS:     sg13g2_nor4_1 cells:      144
ABC RESULTS:    sg13g2_o21ai_1 cells:     3148
ABC RESULTS:      sg13g2_or2_1 cells:      173
ABC RESULTS:      sg13g2_or3_1 cells:       99
ABC RESULTS:      sg13g2_or4_1 cells:       34
ABC RESULTS:    sg13g2_xnor2_1 cells:     1223
ABC RESULTS:     sg13g2_xor2_1 cells:      691
ABC RESULTS:        internal signals:    22780
ABC RESULTS:           input signals:     2320
ABC RESULTS:          output signals:     2148
Removing temp directory.
Removing global temp directory.

7. Executing OPT_CLEAN pass (remove unused cells and wires).
Finding unused cells or wires in module \cv32e40p_core..
Removed 0 unused cells and 27836 unused wires.
<suppressed ~881 debug messages>

8. Printing statistics.

=== cv32e40p_core ===

        +----------Local Count, excluding submodules.
        |        +-Local Area, excluding submodules.
        |        | 
    18466        - wires
    23970        - wire bits
      143        - public wires
     5647        - public wire bits
       39        - ports
      536        - port bits
    20594 2.87E+05 cells
      431 5.47E+03   sg13g2_a21o_1
     2034 1.85E+04   sg13g2_a21oi_1
      358  5.2E+03   sg13g2_a221oi_1
     2534 2.75E+04   sg13g2_a22oi_1
      559 5.07E+03   sg13g2_and2_1
       74  939.859   sg13g2_and3_1
       61  885.427   sg13g2_and4_1
     2071 1.01E+05   sg13g2_dfrbpq_1
      614 3.34E+03   sg13g2_inv_1
        1   27.216   sg13g2_lgcp_1
      265  4808.16   sg13g2_mux2_1
      133 5.07E+03   sg13g2_mux4_1
     2313 1.68E+04   sg13g2_nand2_1
      504 4.57E+03   sg13g2_nand2b_1
      423 3.84E+03   sg13g2_nand3_1
       24  304.819   sg13g2_nand3b_1
      214  2329.69   sg13g2_nand4_1
     1561 1.13E+04   sg13g2_nor2_1
      538 4.88E+03   sg13g2_nor2b_1
      370  3356.64   sg13g2_nor3_1
      144 1.57E+03   sg13g2_nor4_1
     3148 2.86E+04   sg13g2_o21ai_1
      173 1.57E+03   sg13g2_or2_1
       99 1.26E+03   sg13g2_or3_1
       34  493.517   sg13g2_or4_1
     1223 1.78E+04   sg13g2_xnor2_1
      691    1E+04   sg13g2_xor2_1

   Chip area for module '\cv32e40p_core': 286837.059600
     of which used for sequential elements: 101455.804800 (35.37%)

9. Executing Verilog backend.

9.1. Executing BMUXMAP pass.

9.2. Executing DEMUXMAP pass.
Dumping module `\cv32e40p_core'.

End of script. Logfile hash: 9671b9867d, CPU: user 9.12s system 0.08s, MEM: 177.77 MB peak
Yosys 0.60 (git sha1 5bafeb77d, g++ 13.3.0-6ubuntu2~24.04 -fPIC -O3)
Time spent: 43% 2x abc (6 sec), 16% 42x opt_clean (2 sec), ...
