
 /----------------------------------------------------------------------------\
 |  yosys -- Yosys Open SYnthesis Suite                                       |
 |  Copyright (C) 2012 - 2025  Claire Xenia Wolf <claire@yosyshq.com>         |
 |  Distributed under an ISC-like license, type "license" to see terms        |
 \----------------------------------------------------------------------------/
 Yosys 0.60 (git sha1 5bafeb77d, g++ 13.3.0-6ubuntu2~24.04 -fPIC -O3)

-- Running command `
    plugin -i slang
    read_liberty -lib /foss/pdks/ihp-sg13g2/libs.ref/sg13g2_stdcell/lib/sg13g2_stdcell_typ_1p20V_25C.lib
    read_slang -D SYNTHESIS --top cv32e40p_core -G DIV_ENABLE=1 -G PULP_XPULP=0 -G FPU=0 -G NUM_MHPMCOUNTERS=1 /foss/designs/pulpissimo/.bender/git/checkouts/common_cells-bdd3ba741800de55/src/cf_math_pkg.sv /foss/designs/pulpissimo/.bender/git/checkouts/fpnew-e9fe7ed2e5aad413/src/fpnew_pkg.sv -I /foss/designs/pulpissimo/working_dir/cv32e40p/rtl/include /foss/designs/pulpissimo/working_dir/cv32e40p/rtl/include/cv32e40p_apu_core_pkg.sv /foss/designs/pulpissimo/working_dir/cv32e40p/rtl/include/cv32e40p_pkg.sv /foss/designs/pulpissimo/working_dir/cv32e40p/rtl/cv32e40p_alu.sv /foss/designs/pulpissimo/working_dir/cv32e40p/rtl/cv32e40p_alu_div.sv /foss/designs/pulpissimo/working_dir/cv32e40p/rtl/cv32e40p_aligner.sv /foss/designs/pulpissimo/working_dir/cv32e40p/rtl/cv32e40p_compressed_decoder.sv /foss/designs/pulpissimo/working_dir/cv32e40p/rtl/cv32e40p_controller.sv /foss/designs/pulpissimo/working_dir/cv32e40p/rtl/cv32e40p_cs_registers.sv /foss/designs/pulpissimo/working_dir/cv32e40p/rtl/cv32e40p_decoder.sv /foss/designs/pulpissimo/working_dir/cv32e40p/rtl/cv32e40p_int_controller.sv /foss/designs/pulpissimo/working_dir/cv32e40p/rtl/cv32e40p_ex_stage.sv /foss/designs/pulpissimo/working_dir/cv32e40p/rtl/cv32e40p_fifo.sv /foss/designs/pulpissimo/working_dir/cv32e40p/rtl/cv32e40p_hwloop_regs.sv /foss/designs/pulpissimo/working_dir/cv32e40p/rtl/cv32e40p_id_stage.sv /foss/designs/pulpissimo/working_dir/cv32e40p/rtl/cv32e40p_if_stage.sv /foss/designs/pulpissimo/working_dir/cv32e40p/rtl/cv32e40p_load_store_unit.sv /foss/designs/pulpissimo/working_dir/cv32e40p/rtl/cv32e40p_mult.sv /foss/designs/pulpissimo/working_dir/cv32e40p/rtl/cv32e40p_prefetch_buffer.sv /foss/designs/pulpissimo/working_dir/cv32e40p/rtl/cv32e40p_prefetch_controller.sv /foss/designs/pulpissimo/working_dir/cv32e40p/rtl/cv32e40p_obi_interface.sv /foss/designs/pulpissimo/working_dir/cv32e40p/rtl/cv32e40p_core.sv /foss/designs/pulpissimo/working_dir/cv32e40p/rtl/cv32e40p_apu_disp.sv /foss/designs/pulpissimo/working_dir/cv32e40p/rtl/cv32e40p_popcnt.sv /foss/designs/pulpissimo/working_dir/cv32e40p/rtl/cv32e40p_ff_one.sv /foss/designs/pulpissimo/working_dir/cv32e40p/rtl/cv32e40p_sleep_unit.sv /foss/designs/pulpissimo/working_dir/cv32e40p/rtl/cv32e40p_register_file_ff.sv /foss/designs/pulpissimo/doc/dungpc_doc/lab3/synth/cv32e40p_clock_gate_sg13g2.sv
    hierarchy -top cv32e40p_core
    synth -top cv32e40p_core -flatten
    dfflibmap -liberty /foss/pdks/ihp-sg13g2/libs.ref/sg13g2_stdcell/lib/sg13g2_stdcell_typ_1p20V_25C.lib
    abc -D 20000 -liberty /foss/pdks/ihp-sg13g2/libs.ref/sg13g2_stdcell/lib/sg13g2_stdcell_typ_1p20V_25C.lib
    opt_clean -purge
    tee -o /foss/designs/pulpissimo/doc/dungpc_doc/lab3/synth/results/cv32e40p_div1.stat stat -liberty /foss/pdks/ihp-sg13g2/libs.ref/sg13g2_stdcell/lib/sg13g2_stdcell_typ_1p20V_25C.lib
    write_verilog -noattr /foss/designs/pulpissimo/doc/dungpc_doc/lab3/synth/results/cv32e40p_div1.v
  ' --

1. Executing Liberty frontend: /foss/pdks/ihp-sg13g2/libs.ref/sg13g2_stdcell/lib/sg13g2_stdcell_typ_1p20V_25C.lib
Imported 84 cell types from liberty file.

2. Executing SLANG frontend.

2.1. Executing UNDRIVEN pass. (resolve undriven signals)

2.2. Executing PROC_CLEAN pass (remove empty switches from decision trees).
Removing empty process `cv32e40p_core.$3139'.
Removing empty process `cv32e40p_core.$3136'.
Removing empty process `cv32e40p_core.$3133'.
Removing empty process `cv32e40p_core.$3130'.
Found and cleaned up 2 empty switches in `\cv32e40p_core.$3123'.
Found and cleaned up 2 empty switches in `\cv32e40p_core.$3116'.
Found and cleaned up 2 empty switches in `\cv32e40p_core.$3109'.
Found and cleaned up 2 empty switches in `\cv32e40p_core.$2856'.
Found and cleaned up 1 empty switch in `\cv32e40p_core.$2755'.
Found and cleaned up 4 empty switches in `\cv32e40p_core.$2743'.
Found and cleaned up 1 empty switch in `\cv32e40p_core.$2729'.
Found and cleaned up 8 empty switches in `\cv32e40p_core.$2672'.
Found and cleaned up 1 empty switch in `\cv32e40p_core.$2661'.
Found and cleaned up 1 empty switch in `\cv32e40p_core.$2651'.
Removing empty process `cv32e40p_core.$2648'.
Found and cleaned up 1 empty switch in `\cv32e40p_core.$2644'.
Found and cleaned up 1 empty switch in `\cv32e40p_core.$2614'.
Found and cleaned up 1 empty switch in `\cv32e40p_core.$2597'.
Found and cleaned up 1 empty switch in `\cv32e40p_core.$2595'.
Found and cleaned up 1 empty switch in `\cv32e40p_core.$2577'.
Found and cleaned up 1 empty switch in `\cv32e40p_core.$2559'.
Found and cleaned up 1 empty switch in `\cv32e40p_core.$2557'.
Found and cleaned up 1 empty switch in `\cv32e40p_core.$2545'.
Found and cleaned up 1 empty switch in `\cv32e40p_core.$2543'.
Found and cleaned up 1 empty switch in `\cv32e40p_core.$2532'.
Found and cleaned up 1 empty switch in `\cv32e40p_core.$2505'.
Found and cleaned up 1 empty switch in `\cv32e40p_core.$2501'.
Found and cleaned up 1 empty switch in `\cv32e40p_core.$2451'.
Found and cleaned up 1 empty switch in `\cv32e40p_core.$2435'.
Found and cleaned up 1 empty switch in `\cv32e40p_core.$2409'.
Removing empty process `cv32e40p_core.$2405'.
Found and cleaned up 1 empty switch in `\cv32e40p_core.$2379'.
Found and cleaned up 1 empty switch in `\cv32e40p_core.$2339'.
Found and cleaned up 1 empty switch in `\cv32e40p_core.$2317'.
Found and cleaned up 1 empty switch in `\cv32e40p_core.$2218'.
Found and cleaned up 1 empty switch in `\cv32e40p_core.$2145'.
Found and cleaned up 1 empty switch in `\cv32e40p_core.$2116'.
Found and cleaned up 1 empty switch in `\cv32e40p_core.$2109'.
Found and cleaned up 1 empty switch in `\cv32e40p_core.$2084'.
Found and cleaned up 1 empty switch in `\cv32e40p_core.$2066'.
Found and cleaned up 1 empty switch in `\cv32e40p_core.$2047'.
Found and cleaned up 1 empty switch in `\cv32e40p_core.$2043'.
Found and cleaned up 1 empty switch in `\cv32e40p_core.$2027'.
Found and cleaned up 1 empty switch in `\cv32e40p_core.$1974'.
Found and cleaned up 1 empty switch in `\cv32e40p_core.$1945'.
Found and cleaned up 1 empty switch in `\cv32e40p_core.$1912'.
Found and cleaned up 1 empty switch in `\cv32e40p_core.$1897'.
Removing empty process `cv32e40p_core.$1863'.
Found and cleaned up 1 empty switch in `\cv32e40p_core.$1643'.
Found and cleaned up 1 empty switch in `\cv32e40p_core.$1610'.
Removing empty process `cv32e40p_core.$1601'.
Found and cleaned up 1 empty switch in `\cv32e40p_core.$1592'.
Removing empty process `cv32e40p_core.$1589'.
Found and cleaned up 1 empty switch in `\cv32e40p_core.$1584'.
Removing empty process `cv32e40p_core.$1567'.
Found and cleaned up 1 empty switch in `\cv32e40p_core.$1542'.
Found and cleaned up 1 empty switch in `\cv32e40p_core.$1499'.
Found and cleaned up 4 empty switches in `\cv32e40p_core.$1073'.
Found and cleaned up 98 empty switches in `\cv32e40p_core.$786'.
Found and cleaned up 1 empty switch in `\cv32e40p_core.$779'.
Found and cleaned up 1 empty switch in `\cv32e40p_core.$772'.
Found and cleaned up 1 empty switch in `\cv32e40p_core.$765'.
Found and cleaned up 1 empty switch in `\cv32e40p_core.$758'.
Found and cleaned up 1 empty switch in `\cv32e40p_core.$751'.
Found and cleaned up 1 empty switch in `\cv32e40p_core.$744'.
Found and cleaned up 1 empty switch in `\cv32e40p_core.$737'.
Found and cleaned up 1 empty switch in `\cv32e40p_core.$730'.
Found and cleaned up 1 empty switch in `\cv32e40p_core.$723'.
Found and cleaned up 1 empty switch in `\cv32e40p_core.$716'.
Found and cleaned up 1 empty switch in `\cv32e40p_core.$709'.
Found and cleaned up 1 empty switch in `\cv32e40p_core.$702'.
Found and cleaned up 1 empty switch in `\cv32e40p_core.$695'.
Found and cleaned up 1 empty switch in `\cv32e40p_core.$688'.
Found and cleaned up 1 empty switch in `\cv32e40p_core.$681'.
Found and cleaned up 1 empty switch in `\cv32e40p_core.$674'.
Found and cleaned up 1 empty switch in `\cv32e40p_core.$667'.
Found and cleaned up 1 empty switch in `\cv32e40p_core.$660'.
Found and cleaned up 1 empty switch in `\cv32e40p_core.$653'.
Found and cleaned up 1 empty switch in `\cv32e40p_core.$646'.
Found and cleaned up 1 empty switch in `\cv32e40p_core.$639'.
Found and cleaned up 1 empty switch in `\cv32e40p_core.$632'.
Found and cleaned up 1 empty switch in `\cv32e40p_core.$625'.
Found and cleaned up 1 empty switch in `\cv32e40p_core.$618'.
Found and cleaned up 1 empty switch in `\cv32e40p_core.$611'.
Found and cleaned up 1 empty switch in `\cv32e40p_core.$604'.
Found and cleaned up 1 empty switch in `\cv32e40p_core.$597'.
Found and cleaned up 1 empty switch in `\cv32e40p_core.$590'.
Found and cleaned up 1 empty switch in `\cv32e40p_core.$583'.
Found and cleaned up 1 empty switch in `\cv32e40p_core.$576'.
Found and cleaned up 1 empty switch in `\cv32e40p_core.$569'.
Removing empty process `cv32e40p_core.$566'.
Found and cleaned up 1 empty switch in `\cv32e40p_core.$423'.
Found and cleaned up 1 empty switch in `\cv32e40p_core.$421'.
Found and cleaned up 1 empty switch in `\cv32e40p_core.$419'.
Found and cleaned up 1 empty switch in `\cv32e40p_core.$417'.
Found and cleaned up 1 empty switch in `\cv32e40p_core.$415'.
Found and cleaned up 1 empty switch in `\cv32e40p_core.$413'.
Found and cleaned up 1 empty switch in `\cv32e40p_core.$408'.
Found and cleaned up 1 empty switch in `\cv32e40p_core.$406'.
Found and cleaned up 1 empty switch in `\cv32e40p_core.$404'.
Found and cleaned up 1 empty switch in `\cv32e40p_core.$398'.
Found and cleaned up 1 empty switch in `\cv32e40p_core.$396'.
Found and cleaned up 1 empty switch in `\cv32e40p_core.$393'.
Found and cleaned up 1 empty switch in `\cv32e40p_core.$391'.
Found and cleaned up 1 empty switch in `\cv32e40p_core.$389'.
Found and cleaned up 1 empty switch in `\cv32e40p_core.$387'.
Found and cleaned up 1 empty switch in `\cv32e40p_core.$381'.
Found and cleaned up 1 empty switch in `\cv32e40p_core.$325'.
Found and cleaned up 17 empty switches in `\cv32e40p_core.$257'.
Found and cleaned up 1 empty switch in `\cv32e40p_core.$206'.
Found and cleaned up 1 empty switch in `\cv32e40p_core.$195'.
Found and cleaned up 1 empty switch in `\cv32e40p_core.$178'.
Found and cleaned up 1 empty switch in `\cv32e40p_core.$169'.
Found and cleaned up 1 empty switch in `\cv32e40p_core.$157'.
Found and cleaned up 1 empty switch in `\cv32e40p_core.$149'.
Found and cleaned up 1 empty switch in `\cv32e40p_core.$143'.
Found and cleaned up 1 empty switch in `\cv32e40p_core.$137'.
Found and cleaned up 1 empty switch in `\cv32e40p_core.$124'.
Found and cleaned up 2 empty switches in `\cv32e40p_core.$89'.
Found and cleaned up 1 empty switch in `\cv32e40p_core.$77'.
Found and cleaned up 1 empty switch in `\cv32e40p_core.$65'.
Found and cleaned up 1 empty switch in `\cv32e40p_core.$61'.
Found and cleaned up 1 empty switch in `\cv32e40p_core.$38'.
Found and cleaned up 1 empty switch in `\cv32e40p_core.$20'.
Found and cleaned up 1 empty switch in `\cv32e40p_core.$16'.
Removing empty process `cv32e40p_core.$12'.
Cleaned up 245 empty switches.

2.3. Executing TRIBUF pass.

2.4. Executing PROC_RMDEAD pass (remove dead branches from decision trees).
Marked 1 switch rules as full_case in process $2661 in module cv32e40p_core.
Marked 1 switch rules as full_case in process $2651 in module cv32e40p_core.
Marked 5 switch rules as full_case in process $3123 in module cv32e40p_core.
Marked 3 switch rules as full_case in process $2614 in module cv32e40p_core.
Marked 2 switch rules as full_case in process $2597 in module cv32e40p_core.
Marked 1 switch rules as full_case in process $2595 in module cv32e40p_core.
Marked 17 switch rules as full_case in process $2577 in module cv32e40p_core.
Marked 17 switch rules as full_case in process $2559 in module cv32e40p_core.
Marked 1 switch rules as full_case in process $2557 in module cv32e40p_core.
Marked 1 switch rules as full_case in process $2543 in module cv32e40p_core.
Marked 13 switch rules as full_case in process $2532 in module cv32e40p_core.
Marked 3 switch rules as full_case in process $2505 in module cv32e40p_core.
Marked 4 switch rules as full_case in process $2501 in module cv32e40p_core.
Marked 2 switch rules as full_case in process $2451 in module cv32e40p_core.
Marked 2 switch rules as full_case in process $2435 in module cv32e40p_core.
Marked 5 switch rules as full_case in process $3116 in module cv32e40p_core.
Marked 3 switch rules as full_case in process $2379 in module cv32e40p_core.
Marked 4 switch rules as full_case in process $2317 in module cv32e40p_core.
Marked 2 switch rules as full_case in process $2218 in module cv32e40p_core.
Marked 4 switch rules as full_case in process $2145 in module cv32e40p_core.
Marked 10 switch rules as full_case in process $2116 in module cv32e40p_core.
Marked 5 switch rules as full_case in process $2109 in module cv32e40p_core.
Marked 2 switch rules as full_case in process $2047 in module cv32e40p_core.
Marked 1 switch rules as full_case in process $2043 in module cv32e40p_core.
Marked 1 switch rules as full_case in process $2027 in module cv32e40p_core.
Marked 1 switch rules as full_case in process $1974 in module cv32e40p_core.
Marked 3 switch rules as full_case in process $1945 in module cv32e40p_core.
Marked 3 switch rules as full_case in process $1912 in module cv32e40p_core.
Marked 5 switch rules as full_case in process $1897 in module cv32e40p_core.
Marked 5 switch rules as full_case in process $3109 in module cv32e40p_core.
Marked 19 switch rules as full_case in process $1643 in module cv32e40p_core.
Marked 63 switch rules as full_case in process $1610 in module cv32e40p_core.
Marked 1 switch rules as full_case in process $2856 in module cv32e40p_core.
Marked 6 switch rules as full_case in process $1592 in module cv32e40p_core.
Marked 1 switch rules as full_case in process $2755 in module cv32e40p_core.
Marked 2 switch rules as full_case in process $1584 in module cv32e40p_core.
Marked 10 switch rules as full_case in process $1542 in module cv32e40p_core.
Marked 4 switch rules as full_case in process $1499 in module cv32e40p_core.
Marked 76 switch rules as full_case in process $1073 in module cv32e40p_core.
Marked 48 switch rules as full_case in process $786 in module cv32e40p_core.
Marked 2 switch rules as full_case in process $779 in module cv32e40p_core.
Marked 2 switch rules as full_case in process $772 in module cv32e40p_core.
Marked 2 switch rules as full_case in process $765 in module cv32e40p_core.
Marked 2 switch rules as full_case in process $758 in module cv32e40p_core.
Marked 2 switch rules as full_case in process $751 in module cv32e40p_core.
Marked 2 switch rules as full_case in process $744 in module cv32e40p_core.
Marked 2 switch rules as full_case in process $737 in module cv32e40p_core.
Marked 2 switch rules as full_case in process $730 in module cv32e40p_core.
Marked 2 switch rules as full_case in process $723 in module cv32e40p_core.
Marked 2 switch rules as full_case in process $716 in module cv32e40p_core.
Marked 2 switch rules as full_case in process $709 in module cv32e40p_core.
Marked 2 switch rules as full_case in process $702 in module cv32e40p_core.
Marked 2 switch rules as full_case in process $695 in module cv32e40p_core.
Marked 2 switch rules as full_case in process $688 in module cv32e40p_core.
Marked 2 switch rules as full_case in process $681 in module cv32e40p_core.
Marked 2 switch rules as full_case in process $674 in module cv32e40p_core.
Marked 2 switch rules as full_case in process $667 in module cv32e40p_core.
Marked 2 switch rules as full_case in process $660 in module cv32e40p_core.
Marked 2 switch rules as full_case in process $653 in module cv32e40p_core.
Marked 2 switch rules as full_case in process $646 in module cv32e40p_core.
Marked 2 switch rules as full_case in process $639 in module cv32e40p_core.
Marked 2 switch rules as full_case in process $632 in module cv32e40p_core.
Marked 2 switch rules as full_case in process $625 in module cv32e40p_core.
Marked 2 switch rules as full_case in process $618 in module cv32e40p_core.
Marked 2 switch rules as full_case in process $611 in module cv32e40p_core.
Marked 2 switch rules as full_case in process $604 in module cv32e40p_core.
Marked 2 switch rules as full_case in process $597 in module cv32e40p_core.
Marked 2 switch rules as full_case in process $590 in module cv32e40p_core.
Marked 2 switch rules as full_case in process $583 in module cv32e40p_core.
Marked 2 switch rules as full_case in process $576 in module cv32e40p_core.
Marked 2 switch rules as full_case in process $569 in module cv32e40p_core.
Marked 1 switch rules as full_case in process $2729 in module cv32e40p_core.
Marked 1 switch rules as full_case in process $413 in module cv32e40p_core.
Marked 1 switch rules as full_case in process $408 in module cv32e40p_core.
Marked 1 switch rules as full_case in process $406 in module cv32e40p_core.
Marked 1 switch rules as full_case in process $404 in module cv32e40p_core.
Marked 1 switch rules as full_case in process $398 in module cv32e40p_core.
Marked 1 switch rules as full_case in process $396 in module cv32e40p_core.
Marked 1 switch rules as full_case in process $391 in module cv32e40p_core.
Marked 1 switch rules as full_case in process $387 in module cv32e40p_core.
Marked 36 switch rules as full_case in process $257 in module cv32e40p_core.
Marked 10 switch rules as full_case in process $206 in module cv32e40p_core.
Marked 2 switch rules as full_case in process $195 in module cv32e40p_core.
Marked 2 switch rules as full_case in process $178 in module cv32e40p_core.
Marked 3 switch rules as full_case in process $169 in module cv32e40p_core.
Marked 1 switch rules as full_case in process $149 in module cv32e40p_core.
Marked 3 switch rules as full_case in process $143 in module cv32e40p_core.
Marked 6 switch rules as full_case in process $89 in module cv32e40p_core.
Marked 5 switch rules as full_case in process $65 in module cv32e40p_core.
Marked 1 switch rules as full_case in process $61 in module cv32e40p_core.
Marked 7 switch rules as full_case in process $38 in module cv32e40p_core.
Marked 2 switch rules as full_case in process $16 in module cv32e40p_core.
Marked 17 switch rules as full_case in process $2672 in module cv32e40p_core.
Removed a total of 0 dead cases.

2.5. Executing PROC_PRUNE pass (remove redundant assignments in processes).
Removed 347 redundant assignments.
Promoted 3 assignments to connections.

2.6. Executing PROC_INIT pass (extract init attributes).

2.7. Executing PROC_ROM pass (convert switches to ROMs).
Converted 0 switches.
<suppressed ~736 debug messages>

2.8. Executing PROC_MUX pass (convert decision trees to multiplexers).
Creating decoders for process `\cv32e40p_core.$2661'.
     1/1: $cs_registers_i.csr_rdata_int$2671
Creating decoders for process `\cv32e40p_core.$2651'.
     1/2: $cs_registers_i.csr_mie_wdata$2655
     2/2: $cs_registers_i.csr_mie_we$2656
Creating decoders for process `\cv32e40p_core.$3123'.
     1/6: $cs_registers_i.mhpmcounter_q[255:192]$3129
     2/6: $cs_registers_i.mhpmcounter_q[255:192]$3128 [63:32]
     3/6: $cs_registers_i.mhpmcounter_q[255:192]$3127 [31:0]
     4/6: $cs_registers_i.mhpmcounter_q[255:192]$3126
     5/6: $cs_registers_i.mhpmcounter_q[255:192]$3127 [63:32]
     6/6: $cs_registers_i.mhpmcounter_q[255:192]$3128 [31:0]
Creating decoders for process `\cv32e40p_core.$2644'.
     1/1: $load_store_unit_i.next_cnt$2647
Creating decoders for process `\cv32e40p_core.$2614'.
     1/4: $load_store_unit_i.data_misaligned_o$2621
     2/4: $load_store_unit_i.data_misaligned_o$2619
     3/4: $load_store_unit_i.data_misaligned_o$2622
     4/4: $load_store_unit_i.data_misaligned_o$2623
Creating decoders for process `\cv32e40p_core.$2597'.
     1/2: $load_store_unit_i.rdata_q$2605
     2/2: $load_store_unit_i.rdata_q$2606
Creating decoders for process `\cv32e40p_core.$2595'.
     1/1: $load_store_unit_i.data_rdata_ext$2596
Creating decoders for process `\cv32e40p_core.$2577'.
     1/9: $load_store_unit_i.rdata_b_ext$2592
     2/9: $load_store_unit_i.rdata_b_ext$2593
     3/9: $load_store_unit_i.rdata_b_ext$2588
     4/9: $load_store_unit_i.rdata_b_ext$2589
     5/9: $load_store_unit_i.rdata_b_ext$2584
     6/9: $load_store_unit_i.rdata_b_ext$2585
     7/9: $load_store_unit_i.rdata_b_ext$2594
     8/9: $load_store_unit_i.rdata_b_ext$2580
     9/9: $load_store_unit_i.rdata_b_ext$2581
Creating decoders for process `\cv32e40p_core.$2559'.
     1/9: $load_store_unit_i.rdata_h_ext$2574
     2/9: $load_store_unit_i.rdata_h_ext$2575
     3/9: $load_store_unit_i.rdata_h_ext$2570
     4/9: $load_store_unit_i.rdata_h_ext$2571
     5/9: $load_store_unit_i.rdata_h_ext$2566
     6/9: $load_store_unit_i.rdata_h_ext$2567
     7/9: $load_store_unit_i.rdata_h_ext$2576
     8/9: $load_store_unit_i.rdata_h_ext$2562
     9/9: $load_store_unit_i.rdata_h_ext$2563
Creating decoders for process `\cv32e40p_core.$2557'.
     1/1: $load_store_unit_i.rdata_w_ext$2558
Creating decoders for process `\cv32e40p_core.$2545'.
     1/5: $load_store_unit_i.data_load_event_q$2552
     2/5: $load_store_unit_i.data_we_q$2551
     3/5: $load_store_unit_i.data_sign_ext_q$2550
     4/5: $load_store_unit_i.rdata_offset_q$2549
     5/5: $load_store_unit_i.data_type_q$2548
Creating decoders for process `\cv32e40p_core.$2543'.
     1/1: $load_store_unit_i.data_wdata$2544
Creating decoders for process `\cv32e40p_core.$2532'.
     1/7: $load_store_unit_i.data_be$2540
     2/7: $load_store_unit_i.data_be$2539
     3/7: $load_store_unit_i.data_be$2538
     4/7: $load_store_unit_i.data_be$2541
     5/7: $load_store_unit_i.data_be$2535
     6/7: $load_store_unit_i.data_be$2536
     7/7: $load_store_unit_i.data_be$2534
Creating decoders for process `\cv32e40p_core.$2505'.
     1/4: $ex_stage_i.regfile_we_lsu$2513
     2/4: $ex_stage_i.regfile_we_lsu$2514
     3/4: $ex_stage_i.regfile_waddr_lsu$2512
     4/4: $ex_stage_i.regfile_waddr_lsu$2515
Creating decoders for process `\cv32e40p_core.$2501'.
     1/3: $ex_stage_i.mult_i.result_o$2503
     2/3: $ex_stage_i.mult_i.result_o$2502
     3/3: $ex_stage_i.mult_i.result_o$2504
Creating decoders for process `\cv32e40p_core.$2451'.
     1/2: $ex_stage_i.mult_i.mulh_carry_q$2456
     2/2: $ex_stage_i.mult_i.mulh_carry_q$2457
Creating decoders for process `\cv32e40p_core.$2435'.
     1/13: $ex_stage_i.mult_i.mulh_NS$2440
     2/13: $ex_stage_i.mult_i.mulh_NS$2439
     3/13: $ex_stage_i.mult_i.mulh_ready$2438
     4/13: $ex_stage_i.mult_i.mulh_NS$2450
     5/13: $ex_stage_i.mult_i.mulh_ready$2449
     6/13: $ex_stage_i.mult_i.mulh_clearcarry$2448
     7/13: $ex_stage_i.mult_i.mulh_save$2447
     8/13: $ex_stage_i.mult_i.mulh_active$2446
     9/13: $ex_stage_i.mult_i.mulh_shift_arith$2445
    10/13: $ex_stage_i.mult_i.mulh_signed$2444
    11/13: $ex_stage_i.mult_i.mulh_subword$2443
    12/13: $ex_stage_i.mult_i.mulh_imm$2442
    13/13: $ex_stage_i.mult_i.multicycle_o$2441
Creating decoders for process `\cv32e40p_core.$2409'.
     1/1: $ex_stage_i.alu_i.result_o$2414
Creating decoders for process `\cv32e40p_core.$3116'.
     1/6: $cs_registers_i.mhpmcounter_q[191:128]$3122
     2/6: $cs_registers_i.mhpmcounter_q[191:128]$3121 [63:32]
     3/6: $cs_registers_i.mhpmcounter_q[191:128]$3120 [31:0]
     4/6: $cs_registers_i.mhpmcounter_q[191:128]$3119
     5/6: $cs_registers_i.mhpmcounter_q[191:128]$3120 [63:32]
     6/6: $cs_registers_i.mhpmcounter_q[191:128]$3121 [31:0]
Creating decoders for process `\cv32e40p_core.$2379'.
     1/13: $ex_stage_i.alu_i.gen_div.alu_div_i.State_SN$2386
     2/13: $ex_stage_i.alu_i.gen_div.alu_div_i.State_SN$2385
     3/13: $ex_stage_i.alu_i.gen_div.alu_div_i.State_SN$2384
     4/13: $ex_stage_i.alu_i.gen_div.alu_div_i.LoadEn_S$2383
     5/13: $ex_stage_i.alu_i.gen_div.alu_div_i.BRegEn_S$2382
     6/13: $ex_stage_i.alu_i.gen_div.alu_div_i.ARegEn_S$2381
     7/13: $ex_stage_i.alu_i.gen_div.alu_div_i.OutVld_SO$2380
     8/13: $ex_stage_i.alu_i.gen_div.alu_div_i.State_SN$2392
     9/13: $ex_stage_i.alu_i.gen_div.alu_div_i.LoadEn_S$2391
    10/13: $ex_stage_i.alu_i.gen_div.alu_div_i.ResRegEn_S$2390
    11/13: $ex_stage_i.alu_i.gen_div.alu_div_i.BRegEn_S$2389
    12/13: $ex_stage_i.alu_i.gen_div.alu_div_i.ARegEn_S$2388
    13/13: $ex_stage_i.alu_i.gen_div.alu_div_i.OutVld_SO$2387
Creating decoders for process `\cv32e40p_core.$2339'.
     1/1: $ex_stage_i.alu_i.reverse_result$2340
Creating decoders for process `\cv32e40p_core.$2317'.
     1/3: $ex_stage_i.alu_i.bitop_result$2321
     2/3: $ex_stage_i.alu_i.bitop_result$2320
     3/3: $ex_stage_i.alu_i.bitop_result$2322
Creating decoders for process `\cv32e40p_core.$2218'.
     1/2: $ex_stage_i.alu_i.ff_input$2219
     2/2: $ex_stage_i.alu_i.ff_input$2220
Creating decoders for process `\cv32e40p_core.$2145'.
     1/5: $ex_stage_i.alu_i.shuffle_byte_sel$2149
     2/5: $ex_stage_i.alu_i.shuffle_byte_sel$2148
     3/5: $ex_stage_i.alu_i.shuffle_byte_sel$2147
     4/5: $ex_stage_i.alu_i.shuffle_byte_sel$2146
     5/5: $ex_stage_i.alu_i.shuffle_byte_sel$2150
Creating decoders for process `\cv32e40p_core.$2116'.
     1/14: $ex_stage_i.alu_i.shuffle_reg_sel$2136
     2/14: $ex_stage_i.alu_i.shuffle_reg0_sel$2140
     3/14: $ex_stage_i.alu_i.shuffle_reg_sel$2139
     4/14: $ex_stage_i.alu_i.shuffle_reg_sel$2135
     5/14: $ex_stage_i.alu_i.shuffle_reg_sel$2125
     6/14: $ex_stage_i.alu_i.shuffle_through$2126
     7/14: $ex_stage_i.alu_i.shuffle_reg_sel$2122
     8/14: $ex_stage_i.alu_i.shuffle_through$2123
     9/14: $ex_stage_i.alu_i.shuffle_reg_sel$2120
    10/14: $ex_stage_i.alu_i.shuffle_reg1_sel$2118
    11/14: $ex_stage_i.alu_i.shuffle_through$2144
    12/14: $ex_stage_i.alu_i.shuffle_reg0_sel$2143
    13/14: $ex_stage_i.alu_i.shuffle_reg1_sel$2142
    14/14: $ex_stage_i.alu_i.shuffle_reg_sel$2141
Creating decoders for process `\cv32e40p_core.$2109'.
     1/3: $ex_stage_i.alu_i.clip_result$2114
     2/3: $ex_stage_i.alu_i.clip_result$2115
     3/3: $ex_stage_i.alu_i.clip_result$2112
Creating decoders for process `\cv32e40p_core.$2084'.
     1/1: $ex_stage_i.alu_i.cmp_result$2090
Creating decoders for process `\cv32e40p_core.$2066'.
     1/2: $ex_stage_i.alu_i.is_greater$2083
     2/2: $ex_stage_i.alu_i.is_equal$2082
Creating decoders for process `\cv32e40p_core.$2047'.
     1/2: $ex_stage_i.alu_i.cmp_signed$2048
     2/2: $ex_stage_i.alu_i.cmp_signed$2049
Creating decoders for process `\cv32e40p_core.$2043'.
     1/1: $ex_stage_i.alu_i.operand_b_eq$2045
Creating decoders for process `\cv32e40p_core.$2027'.
     1/1: $ex_stage_i.alu_i.shift_right_result$2041
Creating decoders for process `\cv32e40p_core.$1974'.
     1/1: $ex_stage_i.alu_i.shift_amt_left$1975
Creating decoders for process `\cv32e40p_core.$1945'.
     1/13: $ex_stage_i.alu_i.adder_in_a[27]$1955
     2/13: $ex_stage_i.alu_i.adder_in_a[18]$1954
     3/13: $ex_stage_i.alu_i.adder_in_a[9]$1953
     4/13: $ex_stage_i.alu_i.adder_in_b[27]$1952
     5/13: $ex_stage_i.alu_i.adder_in_b[18]$1951
     6/13: $ex_stage_i.alu_i.adder_in_b[9]$1950
     7/13: $ex_stage_i.alu_i.adder_in_b[27]$1962
     8/13: $ex_stage_i.alu_i.adder_in_b[18]$1961
     9/13: $ex_stage_i.alu_i.adder_in_b[9]$1960
    10/13: $ex_stage_i.alu_i.adder_in_b[0]$1959
    11/13: $ex_stage_i.alu_i.adder_in_a[27]$1958
    12/13: $ex_stage_i.alu_i.adder_in_a[18]$1957
    13/13: $ex_stage_i.alu_i.adder_in_a[9]$1956
Creating decoders for process `\cv32e40p_core.$1912'.
     1/8: $ex_stage_i.regfile_wdata_wb_o$1924
     2/8: $ex_stage_i.regfile_we_wb_o$1923
     3/8: $ex_stage_i.regfile_waddr_wb_o$1922
     4/8: $ex_stage_i.regfile_we_wb_o$1926
     5/8: $ex_stage_i.wb_contention_lsu$1917
     6/8: $ex_stage_i.wb_contention_lsu$1928
     7/8: $ex_stage_i.regfile_wdata_wb_o$1927
     8/8: $ex_stage_i.regfile_waddr_wb_o$1925
Creating decoders for process `\cv32e40p_core.$1897'.
     1/8: $ex_stage_i.regfile_alu_wdata_fw_o$1907
     2/8: $ex_stage_i.regfile_alu_wdata_fw_o$1906
     3/8: $ex_stage_i.regfile_alu_wdata_fw_o$1905
     4/8: $ex_stage_i.regfile_alu_wdata_fw_o$1910
     5/8: $ex_stage_i.regfile_alu_we_fw_o$1909
     6/8: $ex_stage_i.regfile_alu_waddr_fw_o$1908
     7/8: $ex_stage_i.wb_contention$1902
     8/8: $ex_stage_i.wb_contention$1911
Creating decoders for process `\cv32e40p_core.$3109'.
     1/6: $cs_registers_i.mhpmcounter_q[63:0]$3115
     2/6: $cs_registers_i.mhpmcounter_q[63:0]$3114 [63:32]
     3/6: $cs_registers_i.mhpmcounter_q[63:0]$3113 [31:0]
     4/6: $cs_registers_i.mhpmcounter_q[63:0]$3112
     5/6: $cs_registers_i.mhpmcounter_q[63:0]$3113 [63:32]
     6/6: $cs_registers_i.mhpmcounter_q[63:0]$3114 [31:0]
Creating decoders for process `\cv32e40p_core.$1643'.
     1/208: $id_stage_i.regfile_alu_we_ex_o$1696
     2/208: $id_stage_i.regfile_alu_we_ex_o$1699
     3/208: $id_stage_i.data_misaligned_ex_o$1707
     4/208: $id_stage_i.data_load_event_ex_o$1706
     5/208: $id_stage_i.data_req_ex_o$1705
     6/208: $id_stage_i.csr_op_ex_o$1704
     7/208: $id_stage_i.apu_en_ex_o$1703
     8/208: $id_stage_i.mult_en_ex_o$1702
     9/208: $id_stage_i.alu_operator_ex_o$1701
    10/208: $id_stage_i.alu_en_ex_o$1700
    11/208: $id_stage_i.regfile_we_ex_o$1698
    12/208: $id_stage_i.branch_in_ex_o$1697
    13/208: $id_stage_i.data_misaligned_ex_o$1755
    14/208: $id_stage_i.data_load_event_ex_o$1754
    15/208: $id_stage_i.data_req_ex_o$1749
    16/208: $id_stage_i.csr_op_ex_o$1748
    17/208: $id_stage_i.apu_en_ex_o$1741
    18/208: $id_stage_i.mult_en_ex_o$1730
    19/208: $id_stage_i.alu_operator_ex_o$1722
    20/208: $id_stage_i.alu_en_ex_o$1721
    21/208: $id_stage_i.regfile_alu_we_ex_o$1720
    22/208: $id_stage_i.regfile_we_ex_o$1718
    23/208: $id_stage_i.branch_in_ex_o$1708
    24/208: $id_stage_i.pc_ex_o$1694
    25/208: $id_stage_i.data_load_event_ex_o$1690
    26/208: $id_stage_i.atop_ex_o$1691
    27/208: $id_stage_i.data_reg_offset_ex_o$1689
    28/208: $id_stage_i.data_sign_ext_ex_o$1688
    29/208: $id_stage_i.data_type_ex_o$1687
    30/208: $id_stage_i.data_we_ex_o$1686
    31/208: $id_stage_i.regfile_alu_waddr_ex_o$1685
    32/208: $id_stage_i.regfile_waddr_ex_o$1684
    33/208: $id_stage_i.apu_waddr_ex_o$1683
    34/208: $id_stage_i.apu_flags_ex_o$1682
    35/208: $id_stage_i.apu_operands_ex_o$1681
    36/208: $id_stage_i.apu_lat_ex_o$1680
    37/208: $id_stage_i.apu_op_ex_o$1679
    38/208: $id_stage_i.mult_clpx_img_ex_o$1678
    39/208: $id_stage_i.mult_clpx_shift_ex_o$1677
    40/208: $id_stage_i.mult_is_clpx_ex_o$1676
    41/208: $id_stage_i.mult_dot_signed_ex_o$1675
    42/208: $id_stage_i.mult_dot_op_c_ex_o$1674
    43/208: $id_stage_i.mult_dot_op_b_ex_o$1673
    44/208: $id_stage_i.mult_dot_op_a_ex_o$1672
    45/208: $id_stage_i.mult_operator_ex_o$1671
    46/208: $id_stage_i.mult_imm_ex_o$1670
    47/208: $id_stage_i.mult_signed_mode_ex_o$1669
    48/208: $id_stage_i.mult_sel_subword_ex_o$1668
    49/208: $id_stage_i.mult_operand_c_ex_o$1667
    50/208: $id_stage_i.mult_operand_b_ex_o$1666
    51/208: $id_stage_i.mult_operand_a_ex_o$1665
    52/208: $id_stage_i.mult_operator_ex_o$1664
    53/208: $id_stage_i.alu_clpx_shift_ex_o$1663
    54/208: $id_stage_i.alu_is_subrot_ex_o$1662
    55/208: $id_stage_i.alu_is_clpx_ex_o$1661
    56/208: $id_stage_i.alu_operator_ex_o$1660
    57/208: $id_stage_i.alu_vec_mode_ex_o$1659
    58/208: $id_stage_i.imm_vec_ext_ex_o$1658
    59/208: $id_stage_i.bmask_b_ex_o$1657
    60/208: $id_stage_i.bmask_a_ex_o$1656
    61/208: $id_stage_i.alu_operand_c_ex_o$1655
    62/208: $id_stage_i.alu_operand_b_ex_o$1654
    63/208: $id_stage_i.alu_operand_a_ex_o$1653
    64/208: $id_stage_i.atop_ex_o$1757
    65/208: $id_stage_i.prepost_useincr_ex_o$1756
    66/208: $id_stage_i.data_reg_offset_ex_o$1753
    67/208: $id_stage_i.data_sign_ext_ex_o$1752
    68/208: $id_stage_i.data_type_ex_o$1751
    69/208: $id_stage_i.data_we_ex_o$1750
    70/208: $id_stage_i.csr_access_ex_o$1747
    71/208: $id_stage_i.apu_waddr_ex_o$1746
    72/208: $id_stage_i.apu_flags_ex_o$1745
    73/208: $id_stage_i.apu_operands_ex_o$1744
    74/208: $id_stage_i.apu_lat_ex_o$1743
    75/208: $id_stage_i.apu_op_ex_o$1742
    76/208: $id_stage_i.mult_clpx_img_ex_o$1740
    77/208: $id_stage_i.mult_clpx_shift_ex_o$1739
    78/208: $id_stage_i.mult_is_clpx_ex_o$1738
    79/208: $id_stage_i.mult_dot_signed_ex_o$1737
    80/208: $id_stage_i.mult_dot_op_c_ex_o$1736
    81/208: $id_stage_i.mult_dot_op_b_ex_o$1735
    82/208: $id_stage_i.mult_dot_op_a_ex_o$1734
    83/208: $id_stage_i.mult_imm_ex_o$1733
    84/208: $id_stage_i.mult_signed_mode_ex_o$1732
    85/208: $id_stage_i.mult_sel_subword_ex_o$1731
    86/208: $id_stage_i.mult_operand_c_ex_o$1729
    87/208: $id_stage_i.mult_operand_b_ex_o$1728
    88/208: $id_stage_i.mult_operand_a_ex_o$1727
    89/208: $id_stage_i.mult_operator_ex_o$1726
    90/208: $id_stage_i.alu_clpx_shift_ex_o$1725
    91/208: $id_stage_i.alu_is_subrot_ex_o$1724
    92/208: $id_stage_i.alu_is_clpx_ex_o$1723
    93/208: $id_stage_i.regfile_alu_waddr_ex_o$1719
    94/208: $id_stage_i.regfile_waddr_ex_o$1717
    95/208: $id_stage_i.alu_vec_mode_ex_o$1716
    96/208: $id_stage_i.imm_vec_ext_ex_o$1715
    97/208: $id_stage_i.bmask_b_ex_o$1714
    98/208: $id_stage_i.bmask_a_ex_o$1713
    99/208: $id_stage_i.alu_operand_c_ex_o$1712
   100/208: $id_stage_i.alu_operand_b_ex_o$1711
   101/208: $id_stage_i.alu_operand_a_ex_o$1710
   102/208: $id_stage_i.pc_ex_o$1709
   103/208: $id_stage_i.mult_operand_c_ex_o$1779
   104/208: $id_stage_i.atop_ex_o$1807
   105/208: $id_stage_i.prepost_useincr_ex_o$1806
   106/208: $id_stage_i.data_misaligned_ex_o$1805
   107/208: $id_stage_i.data_load_event_ex_o$1804
   108/208: $id_stage_i.data_reg_offset_ex_o$1803
   109/208: $id_stage_i.data_sign_ext_ex_o$1802
   110/208: $id_stage_i.data_type_ex_o$1801
   111/208: $id_stage_i.data_we_ex_o$1800
   112/208: $id_stage_i.data_req_ex_o$1799
   113/208: $id_stage_i.csr_op_ex_o$1798
   114/208: $id_stage_i.csr_access_ex_o$1797
   115/208: $id_stage_i.apu_waddr_ex_o$1796
   116/208: $id_stage_i.apu_flags_ex_o$1795
   117/208: $id_stage_i.apu_operands_ex_o$1794
   118/208: $id_stage_i.apu_lat_ex_o$1793
   119/208: $id_stage_i.apu_op_ex_o$1792
   120/208: $id_stage_i.apu_en_ex_o$1791
   121/208: $id_stage_i.mult_clpx_img_ex_o$1790
   122/208: $id_stage_i.mult_clpx_shift_ex_o$1789
   123/208: $id_stage_i.mult_is_clpx_ex_o$1788
   124/208: $id_stage_i.mult_dot_signed_ex_o$1787
   125/208: $id_stage_i.mult_dot_op_c_ex_o$1786
   126/208: $id_stage_i.mult_dot_op_b_ex_o$1785
   127/208: $id_stage_i.mult_dot_op_a_ex_o$1784
   128/208: $id_stage_i.mult_imm_ex_o$1783
   129/208: $id_stage_i.mult_signed_mode_ex_o$1782
   130/208: $id_stage_i.mult_sel_subword_ex_o$1781
   131/208: $id_stage_i.mult_en_ex_o$1780
   132/208: $id_stage_i.mult_operand_b_ex_o$1778
   133/208: $id_stage_i.mult_operand_a_ex_o$1777
   134/208: $id_stage_i.mult_operator_ex_o$1776
   135/208: $id_stage_i.alu_clpx_shift_ex_o$1775
   136/208: $id_stage_i.alu_is_subrot_ex_o$1774
   137/208: $id_stage_i.alu_is_clpx_ex_o$1773
   138/208: $id_stage_i.alu_operator_ex_o$1772
   139/208: $id_stage_i.alu_en_ex_o$1771
   140/208: $id_stage_i.regfile_alu_we_ex_o$1770
   141/208: $id_stage_i.regfile_alu_waddr_ex_o$1769
   142/208: $id_stage_i.regfile_we_ex_o$1768
   143/208: $id_stage_i.regfile_waddr_ex_o$1767
   144/208: $id_stage_i.alu_vec_mode_ex_o$1766
   145/208: $id_stage_i.imm_vec_ext_ex_o$1765
   146/208: $id_stage_i.bmask_b_ex_o$1764
   147/208: $id_stage_i.bmask_a_ex_o$1763
   148/208: $id_stage_i.alu_operand_c_ex_o$1762
   149/208: $id_stage_i.alu_operand_b_ex_o$1761
   150/208: $id_stage_i.alu_operand_a_ex_o$1760
   151/208: $id_stage_i.pc_ex_o$1759
   152/208: $id_stage_i.branch_in_ex_o$1758
   153/208: $id_stage_i.prepost_useincr_ex_o$1856
   154/208: $id_stage_i.data_misaligned_ex_o$1855
   155/208: $id_stage_i.regfile_alu_we_ex_o$1820
   156/208: $id_stage_i.alu_operand_b_ex_o$1811
   157/208: $id_stage_i.alu_operand_a_ex_o$1810
   158/208: $id_stage_i.alu_operand_a_ex_o$1647
   159/208: $id_stage_i.prepost_useincr_ex_o$1652
   160/208: $id_stage_i.data_misaligned_ex_o$1651
   161/208: $id_stage_i.regfile_alu_we_ex_o$1650
   162/208: $id_stage_i.alu_operand_b_ex_o$1649
   163/208: $id_stage_i.alu_operand_a_ex_o$1648
   164/208: $id_stage_i.atop_ex_o$1857
   165/208: $id_stage_i.data_load_event_ex_o$1854
   166/208: $id_stage_i.data_reg_offset_ex_o$1853
   167/208: $id_stage_i.data_sign_ext_ex_o$1852
   168/208: $id_stage_i.data_type_ex_o$1851
   169/208: $id_stage_i.data_we_ex_o$1850
   170/208: $id_stage_i.data_req_ex_o$1849
   171/208: $id_stage_i.csr_op_ex_o$1848
   172/208: $id_stage_i.csr_access_ex_o$1847
   173/208: $id_stage_i.apu_waddr_ex_o$1846
   174/208: $id_stage_i.apu_flags_ex_o$1845
   175/208: $id_stage_i.apu_operands_ex_o$1844
   176/208: $id_stage_i.apu_lat_ex_o$1843
   177/208: $id_stage_i.apu_op_ex_o$1842
   178/208: $id_stage_i.apu_en_ex_o$1841
   179/208: $id_stage_i.mult_clpx_img_ex_o$1840
   180/208: $id_stage_i.mult_clpx_shift_ex_o$1839
   181/208: $id_stage_i.mult_is_clpx_ex_o$1838
   182/208: $id_stage_i.mult_dot_signed_ex_o$1837
   183/208: $id_stage_i.mult_dot_op_c_ex_o$1836
   184/208: $id_stage_i.mult_dot_op_b_ex_o$1835
   185/208: $id_stage_i.mult_dot_op_a_ex_o$1834
   186/208: $id_stage_i.mult_imm_ex_o$1833
   187/208: $id_stage_i.mult_signed_mode_ex_o$1832
   188/208: $id_stage_i.mult_sel_subword_ex_o$1831
   189/208: $id_stage_i.mult_en_ex_o$1830
   190/208: $id_stage_i.mult_operand_c_ex_o$1829
   191/208: $id_stage_i.mult_operand_b_ex_o$1828
   192/208: $id_stage_i.mult_operand_a_ex_o$1827
   193/208: $id_stage_i.mult_operator_ex_o$1826
   194/208: $id_stage_i.alu_clpx_shift_ex_o$1825
   195/208: $id_stage_i.alu_is_subrot_ex_o$1824
   196/208: $id_stage_i.alu_is_clpx_ex_o$1823
   197/208: $id_stage_i.alu_operator_ex_o$1822
   198/208: $id_stage_i.alu_en_ex_o$1821
   199/208: $id_stage_i.regfile_alu_waddr_ex_o$1819
   200/208: $id_stage_i.regfile_we_ex_o$1818
   201/208: $id_stage_i.regfile_waddr_ex_o$1817
   202/208: $id_stage_i.alu_vec_mode_ex_o$1816
   203/208: $id_stage_i.imm_vec_ext_ex_o$1815
   204/208: $id_stage_i.bmask_b_ex_o$1814
   205/208: $id_stage_i.bmask_a_ex_o$1813
   206/208: $id_stage_i.alu_operand_c_ex_o$1812
   207/208: $id_stage_i.pc_ex_o$1809
   208/208: $id_stage_i.branch_in_ex_o$1808
Creating decoders for process `\cv32e40p_core.$1610'.
     1/32: $id_stage_i.int_controller_i.irq_id_ctrl_o$1611
     2/32: $id_stage_i.int_controller_i.irq_id_ctrl_o$1612
     3/32: $id_stage_i.int_controller_i.irq_id_ctrl_o$1613
     4/32: $id_stage_i.int_controller_i.irq_id_ctrl_o$1614
     5/32: $id_stage_i.int_controller_i.irq_id_ctrl_o$1615
     6/32: $id_stage_i.int_controller_i.irq_id_ctrl_o$1616
     7/32: $id_stage_i.int_controller_i.irq_id_ctrl_o$1617
     8/32: $id_stage_i.int_controller_i.irq_id_ctrl_o$1618
     9/32: $id_stage_i.int_controller_i.irq_id_ctrl_o$1619
    10/32: $id_stage_i.int_controller_i.irq_id_ctrl_o$1620
    11/32: $id_stage_i.int_controller_i.irq_id_ctrl_o$1621
    12/32: $id_stage_i.int_controller_i.irq_id_ctrl_o$1622
    13/32: $id_stage_i.int_controller_i.irq_id_ctrl_o$1623
    14/32: $id_stage_i.int_controller_i.irq_id_ctrl_o$1624
    15/32: $id_stage_i.int_controller_i.irq_id_ctrl_o$1625
    16/32: $id_stage_i.int_controller_i.irq_id_ctrl_o$1626
    17/32: $id_stage_i.int_controller_i.irq_id_ctrl_o$1627
    18/32: $id_stage_i.int_controller_i.irq_id_ctrl_o$1628
    19/32: $id_stage_i.int_controller_i.irq_id_ctrl_o$1629
    20/32: $id_stage_i.int_controller_i.irq_id_ctrl_o$1630
    21/32: $id_stage_i.int_controller_i.irq_id_ctrl_o$1631
    22/32: $id_stage_i.int_controller_i.irq_id_ctrl_o$1632
    23/32: $id_stage_i.int_controller_i.irq_id_ctrl_o$1633
    24/32: $id_stage_i.int_controller_i.irq_id_ctrl_o$1634
    25/32: $id_stage_i.int_controller_i.irq_id_ctrl_o$1635
    26/32: $id_stage_i.int_controller_i.irq_id_ctrl_o$1636
    27/32: $id_stage_i.int_controller_i.irq_id_ctrl_o$1637
    28/32: $id_stage_i.int_controller_i.irq_id_ctrl_o$1638
    29/32: $id_stage_i.int_controller_i.irq_id_ctrl_o$1639
    30/32: $id_stage_i.int_controller_i.irq_id_ctrl_o$1640
    31/32: $id_stage_i.int_controller_i.irq_id_ctrl_o$1641
    32/32: $id_stage_i.int_controller_i.irq_id_ctrl_o$1642
Creating decoders for process `\cv32e40p_core.$2856'.
     1/2: $cs_registers_i.mhpmevent_n$2865
     2/2: $cs_registers_i.mcountinhibit_n$2857
Creating decoders for process `\cv32e40p_core.$1592'.
     1/5: $id_stage_i.controller_i.debug_fsm_ns$1599
     2/5: $id_stage_i.controller_i.debug_fsm_ns$1597
     3/5: $id_stage_i.controller_i.debug_fsm_ns$1600
     4/5: $id_stage_i.controller_i.debug_fsm_ns$1595
     5/5: $id_stage_i.controller_i.debug_fsm_ns$1596
Creating decoders for process `\cv32e40p_core.$2755'.
     1/2: $cs_registers_i.gen_trigger_regs.tmatch_value_q$2759
     2/2: $cs_registers_i.gen_trigger_regs.tmatch_control_exec_q$2758
Creating decoders for process `\cv32e40p_core.$1584'.
     1/2: $id_stage_i.controller_i.debug_req_q$1587
     2/2: $id_stage_i.controller_i.debug_req_q$1588
Creating decoders for process `\cv32e40p_core.$2743'.
Creating decoders for process `\cv32e40p_core.$1542'.
     1/16: $id_stage_i.controller_i.operand_c_fw_mux_sel_o$1563
     2/16: $id_stage_i.controller_i.operand_c_fw_mux_sel_o$1566
     3/16: $id_stage_i.controller_i.operand_b_fw_mux_sel_o$1565
     4/16: $id_stage_i.controller_i.operand_a_fw_mux_sel_o$1564
     5/16: $id_stage_i.controller_i.operand_c_fw_mux_sel_o$1559
     6/16: $id_stage_i.controller_i.operand_b_fw_mux_sel_o$1557
     7/16: $id_stage_i.controller_i.operand_a_fw_mux_sel_o$1555
     8/16: $id_stage_i.controller_i.operand_c_fw_mux_sel_o$1562
     9/16: $id_stage_i.controller_i.operand_b_fw_mux_sel_o$1561
    10/16: $id_stage_i.controller_i.operand_a_fw_mux_sel_o$1560
    11/16: $id_stage_i.controller_i.operand_c_fw_mux_sel_o$1549
    12/16: $id_stage_i.controller_i.operand_b_fw_mux_sel_o$1547
    13/16: $id_stage_i.controller_i.operand_a_fw_mux_sel_o$1545
    14/16: $id_stage_i.controller_i.operand_c_fw_mux_sel_o$1552
    15/16: $id_stage_i.controller_i.operand_b_fw_mux_sel_o$1551
    16/16: $id_stage_i.controller_i.operand_a_fw_mux_sel_o$1550
Creating decoders for process `\cv32e40p_core.$1499'.
     1/6: $id_stage_i.controller_i.jr_stall_o$1538
     2/6: $id_stage_i.controller_i.deassert_we_o$1537
     3/6: $id_stage_i.controller_i.load_stall_o$1523
     4/6: $id_stage_i.controller_i.deassert_we_o$1522
     5/6: $id_stage_i.controller_i.deassert_we_o$1502
     6/6: $id_stage_i.controller_i.deassert_we_o$1501
Creating decoders for process `\cv32e40p_core.$1073'.
     1/330: $id_stage_i.controller_i.ctrl_fsm_ns$1459
     2/330: $id_stage_i.controller_i.ctrl_fsm_ns$1464
     3/330: $id_stage_i.controller_i.csr_save_cause_o$1463
     4/330: $id_stage_i.controller_i.csr_cause_o$1462
     5/330: $id_stage_i.controller_i.csr_save_ex_o$1461
     6/330: $id_stage_i.controller_i.data_err_ack_o$1460
     7/330: $id_stage_i.controller_i.debug_cause_o$1451
     8/330: $id_stage_i.controller_i.debug_cause_o$1452
     9/330: $id_stage_i.controller_i.debug_cause_o$1444
    10/330: $id_stage_i.controller_i.debug_cause_o$1445
    11/330: $id_stage_i.controller_i.debug_cause_o$1446
    12/330: $id_stage_i.controller_i.csr_save_cause_o$1450
    13/330: $id_stage_i.controller_i.csr_save_id_o$1449
    14/330: $id_stage_i.controller_i.debug_csr_save_o$1448
    15/330: $id_stage_i.controller_i.debug_cause_o$1447
    16/330: $id_stage_i.controller_i.pc_mux_o$1441
    17/330: $id_stage_i.controller_i.pc_set_o$1440
    18/330: $id_stage_i.controller_i.ctrl_fsm_ns$1439
    19/330: $id_stage_i.controller_i.debug_mode_n$1436
    20/330: $id_stage_i.controller_i.exc_pc_mux_o$1435
    21/330: $id_stage_i.controller_i.pc_mux_o$1434
    22/330: $id_stage_i.controller_i.pc_set_o$1433
    23/330: $id_stage_i.controller_i.ctrl_fsm_ns$1384
    24/330: $id_stage_i.controller_i.debug_force_wakeup_n$1385
    25/330: $id_stage_i.controller_i.hwlp_dec_cnt_o[1]$1383
    26/330: $id_stage_i.controller_i.pc_mux_o$1382
    27/330: $id_stage_i.controller_i.pc_set_o$1381
    28/330: $id_stage_i.controller_i.hwlp_dec_cnt_o[0]$1379
    29/330: $id_stage_i.controller_i.pc_mux_o$1378
    30/330: $id_stage_i.controller_i.pc_set_o$1377
    31/330: $id_stage_i.controller_i.ctrl_fsm_ns$1373
    32/330: $id_stage_i.controller_i.ctrl_fsm_ns$1369
    33/330: $id_stage_i.controller_i.debug_force_wakeup_n$1395
    34/330: $id_stage_i.controller_i.ctrl_fsm_ns$1394
    35/330: $id_stage_i.controller_i.csr_restore_dret_id_o$1393
    36/330: $id_stage_i.controller_i.csr_restore_uret_id_o$1392
    37/330: $id_stage_i.controller_i.csr_restore_mret_id_o$1391
    38/330: $id_stage_i.controller_i.hwlp_dec_cnt_o$1390
    39/330: $id_stage_i.controller_i.trap_addr_mux_o$1389
    40/330: $id_stage_i.controller_i.exc_pc_mux_o$1388
    41/330: $id_stage_i.controller_i.pc_mux_o$1387
    42/330: $id_stage_i.controller_i.pc_set_o$1386
    43/330: $id_stage_i.controller_i.ctrl_fsm_ns$1404
    44/330: $id_stage_i.controller_i.trap_addr_mux_o$1399
    45/330: $id_stage_i.controller_i.exc_pc_mux_o$1398
    46/330: $id_stage_i.controller_i.pc_mux_o$1397
    47/330: $id_stage_i.controller_i.pc_set_o$1396
    48/330: $id_stage_i.controller_i.ctrl_fsm_ns$1366
    49/330: $id_stage_i.controller_i.debug_force_wakeup_n$1406
    50/330: $id_stage_i.controller_i.illegal_insn_n$1405
    51/330: $id_stage_i.controller_i.csr_restore_dret_id_o$1403
    52/330: $id_stage_i.controller_i.csr_restore_uret_id_o$1402
    53/330: $id_stage_i.controller_i.csr_restore_mret_id_o$1401
    54/330: $id_stage_i.controller_i.hwlp_dec_cnt_o$1400
    55/330: $id_stage_i.controller_i.trap_addr_mux_o$1410
    56/330: $id_stage_i.controller_i.exc_pc_mux_o$1409
    57/330: $id_stage_i.controller_i.pc_mux_o$1408
    58/330: $id_stage_i.controller_i.pc_set_o$1407
    59/330: $id_stage_i.controller_i.debug_force_wakeup_n$1418
    60/330: $id_stage_i.controller_i.illegal_insn_n$1417
    61/330: $id_stage_i.controller_i.ctrl_fsm_ns$1416
    62/330: $id_stage_i.controller_i.csr_restore_dret_id_o$1415
    63/330: $id_stage_i.controller_i.csr_restore_uret_id_o$1414
    64/330: $id_stage_i.controller_i.csr_restore_mret_id_o$1413
    65/330: $id_stage_i.controller_i.exc_cause_o$1412
    66/330: $id_stage_i.controller_i.hwlp_dec_cnt_o$1411
    67/330: $id_stage_i.controller_i.exc_cause_o$1424
    68/330: $id_stage_i.controller_i.trap_addr_mux_o$1422
    69/330: $id_stage_i.controller_i.exc_pc_mux_o$1421
    70/330: $id_stage_i.controller_i.pc_mux_o$1420
    71/330: $id_stage_i.controller_i.pc_set_o$1419
    72/330: $id_stage_i.controller_i.debug_force_wakeup_n$1430
    73/330: $id_stage_i.controller_i.illegal_insn_n$1429
    74/330: $id_stage_i.controller_i.ctrl_fsm_ns$1428
    75/330: $id_stage_i.controller_i.csr_restore_dret_id_o$1427
    76/330: $id_stage_i.controller_i.csr_restore_uret_id_o$1426
    77/330: $id_stage_i.controller_i.csr_restore_mret_id_o$1425
    78/330: $id_stage_i.controller_i.hwlp_dec_cnt_o$1423
    79/330: $id_stage_i.controller_i.csr_save_cause_o$1346
    80/330: $id_stage_i.controller_i.csr_cause_o$1345
    81/330: $id_stage_i.controller_i.csr_save_id_o$1344
    82/330: $id_stage_i.controller_i.csr_save_cause_o$1349
    83/330: $id_stage_i.controller_i.csr_cause_o$1348
    84/330: $id_stage_i.controller_i.csr_save_id_o$1347
    85/330: $id_stage_i.controller_i.ctrl_fsm_ns$1353
    86/330: $id_stage_i.controller_i.csr_save_cause_o$1352
    87/330: $id_stage_i.controller_i.csr_cause_o$1351
    88/330: $id_stage_i.controller_i.csr_save_id_o$1350
    89/330: $id_stage_i.controller_i.ctrl_fsm_ns$1359
    90/330: $id_stage_i.controller_i.csr_save_cause_o$1358
    91/330: $id_stage_i.controller_i.csr_cause_o$1357
    92/330: $id_stage_i.controller_i.illegal_insn_n$1360
    93/330: $id_stage_i.controller_i.csr_save_ex_o$1356
    94/330: $id_stage_i.controller_i.csr_save_id_o$1355
    95/330: $id_stage_i.controller_i.data_err_ack_o$1354
    96/330: $id_stage_i.controller_i.is_decoding_o$1244
    97/330: $id_stage_i.controller_i.ctrl_fsm_ns$1199
    98/330: $id_stage_i.controller_i.ctrl_fsm_ns$1200
    99/330: $id_stage_i.controller_i.ctrl_fsm_ns$1202
   100/330: $id_stage_i.controller_i.halt_if_o$1201
   101/330: $id_stage_i.controller_i.jump_done$1168
   102/330: $id_stage_i.controller_i.hwlp_dec_cnt_o[1]$1167
   103/330: $id_stage_i.controller_i.pc_set_o$1166
   104/330: $id_stage_i.controller_i.jump_done$1172
   105/330: $id_stage_i.controller_i.hwlp_dec_cnt_o[1]$1171
   106/330: $id_stage_i.controller_i.pc_mux_o$1170
   107/330: $id_stage_i.controller_i.pc_set_o$1169
   108/330: $id_stage_i.controller_i.jump_done$1159
   109/330: $id_stage_i.controller_i.hwlp_dec_cnt_o[0]$1158
   110/330: $id_stage_i.controller_i.pc_set_o$1157
   111/330: $id_stage_i.controller_i.jump_done$1163
   112/330: $id_stage_i.controller_i.hwlp_dec_cnt_o[0]$1162
   113/330: $id_stage_i.controller_i.pc_mux_o$1161
   114/330: $id_stage_i.controller_i.pc_set_o$1160
   115/330: $id_stage_i.controller_i.jump_done$1177
   116/330: $id_stage_i.controller_i.ctrl_fsm_ns$1176
   117/330: $id_stage_i.controller_i.hwlp_dec_cnt_o$1175
   118/330: $id_stage_i.controller_i.pc_mux_o$1174
   119/330: $id_stage_i.controller_i.pc_set_o$1173
   120/330: $id_stage_i.controller_i.ctrl_fsm_ns$1143
   121/330: $id_stage_i.controller_i.ctrl_fsm_ns$1144
   122/330: $id_stage_i.controller_i.jump_done$1141
   123/330: $id_stage_i.controller_i.pc_set_o$1140
   124/330: $id_stage_i.controller_i.jump_done$1184
   125/330: $id_stage_i.controller_i.ctrl_fsm_ns$1183
   126/330: $id_stage_i.controller_i.halt_id_o$1182
   127/330: $id_stage_i.controller_i.halt_if_o$1181
   128/330: $id_stage_i.controller_i.hwlp_dec_cnt_o$1180
   129/330: $id_stage_i.controller_i.pc_mux_o$1179
   130/330: $id_stage_i.controller_i.pc_set_o$1178
   131/330: $id_stage_i.controller_i.ctrl_fsm_ns$1190
   132/330: $id_stage_i.controller_i.halt_id_o$1189
   133/330: $id_stage_i.controller_i.halt_if_o$1188
   134/330: $id_stage_i.controller_i.illegal_insn_n$1192
   135/330: $id_stage_i.controller_i.jump_done$1191
   136/330: $id_stage_i.controller_i.hwlp_dec_cnt_o$1187
   137/330: $id_stage_i.controller_i.pc_mux_o$1186
   138/330: $id_stage_i.controller_i.pc_set_o$1185
   139/330: $id_stage_i.controller_i.halt_id_o$1218
   140/330: $id_stage_i.controller_i.halt_if_o$1217
   141/330: $id_stage_i.controller_i.pc_mux_o$1206
   142/330: $id_stage_i.controller_i.pc_set_o$1205
   143/330: $id_stage_i.controller_i.trap_addr_mux_o$1126
   144/330: $id_stage_i.controller_i.illegal_insn_n$1222
   145/330: $id_stage_i.controller_i.is_hwlp_illegal$1221
   146/330: $id_stage_i.controller_i.jump_done$1220
   147/330: $id_stage_i.controller_i.ctrl_fsm_ns$1219
   148/330: $id_stage_i.controller_i.csr_save_cause_o$1216
   149/330: $id_stage_i.controller_i.csr_irq_sec_o$1215
   150/330: $id_stage_i.controller_i.csr_cause_o$1214
   151/330: $id_stage_i.controller_i.csr_save_id_o$1213
   152/330: $id_stage_i.controller_i.exc_cause_o$1212
   153/330: $id_stage_i.controller_i.irq_id_o$1211
   154/330: $id_stage_i.controller_i.irq_ack_o$1210
   155/330: $id_stage_i.controller_i.hwlp_dec_cnt_o$1209
   156/330: $id_stage_i.controller_i.trap_addr_mux_o$1208
   157/330: $id_stage_i.controller_i.exc_pc_mux_o$1207
   158/330: $id_stage_i.controller_i.hwlp_mask_o$1204
   159/330: $id_stage_i.controller_i.is_decoding_o$1203
   160/330: $id_stage_i.controller_i.ctrl_fsm_ns$1239
   161/330: $id_stage_i.controller_i.halt_id_o$1238
   162/330: $id_stage_i.controller_i.halt_if_o$1237
   163/330: $id_stage_i.controller_i.debug_req_entry_n$1243
   164/330: $id_stage_i.controller_i.illegal_insn_n$1242
   165/330: $id_stage_i.controller_i.is_hwlp_illegal$1241
   166/330: $id_stage_i.controller_i.jump_done$1240
   167/330: $id_stage_i.controller_i.csr_save_cause_o$1236
   168/330: $id_stage_i.controller_i.csr_irq_sec_o$1235
   169/330: $id_stage_i.controller_i.csr_cause_o$1234
   170/330: $id_stage_i.controller_i.csr_save_id_o$1233
   171/330: $id_stage_i.controller_i.exc_cause_o$1232
   172/330: $id_stage_i.controller_i.irq_id_o$1231
   173/330: $id_stage_i.controller_i.irq_ack_o$1230
   174/330: $id_stage_i.controller_i.hwlp_dec_cnt_o$1229
   175/330: $id_stage_i.controller_i.trap_addr_mux_o$1228
   176/330: $id_stage_i.controller_i.exc_pc_mux_o$1227
   177/330: $id_stage_i.controller_i.pc_mux_o$1226
   178/330: $id_stage_i.controller_i.pc_set_o$1225
   179/330: $id_stage_i.controller_i.hwlp_mask_o$1224
   180/330: $id_stage_i.controller_i.is_decoding_o$1223
   181/330: $id_stage_i.controller_i.debug_req_entry_n$1265
   182/330: $id_stage_i.controller_i.illegal_insn_n$1264
   183/330: $id_stage_i.controller_i.is_hwlp_illegal$1263
   184/330: $id_stage_i.controller_i.jump_done$1262
   185/330: $id_stage_i.controller_i.ctrl_fsm_ns$1261
   186/330: $id_stage_i.controller_i.perf_pipeline_stall_o$1260
   187/330: $id_stage_i.controller_i.halt_id_o$1259
   188/330: $id_stage_i.controller_i.halt_if_o$1258
   189/330: $id_stage_i.controller_i.csr_save_cause_o$1257
   190/330: $id_stage_i.controller_i.csr_irq_sec_o$1256
   191/330: $id_stage_i.controller_i.csr_cause_o$1255
   192/330: $id_stage_i.controller_i.csr_save_id_o$1254
   193/330: $id_stage_i.controller_i.exc_cause_o$1253
   194/330: $id_stage_i.controller_i.irq_id_o$1252
   195/330: $id_stage_i.controller_i.irq_ack_o$1251
   196/330: $id_stage_i.controller_i.hwlp_dec_cnt_o$1250
   197/330: $id_stage_i.controller_i.trap_addr_mux_o$1249
   198/330: $id_stage_i.controller_i.exc_pc_mux_o$1248
   199/330: $id_stage_i.controller_i.pc_mux_o$1247
   200/330: $id_stage_i.controller_i.pc_set_o$1246
   201/330: $id_stage_i.controller_i.hwlp_mask_o$1245
   202/330: $id_stage_i.controller_i.ctrl_fsm_ns$1284
   203/330: $id_stage_i.controller_i.halt_id_o$1282
   204/330: $id_stage_i.controller_i.halt_if_o$1281
   205/330: $id_stage_i.controller_i.csr_save_cause_o$1280
   206/330: $id_stage_i.controller_i.csr_cause_o$1278
   207/330: $id_stage_i.controller_i.is_decoding_o$1266
   208/330: $id_stage_i.controller_i.debug_req_entry_n$1288
   209/330: $id_stage_i.controller_i.illegal_insn_n$1287
   210/330: $id_stage_i.controller_i.is_hwlp_illegal$1286
   211/330: $id_stage_i.controller_i.jump_done$1285
   212/330: $id_stage_i.controller_i.perf_pipeline_stall_o$1283
   213/330: $id_stage_i.controller_i.csr_irq_sec_o$1279
   214/330: $id_stage_i.controller_i.csr_save_id_o$1277
   215/330: $id_stage_i.controller_i.csr_save_if_o$1276
   216/330: $id_stage_i.controller_i.exc_cause_o$1275
   217/330: $id_stage_i.controller_i.irq_id_o$1274
   218/330: $id_stage_i.controller_i.irq_ack_o$1273
   219/330: $id_stage_i.controller_i.hwlp_dec_cnt_o$1272
   220/330: $id_stage_i.controller_i.trap_addr_mux_o$1271
   221/330: $id_stage_i.controller_i.exc_pc_mux_o$1270
   222/330: $id_stage_i.controller_i.pc_mux_o$1269
   223/330: $id_stage_i.controller_i.pc_set_o$1268
   224/330: $id_stage_i.controller_i.hwlp_mask_o$1267
   225/330: $id_stage_i.controller_i.ctrl_fsm_ns$1309
   226/330: $id_stage_i.controller_i.halt_id_o$1307
   227/330: $id_stage_i.controller_i.halt_if_o$1306
   228/330: $id_stage_i.controller_i.csr_save_cause_o$1305
   229/330: $id_stage_i.controller_i.csr_cause_o$1303
   230/330: $id_stage_i.controller_i.is_decoding_o$1289
   231/330: $id_stage_i.controller_i.debug_req_entry_n$1313
   232/330: $id_stage_i.controller_i.illegal_insn_n$1312
   233/330: $id_stage_i.controller_i.is_hwlp_illegal$1311
   234/330: $id_stage_i.controller_i.jump_done$1310
   235/330: $id_stage_i.controller_i.perf_pipeline_stall_o$1308
   236/330: $id_stage_i.controller_i.csr_irq_sec_o$1304
   237/330: $id_stage_i.controller_i.csr_save_ex_o$1302
   238/330: $id_stage_i.controller_i.csr_save_id_o$1301
   239/330: $id_stage_i.controller_i.csr_save_if_o$1300
   240/330: $id_stage_i.controller_i.exc_cause_o$1299
   241/330: $id_stage_i.controller_i.irq_id_o$1298
   242/330: $id_stage_i.controller_i.irq_ack_o$1297
   243/330: $id_stage_i.controller_i.data_err_ack_o$1296
   244/330: $id_stage_i.controller_i.hwlp_dec_cnt_o$1295
   245/330: $id_stage_i.controller_i.trap_addr_mux_o$1294
   246/330: $id_stage_i.controller_i.exc_pc_mux_o$1293
   247/330: $id_stage_i.controller_i.pc_mux_o$1292
   248/330: $id_stage_i.controller_i.pc_set_o$1291
   249/330: $id_stage_i.controller_i.hwlp_mask_o$1290
   250/330: $id_stage_i.controller_i.pc_mux_o$1317
   251/330: $id_stage_i.controller_i.pc_set_o$1316
   252/330: $id_stage_i.controller_i.is_decoding_o$1314
   253/330: $id_stage_i.controller_i.debug_req_entry_n$1338
   254/330: $id_stage_i.controller_i.illegal_insn_n$1337
   255/330: $id_stage_i.controller_i.is_hwlp_illegal$1336
   256/330: $id_stage_i.controller_i.jump_done$1335
   257/330: $id_stage_i.controller_i.ctrl_fsm_ns$1334
   258/330: $id_stage_i.controller_i.perf_pipeline_stall_o$1333
   259/330: $id_stage_i.controller_i.halt_id_o$1332
   260/330: $id_stage_i.controller_i.halt_if_o$1331
   261/330: $id_stage_i.controller_i.csr_save_cause_o$1330
   262/330: $id_stage_i.controller_i.csr_irq_sec_o$1329
   263/330: $id_stage_i.controller_i.csr_cause_o$1328
   264/330: $id_stage_i.controller_i.csr_save_ex_o$1327
   265/330: $id_stage_i.controller_i.csr_save_id_o$1326
   266/330: $id_stage_i.controller_i.csr_save_if_o$1325
   267/330: $id_stage_i.controller_i.exc_cause_o$1324
   268/330: $id_stage_i.controller_i.irq_id_o$1323
   269/330: $id_stage_i.controller_i.irq_ack_o$1322
   270/330: $id_stage_i.controller_i.data_err_ack_o$1321
   271/330: $id_stage_i.controller_i.hwlp_dec_cnt_o$1320
   272/330: $id_stage_i.controller_i.trap_addr_mux_o$1319
   273/330: $id_stage_i.controller_i.exc_pc_mux_o$1318
   274/330: $id_stage_i.controller_i.hwlp_mask_o$1315
   275/330: $id_stage_i.controller_i.trap_addr_mux_o$1103
   276/330: $id_stage_i.controller_i.halt_id_o$1116
   277/330: $id_stage_i.controller_i.halt_if_o$1115
   278/330: $id_stage_i.controller_i.csr_save_cause_o$1114
   279/330: $id_stage_i.controller_i.csr_irq_sec_o$1113
   280/330: $id_stage_i.controller_i.csr_cause_o$1112
   281/330: $id_stage_i.controller_i.csr_save_if_o$1111
   282/330: $id_stage_i.controller_i.exc_cause_o$1110
   283/330: $id_stage_i.controller_i.irq_id_o$1109
   284/330: $id_stage_i.controller_i.irq_ack_o$1108
   285/330: $id_stage_i.controller_i.trap_addr_mux_o$1107
   286/330: $id_stage_i.controller_i.exc_pc_mux_o$1106
   287/330: $id_stage_i.controller_i.pc_mux_o$1105
   288/330: $id_stage_i.controller_i.pc_set_o$1104
   289/330: $id_stage_i.controller_i.ctrl_fsm_ns$1093
   290/330: $id_stage_i.controller_i.debug_force_wakeup_n$1094
   291/330: $id_stage_i.controller_i.debug_force_wakeup_n$1097
   292/330: $id_stage_i.controller_i.ctrl_fsm_ns$1096
   293/330: $id_stage_i.controller_i.ctrl_busy_o$1095
   294/330: $id_stage_i.controller_i.ctrl_fsm_ns$1091
   295/330: $id_stage_i.controller_i.debug_force_wakeup_n$1092
   296/330: $id_stage_i.controller_i.ctrl_fsm_ns$1090
   297/330: $id_stage_i.controller_i.debug_force_wakeup_n$1498
   298/330: $id_stage_i.controller_i.debug_req_entry_n$1497
   299/330: $id_stage_i.controller_i.illegal_insn_n$1496
   300/330: $id_stage_i.controller_i.is_hwlp_illegal$1495
   301/330: $id_stage_i.controller_i.debug_mode_n$1494
   302/330: $id_stage_i.controller_i.jump_done$1493
   303/330: $id_stage_i.controller_i.ctrl_fsm_ns$1492
   304/330: $id_stage_i.controller_i.perf_pipeline_stall_o$1491
   305/330: $id_stage_i.controller_i.halt_id_o$1490
   306/330: $id_stage_i.controller_i.halt_if_o$1489
   307/330: $id_stage_i.controller_i.csr_save_cause_o$1488
   308/330: $id_stage_i.controller_i.csr_restore_dret_id_o$1487
   309/330: $id_stage_i.controller_i.csr_restore_uret_id_o$1486
   310/330: $id_stage_i.controller_i.csr_restore_mret_id_o$1485
   311/330: $id_stage_i.controller_i.csr_irq_sec_o$1484
   312/330: $id_stage_i.controller_i.csr_cause_o$1483
   313/330: $id_stage_i.controller_i.csr_save_ex_o$1482
   314/330: $id_stage_i.controller_i.csr_save_id_o$1481
   315/330: $id_stage_i.controller_i.csr_save_if_o$1480
   316/330: $id_stage_i.controller_i.debug_csr_save_o$1479
   317/330: $id_stage_i.controller_i.debug_cause_o$1478
   318/330: $id_stage_i.controller_i.exc_cause_o$1477
   319/330: $id_stage_i.controller_i.irq_id_o$1476
   320/330: $id_stage_i.controller_i.irq_ack_o$1475
   321/330: $id_stage_i.controller_i.data_err_ack_o$1474
   322/330: $id_stage_i.controller_i.hwlp_dec_cnt_o$1473
   323/330: $id_stage_i.controller_i.trap_addr_mux_o$1472
   324/330: $id_stage_i.controller_i.exc_pc_mux_o$1471
   325/330: $id_stage_i.controller_i.pc_mux_o$1470
   326/330: $id_stage_i.controller_i.pc_set_o$1469
   327/330: $id_stage_i.controller_i.instr_req_o$1468
   328/330: $id_stage_i.controller_i.hwlp_mask_o$1467
   329/330: $id_stage_i.controller_i.is_decoding_o$1466
   330/330: $id_stage_i.controller_i.ctrl_busy_o$1465
Creating decoders for process `\cv32e40p_core.$786'.
     1/244: $id_stage_i.decoder_i.illegal_insn_o$1062
     2/244: $id_stage_i.decoder_i.illegal_insn_o$1022
     3/244: $id_stage_i.decoder_i.csr_illegal$998
     4/244: $id_stage_i.decoder_i.csr_status_o$997
     5/244: $id_stage_i.decoder_i.csr_illegal$996
     6/244: $id_stage_i.decoder_i.csr_illegal$995
     7/244: $id_stage_i.decoder_i.csr_status_o$994
     8/244: $id_stage_i.decoder_i.csr_illegal$993
     9/244: $id_stage_i.decoder_i.csr_illegal$992
    10/244: $id_stage_i.decoder_i.csr_status_o$991
    11/244: $id_stage_i.decoder_i.csr_illegal$989
    12/244: $id_stage_i.decoder_i.csr_status_o$988
    13/244: $id_stage_i.decoder_i.csr_illegal$987
    14/244: $id_stage_i.decoder_i.csr_status_o$986
    15/244: $id_stage_i.decoder_i.csr_illegal$983
    16/244: $id_stage_i.decoder_i.csr_illegal$981
    17/244: $id_stage_i.decoder_i.csr_illegal$1000
    18/244: $id_stage_i.decoder_i.csr_status_o$999
    19/244: $id_stage_i.decoder_i.csr_illegal$980
    20/244: $id_stage_i.decoder_i.csr_op$978
    21/244: $id_stage_i.decoder_i.csr_illegal$977
    22/244: $id_stage_i.decoder_i.alu_op_a_mux_sel_o$972
    23/244: $id_stage_i.decoder_i.rega_used_o$971
    24/244: $id_stage_i.decoder_i.imm_b_mux_sel_o$1016
    25/244: $id_stage_i.decoder_i.alu_op_b_mux_sel_o$1014
    26/244: $id_stage_i.decoder_i.illegal_insn_o$1001
    27/244: $id_stage_i.decoder_i.illegal_insn_o$957
    28/244: $id_stage_i.decoder_i.imm_b_mux_sel_o$943
    29/244: $id_stage_i.decoder_i.alu_op_b_mux_sel_o$942
    30/244: $id_stage_i.decoder_i.alu_operator_o$941
    31/244: $id_stage_i.decoder_i.imm_b_mux_sel_o$956
    32/244: $id_stage_i.decoder_i.alu_op_b_mux_sel_o$955
    33/244: $id_stage_i.decoder_i.alu_operator_o$954
    34/244: $id_stage_i.decoder_i.wfi_o$953
    35/244: $id_stage_i.decoder_i.ecall_insn_o$952
    36/244: $id_stage_i.decoder_i.dret_dec_o$951
    37/244: $id_stage_i.decoder_i.uret_dec_o$950
    38/244: $id_stage_i.decoder_i.mret_dec_o$949
    39/244: $id_stage_i.decoder_i.dret_insn_o$948
    40/244: $id_stage_i.decoder_i.uret_insn_o$947
    41/244: $id_stage_i.decoder_i.mret_insn_o$946
    42/244: $id_stage_i.decoder_i.ebrk_insn_o$945
    43/244: $id_stage_i.decoder_i.illegal_insn_o$944
    44/244: $id_stage_i.decoder_i.imm_b_mux_sel_o$969
    45/244: $id_stage_i.decoder_i.alu_op_b_mux_sel_o$968
    46/244: $id_stage_i.decoder_i.alu_operator_o$967
    47/244: $id_stage_i.decoder_i.wfi_o$966
    48/244: $id_stage_i.decoder_i.ecall_insn_o$965
    49/244: $id_stage_i.decoder_i.dret_dec_o$964
    50/244: $id_stage_i.decoder_i.uret_dec_o$963
    51/244: $id_stage_i.decoder_i.mret_dec_o$962
    52/244: $id_stage_i.decoder_i.dret_insn_o$961
    53/244: $id_stage_i.decoder_i.uret_insn_o$960
    54/244: $id_stage_i.decoder_i.mret_insn_o$959
    55/244: $id_stage_i.decoder_i.ebrk_insn_o$958
    56/244: $id_stage_i.decoder_i.csr_op$1021
    57/244: $id_stage_i.decoder_i.csr_illegal$1020
    58/244: $id_stage_i.decoder_i.regfile_alu_we$1019
    59/244: $id_stage_i.decoder_i.csr_status_o$1018
    60/244: $id_stage_i.decoder_i.csr_access_o$1017
    61/244: $id_stage_i.decoder_i.imm_a_mux_sel_o$1015
    62/244: $id_stage_i.decoder_i.alu_op_a_mux_sel_o$1013
    63/244: $id_stage_i.decoder_i.alu_operator_o$1012
    64/244: $id_stage_i.decoder_i.rega_used_o$1011
    65/244: $id_stage_i.decoder_i.wfi_o$1010
    66/244: $id_stage_i.decoder_i.ecall_insn_o$1009
    67/244: $id_stage_i.decoder_i.dret_dec_o$1008
    68/244: $id_stage_i.decoder_i.uret_dec_o$1007
    69/244: $id_stage_i.decoder_i.mret_dec_o$1006
    70/244: $id_stage_i.decoder_i.dret_insn_o$1005
    71/244: $id_stage_i.decoder_i.uret_insn_o$1004
    72/244: $id_stage_i.decoder_i.mret_insn_o$1003
    73/244: $id_stage_i.decoder_i.ebrk_insn_o$1002
    74/244: $id_stage_i.decoder_i.fencei_insn_o$937
    75/244: $id_stage_i.decoder_i.illegal_insn_o$936
    76/244: $id_stage_i.decoder_i.illegal_insn_o$935
    77/244: $id_stage_i.decoder_i.illegal_insn_o$934
    78/244: $id_stage_i.decoder_i.illegal_insn_o$933
    79/244: $id_stage_i.decoder_i.illegal_insn_o$932
    80/244: $id_stage_i.decoder_i.illegal_insn_o$931
    81/244: $id_stage_i.decoder_i.illegal_insn_o$930
    82/244: $id_stage_i.decoder_i.illegal_insn_o$892
    83/244: $id_stage_i.decoder_i.illegal_insn_o$891
    84/244: $id_stage_i.decoder_i.illegal_insn_o$890
    85/244: $id_stage_i.decoder_i.illegal_insn_o$889
    86/244: $id_stage_i.decoder_i.illegal_insn_o$888
    87/244: $id_stage_i.decoder_i.illegal_insn_o$887
    88/244: $id_stage_i.decoder_i.illegal_insn_o$886
    89/244: $id_stage_i.decoder_i.illegal_insn_o$885
    90/244: $id_stage_i.decoder_i.illegal_insn_o$884
    91/244: $id_stage_i.decoder_i.illegal_insn_o$883
    92/244: $id_stage_i.decoder_i.illegal_insn_o$882
    93/244: $id_stage_i.decoder_i.illegal_insn_o$881
    94/244: $id_stage_i.decoder_i.illegal_insn_o$880
    95/244: $id_stage_i.decoder_i.illegal_insn_o$879
    96/244: $id_stage_i.decoder_i.illegal_insn_o$878
    97/244: $id_stage_i.decoder_i.illegal_insn_o$877
    98/244: $id_stage_i.decoder_i.illegal_insn_o$876
    99/244: $id_stage_i.decoder_i.illegal_insn_o$875
   100/244: $id_stage_i.decoder_i.illegal_insn_o$874
   101/244: $id_stage_i.decoder_i.illegal_insn_o$873
   102/244: $id_stage_i.decoder_i.illegal_insn_o$872
   103/244: $id_stage_i.decoder_i.illegal_insn_o$871
   104/244: $id_stage_i.decoder_i.mult_int_en$903
   105/244: $id_stage_i.decoder_i.alu_en$902
   106/244: $id_stage_i.decoder_i.mult_signed_mode_o$901
   107/244: $id_stage_i.decoder_i.mult_operator_o$900
   108/244: $id_stage_i.decoder_i.regc_mux_o$899
   109/244: $id_stage_i.decoder_i.alu_op_b_mux_sel_o$898
   110/244: $id_stage_i.decoder_i.alu_op_a_mux_sel_o$897
   111/244: $id_stage_i.decoder_i.alu_operator_o$896
   112/244: $id_stage_i.decoder_i.regc_used_o$895
   113/244: $id_stage_i.decoder_i.regb_used_o$894
   114/244: $id_stage_i.decoder_i.illegal_insn_o$893
   115/244: $id_stage_i.decoder_i.regb_used_o$870
   116/244: $id_stage_i.decoder_i.illegal_insn_o$904
   117/244: $id_stage_i.decoder_i.illegal_insn_o$867
   118/244: $id_stage_i.decoder_i.illegal_insn_o$868
   119/244: $id_stage_i.decoder_i.illegal_insn_o$866
   120/244: $id_stage_i.decoder_i.mult_int_en$916
   121/244: $id_stage_i.decoder_i.alu_en$915
   122/244: $id_stage_i.decoder_i.regfile_alu_we$914
   123/244: $id_stage_i.decoder_i.mult_signed_mode_o$913
   124/244: $id_stage_i.decoder_i.mult_operator_o$912
   125/244: $id_stage_i.decoder_i.regc_mux_o$911
   126/244: $id_stage_i.decoder_i.alu_op_b_mux_sel_o$910
   127/244: $id_stage_i.decoder_i.alu_op_a_mux_sel_o$909
   128/244: $id_stage_i.decoder_i.alu_operator_o$908
   129/244: $id_stage_i.decoder_i.regc_used_o$907
   130/244: $id_stage_i.decoder_i.regb_used_o$906
   131/244: $id_stage_i.decoder_i.rega_used_o$905
   132/244: $id_stage_i.decoder_i.illegal_insn_o$917
   133/244: $id_stage_i.decoder_i.illegal_insn_o$863
   134/244: $id_stage_i.decoder_i.mult_int_en$929
   135/244: $id_stage_i.decoder_i.alu_en$928
   136/244: $id_stage_i.decoder_i.regfile_alu_we$927
   137/244: $id_stage_i.decoder_i.mult_signed_mode_o$926
   138/244: $id_stage_i.decoder_i.mult_operator_o$925
   139/244: $id_stage_i.decoder_i.regc_mux_o$924
   140/244: $id_stage_i.decoder_i.alu_op_b_mux_sel_o$923
   141/244: $id_stage_i.decoder_i.alu_op_a_mux_sel_o$922
   142/244: $id_stage_i.decoder_i.alu_operator_o$921
   143/244: $id_stage_i.decoder_i.regc_used_o$920
   144/244: $id_stage_i.decoder_i.regb_used_o$919
   145/244: $id_stage_i.decoder_i.rega_used_o$918
   146/244: $id_stage_i.decoder_i.alu_operator_o$857
   147/244: $id_stage_i.decoder_i.illegal_insn_o$856
   148/244: $id_stage_i.decoder_i.alu_operator_o$859
   149/244: $id_stage_i.decoder_i.illegal_insn_o$858
   150/244: $id_stage_i.decoder_i.illegal_insn_o$853
   151/244: $id_stage_i.decoder_i.alu_operator_o$861
   152/244: $id_stage_i.decoder_i.illegal_insn_o$860
   153/244: $id_stage_i.decoder_i.illegal_insn_o$851
   154/244: $id_stage_i.decoder_i.illegal_insn_o$839
   155/244: $id_stage_i.decoder_i.illegal_insn_o$838
   156/244: $id_stage_i.decoder_i.illegal_insn_o$835
   157/244: $id_stage_i.decoder_i.illegal_insn_o$836
   158/244: $id_stage_i.decoder_i.illegal_insn_o$832
   159/244: $id_stage_i.decoder_i.illegal_insn_o$833
   160/244: $id_stage_i.decoder_i.data_type_o$830
   161/244: $id_stage_i.decoder_i.regfile_alu_we$828
   162/244: $id_stage_i.decoder_i.prepost_useincr_o$827
   163/244: $id_stage_i.decoder_i.regfile_alu_waddr_sel_o$826
   164/244: $id_stage_i.decoder_i.data_req$850
   165/244: $id_stage_i.decoder_i.regfile_alu_we$849
   166/244: $id_stage_i.decoder_i.regfile_mem_we$848
   167/244: $id_stage_i.decoder_i.data_sign_extension_o$847
   168/244: $id_stage_i.decoder_i.data_type_o$846
   169/244: $id_stage_i.decoder_i.prepost_useincr_o$845
   170/244: $id_stage_i.decoder_i.regfile_alu_waddr_sel_o$844
   171/244: $id_stage_i.decoder_i.imm_b_mux_sel_o$843
   172/244: $id_stage_i.decoder_i.alu_op_b_mux_sel_o$842
   173/244: $id_stage_i.decoder_i.alu_operator_o$841
   174/244: $id_stage_i.decoder_i.rega_used_o$840
   175/244: $id_stage_i.decoder_i.illegal_insn_o$810
   176/244: $id_stage_i.decoder_i.data_req$809
   177/244: $id_stage_i.decoder_i.data_type_o$808
   178/244: $id_stage_i.decoder_i.data_we_o$807
   179/244: $id_stage_i.decoder_i.illegal_insn_o$806
   180/244: $id_stage_i.decoder_i.illegal_insn_o$802
   181/244: $id_stage_i.decoder_i.imm_b_mux_sel_o$805
   182/244: $id_stage_i.decoder_i.alu_op_b_mux_sel_o$804
   183/244: $id_stage_i.decoder_i.illegal_insn_o$803
   184/244: $id_stage_i.decoder_i.regfile_alu_we$800
   185/244: $id_stage_i.decoder_i.prepost_useincr_o$799
   186/244: $id_stage_i.decoder_i.regfile_alu_waddr_sel_o$798
   187/244: $id_stage_i.decoder_i.data_req$822
   188/244: $id_stage_i.decoder_i.regfile_alu_we$821
   189/244: $id_stage_i.decoder_i.data_type_o$820
   190/244: $id_stage_i.decoder_i.prepost_useincr_o$819
   191/244: $id_stage_i.decoder_i.data_we_o$818
   192/244: $id_stage_i.decoder_i.regfile_alu_waddr_sel_o$817
   193/244: $id_stage_i.decoder_i.imm_b_mux_sel_o$816
   194/244: $id_stage_i.decoder_i.alu_op_c_mux_sel_o$815
   195/244: $id_stage_i.decoder_i.alu_op_b_mux_sel_o$814
   196/244: $id_stage_i.decoder_i.alu_operator_o$813
   197/244: $id_stage_i.decoder_i.regb_used_o$812
   198/244: $id_stage_i.decoder_i.rega_used_o$811
   199/244: $id_stage_i.decoder_i.illegal_insn_o$792
   200/244: $id_stage_i.decoder_i.illegal_insn_o$791
   201/244: $id_stage_i.decoder_i.alu_operator_o$794
   202/244: $id_stage_i.decoder_i.illegal_insn_o$793
   203/244: $id_stage_i.decoder_i.ctrl_transfer_insn$790
   204/244: $id_stage_i.decoder_i.regfile_alu_we$789
   205/244: $id_stage_i.decoder_i.illegal_insn_o$788
   206/244: $id_stage_i.decoder_i.mult_int_en$1061
   207/244: $id_stage_i.decoder_i.alu_en$1060
   208/244: $id_stage_i.decoder_i.csr_op$1059
   209/244: $id_stage_i.decoder_i.ctrl_transfer_insn$1058
   210/244: $id_stage_i.decoder_i.csr_illegal$1057
   211/244: $id_stage_i.decoder_i.data_req$1056
   212/244: $id_stage_i.decoder_i.regfile_alu_we$1055
   213/244: $id_stage_i.decoder_i.regfile_mem_we$1054
   214/244: $id_stage_i.decoder_i.ctrl_transfer_target_mux_sel_o$1053
   215/244: $id_stage_i.decoder_i.data_sign_extension_o$1052
   216/244: $id_stage_i.decoder_i.data_type_o$1051
   217/244: $id_stage_i.decoder_i.prepost_useincr_o$1050
   218/244: $id_stage_i.decoder_i.data_we_o$1049
   219/244: $id_stage_i.decoder_i.csr_status_o$1048
   220/244: $id_stage_i.decoder_i.csr_access_o$1047
   221/244: $id_stage_i.decoder_i.regfile_alu_waddr_sel_o$1046
   222/244: $id_stage_i.decoder_i.mult_signed_mode_o$1045
   223/244: $id_stage_i.decoder_i.mult_operator_o$1044
   224/244: $id_stage_i.decoder_i.regc_mux_o$1043
   225/244: $id_stage_i.decoder_i.imm_b_mux_sel_o$1042
   226/244: $id_stage_i.decoder_i.imm_a_mux_sel_o$1041
   227/244: $id_stage_i.decoder_i.alu_op_c_mux_sel_o$1040
   228/244: $id_stage_i.decoder_i.alu_op_b_mux_sel_o$1039
   229/244: $id_stage_i.decoder_i.alu_op_a_mux_sel_o$1038
   230/244: $id_stage_i.decoder_i.alu_operator_o$1037
   231/244: $id_stage_i.decoder_i.regc_used_o$1036
   232/244: $id_stage_i.decoder_i.regb_used_o$1035
   233/244: $id_stage_i.decoder_i.rega_used_o$1034
   234/244: $id_stage_i.decoder_i.fencei_insn_o$1033
   235/244: $id_stage_i.decoder_i.wfi_o$1032
   236/244: $id_stage_i.decoder_i.ecall_insn_o$1031
   237/244: $id_stage_i.decoder_i.dret_dec_o$1030
   238/244: $id_stage_i.decoder_i.uret_dec_o$1029
   239/244: $id_stage_i.decoder_i.mret_dec_o$1028
   240/244: $id_stage_i.decoder_i.dret_insn_o$1027
   241/244: $id_stage_i.decoder_i.uret_insn_o$1026
   242/244: $id_stage_i.decoder_i.mret_insn_o$1025
   243/244: $id_stage_i.decoder_i.ebrk_insn_o$1024
   244/244: $id_stage_i.decoder_i.illegal_insn_o$1023
Creating decoders for process `\cv32e40p_core.$779'.
     1/2: $id_stage_i.register_file_i.mem[1023:992]$784
     2/2: $id_stage_i.register_file_i.mem[1023:992]$785
Creating decoders for process `\cv32e40p_core.$772'.
     1/2: $id_stage_i.register_file_i.mem[991:960]$777
     2/2: $id_stage_i.register_file_i.mem[991:960]$778
Creating decoders for process `\cv32e40p_core.$765'.
     1/2: $id_stage_i.register_file_i.mem[959:928]$770
     2/2: $id_stage_i.register_file_i.mem[959:928]$771
Creating decoders for process `\cv32e40p_core.$758'.
     1/2: $id_stage_i.register_file_i.mem[927:896]$763
     2/2: $id_stage_i.register_file_i.mem[927:896]$764
Creating decoders for process `\cv32e40p_core.$751'.
     1/2: $id_stage_i.register_file_i.mem[895:864]$756
     2/2: $id_stage_i.register_file_i.mem[895:864]$757
Creating decoders for process `\cv32e40p_core.$744'.
     1/2: $id_stage_i.register_file_i.mem[863:832]$749
     2/2: $id_stage_i.register_file_i.mem[863:832]$750
Creating decoders for process `\cv32e40p_core.$737'.
     1/2: $id_stage_i.register_file_i.mem[831:800]$742
     2/2: $id_stage_i.register_file_i.mem[831:800]$743
Creating decoders for process `\cv32e40p_core.$730'.
     1/2: $id_stage_i.register_file_i.mem[799:768]$735
     2/2: $id_stage_i.register_file_i.mem[799:768]$736
Creating decoders for process `\cv32e40p_core.$723'.
     1/2: $id_stage_i.register_file_i.mem[767:736]$728
     2/2: $id_stage_i.register_file_i.mem[767:736]$729
Creating decoders for process `\cv32e40p_core.$716'.
     1/2: $id_stage_i.register_file_i.mem[735:704]$721
     2/2: $id_stage_i.register_file_i.mem[735:704]$722
Creating decoders for process `\cv32e40p_core.$709'.
     1/2: $id_stage_i.register_file_i.mem[703:672]$714
     2/2: $id_stage_i.register_file_i.mem[703:672]$715
Creating decoders for process `\cv32e40p_core.$702'.
     1/2: $id_stage_i.register_file_i.mem[671:640]$707
     2/2: $id_stage_i.register_file_i.mem[671:640]$708
Creating decoders for process `\cv32e40p_core.$695'.
     1/2: $id_stage_i.register_file_i.mem[639:608]$700
     2/2: $id_stage_i.register_file_i.mem[639:608]$701
Creating decoders for process `\cv32e40p_core.$688'.
     1/2: $id_stage_i.register_file_i.mem[607:576]$693
     2/2: $id_stage_i.register_file_i.mem[607:576]$694
Creating decoders for process `\cv32e40p_core.$681'.
     1/2: $id_stage_i.register_file_i.mem[575:544]$686
     2/2: $id_stage_i.register_file_i.mem[575:544]$687
Creating decoders for process `\cv32e40p_core.$674'.
     1/2: $id_stage_i.register_file_i.mem[543:512]$679
     2/2: $id_stage_i.register_file_i.mem[543:512]$680
Creating decoders for process `\cv32e40p_core.$667'.
     1/2: $id_stage_i.register_file_i.mem[511:480]$672
     2/2: $id_stage_i.register_file_i.mem[511:480]$673
Creating decoders for process `\cv32e40p_core.$660'.
     1/2: $id_stage_i.register_file_i.mem[479:448]$665
     2/2: $id_stage_i.register_file_i.mem[479:448]$666
Creating decoders for process `\cv32e40p_core.$653'.
     1/2: $id_stage_i.register_file_i.mem[447:416]$658
     2/2: $id_stage_i.register_file_i.mem[447:416]$659
Creating decoders for process `\cv32e40p_core.$646'.
     1/2: $id_stage_i.register_file_i.mem[415:384]$651
     2/2: $id_stage_i.register_file_i.mem[415:384]$652
Creating decoders for process `\cv32e40p_core.$639'.
     1/2: $id_stage_i.register_file_i.mem[383:352]$644
     2/2: $id_stage_i.register_file_i.mem[383:352]$645
Creating decoders for process `\cv32e40p_core.$632'.
     1/2: $id_stage_i.register_file_i.mem[351:320]$637
     2/2: $id_stage_i.register_file_i.mem[351:320]$638
Creating decoders for process `\cv32e40p_core.$625'.
     1/2: $id_stage_i.register_file_i.mem[319:288]$630
     2/2: $id_stage_i.register_file_i.mem[319:288]$631
Creating decoders for process `\cv32e40p_core.$618'.
     1/2: $id_stage_i.register_file_i.mem[287:256]$623
     2/2: $id_stage_i.register_file_i.mem[287:256]$624
Creating decoders for process `\cv32e40p_core.$611'.
     1/2: $id_stage_i.register_file_i.mem[255:224]$616
     2/2: $id_stage_i.register_file_i.mem[255:224]$617
Creating decoders for process `\cv32e40p_core.$604'.
     1/2: $id_stage_i.register_file_i.mem[223:192]$609
     2/2: $id_stage_i.register_file_i.mem[223:192]$610
Creating decoders for process `\cv32e40p_core.$597'.
     1/2: $id_stage_i.register_file_i.mem[191:160]$602
     2/2: $id_stage_i.register_file_i.mem[191:160]$603
Creating decoders for process `\cv32e40p_core.$590'.
     1/2: $id_stage_i.register_file_i.mem[159:128]$595
     2/2: $id_stage_i.register_file_i.mem[159:128]$596
Creating decoders for process `\cv32e40p_core.$583'.
     1/2: $id_stage_i.register_file_i.mem[127:96]$588
     2/2: $id_stage_i.register_file_i.mem[127:96]$589
Creating decoders for process `\cv32e40p_core.$576'.
     1/2: $id_stage_i.register_file_i.mem[95:64]$581
     2/2: $id_stage_i.register_file_i.mem[95:64]$582
Creating decoders for process `\cv32e40p_core.$569'.
     1/2: $id_stage_i.register_file_i.mem[63:32]$574
     2/2: $id_stage_i.register_file_i.mem[63:32]$575
Creating decoders for process `\cv32e40p_core.$2729'.
     1/2: $cs_registers_i.csr_wdata_int$2733
     2/2: $cs_registers_i.csr_we_int$2734
Creating decoders for process `\cv32e40p_core.$423'.
     1/1: $id_stage_i.mult_imm_id$424
Creating decoders for process `\cv32e40p_core.$421'.
     1/1: $id_stage_i.bmask_b_id$422
Creating decoders for process `\cv32e40p_core.$419'.
     1/1: $id_stage_i.bmask_a_id$420
Creating decoders for process `\cv32e40p_core.$417'.
     1/1: $id_stage_i.bmask_b_id_imm$418
Creating decoders for process `\cv32e40p_core.$415'.
     1/1: $id_stage_i.bmask_a_id_imm$416
Creating decoders for process `\cv32e40p_core.$413'.
     1/1: $id_stage_i.operand_c_fw_id$414
Creating decoders for process `\cv32e40p_core.$408'.
     1/1: $id_stage_i.operand_c_vec$410
Creating decoders for process `\cv32e40p_core.$406'.
     1/1: $id_stage_i.operand_c$407
Creating decoders for process `\cv32e40p_core.$404'.
     1/1: $id_stage_i.operand_b_fw_id$405
Creating decoders for process `\cv32e40p_core.$398'.
     1/2: $id_stage_i.operand_b_vec$401
     2/2: $id_stage_i.imm_shuffle_type$400
Creating decoders for process `\cv32e40p_core.$396'.
     1/1: $id_stage_i.operand_b$397
Creating decoders for process `\cv32e40p_core.$393'.
     1/1: $id_stage_i.imm_b$395
Creating decoders for process `\cv32e40p_core.$391'.
     1/1: $id_stage_i.operand_a_fw_id$392
Creating decoders for process `\cv32e40p_core.$389'.
     1/1: $id_stage_i.imm_a$390
Creating decoders for process `\cv32e40p_core.$387'.
     1/1: $id_stage_i.alu_operand_a$388
Creating decoders for process `\cv32e40p_core.$381'.
     1/1: $id_stage_i.jump_target$386
Creating decoders for process `\cv32e40p_core.$325'.
     1/1: $id_stage_i.regfile_addr_rc_id$329
Creating decoders for process `\cv32e40p_core.$257'.
     1/42: $if_stage_i.compressed_decoder_i.illegal_instr_o$315
     2/42: $if_stage_i.compressed_decoder_i.illegal_instr_o$314
     3/42: $if_stage_i.compressed_decoder_i.instr_o$310
     4/42: $if_stage_i.compressed_decoder_i.instr_o$311
     5/42: $if_stage_i.compressed_decoder_i.instr_o$308
     6/42: $if_stage_i.compressed_decoder_i.instr_o$312
     7/42: $if_stage_i.compressed_decoder_i.instr_o$303
     8/42: $if_stage_i.compressed_decoder_i.instr_o$304
     9/42: $if_stage_i.compressed_decoder_i.illegal_instr_o$301
    10/42: $if_stage_i.compressed_decoder_i.illegal_instr_o$305
    11/42: $if_stage_i.compressed_decoder_i.illegal_instr_o$313
    12/42: $if_stage_i.compressed_decoder_i.illegal_instr_o$297
    13/42: $if_stage_i.compressed_decoder_i.illegal_instr_o$296
    14/42: $if_stage_i.compressed_decoder_i.illegal_instr_o$294
    15/42: $if_stage_i.compressed_decoder_i.instr_o$291
    16/42: $if_stage_i.compressed_decoder_i.instr_o$292
    17/42: $if_stage_i.compressed_decoder_i.illegal_instr_o$293
    18/42: $if_stage_i.compressed_decoder_i.illegal_instr_o$317
    19/42: $if_stage_i.compressed_decoder_i.instr_o$316
    20/42: $if_stage_i.compressed_decoder_i.illegal_instr_o$282
    21/42: $if_stage_i.compressed_decoder_i.instr_o$281
    22/42: $if_stage_i.compressed_decoder_i.instr_o$283
    23/42: $if_stage_i.compressed_decoder_i.instr_o$278
    24/42: $if_stage_i.compressed_decoder_i.instr_o$279
    25/42: $if_stage_i.compressed_decoder_i.illegal_instr_o$280
    26/42: $if_stage_i.compressed_decoder_i.illegal_instr_o$284
    27/42: $if_stage_i.compressed_decoder_i.instr_o$272
    28/42: $if_stage_i.compressed_decoder_i.instr_o$273
    29/42: $if_stage_i.compressed_decoder_i.illegal_instr_o$275
    30/42: $if_stage_i.compressed_decoder_i.instr_o$274
    31/42: $if_stage_i.compressed_decoder_i.instr_o$268
    32/42: $if_stage_i.compressed_decoder_i.instr_o$285
    33/42: $if_stage_i.compressed_decoder_i.illegal_instr_o$286
    34/42: $if_stage_i.compressed_decoder_i.instr_o$318
    35/42: $if_stage_i.compressed_decoder_i.illegal_instr_o$263
    36/42: $if_stage_i.compressed_decoder_i.illegal_instr_o$262
    37/42: $if_stage_i.compressed_decoder_i.illegal_instr_o$261
    38/42: $if_stage_i.compressed_decoder_i.illegal_instr_o$260
    39/42: $if_stage_i.compressed_decoder_i.illegal_instr_o$259
    40/42: $if_stage_i.compressed_decoder_i.illegal_instr_o$265
    41/42: $if_stage_i.compressed_decoder_i.instr_o$264
    42/42: $if_stage_i.compressed_decoder_i.illegal_instr_o$319
Creating decoders for process `\cv32e40p_core.$206'.
     1/29: $if_stage_i.aligner_i.update_state$256
     2/29: $if_stage_i.aligner_i.pc_n$255
     3/29: $if_stage_i.aligner_i.next_state$254
     4/29: $if_stage_i.aligner_i.update_state$246
     5/29: $if_stage_i.aligner_i.pc_n$245
     6/29: $if_stage_i.aligner_i.next_state$244
     7/29: $if_stage_i.aligner_i.instr_aligned_o$242
     8/29: $if_stage_i.aligner_i.instr_valid_o$243
     9/29: $if_stage_i.aligner_i.update_state$238
    10/29: $if_stage_i.aligner_i.pc_n$237
    11/29: $if_stage_i.aligner_i.next_state$236
    12/29: $if_stage_i.aligner_i.instr_aligned_o$235
    13/29: $if_stage_i.aligner_i.update_state$225
    14/29: $if_stage_i.aligner_i.pc_n$224
    15/29: $if_stage_i.aligner_i.next_state$223
    16/29: $if_stage_i.aligner_i.instr_aligned_o$221
    17/29: $if_stage_i.aligner_i.instr_valid_o$222
    18/29: $if_stage_i.aligner_i.aligner_ready_o$220
    19/29: $if_stage_i.aligner_i.update_state$216
    20/29: $if_stage_i.aligner_i.pc_n$215
    21/29: $if_stage_i.aligner_i.next_state$214
    22/29: $if_stage_i.aligner_i.instr_aligned_o$213
    23/29: $if_stage_i.aligner_i.pc_n$211
    24/29: $if_stage_i.aligner_i.update_state$252
    25/29: $if_stage_i.aligner_i.pc_n$251
    26/29: $if_stage_i.aligner_i.next_state$250
    27/29: $if_stage_i.aligner_i.instr_valid_o$249
    28/29: $if_stage_i.aligner_i.instr_aligned_o$248
    29/29: $if_stage_i.aligner_i.aligner_ready_o$247
Creating decoders for process `\cv32e40p_core.$195'.
     1/8: $if_stage_i.aligner_i.hwlp_update_pc_q$199
     2/8: $if_stage_i.aligner_i.hwlp_addr_q$198
     3/8: $if_stage_i.aligner_i.hwlp_update_pc_q$205
     4/8: $if_stage_i.aligner_i.aligner_ready_q$204
     5/8: $if_stage_i.aligner_i.pc_q$203
     6/8: $if_stage_i.aligner_i.hwlp_addr_q$202
     7/8: $if_stage_i.aligner_i.r_instr_h$201
     8/8: $if_stage_i.aligner_i.state$200
Creating decoders for process `\cv32e40p_core.$178'.
     1/8: $if_stage_i.is_fetch_failed_o$183
     2/8: $if_stage_i.instr_valid_id_o$182
     3/8: $if_stage_i.is_fetch_failed_o$189
     4/8: $if_stage_i.instr_valid_id_o$184
     5/8: $if_stage_i.pc_id_o$188
     6/8: $if_stage_i.illegal_c_insn_id_o$187
     7/8: $if_stage_i.is_compressed_id_o$186
     8/8: $if_stage_i.instr_rdata_id_o$185
Creating decoders for process `\cv32e40p_core.$169'.
     1/4: $if_stage_i.fetch_ready$171
     2/4: $if_stage_i.fetch_ready$172
     3/4: $if_stage_i.fetch_ready$174
     4/4: $if_stage_i.branch_req$173
Creating decoders for process `\cv32e40p_core.$157'.
     1/5: $if_stage_i.prefetch_buffer_i.instruction_obi_i.gen_no_trans_stable.obi_atop_q$167
     2/5: $if_stage_i.prefetch_buffer_i.instruction_obi_i.gen_no_trans_stable.obi_wdata_q$166
     3/5: $if_stage_i.prefetch_buffer_i.instruction_obi_i.gen_no_trans_stable.obi_be_q$165
     4/5: $if_stage_i.prefetch_buffer_i.instruction_obi_i.gen_no_trans_stable.obi_we_q$164
     5/5: $if_stage_i.prefetch_buffer_i.instruction_obi_i.gen_no_trans_stable.obi_addr_q$163
Creating decoders for process `\cv32e40p_core.$149'.
     1/6: $if_stage_i.prefetch_buffer_i.instruction_obi_i.obi_atop_o$156
     2/6: $if_stage_i.prefetch_buffer_i.instruction_obi_i.obi_wdata_o$155
     3/6: $if_stage_i.prefetch_buffer_i.instruction_obi_i.obi_be_o$154
     4/6: $if_stage_i.prefetch_buffer_i.instruction_obi_i.obi_we_o$153
     5/6: $if_stage_i.prefetch_buffer_i.instruction_obi_i.obi_addr_o$152
     6/6: $if_stage_i.prefetch_buffer_i.instruction_obi_i.obi_req_o$151
Creating decoders for process `\cv32e40p_core.$143'.
     1/3: $if_stage_i.prefetch_buffer_i.instruction_obi_i.next_state$147
     2/3: $if_stage_i.prefetch_buffer_i.instruction_obi_i.next_state$148
     3/3: $if_stage_i.prefetch_buffer_i.instruction_obi_i.next_state$146
Creating decoders for process `\cv32e40p_core.$137'.
     1/1: $if_stage_i.prefetch_buffer_i.fifo_i.mem_q$141
Creating decoders for process `\cv32e40p_core.$124'.
     1/3: $if_stage_i.prefetch_buffer_i.fifo_i.status_cnt_q$136
     2/3: $if_stage_i.prefetch_buffer_i.fifo_i.write_pointer_q$135
     3/3: $if_stage_i.prefetch_buffer_i.fifo_i.read_pointer_q$134
Creating decoders for process `\cv32e40p_core.$89'.
     1/9: $if_stage_i.prefetch_buffer_i.fifo_i.status_cnt_n$123
     2/9: $if_stage_i.prefetch_buffer_i.fifo_i.read_pointer_n$114
     3/9: $if_stage_i.prefetch_buffer_i.fifo_i.status_cnt_n$117
     4/9: $if_stage_i.prefetch_buffer_i.fifo_i.read_pointer_n$116
     5/9: $if_stage_i.prefetch_buffer_i.fifo_i.write_pointer_n$104
     6/9: $if_stage_i.prefetch_buffer_i.fifo_i.mem_n$109
     7/9: $if_stage_i.prefetch_buffer_i.fifo_i.status_cnt_n$108
     8/9: $if_stage_i.prefetch_buffer_i.fifo_i.write_pointer_n$107
     9/9: $if_stage_i.prefetch_buffer_i.fifo_i.gate_clock$106
Creating decoders for process `\cv32e40p_core.$77'.
     1/1: $if_stage_i.prefetch_buffer_i.prefetch_controller_i.trans_addr_q$83
Creating decoders for process `\cv32e40p_core.$65'.
     1/4: $if_stage_i.prefetch_buffer_i.prefetch_controller_i.next_flush_cnt$74
     2/4: $if_stage_i.prefetch_buffer_i.prefetch_controller_i.next_flush_cnt$75
     3/4: $if_stage_i.prefetch_buffer_i.prefetch_controller_i.next_flush_cnt$76
     4/4: $if_stage_i.prefetch_buffer_i.prefetch_controller_i.next_flush_cnt$70
Creating decoders for process `\cv32e40p_core.$61'.
     1/1: $if_stage_i.prefetch_buffer_i.prefetch_controller_i.next_cnt$64
Creating decoders for process `\cv32e40p_core.$38'.
     1/6: $if_stage_i.prefetch_buffer_i.prefetch_controller_i.next_state$48
     2/6: $if_stage_i.prefetch_buffer_i.prefetch_controller_i.next_state$50
     3/6: $if_stage_i.prefetch_buffer_i.prefetch_controller_i.trans_addr_o$49
     4/6: $if_stage_i.prefetch_buffer_i.prefetch_controller_i.next_state$45
     5/6: $if_stage_i.prefetch_buffer_i.prefetch_controller_i.trans_addr_o$39
     6/6: $if_stage_i.prefetch_buffer_i.prefetch_controller_i.trans_addr_o$40
Creating decoders for process `\cv32e40p_core.$20'.
     1/1: $if_stage_i.branch_addr_n$22
Creating decoders for process `\cv32e40p_core.$16'.
     1/3: $if_stage_i.exc_pc$19
     2/3: $if_stage_i.exc_vec_pc_mux$18
     3/3: $if_stage_i.trap_base_addr$17
Creating decoders for process `\cv32e40p_core.$2672'.
     1/52: $cs_registers_i.priv_lvl_n$2719
     2/52: $cs_registers_i.mcause_n$2718
     3/52: $cs_registers_i.mstatus_n[5]$2717
     4/52: $cs_registers_i.mstatus_n[3:1]$2716
     5/52: $cs_registers_i.depc_n$2715
     6/52: $cs_registers_i.dcsr_n[8:6]$2714
     7/52: $cs_registers_i.dcsr_n[1:0]$2713
     8/52: $cs_registers_i.mepc_n$2712
     9/52: $cs_registers_i.exception_pc$2711
    10/52: $cs_registers_i.priv_lvl_n$2728
    11/52: $cs_registers_i.mcause_n$2727
    12/52: $cs_registers_i.mstatus_n[5]$2726
    13/52: $cs_registers_i.mstatus_n[3:1]$2725
    14/52: $cs_registers_i.exception_pc$2724
    15/52: $cs_registers_i.depc_n$2723
    16/52: $cs_registers_i.dcsr_n[8:6]$2722
    17/52: $cs_registers_i.dcsr_n[1:0]$2721
    18/52: $cs_registers_i.mepc_n$2720
    19/52: $cs_registers_i.dscratch1_n$2694
    20/52: $cs_registers_i.dscratch0_n$2693
    21/52: $cs_registers_i.depc_n$2692
    22/52: $cs_registers_i.dcsr_n[15]$2690
    23/52: $cs_registers_i.dcsr_n[13:9]$2689
    24/52: $cs_registers_i.dcsr_n[4]$2688
    25/52: $cs_registers_i.dcsr_n[2:0]$2687
    26/52: $cs_registers_i.mcause_n$2686
    27/52: $cs_registers_i.mepc_n$2685
    28/52: $cs_registers_i.mscratch_n$2683
    29/52: $cs_registers_i.mtvec_mode_n$2682
    30/52: $cs_registers_i.mtvec_n$2681
    31/52: $cs_registers_i.mie_n$2680
    32/52: $cs_registers_i.mstatus_n$2678
    33/52: $cs_registers_i.fflags_n$2677
    34/52: $cs_registers_i.frm_n$2676
    35/52: $cs_registers_i.frm_n$2675
    36/52: $cs_registers_i.fflags_n$2674
    37/52: $cs_registers_i.mie_n$2710
    38/52: $cs_registers_i.mtvec_mode_n$2709
    39/52: $cs_registers_i.mtvec_n$2708
    40/52: $cs_registers_i.mcause_n$2707
    41/52: $cs_registers_i.mstatus_n$2706
    42/52: $cs_registers_i.mscratch_n$2705
    43/52: $cs_registers_i.dscratch1_n$2704
    44/52: $cs_registers_i.dscratch0_n$2703
    45/52: $cs_registers_i.depc_n$2702
    46/52: $cs_registers_i.dcsr_n[15]$2701
    47/52: $cs_registers_i.dcsr_n[13:9]$2700
    48/52: $cs_registers_i.dcsr_n[4]$2699
    49/52: $cs_registers_i.dcsr_n[2:0]$2698
    50/52: $cs_registers_i.mepc_n$2697
    51/52: $cs_registers_i.fflags_n$2696
    52/52: $cs_registers_i.frm_n$2695

2.9. Executing PROC_CLEAN pass (remove empty switches from decision trees).
Found and cleaned up 1 empty switch in `\cv32e40p_core.$2661'.
Removing empty process `cv32e40p_core.$2661'.
Found and cleaned up 1 empty switch in `\cv32e40p_core.$2651'.
Removing empty process `cv32e40p_core.$2651'.
Found and cleaned up 6 empty switches in `\cv32e40p_core.$3123'.
Removing empty process `cv32e40p_core.$3123'.
Found and cleaned up 1 empty switch in `\cv32e40p_core.$2644'.
Removing empty process `cv32e40p_core.$2644'.
Found and cleaned up 7 empty switches in `\cv32e40p_core.$2614'.
Removing empty process `cv32e40p_core.$2614'.
Found and cleaned up 3 empty switches in `\cv32e40p_core.$2597'.
Removing empty process `cv32e40p_core.$2597'.
Found and cleaned up 1 empty switch in `\cv32e40p_core.$2595'.
Removing empty process `cv32e40p_core.$2595'.
Found and cleaned up 17 empty switches in `\cv32e40p_core.$2577'.
Removing empty process `cv32e40p_core.$2577'.
Found and cleaned up 17 empty switches in `\cv32e40p_core.$2559'.
Removing empty process `cv32e40p_core.$2559'.
Found and cleaned up 1 empty switch in `\cv32e40p_core.$2557'.
Removing empty process `cv32e40p_core.$2557'.
Found and cleaned up 1 empty switch in `\cv32e40p_core.$2545'.
Removing empty process `cv32e40p_core.$2545'.
Found and cleaned up 1 empty switch in `\cv32e40p_core.$2543'.
Removing empty process `cv32e40p_core.$2543'.
Found and cleaned up 13 empty switches in `\cv32e40p_core.$2532'.
Removing empty process `cv32e40p_core.$2532'.
Found and cleaned up 5 empty switches in `\cv32e40p_core.$2505'.
Removing empty process `cv32e40p_core.$2505'.
Found and cleaned up 5 empty switches in `\cv32e40p_core.$2501'.
Removing empty process `cv32e40p_core.$2501'.
Found and cleaned up 3 empty switches in `\cv32e40p_core.$2451'.
Removing empty process `cv32e40p_core.$2451'.
Found and cleaned up 5 empty switches in `\cv32e40p_core.$2435'.
Removing empty process `cv32e40p_core.$2435'.
Found and cleaned up 1 empty switch in `\cv32e40p_core.$2409'.
Removing empty process `cv32e40p_core.$2409'.
Found and cleaned up 6 empty switches in `\cv32e40p_core.$3116'.
Removing empty process `cv32e40p_core.$3116'.
Found and cleaned up 7 empty switches in `\cv32e40p_core.$2379'.
Removing empty process `cv32e40p_core.$2379'.
Found and cleaned up 1 empty switch in `\cv32e40p_core.$2339'.
Removing empty process `cv32e40p_core.$2339'.
Found and cleaned up 5 empty switches in `\cv32e40p_core.$2317'.
Removing empty process `cv32e40p_core.$2317'.
Found and cleaned up 3 empty switches in `\cv32e40p_core.$2218'.
Removing empty process `cv32e40p_core.$2218'.
Found and cleaned up 9 empty switches in `\cv32e40p_core.$2145'.
Removing empty process `cv32e40p_core.$2145'.
Found and cleaned up 15 empty switches in `\cv32e40p_core.$2116'.
Removing empty process `cv32e40p_core.$2116'.
Found and cleaned up 5 empty switches in `\cv32e40p_core.$2109'.
Removing empty process `cv32e40p_core.$2109'.
Found and cleaned up 1 empty switch in `\cv32e40p_core.$2084'.
Removing empty process `cv32e40p_core.$2084'.
Found and cleaned up 1 empty switch in `\cv32e40p_core.$2066'.
Removing empty process `cv32e40p_core.$2066'.
Found and cleaned up 3 empty switches in `\cv32e40p_core.$2047'.
Removing empty process `cv32e40p_core.$2047'.
Found and cleaned up 1 empty switch in `\cv32e40p_core.$2043'.
Removing empty process `cv32e40p_core.$2043'.
Found and cleaned up 1 empty switch in `\cv32e40p_core.$2027'.
Removing empty process `cv32e40p_core.$2027'.
Found and cleaned up 1 empty switch in `\cv32e40p_core.$1974'.
Removing empty process `cv32e40p_core.$1974'.
Found and cleaned up 5 empty switches in `\cv32e40p_core.$1945'.
Removing empty process `cv32e40p_core.$1945'.
Found and cleaned up 5 empty switches in `\cv32e40p_core.$1912'.
Removing empty process `cv32e40p_core.$1912'.
Found and cleaned up 9 empty switches in `\cv32e40p_core.$1897'.
Removing empty process `cv32e40p_core.$1897'.
Found and cleaned up 6 empty switches in `\cv32e40p_core.$3109'.
Removing empty process `cv32e40p_core.$3109'.
Found and cleaned up 29 empty switches in `\cv32e40p_core.$1643'.
Removing empty process `cv32e40p_core.$1643'.
Found and cleaned up 63 empty switches in `\cv32e40p_core.$1610'.
Removing empty process `cv32e40p_core.$1610'.
Found and cleaned up 3 empty switches in `\cv32e40p_core.$2856'.
Removing empty process `cv32e40p_core.$2856'.
Found and cleaned up 9 empty switches in `\cv32e40p_core.$1592'.
Removing empty process `cv32e40p_core.$1592'.
Found and cleaned up 3 empty switches in `\cv32e40p_core.$2755'.
Removing empty process `cv32e40p_core.$2755'.
Found and cleaned up 3 empty switches in `\cv32e40p_core.$1584'.
Removing empty process `cv32e40p_core.$1584'.
Removing empty process `cv32e40p_core.$2743'.
Found and cleaned up 19 empty switches in `\cv32e40p_core.$1542'.
Removing empty process `cv32e40p_core.$1542'.
Found and cleaned up 7 empty switches in `\cv32e40p_core.$1499'.
Removing empty process `cv32e40p_core.$1499'.
Found and cleaned up 103 empty switches in `\cv32e40p_core.$1073'.
Removing empty process `cv32e40p_core.$1073'.
Found and cleaned up 69 empty switches in `\cv32e40p_core.$786'.
Removing empty process `cv32e40p_core.$786'.
Found and cleaned up 3 empty switches in `\cv32e40p_core.$779'.
Removing empty process `cv32e40p_core.$779'.
Found and cleaned up 3 empty switches in `\cv32e40p_core.$772'.
Removing empty process `cv32e40p_core.$772'.
Found and cleaned up 3 empty switches in `\cv32e40p_core.$765'.
Removing empty process `cv32e40p_core.$765'.
Found and cleaned up 3 empty switches in `\cv32e40p_core.$758'.
Removing empty process `cv32e40p_core.$758'.
Found and cleaned up 3 empty switches in `\cv32e40p_core.$751'.
Removing empty process `cv32e40p_core.$751'.
Found and cleaned up 3 empty switches in `\cv32e40p_core.$744'.
Removing empty process `cv32e40p_core.$744'.
Found and cleaned up 3 empty switches in `\cv32e40p_core.$737'.
Removing empty process `cv32e40p_core.$737'.
Found and cleaned up 3 empty switches in `\cv32e40p_core.$730'.
Removing empty process `cv32e40p_core.$730'.
Found and cleaned up 3 empty switches in `\cv32e40p_core.$723'.
Removing empty process `cv32e40p_core.$723'.
Found and cleaned up 3 empty switches in `\cv32e40p_core.$716'.
Removing empty process `cv32e40p_core.$716'.
Found and cleaned up 3 empty switches in `\cv32e40p_core.$709'.
Removing empty process `cv32e40p_core.$709'.
Found and cleaned up 3 empty switches in `\cv32e40p_core.$702'.
Removing empty process `cv32e40p_core.$702'.
Found and cleaned up 3 empty switches in `\cv32e40p_core.$695'.
Removing empty process `cv32e40p_core.$695'.
Found and cleaned up 3 empty switches in `\cv32e40p_core.$688'.
Removing empty process `cv32e40p_core.$688'.
Found and cleaned up 3 empty switches in `\cv32e40p_core.$681'.
Removing empty process `cv32e40p_core.$681'.
Found and cleaned up 3 empty switches in `\cv32e40p_core.$674'.
Removing empty process `cv32e40p_core.$674'.
Found and cleaned up 3 empty switches in `\cv32e40p_core.$667'.
Removing empty process `cv32e40p_core.$667'.
Found and cleaned up 3 empty switches in `\cv32e40p_core.$660'.
Removing empty process `cv32e40p_core.$660'.
Found and cleaned up 3 empty switches in `\cv32e40p_core.$653'.
Removing empty process `cv32e40p_core.$653'.
Found and cleaned up 3 empty switches in `\cv32e40p_core.$646'.
Removing empty process `cv32e40p_core.$646'.
Found and cleaned up 3 empty switches in `\cv32e40p_core.$639'.
Removing empty process `cv32e40p_core.$639'.
Found and cleaned up 3 empty switches in `\cv32e40p_core.$632'.
Removing empty process `cv32e40p_core.$632'.
Found and cleaned up 3 empty switches in `\cv32e40p_core.$625'.
Removing empty process `cv32e40p_core.$625'.
Found and cleaned up 3 empty switches in `\cv32e40p_core.$618'.
Removing empty process `cv32e40p_core.$618'.
Found and cleaned up 3 empty switches in `\cv32e40p_core.$611'.
Removing empty process `cv32e40p_core.$611'.
Found and cleaned up 3 empty switches in `\cv32e40p_core.$604'.
Removing empty process `cv32e40p_core.$604'.
Found and cleaned up 3 empty switches in `\cv32e40p_core.$597'.
Removing empty process `cv32e40p_core.$597'.
Found and cleaned up 3 empty switches in `\cv32e40p_core.$590'.
Removing empty process `cv32e40p_core.$590'.
Found and cleaned up 3 empty switches in `\cv32e40p_core.$583'.
Removing empty process `cv32e40p_core.$583'.
Found and cleaned up 3 empty switches in `\cv32e40p_core.$576'.
Removing empty process `cv32e40p_core.$576'.
Found and cleaned up 3 empty switches in `\cv32e40p_core.$569'.
Removing empty process `cv32e40p_core.$569'.
Found and cleaned up 1 empty switch in `\cv32e40p_core.$2729'.
Removing empty process `cv32e40p_core.$2729'.
Found and cleaned up 1 empty switch in `\cv32e40p_core.$423'.
Removing empty process `cv32e40p_core.$423'.
Found and cleaned up 1 empty switch in `\cv32e40p_core.$421'.
Removing empty process `cv32e40p_core.$421'.
Found and cleaned up 1 empty switch in `\cv32e40p_core.$419'.
Removing empty process `cv32e40p_core.$419'.
Found and cleaned up 1 empty switch in `\cv32e40p_core.$417'.
Removing empty process `cv32e40p_core.$417'.
Found and cleaned up 1 empty switch in `\cv32e40p_core.$415'.
Removing empty process `cv32e40p_core.$415'.
Found and cleaned up 1 empty switch in `\cv32e40p_core.$413'.
Removing empty process `cv32e40p_core.$413'.
Found and cleaned up 1 empty switch in `\cv32e40p_core.$408'.
Removing empty process `cv32e40p_core.$408'.
Found and cleaned up 1 empty switch in `\cv32e40p_core.$406'.
Removing empty process `cv32e40p_core.$406'.
Found and cleaned up 1 empty switch in `\cv32e40p_core.$404'.
Removing empty process `cv32e40p_core.$404'.
Found and cleaned up 1 empty switch in `\cv32e40p_core.$398'.
Removing empty process `cv32e40p_core.$398'.
Found and cleaned up 1 empty switch in `\cv32e40p_core.$396'.
Removing empty process `cv32e40p_core.$396'.
Found and cleaned up 1 empty switch in `\cv32e40p_core.$393'.
Removing empty process `cv32e40p_core.$393'.
Found and cleaned up 1 empty switch in `\cv32e40p_core.$391'.
Removing empty process `cv32e40p_core.$391'.
Found and cleaned up 1 empty switch in `\cv32e40p_core.$389'.
Removing empty process `cv32e40p_core.$389'.
Found and cleaned up 1 empty switch in `\cv32e40p_core.$387'.
Removing empty process `cv32e40p_core.$387'.
Found and cleaned up 1 empty switch in `\cv32e40p_core.$381'.
Removing empty process `cv32e40p_core.$381'.
Found and cleaned up 1 empty switch in `\cv32e40p_core.$325'.
Removing empty process `cv32e40p_core.$325'.
Found and cleaned up 45 empty switches in `\cv32e40p_core.$257'.
Removing empty process `cv32e40p_core.$257'.
Found and cleaned up 13 empty switches in `\cv32e40p_core.$206'.
Removing empty process `cv32e40p_core.$206'.
Found and cleaned up 3 empty switches in `\cv32e40p_core.$195'.
Removing empty process `cv32e40p_core.$195'.
Found and cleaned up 3 empty switches in `\cv32e40p_core.$178'.
Removing empty process `cv32e40p_core.$178'.
Found and cleaned up 5 empty switches in `\cv32e40p_core.$169'.
Removing empty process `cv32e40p_core.$169'.
Found and cleaned up 1 empty switch in `\cv32e40p_core.$157'.
Removing empty process `cv32e40p_core.$157'.
Found and cleaned up 1 empty switch in `\cv32e40p_core.$149'.
Removing empty process `cv32e40p_core.$149'.
Found and cleaned up 5 empty switches in `\cv32e40p_core.$143'.
Removing empty process `cv32e40p_core.$143'.
Found and cleaned up 1 empty switch in `\cv32e40p_core.$137'.
Removing empty process `cv32e40p_core.$137'.
Found and cleaned up 1 empty switch in `\cv32e40p_core.$124'.
Removing empty process `cv32e40p_core.$124'.
Found and cleaned up 9 empty switches in `\cv32e40p_core.$89'.
Removing empty process `cv32e40p_core.$89'.
Found and cleaned up 1 empty switch in `\cv32e40p_core.$77'.
Removing empty process `cv32e40p_core.$77'.
Found and cleaned up 7 empty switches in `\cv32e40p_core.$65'.
Removing empty process `cv32e40p_core.$65'.
Found and cleaned up 1 empty switch in `\cv32e40p_core.$61'.
Removing empty process `cv32e40p_core.$61'.
Found and cleaned up 9 empty switches in `\cv32e40p_core.$38'.
Removing empty process `cv32e40p_core.$38'.
Found and cleaned up 1 empty switch in `\cv32e40p_core.$20'.
Removing empty process `cv32e40p_core.$20'.
Found and cleaned up 5 empty switches in `\cv32e40p_core.$16'.
Removing empty process `cv32e40p_core.$16'.
Found and cleaned up 33 empty switches in `\cv32e40p_core.$2672'.
Removing empty process `cv32e40p_core.$2672'.
Cleaned up 736 empty switches.

2.10. Executing OPT_EXPR pass (perform const folding).
Optimizing module cv32e40p_core.
Couldn't topologically sort cells, optimizing module cv32e40p_core may take a longer time.
<suppressed ~1181 debug messages>

3. Executing HIERARCHY pass (managing design hierarchy).

3.1. Analyzing design hierarchy..
Top module:  \cv32e40p_core

3.2. Analyzing design hierarchy..
Top module:  \cv32e40p_core
Removed 0 unused modules.

4. Executing SYNTH pass.

4.1. Executing HIERARCHY pass (managing design hierarchy).

4.1.1. Analyzing design hierarchy..
Top module:  \cv32e40p_core

4.1.2. Analyzing design hierarchy..
Top module:  \cv32e40p_core
Removed 0 unused modules.

4.2. Executing PROC pass (convert processes to netlists).

4.2.1. Executing PROC_CLEAN pass (remove empty switches from decision trees).
Cleaned up 0 empty switches.

4.2.2. Executing PROC_RMDEAD pass (remove dead branches from decision trees).
Removed a total of 0 dead cases.

4.2.3. Executing PROC_PRUNE pass (remove redundant assignments in processes).
Removed 0 redundant assignments.
Promoted 0 assignments to connections.

4.2.4. Executing PROC_INIT pass (extract init attributes).

4.2.5. Executing PROC_ARST pass (detect async resets in processes).

4.2.6. Executing PROC_ROM pass (convert switches to ROMs).
Converted 0 switches.

4.2.7. Executing PROC_MUX pass (convert decision trees to multiplexers).

4.2.8. Executing PROC_DLATCH pass (convert process syncs to latches).

4.2.9. Executing PROC_DFF pass (convert process syncs to FFs).

4.2.10. Executing PROC_MEMWR pass (convert process memory writes to cells).

4.2.11. Executing PROC_CLEAN pass (remove empty switches from decision trees).
Cleaned up 0 empty switches.

4.2.12. Executing OPT_EXPR pass (perform const folding).
Optimizing module cv32e40p_core.

4.3. Executing FLATTEN pass (flatten design).

4.4. Executing OPT_EXPR pass (perform const folding).
Optimizing module cv32e40p_core.

4.5. Executing OPT_CLEAN pass (remove unused cells and wires).
Finding unused cells or wires in module \cv32e40p_core..
Removed 832 unused cells and 6418 unused wires.
<suppressed ~892 debug messages>

4.6. Executing CHECK pass (checking for obvious problems).
Checking module cv32e40p_core...
Found and reported 0 problems.

4.7. Executing OPT pass (performing simple optimizations).

4.7.1. Executing OPT_EXPR pass (perform const folding).
Optimizing module cv32e40p_core.

4.7.2. Executing OPT_MERGE pass (detect identical cells).
Finding identical cells in module `\cv32e40p_core'.
<suppressed ~5535 debug messages>
Removed a total of 1845 cells.

4.7.3. Executing OPT_MUXTREE pass (detect dead branches in mux trees).
Running muxtree optimizer on module \cv32e40p_core..
  Creating internal representation of mux trees.
  Evaluating internal representation of mux trees.
      Replacing known input bits on port A of cell $procmux$17885: \if_stage_i.prefetch_buffer_i.instruction_obi_i.state_q -> 1'1
      Replacing known input bits on port A of cell $procmux$17895: \if_stage_i.prefetch_buffer_i.instruction_obi_i.state_q -> 1'0
      Replacing known input bits on port A of cell $procmux$17978: \if_stage_i.prefetch_buffer_i.prefetch_controller_i.state_q -> 1'1
      Replacing known input bits on port A of cell $procmux$17994: \if_stage_i.prefetch_buffer_i.prefetch_controller_i.state_q -> 1'0
      Replacing known input bits on port A of cell $procmux$5345: \id_stage_i.controller_i.illegal_insn_q -> 1'0
      Replacing known input bits on port A of cell $procmux$618: { \id_stage_i.alu_operand_a_ex_o [0] \id_stage_i.alu_operand_a_ex_o [1] \id_stage_i.alu_operand_a_ex_o [2] \id_stage_i.alu_operand_a_ex_o [3] \id_stage_i.alu_operand_a_ex_o [4] \id_stage_i.alu_operand_a_ex_o [5] \id_stage_i.alu_operand_a_ex_o [6] \id_stage_i.alu_operand_a_ex_o [7] \id_stage_i.alu_operand_a_ex_o [8] \id_stage_i.alu_operand_a_ex_o [9] \id_stage_i.alu_operand_a_ex_o [10] \id_stage_i.alu_operand_a_ex_o [11] \id_stage_i.alu_operand_a_ex_o [12] \id_stage_i.alu_operand_a_ex_o [13] \id_stage_i.alu_operand_a_ex_o [14] \id_stage_i.alu_operand_a_ex_o [15] \id_stage_i.alu_operand_a_ex_o [16] \id_stage_i.alu_operand_a_ex_o [17] \id_stage_i.alu_operand_a_ex_o [18] \id_stage_i.alu_operand_a_ex_o [19] \id_stage_i.alu_operand_a_ex_o [20] \id_stage_i.alu_operand_a_ex_o [21] \id_stage_i.alu_operand_a_ex_o [22] \id_stage_i.alu_operand_a_ex_o [23] \id_stage_i.alu_operand_a_ex_o [24] \id_stage_i.alu_operand_a_ex_o [25] \id_stage_i.alu_operand_a_ex_o [26] \id_stage_i.alu_operand_a_ex_o [27] \id_stage_i.alu_operand_a_ex_o [28] \id_stage_i.alu_operand_a_ex_o [29] \id_stage_i.alu_operand_a_ex_o [30] \id_stage_i.alu_operand_a_ex_o [31] } -> { \id_stage_i.alu_operand_a_ex_o [0] \id_stage_i.alu_operand_a_ex_o [1] \id_stage_i.alu_operand_a_ex_o [2] \id_stage_i.alu_operand_a_ex_o [3] \id_stage_i.alu_operand_a_ex_o [4] \id_stage_i.alu_operand_a_ex_o [5] \id_stage_i.alu_operand_a_ex_o [6] \id_stage_i.alu_operand_a_ex_o [7] \id_stage_i.alu_operand_a_ex_o [8] \id_stage_i.alu_operand_a_ex_o [9] \id_stage_i.alu_operand_a_ex_o [10] \id_stage_i.alu_operand_a_ex_o [11] \id_stage_i.alu_operand_a_ex_o [12] \id_stage_i.alu_operand_a_ex_o [13] \id_stage_i.alu_operand_a_ex_o [14] \id_stage_i.alu_operand_a_ex_o [15] \id_stage_i.alu_operand_a_ex_o [16] \id_stage_i.alu_operand_a_ex_o [17] \id_stage_i.alu_operand_a_ex_o [18] \id_stage_i.alu_operand_a_ex_o [19] \id_stage_i.alu_operand_a_ex_o [20] \id_stage_i.alu_operand_a_ex_o [21] \id_stage_i.alu_operand_a_ex_o [22] \id_stage_i.alu_operand_a_ex_o [23] \id_stage_i.alu_operand_a_ex_o [24] \id_stage_i.alu_operand_a_ex_o [25] \id_stage_i.alu_operand_a_ex_o [26] \id_stage_i.alu_operand_a_ex_o [27] \id_stage_i.alu_operand_a_ex_o [28] \id_stage_i.alu_operand_a_ex_o [29] \id_stage_i.alu_operand_a_ex_o [30] 1'0 }
  Analyzing evaluation results.
    dead port 1/2 on $mux $procmux$12228.
    dead port 2/2 on $mux $procmux$12230.
    dead port 2/2 on $mux $procmux$12245.
    dead port 1/2 on $mux $128.
    dead port 2/2 on $mux $128.
    dead port 1/2 on $mux $procmux$12248.
    dead port 2/2 on $mux $procmux$12250.
    dead port 1/2 on $mux $procmux$1226.
    dead port 2/2 on $mux $procmux$12268.
    dead port 1/2 on $mux $procmux$12271.
    dead port 2/2 on $mux $procmux$12273.
    dead port 1/2 on $mux $procmux$1229.
    dead port 2/2 on $mux $procmux$12290.
    dead port 1/2 on $mux $procmux$12293.
    dead port 2/2 on $mux $procmux$12295.
    dead port 2/2 on $mux $procmux$123.
    dead port 1/2 on $mux $131.
    dead port 2/2 on $mux $131.
    dead port 1/2 on $mux $133.
    dead port 2/2 on $mux $133.
    dead port 1/2 on $mux $procmux$12319.
    dead port 2/2 on $mux $procmux$12321.
    dead port 1/2 on $mux $procmux$12338.
    dead port 2/2 on $mux $procmux$12340.
    dead port 1/2 on $mux $procmux$12348.
    dead port 2/2 on $mux $procmux$12350.
    dead port 1/2 on $mux $procmux$1237.
    dead port 1/2 on $mux $procmux$12374.
    dead port 2/2 on $mux $procmux$12376.
    dead port 1/2 on $mux $procmux$12384.
    dead port 2/2 on $mux $procmux$12386.
    dead port 1/2 on $mux $procmux$12394.
    dead port 2/2 on $mux $procmux$12396.
    dead port 1/2 on $mux $procmux$1240.
    dead port 2/2 on $mux $procmux$12405.
    dead port 2/2 on $mux $procmux$12414.
    dead port 2/2 on $mux $procmux$12423.
    dead port 2/2 on $mux $procmux$12432.
    dead port 2/2 on $mux $procmux$12434.
    dead port 2/2 on $mux $procmux$12442.
    dead port 2/2 on $mux $procmux$12444.
    dead port 2/2 on $mux $procmux$12446.
    dead port 2/2 on $mux $procmux$12448.
    dead port 2/2 on $mux $procmux$12457.
    dead port 2/2 on $mux $procmux$12459.
    dead port 2/2 on $mux $procmux$12461.
    dead port 2/2 on $mux $procmux$12463.
    dead port 2/2 on $mux $procmux$12472.
    dead port 2/2 on $mux $procmux$12474.
    dead port 2/2 on $mux $procmux$12476.
    dead port 2/2 on $mux $procmux$12478.
    dead port 1/2 on $mux $procmux$1248.
    dead port 2/2 on $mux $procmux$12488.
    dead port 2/2 on $mux $procmux$12490.
    dead port 2/2 on $mux $procmux$12492.
    dead port 2/2 on $mux $procmux$12502.
    dead port 2/2 on $mux $procmux$12504.
    dead port 2/2 on $mux $procmux$12506.
    dead port 1/2 on $mux $procmux$1251.
    dead port 2/2 on $mux $procmux$12516.
    dead port 2/2 on $mux $procmux$12518.
    dead port 2/2 on $mux $procmux$12520.
    dead port 2/2 on $mux $procmux$12530.
    dead port 2/2 on $mux $procmux$12532.
    dead port 2/2 on $mux $procmux$12534.
    dead port 2/2 on $mux $procmux$12548.
    dead port 2/2 on $mux $procmux$12550.
    dead port 2/2 on $mux $procmux$12552.
    dead port 2/2 on $mux $procmux$12562.
    dead port 2/2 on $mux $procmux$12564.
    dead port 2/2 on $mux $procmux$12566.
    dead port 2/2 on $mux $procmux$12577.
    dead port 2/2 on $mux $procmux$12579.
    dead port 2/2 on $mux $procmux$12581.
    dead port 1/2 on $mux $procmux$1259.
    dead port 2/2 on $mux $procmux$12593.
    dead port 2/2 on $mux $procmux$12595.
    dead port 2/2 on $mux $procmux$12597.
    dead port 2/2 on $mux $procmux$12607.
    dead port 2/2 on $mux $procmux$12609.
    dead port 2/2 on $mux $procmux$12611.
    dead port 1/2 on $mux $procmux$1262.
    dead port 2/2 on $mux $procmux$12624.
    dead port 2/2 on $mux $procmux$12626.
    dead port 2/2 on $mux $procmux$12628.
    dead port 2/2 on $mux $procmux$12640.
    dead port 2/2 on $mux $procmux$12642.
    dead port 2/2 on $mux $procmux$12644.
    dead port 2/2 on $mux $procmux$12657.
    dead port 2/2 on $mux $procmux$12659.
    dead port 2/2 on $mux $procmux$12661.
    dead port 2/2 on $mux $procmux$12674.
    dead port 2/2 on $mux $procmux$12676.
    dead port 2/2 on $mux $procmux$12678.
    dead port 2/2 on $mux $procmux$12687.
    dead port 2/2 on $mux $procmux$12689.
    dead port 2/2 on $mux $procmux$12698.
    dead port 1/2 on $mux $procmux$1270.
    dead port 2/2 on $mux $procmux$12700.
    dead port 2/2 on $mux $procmux$12709.
    dead port 2/2 on $mux $procmux$12711.
    dead port 2/2 on $mux $procmux$12720.
    dead port 2/2 on $mux $procmux$12722.
    dead port 1/2 on $mux $procmux$1273.
    dead port 2/2 on $mux $procmux$12731.
    dead port 2/2 on $mux $procmux$12733.
    dead port 2/2 on $mux $procmux$12742.
    dead port 2/2 on $mux $procmux$12744.
    dead port 2/2 on $mux $procmux$12753.
    dead port 2/2 on $mux $procmux$12755.
    dead port 2/2 on $mux $procmux$12764.
    dead port 2/2 on $mux $procmux$12766.
    dead port 2/2 on $mux $procmux$12775.
    dead port 2/2 on $mux $procmux$12777.
    dead port 2/2 on $mux $procmux$12786.
    dead port 2/2 on $mux $procmux$12788.
    dead port 2/2 on $mux $procmux$12797.
    dead port 2/2 on $mux $procmux$12799.
    dead port 2/2 on $mux $procmux$12808.
    dead port 1/2 on $mux $procmux$1281.
    dead port 2/2 on $mux $procmux$12810.
    dead port 2/2 on $mux $procmux$12818.
    dead port 2/2 on $mux $procmux$12834.
    dead port 1/2 on $mux $procmux$1284.
    dead port 2/2 on $mux $procmux$12842.
    dead port 2/2 on $mux $procmux$12850.
    dead port 2/2 on $mux $procmux$12858.
    dead port 2/2 on $mux $procmux$12866.
    dead port 2/2 on $mux $procmux$12874.
    dead port 2/2 on $mux $procmux$12882.
    dead port 2/2 on $mux $procmux$12890.
    dead port 2/2 on $mux $procmux$12898.
    dead port 2/2 on $mux $procmux$1290.
    dead port 2/2 on $mux $procmux$12906.
    dead port 2/2 on $mux $procmux$12914.
    dead port 2/2 on $mux $procmux$12922.
    dead port 1/2 on $mux $procmux$1293.
    dead port 2/2 on $mux $procmux$12930.
    dead port 2/2 on $mux $procmux$12938.
    dead port 2/2 on $mux $procmux$12946.
    dead port 2/2 on $mux $procmux$12954.
    dead port 1/2 on $mux $procmux$1296.
    dead port 2/2 on $mux $procmux$12963.
    dead port 2/2 on $mux $procmux$12972.
    dead port 2/2 on $mux $procmux$12978.
    dead port 2/2 on $mux $procmux$12985.
    dead port 2/2 on $mux $procmux$12993.
    dead port 1/2 on $mux $procmux$130.
    dead port 2/2 on $mux $procmux$13002.
    dead port 2/2 on $mux $procmux$13012.
    dead port 2/2 on $mux $procmux$13023.
    dead port 2/2 on $mux $procmux$13036.
    dead port 1/2 on $mux $procmux$13039.
    dead port 1/2 on $mux $procmux$13042.
    dead port 2/2 on $mux $procmux$13044.
    dead port 2/2 on $mux $procmux$13058.
    dead port 1/2 on $mux $procmux$13061.
    dead port 1/2 on $mux $procmux$13064.
    dead port 2/2 on $mux $procmux$13066.
    dead port 2/2 on $mux $procmux$13081.
    dead port 1/2 on $mux $procmux$13084.
    dead port 1/2 on $mux $procmux$13087.
    dead port 2/2 on $mux $procmux$13089.
    dead port 2/2 on $mux $procmux$13105.
    dead port 1/2 on $mux $procmux$13108.
    dead port 1/2 on $mux $procmux$13111.
    dead port 2/2 on $mux $procmux$13113.
    dead port 2/2 on $mux $procmux$13130.
    dead port 1/2 on $mux $procmux$13133.
    dead port 1/2 on $mux $procmux$13136.
    dead port 2/2 on $mux $procmux$13138.
    dead port 2/2 on $mux $procmux$13156.
    dead port 1/2 on $mux $procmux$13159.
    dead port 1/2 on $mux $procmux$13162.
    dead port 2/2 on $mux $procmux$13164.
    dead port 2/2 on $mux $procmux$13183.
    dead port 1/2 on $mux $procmux$13186.
    dead port 1/2 on $mux $procmux$13189.
    dead port 2/2 on $mux $procmux$13191.
    dead port 2/2 on $mux $procmux$132.
    dead port 2/2 on $mux $procmux$13211.
    dead port 1/2 on $mux $procmux$13214.
    dead port 1/2 on $mux $procmux$13217.
    dead port 2/2 on $mux $procmux$13219.
    dead port 2/2 on $mux $procmux$13240.
    dead port 1/2 on $mux $procmux$13243.
    dead port 1/2 on $mux $procmux$13246.
    dead port 2/2 on $mux $procmux$13248.
    dead port 2/2 on $mux $procmux$1327.
    dead port 2/2 on $mux $procmux$13270.
    dead port 1/2 on $mux $procmux$13273.
    dead port 1/2 on $mux $procmux$13276.
    dead port 2/2 on $mux $procmux$13278.
    dead port 1/2 on $mux $procmux$1330.
    dead port 2/2 on $mux $procmux$13301.
    dead port 1/2 on $mux $procmux$13304.
    dead port 1/2 on $mux $procmux$13307.
    dead port 2/2 on $mux $procmux$13309.
    dead port 1/2 on $mux $procmux$1333.
    dead port 2/2 on $mux $procmux$13333.
    dead port 1/2 on $mux $procmux$13336.
    dead port 1/2 on $mux $procmux$13339.
    dead port 2/2 on $mux $procmux$13341.
    dead port 2/2 on $mux $procmux$13366.
    dead port 1/2 on $mux $procmux$13369.
    dead port 1/2 on $mux $procmux$13372.
    dead port 2/2 on $mux $procmux$13374.
    dead port 2/2 on $mux $procmux$1340.
    dead port 2/2 on $mux $procmux$13400.
    dead port 1/2 on $mux $procmux$13403.
    dead port 1/2 on $mux $procmux$13406.
    dead port 2/2 on $mux $procmux$13408.
    dead port 1/2 on $mux $procmux$1343.
    dead port 2/2 on $mux $procmux$13435.
    dead port 1/2 on $mux $procmux$13438.
    dead port 1/2 on $mux $procmux$13441.
    dead port 2/2 on $mux $procmux$13443.
    dead port 1/2 on $mux $procmux$1346.
    dead port 2/2 on $mux $procmux$13471.
    dead port 1/2 on $mux $procmux$13474.
    dead port 1/2 on $mux $procmux$13477.
    dead port 2/2 on $mux $procmux$13479.
    dead port 2/2 on $mux $procmux$13508.
    dead port 1/2 on $mux $procmux$13511.
    dead port 1/2 on $mux $procmux$13514.
    dead port 2/2 on $mux $procmux$13516.
    dead port 2/2 on $mux $procmux$1353.
    dead port 2/2 on $mux $procmux$13546.
    dead port 1/2 on $mux $procmux$13549.
    dead port 1/2 on $mux $procmux$13552.
    dead port 2/2 on $mux $procmux$13554.
    dead port 1/2 on $mux $procmux$1356.
    dead port 2/2 on $mux $procmux$13585.
    dead port 1/2 on $mux $procmux$13588.
    dead port 1/2 on $mux $procmux$1359.
    dead port 1/2 on $mux $procmux$13591.
    dead port 2/2 on $mux $procmux$13593.
    dead port 2/2 on $mux $procmux$13625.
    dead port 1/2 on $mux $procmux$13628.
    dead port 1/2 on $mux $procmux$13631.
    dead port 2/2 on $mux $procmux$13633.
    dead port 2/2 on $mux $procmux$1366.
    dead port 2/2 on $mux $procmux$13666.
    dead port 1/2 on $mux $procmux$13669.
    dead port 1/2 on $mux $procmux$13672.
    dead port 2/2 on $mux $procmux$13674.
    dead port 1/2 on $mux $procmux$1369.
    dead port 2/2 on $mux $procmux$13708.
    dead port 1/2 on $mux $procmux$13711.
    dead port 1/2 on $mux $procmux$13714.
    dead port 2/2 on $mux $procmux$13716.
    dead port 1/2 on $mux $procmux$1372.
    dead port 1/2 on $mux $procmux$13762.
    dead port 1/2 on $mux $procmux$13765.
    dead port 2/2 on $mux $procmux$13767.
    dead port 2/2 on $mux $procmux$1378.
    dead port 1/2 on $mux $procmux$1381.
    dead port 1/2 on $mux $procmux$13813.
    dead port 1/2 on $mux $procmux$13816.
    dead port 2/2 on $mux $procmux$13818.
    dead port 1/2 on $mux $procmux$1384.
    dead port 1/2 on $mux $procmux$13863.
    dead port 1/2 on $mux $procmux$13866.
    dead port 2/2 on $mux $procmux$13868.
    dead port 2/2 on $mux $procmux$139.
    dead port 2/2 on $mux $procmux$1390.
    dead port 1/2 on $mux $procmux$13914.
    dead port 1/2 on $mux $procmux$13917.
    dead port 2/2 on $mux $procmux$13919.
    dead port 1/2 on $mux $procmux$1393.
    dead port 1/2 on $mux $procmux$1396.
    dead port 1/2 on $mux $procmux$13974.
    dead port 1/2 on $mux $procmux$13977.
    dead port 2/2 on $mux $procmux$13979.
    dead port 1/2 on $mux $procmux$14021.
    dead port 1/2 on $mux $procmux$14024.
    dead port 2/2 on $mux $procmux$14026.
    dead port 1/2 on $mux $procmux$14068.
    dead port 1/2 on $mux $procmux$14071.
    dead port 2/2 on $mux $procmux$14073.
    dead port 1/2 on $mux $procmux$14124.
    dead port 1/2 on $mux $procmux$14127.
    dead port 2/2 on $mux $procmux$14129.
    dead port 2/2 on $mux $procmux$1414.
    dead port 1/2 on $mux $procmux$1417.
    dead port 1/2 on $mux $procmux$14174.
    dead port 1/2 on $mux $procmux$14177.
    dead port 2/2 on $mux $procmux$14179.
    dead port 1/2 on $mux $procmux$1420.
    dead port 1/2 on $mux $procmux$14221.
    dead port 1/2 on $mux $procmux$14224.
    dead port 2/2 on $mux $procmux$14226.
    dead port 1/2 on $mux $procmux$14282.
    dead port 1/2 on $mux $procmux$14285.
    dead port 2/2 on $mux $procmux$14287.
    dead port 1/2 on $mux $procmux$14302.
    dead port 1/2 on $mux $procmux$14305.
    dead port 2/2 on $mux $procmux$14307.
    dead port 1/2 on $mux $procmux$14325.
    dead port 2/2 on $mux $procmux$14327.
    dead port 1/2 on $mux $procmux$14341.
    dead port 2/2 on $mux $procmux$14343.
    dead port 1/2 on $mux $procmux$14346.
    dead port 2/2 on $mux $procmux$14348.
    dead port 2/2 on $mux $procmux$14364.
    dead port 1/2 on $mux $procmux$14367.
    dead port 2/2 on $mux $procmux$14369.
    dead port 2/2 on $mux $procmux$1438.
    dead port 2/2 on $mux $procmux$14383.
    dead port 2/2 on $mux $procmux$14385.
    dead port 1/2 on $mux $procmux$14388.
    dead port 2/2 on $mux $procmux$14390.
    dead port 1/2 on $mux $procmux$14407.
    dead port 2/2 on $mux $procmux$14409.
    dead port 1/2 on $mux $procmux$1441.
    dead port 1/2 on $mux $procmux$14426.
    dead port 2/2 on $mux $procmux$14428.
    dead port 1/2 on $mux $procmux$1444.
    dead port 1/2 on $mux $procmux$14445.
    dead port 2/2 on $mux $procmux$14447.
    dead port 1/2 on $mux $procmux$14464.
    dead port 2/2 on $mux $procmux$14466.
    dead port 1/2 on $mux $procmux$14483.
    dead port 2/2 on $mux $procmux$14485.
    dead port 1/2 on $mux $procmux$14502.
    dead port 2/2 on $mux $procmux$14504.
    dead port 1/2 on $mux $procmux$14521.
    dead port 2/2 on $mux $procmux$14523.
    dead port 1/2 on $mux $procmux$14540.
    dead port 2/2 on $mux $procmux$14542.
    dead port 1/2 on $mux $procmux$14559.
    dead port 2/2 on $mux $procmux$14561.
    dead port 1/2 on $mux $procmux$14578.
    dead port 2/2 on $mux $procmux$14580.
    dead port 1/2 on $mux $procmux$14597.
    dead port 2/2 on $mux $procmux$14599.
    dead port 1/2 on $mux $procmux$14616.
    dead port 2/2 on $mux $procmux$14618.
    dead port 2/2 on $mux $procmux$1462.
    dead port 2/2 on $mux $procmux$14634.
    dead port 2/2 on $mux $procmux$14647.
    dead port 2/2 on $mux $procmux$14649.
    dead port 1/2 on $mux $procmux$1465.
    dead port 2/2 on $mux $procmux$14665.
    dead port 1/2 on $mux $procmux$1468.
    dead port 2/2 on $mux $procmux$14681.
    dead port 2/2 on $mux $procmux$14697.
    dead port 1/2 on $mux $procmux$147.
    dead port 2/2 on $mux $procmux$14713.
    dead port 2/2 on $mux $procmux$14729.
    dead port 2/2 on $mux $procmux$1474.
    dead port 2/2 on $mux $procmux$14745.
    dead port 2/2 on $mux $procmux$14761.
    dead port 1/2 on $mux $procmux$1477.
    dead port 2/2 on $mux $procmux$14777.
    dead port 2/2 on $mux $procmux$14793.
    dead port 1/2 on $mux $procmux$1480.
    dead port 2/2 on $mux $procmux$14809.
    dead port 2/2 on $mux $procmux$14825.
    dead port 2/2 on $mux $procmux$14841.
    dead port 1/2 on $mux $procmux$14858.
    dead port 2/2 on $mux $procmux$1486.
    dead port 2/2 on $mux $procmux$14860.
    dead port 2/2 on $mux $procmux$14862.
    dead port 1/2 on $mux $procmux$14879.
    dead port 2/2 on $mux $procmux$14881.
    dead port 2/2 on $mux $procmux$14883.
    dead port 1/2 on $mux $procmux$1489.
    dead port 2/2 on $mux $procmux$149.
    dead port 2/2 on $mux $procmux$14900.
    dead port 2/2 on $mux $procmux$14902.
    dead port 2/2 on $mux $procmux$14919.
    dead port 1/2 on $mux $procmux$1492.
    dead port 2/2 on $mux $procmux$14921.
    dead port 2/2 on $mux $procmux$14937.
    dead port 2/2 on $mux $procmux$14939.
    dead port 2/2 on $mux $procmux$14963.
    dead port 2/2 on $mux $procmux$1498.
    dead port 2/2 on $mux $procmux$14981.
    dead port 2/2 on $mux $procmux$14997.
    dead port 1/2 on $mux $procmux$1501.
    dead port 2/2 on $mux $procmux$15018.
    dead port 2/2 on $mux $procmux$15039.
    dead port 1/2 on $mux $procmux$1504.
    dead port 2/2 on $mux $procmux$15041.
    dead port 2/2 on $mux $procmux$15059.
    dead port 2/2 on $mux $procmux$15061.
    dead port 2/2 on $mux $procmux$15063.
    dead port 2/2 on $mux $procmux$15084.
    dead port 2/2 on $mux $procmux$15086.
    dead port 2/2 on $mux $procmux$1510.
    dead port 2/2 on $mux $procmux$15104.
    dead port 2/2 on $mux $procmux$15106.
    dead port 2/2 on $mux $procmux$15108.
    dead port 2/2 on $mux $procmux$15129.
    dead port 1/2 on $mux $procmux$1513.
    dead port 2/2 on $mux $procmux$15131.
    dead port 2/2 on $mux $procmux$15154.
    dead port 2/2 on $mux $procmux$15156.
    dead port 1/2 on $mux $procmux$1516.
    dead port 2/2 on $mux $procmux$15176.
    dead port 2/2 on $mux $procmux$15178.
    dead port 2/2 on $mux $procmux$15198.
    dead port 2/2 on $mux $procmux$15200.
    dead port 2/2 on $mux $procmux$1522.
    dead port 2/2 on $mux $procmux$15220.
    dead port 2/2 on $mux $procmux$15222.
    dead port 2/2 on $mux $procmux$15243.
    dead port 1/2 on $mux $procmux$12103.
    dead port 1/2 on $mux $procmux$1525.
    dead port 2/2 on $mux $procmux$15264.
    dead port 2/2 on $mux $procmux$12105.
    dead port 1/2 on $mux $procmux$1528.
    dead port 2/2 on $mux $procmux$15285.
    dead port 2/2 on $mux $procmux$15306.
    dead port 2/2 on $mux $procmux$12112.
    dead port 2/2 on $mux $procmux$15327.
    dead port 2/2 on $mux $procmux$1534.
    dead port 2/2 on $mux $procmux$15348.
    dead port 1/2 on $mux $procmux$12115.
    dead port 2/2 on $mux $procmux$15369.
    dead port 1/2 on $mux $procmux$1537.
    dead port 2/2 on $mux $procmux$12117.
    dead port 2/2 on $mux $procmux$15389.
    dead port 1/2 on $mux $procmux$1540.
    dead port 2/2 on $mux $procmux$15410.
    dead port 2/2 on $mux $procmux$15431.
    dead port 2/2 on $mux $procmux$12124.
    dead port 2/2 on $mux $procmux$15452.
    dead port 2/2 on $mux $procmux$1546.
    dead port 2/2 on $mux $procmux$15474.
    dead port 1/2 on $mux $procmux$1549.
    dead port 2/2 on $mux $procmux$15499.
    dead port 2/2 on $mux $procmux$15501.
    dead port 1/2 on $mux $procmux$12127.
    dead port 1/2 on $mux $procmux$1552.
    dead port 2/2 on $mux $procmux$15526.
    dead port 2/2 on $mux $procmux$15528.
    dead port 2/2 on $mux $procmux$12129.
    dead port 2/2 on $mux $procmux$15553.
    dead port 2/2 on $mux $procmux$15555.
    dead port 2/2 on $mux $procmux$1558.
    dead port 2/2 on $mux $procmux$15580.
    dead port 2/2 on $mux $procmux$15582.
    dead port 2/2 on $mux $procmux$12137.
    dead port 2/2 on $mux $procmux$15602.
    dead port 2/2 on $mux $procmux$15604.
    dead port 2/2 on $mux $procmux$15606.
    dead port 1/2 on $mux $procmux$1561.
    dead port 2/2 on $mux $procmux$15629.
    dead port 2/2 on $mux $procmux$15631.
    dead port 1/2 on $mux $procmux$1564.
    dead port 2/2 on $mux $procmux$15654.
    dead port 2/2 on $mux $procmux$15656.
    dead port 2/2 on $mux $procmux$15679.
    dead port 2/2 on $mux $procmux$15681.
    dead port 2/2 on $mux $procmux$157.
    dead port 2/2 on $mux $procmux$1570.
    dead port 2/2 on $mux $procmux$15702.
    dead port 2/2 on $mux $procmux$15704.
    dead port 2/2 on $mux $procmux$15725.
    dead port 2/2 on $mux $procmux$15727.
    dead port 1/2 on $mux $procmux$1573.
    dead port 2/2 on $mux $procmux$15748.
    dead port 2/2 on $mux $procmux$15750.
    dead port 1/2 on $mux $procmux$1576.
    dead port 2/2 on $mux $procmux$15772.
    dead port 2/2 on $mux $procmux$15794.
    dead port 1/2 on $mux $procmux$12140.
    dead port 2/2 on $mux $procmux$15816.
    dead port 2/2 on $mux $procmux$12142.
    dead port 2/2 on $mux $procmux$1582.
    dead port 2/2 on $mux $procmux$15838.
    dead port 1/2 on $mux $procmux$1585.
    dead port 2/2 on $mux $procmux$15860.
    dead port 1/2 on $mux $procmux$1215.
    dead port 1/2 on $mux $procmux$1588.
    dead port 2/2 on $mux $procmux$15882.
    dead port 2/2 on $mux $procmux$15904.
    dead port 2/2 on $mux $procmux$12155.
    dead port 2/2 on $mux $procmux$15926.
    dead port 2/2 on $mux $procmux$1594.
    dead port 2/2 on $mux $procmux$15948.
    dead port 1/2 on $mux $procmux$1597.
    dead port 2/2 on $mux $procmux$15970.
    dead port 2/2 on $mux $procmux$15992.
    dead port 1/2 on $mux $procmux$1600.
    dead port 2/2 on $mux $procmux$16014.
    dead port 2/2 on $mux $procmux$16033.
    dead port 2/2 on $mux $procmux$16035.
    dead port 2/2 on $mux $procmux$16055.
    dead port 2/2 on $mux $procmux$16057.
    dead port 2/2 on $mux $procmux$1606.
    dead port 2/2 on $mux $procmux$16085.
    dead port 1/2 on $mux $procmux$1609.
    dead port 2/2 on $mux $procmux$16107.
    dead port 1/2 on $mux $procmux$1612.
    dead port 2/2 on $mux $procmux$16129.
    dead port 2/2 on $mux $procmux$16151.
    dead port 2/2 on $mux $procmux$16173.
    dead port 2/2 on $mux $procmux$1618.
    dead port 1/2 on $mux $procmux$1621.
    dead port 1/2 on $mux $procmux$1624.
    dead port 1/2 on $mux $procmux$12158.
    dead port 2/2 on $mux $procmux$12160.
    dead port 2/2 on $mux $procmux$12173.
    dead port 2/2 on $mux $procmux$1630.
    dead port 2/2 on $mux $procmux$12100.
    dead port 1/2 on $mux $procmux$1633.
    dead port 1/2 on $mux $procmux$1636.
    dead port 1/2 on $mux $procmux$12176.
    dead port 2/2 on $mux $procmux$1641.
    dead port 2/2 on $mux $procmux$12178.
    dead port 1/2 on $mux $procmux$1644.
    dead port 1/2 on $mux $procmux$1218.
    dead port 2/2 on $mux $procmux$12189.
    dead port 1/2 on $mux $procmux$1647.
    dead port 1/2 on $mux $procmux$12192.
    dead port 2/2 on $mux $procmux$12194.
    dead port 2/2 on $mux $procmux$1652.
    dead port 2/2 on $mux $procmux$12205.
    dead port 1/2 on $mux $procmux$1655.
    dead port 1/2 on $mux $procmux$1658.
    dead port 1/2 on $mux $procmux$12208.
    dead port 2/2 on $mux $procmux$12210.
    dead port 2/2 on $mux $procmux$1663.
    dead port 1/2 on $mux $procmux$1666.
    dead port 2/2 on $mux $procmux$12225.
    dead port 1/2 on $mux $procmux$16679.
    dead port 1/2 on $mux $procmux$16688.
    dead port 1/2 on $mux $procmux$1669.
    dead port 1/2 on $mux $procmux$16697.
    dead port 1/2 on $mux $procmux$16706.
    dead port 1/2 on $mux $procmux$16715.
    dead port 1/2 on $mux $procmux$16724.
    dead port 1/2 on $mux $procmux$16733.
    dead port 2/2 on $mux $procmux$1674.
    dead port 1/2 on $mux $procmux$16742.
    dead port 1/2 on $mux $procmux$16751.
    dead port 1/2 on $mux $procmux$16760.
    dead port 1/2 on $mux $procmux$16769.
    dead port 1/2 on $mux $procmux$1677.
    dead port 1/2 on $mux $procmux$16778.
    dead port 1/2 on $mux $procmux$16787.
    dead port 1/2 on $mux $procmux$16796.
    dead port 1/2 on $mux $procmux$1680.
    dead port 1/2 on $mux $procmux$16805.
    dead port 1/2 on $mux $procmux$16814.
    dead port 1/2 on $mux $procmux$16823.
    dead port 1/2 on $mux $procmux$16832.
    dead port 1/2 on $mux $procmux$16841.
    dead port 2/2 on $mux $procmux$1685.
    dead port 1/2 on $mux $procmux$16850.
    dead port 1/2 on $mux $procmux$16859.
    dead port 1/2 on $mux $procmux$16868.
    dead port 1/2 on $mux $procmux$16877.
    dead port 1/2 on $mux $procmux$1688.
    dead port 1/2 on $mux $procmux$16886.
    dead port 1/2 on $mux $procmux$16895.
    dead port 1/2 on $mux $procmux$16904.
    dead port 1/2 on $mux $procmux$1691.
    dead port 1/2 on $mux $procmux$16913.
    dead port 1/2 on $mux $procmux$16922.
    dead port 1/2 on $mux $procmux$16931.
    dead port 1/2 on $mux $procmux$16940.
    dead port 1/2 on $mux $procmux$16949.
    dead port 2/2 on $mux $procmux$1696.
    dead port 1/3 on $pmux $procmux$16962.
    dead port 3/3 on $pmux $procmux$16962.
    dead port 1/3 on $pmux $procmux$16965.
    dead port 3/3 on $pmux $procmux$16965.
    dead port 1/3 on $pmux $procmux$16968.
    dead port 3/3 on $pmux $procmux$16968.
    dead port 1/5 on $pmux $procmux$16971.
    dead port 2/5 on $pmux $procmux$16971.
    dead port 3/5 on $pmux $procmux$16971.
    dead port 5/5 on $pmux $procmux$16971.
    dead port 1/3 on $pmux $procmux$16976.
    dead port 3/3 on $pmux $procmux$16976.
    dead port 1/2 on $mux $procmux$1699.
    dead port 1/2 on $mux $procmux$1702.
    dead port 2/2 on $mux $procmux$17045.
    dead port 2/2 on $mux $procmux$17047.
    dead port 2/2 on $mux $procmux$17052.
    dead port 2/2 on $mux $procmux$17054.
    dead port 1/2 on $mux $procmux$17063.
    dead port 2/2 on $mux $procmux$17066.
    dead port 2/2 on $mux $procmux$17068.
    dead port 2/2 on $mux $procmux$1707.
    dead port 2/2 on $mux $procmux$17070.
    dead port 2/2 on $mux $procmux$17082.
    dead port 2/2 on $mux $procmux$17084.
    dead port 2/2 on $mux $procmux$17086.
    dead port 2/2 on $mux $procmux$17096.
    dead port 2/2 on $mux $procmux$17099.
    dead port 1/2 on $mux $procmux$1710.
    dead port 2/2 on $mux $procmux$17101.
    dead port 2/2 on $mux $procmux$17103.
    dead port 2/2 on $mux $procmux$17114.
    dead port 2/2 on $mux $procmux$17116.
    dead port 1/2 on $mux $procmux$17126.
    dead port 1/2 on $mux $procmux$17128.
    dead port 1/2 on $mux $procmux$1713.
    dead port 2/2 on $mux $procmux$17130.
    dead port 2/2 on $mux $procmux$17132.
    dead port 1/2 on $mux $procmux$17144.
    dead port 2/2 on $mux $procmux$17146.
    dead port 2/2 on $mux $procmux$17148.
    dead port 2/2 on $mux $procmux$17158.
    dead port 1/2 on $mux $procmux$17160.
    dead port 2/2 on $mux $procmux$17162.
    dead port 2/2 on $mux $procmux$17164.
    dead port 1/2 on $mux $procmux$17175.
    dead port 2/2 on $mux $procmux$17177.
    dead port 2/2 on $mux $procmux$17179.
    dead port 2/2 on $mux $procmux$1718.
    dead port 2/2 on $mux $procmux$17189.
    dead port 2/2 on $mux $procmux$17191.
    dead port 2/2 on $mux $procmux$17198.
    dead port 2/2 on $mux $procmux$17200.
    dead port 1/2 on $mux $procmux$1721.
    dead port 2/2 on $mux $procmux$17210.
    dead port 2/2 on $mux $procmux$17212.
    dead port 2/2 on $mux $procmux$17221.
    dead port 2/2 on $mux $procmux$17223.
    dead port 1/2 on $mux $procmux$17236.
    dead port 2/2 on $mux $procmux$17238.
    dead port 1/2 on $mux $procmux$1724.
    dead port 2/2 on $mux $procmux$17240.
    dead port 2/2 on $mux $procmux$17254.
    dead port 2/2 on $mux $procmux$17256.
    dead port 2/2 on $mux $procmux$17269.
    dead port 2/2 on $mux $procmux$17271.
    dead port 2/2 on $mux $procmux$17285.
    dead port 2/2 on $mux $procmux$1729.
    dead port 2/2 on $mux $procmux$17297.
    dead port 2/2 on $mux $procmux$17304.
    dead port 2/2 on $mux $procmux$17306.
    dead port 2/2 on $mux $procmux$17308.
    dead port 2/2 on $mux $procmux$17319.
    dead port 1/2 on $mux $procmux$1732.
    dead port 2/2 on $mux $procmux$17321.
    dead port 2/2 on $mux $procmux$17323.
    dead port 2/2 on $mux $procmux$17334.
    dead port 2/2 on $mux $procmux$17336.
    dead port 1/2 on $mux $procmux$17346.
    dead port 2/2 on $mux $procmux$17348.
    dead port 1/2 on $mux $procmux$1735.
    dead port 2/2 on $mux $procmux$17350.
    dead port 2/2 on $mux $procmux$17352.
    dead port 2/2 on $mux $procmux$17363.
    dead port 2/2 on $mux $procmux$17365.
    dead port 2/2 on $mux $procmux$17367.
    dead port 2/2 on $mux $procmux$17377.
    dead port 2/2 on $mux $procmux$17379.
    dead port 2/2 on $mux $procmux$17381.
    dead port 2/2 on $mux $procmux$17391.
    dead port 2/2 on $mux $procmux$17393.
    dead port 2/2 on $mux $procmux$1740.
    dead port 1/2 on $mux $procmux$17402.
    dead port 1/2 on $mux $procmux$17405.
    dead port 2/2 on $mux $procmux$17407.
    dead port 2/2 on $mux $procmux$17409.
    dead port 1/2 on $mux $procmux$17420.
    dead port 2/2 on $mux $procmux$17422.
    dead port 2/2 on $mux $procmux$17424.
    dead port 1/2 on $mux $procmux$1743.
    dead port 2/2 on $mux $procmux$17433.
    dead port 2/2 on $mux $procmux$17435.
    dead port 2/2 on $mux $procmux$17445.
    dead port 2/2 on $mux $procmux$17447.
    dead port 2/2 on $mux $procmux$17456.
    dead port 2/2 on $mux $procmux$17458.
    dead port 1/2 on $mux $procmux$1746.
    dead port 2/2 on $mux $procmux$17472.
    dead port 2/2 on $mux $procmux$17482.
    dead port 2/2 on $mux $procmux$17496.
    dead port 2/2 on $mux $procmux$17498.
    dead port 1/2 on $mux $procmux$175.
    dead port 2/2 on $mux $procmux$17506.
    dead port 2/2 on $mux $procmux$17508.
    dead port 2/2 on $mux $procmux$1751.
    dead port 2/2 on $mux $procmux$17517.
    dead port 2/2 on $mux $procmux$17519.
    dead port 2/2 on $mux $procmux$17530.
    dead port 2/2 on $mux $procmux$17532.
    dead port 1/2 on $mux $procmux$1754.
    dead port 2/2 on $mux $procmux$17546.
    dead port 2/2 on $mux $procmux$17548.
    dead port 2/2 on $mux $procmux$17563.
    dead port 1/2 on $mux $procmux$1757.
    dead port 2/2 on $mux $procmux$17575.
    dead port 2/2 on $mux $procmux$17597.
    dead port 2/2 on $mux $procmux$17602.
    dead port 1/2 on $mux $procmux$1002.
    dead port 2/2 on $mux $procmux$17607.
    dead port 1/2 on $mux $procmux$1005.
    dead port 2/2 on $mux $procmux$17612.
    dead port 2/2 on $mux $procmux$17617.
    dead port 1/2 on $mux $procmux$10082.
    dead port 2/2 on $mux $procmux$17623.
    dead port 2/2 on $mux $procmux$17629.
    dead port 2/2 on $mux $procmux$10084.
    dead port 2/2 on $mux $procmux$17635.
    dead port 2/2 on $mux $procmux$17640.
    dead port 2/2 on $mux $procmux$17647.
    dead port 2/2 on $mux $procmux$17654.
    dead port 2/2 on $mux $procmux$17661.
    dead port 1/2 on $mux $procmux$10105.
    dead port 2/2 on $mux $procmux$17668.
    dead port 2/2 on $mux $procmux$10107.
    dead port 2/2 on $mux $procmux$17675.
    dead port 2/2 on $mux $procmux$17682.
    dead port 1/2 on $mux $procmux$1012.
    dead port 2/2 on $mux $procmux$17691.
    dead port 2/2 on $mux $procmux$177.
    dead port 2/2 on $mux $procmux$17700.
    dead port 2/2 on $mux $procmux$17709.
    dead port 1/2 on $mux $procmux$10128.
    dead port 2/2 on $mux $procmux$17717.
    dead port 2/2 on $mux $procmux$10130.
    dead port 2/2 on $mux $procmux$17725.
    dead port 2/2 on $mux $procmux$17727.
    dead port 1/2 on $mux $procmux$10151.
    dead port 2/2 on $mux $procmux$10153.
    dead port 1/2 on $mux $procmux$1774.
    dead port 1/2 on $mux $procmux$10197.
    dead port 2/2 on $mux $procmux$10199.
    dead port 2/2 on $mux $procmux$102.
    dead port 1/2 on $mux $procmux$1021.
    dead port 1/2 on $mux $procmux$10220.
    dead port 2/2 on $mux $procmux$10222.
    dead port 1/2 on $mux $procmux$1024.
    dead port 1/2 on $mux $procmux$1777.
    dead port 1/2 on $mux $procmux$10243.
    dead port 2/2 on $mux $procmux$10245.
    dead port 1/2 on $mux $procmux$17780.
    dead port 1/2 on $mux $procmux$17785.
    dead port 1/2 on $mux $procmux$17810.
    dead port 1/2 on $mux $procmux$17815.
    dead port 2/2 on $mux $procmux$17839.
    dead port 1/2 on $mux $procmux$1784.
    dead port 1/2 on $mux $procmux$17842.
    dead port 1/2 on $mux $procmux$17848.
    dead port 1/2 on $mux $procmux$1787.
    dead port 2/2 on $mux $procmux$17887.
    dead port 1/2 on $mux $procmux$17897.
    dead port 1/3 on $pmux $procmux$17902.
    dead port 1/3 on $pmux $procmux$17906.
    dead port 1/3 on $pmux $procmux$17910.
    dead port 2/2 on $mux $procmux$17919.
    dead port 2/2 on $mux $procmux$17932.
    dead port 2/2 on $mux $procmux$17935.
    dead port 1/2 on $mux $procmux$1794.
    dead port 1/2 on $mux $procmux$17954.
    dead port 1/2 on $mux $procmux$17961.
    dead port 1/2 on $mux $procmux$1797.
    dead port 2/2 on $mux $procmux$17971.
    dead port 2/2 on $mux $procmux$17980.
    dead port 1/2 on $mux $procmux$10266.
    dead port 1/2 on $mux $procmux$17996.
    dead port 1/2 on $mux $procmux$18003.
    dead port 1/2 on $mux $procmux$18005.
    dead port 1/2 on $mux $procmux$18012.
    dead port 2/2 on $mux $procmux$10268.
    dead port 1/2 on $mux $procmux$1804.
    dead port 2/2 on $mux $procmux$18050.
    dead port 2/2 on $mux $procmux$18059.
    dead port 2/2 on $mux $procmux$18068.
    dead port 1/2 on $mux $procmux$1807.
    dead port 2/2 on $mux $procmux$18077.
    dead port 2/2 on $mux $procmux$18086.
    dead port 2/2 on $mux $procmux$18095.
    dead port 2/2 on $mux $procmux$18104.
    dead port 2/2 on $mux $procmux$18113.
    dead port 1/2 on $mux $procmux$1814.
    dead port 1/2 on $mux $procmux$1817.
    dead port 2/2 on $mux $procmux$18179.
    dead port 2/2 on $mux $procmux$18184.
    dead port 1/2 on $mux $procmux$1027.
    dead port 2/2 on $mux $procmux$18190.
    dead port 1/2 on $mux $procmux$1030.
    dead port 2/2 on $mux $procmux$18197.
    dead port 2/2 on $mux $procmux$18204.
    dead port 1/2 on $mux $procmux$10309.
    dead port 2/2 on $mux $procmux$18211.
    dead port 2/2 on $mux $procmux$10311.
    dead port 2/2 on $mux $procmux$18218.
    dead port 2/2 on $mux $procmux$18226.
    dead port 2/2 on $mux $procmux$18235.
    dead port 1/2 on $mux $procmux$1824.
    dead port 2/2 on $mux $procmux$18245.
    dead port 2/2 on $mux $procmux$18256.
    dead port 2/2 on $mux $procmux$18267.
    dead port 1/2 on $mux $procmux$10329.
    dead port 1/2 on $mux $procmux$1827.
    dead port 2/2 on $mux $procmux$18279.
    dead port 2/2 on $mux $procmux$10331.
    dead port 2/2 on $mux $procmux$18292.
    dead port 1/2 on $mux $procmux$10349.
    dead port 2/2 on $mux $procmux$10351.
    dead port 1/2 on $mux $procmux$10369.
    dead port 1/2 on $mux $procmux$1037.
    dead port 2/2 on $mux $procmux$10371.
    dead port 1/2 on $mux $procmux$10389.
    dead port 2/2 on $mux $procmux$10391.
    dead port 1/2 on $mux $procmux$1844.
    dead port 1/2 on $mux $procmux$1040.
    dead port 1/2 on $mux $procmux$10409.
    dead port 1/2 on $mux $procmux$1847.
    dead port 2/2 on $mux $procmux$186.
    dead port 1/2 on $mux $procmux$1864.
    dead port 1/2 on $mux $procmux$1867.
    dead port 2/2 on $mux $procmux$10411.
    dead port 1/2 on $mux $procmux$1884.
    dead port 1/2 on $mux $procmux$1887.
    dead port 1/2 on $mux $procmux$1894.
    dead port 1/2 on $mux $procmux$1897.
    dead port 1/2 on $mux $procmux$1904.
    dead port 1/2 on $mux $procmux$1907.
    dead port 1/2 on $mux $procmux$1914.
    dead port 1/2 on $mux $procmux$1917.
    dead port 1/2 on $mux $procmux$192.
    dead port 1/2 on $mux $procmux$1924.
    dead port 1/2 on $mux $procmux$1927.
    dead port 1/2 on $mux $procmux$1934.
    dead port 1/2 on $mux $procmux$1937.
    dead port 2/2 on $mux $procmux$194.
    dead port 1/2 on $mux $procmux$1944.
    dead port 1/2 on $mux $procmux$1947.
    dead port 1/2 on $mux $procmux$1954.
    dead port 1/2 on $mux $procmux$1957.
    dead port 1/2 on $mux $procmux$10429.
    dead port 1/2 on $mux $procmux$1964.
    dead port 1/2 on $mux $procmux$1967.
    dead port 1/2 on $mux $procmux$1974.
    dead port 1/2 on $mux $procmux$1977.
    dead port 1/2 on $mux $procmux$1984.
    dead port 1/2 on $mux $procmux$1987.
    dead port 1/2 on $mux $procmux$1994.
    dead port 1/2 on $mux $procmux$1997.
    dead port 2/2 on $mux $procmux$200.
    dead port 1/2 on $mux $procmux$2004.
    dead port 1/2 on $mux $procmux$2007.
    dead port 1/2 on $mux $procmux$2014.
    dead port 1/2 on $mux $procmux$2017.
    dead port 1/2 on $mux $procmux$1043.
    dead port 1/2 on $mux $procmux$2024.
    dead port 1/2 on $mux $procmux$2027.
    dead port 1/2 on $mux $procmux$2034.
    dead port 1/2 on $mux $procmux$2037.
    dead port 1/2 on $mux $procmux$2044.
    dead port 1/2 on $mux $procmux$2047.
    dead port 1/2 on $mux $procmux$2054.
    dead port 1/2 on $mux $procmux$2057.
    dead port 1/2 on $mux $procmux$2064.
    dead port 1/2 on $mux $procmux$2067.
    dead port 1/2 on $mux $procmux$207.
    dead port 1/2 on $mux $procmux$2074.
    dead port 1/2 on $mux $procmux$2077.
    dead port 1/2 on $mux $procmux$2084.
    dead port 1/2 on $mux $procmux$2087.
    dead port 2/2 on $mux $procmux$209.
    dead port 1/2 on $mux $procmux$2094.
    dead port 1/2 on $mux $procmux$2097.
    dead port 2/2 on $mux $procmux$10431.
    dead port 1/2 on $mux $procmux$2104.
    dead port 1/2 on $mux $procmux$2107.
    dead port 1/2 on $mux $procmux$2114.
    dead port 1/2 on $mux $procmux$2117.
    dead port 1/2 on $mux $procmux$2124.
    dead port 1/2 on $mux $procmux$2127.
    dead port 1/2 on $mux $procmux$2134.
    dead port 1/2 on $mux $procmux$2137.
    dead port 1/2 on $mux $procmux$2144.
    dead port 1/2 on $mux $procmux$2147.
    dead port 1/2 on $mux $procmux$2154.
    dead port 2/2 on $mux $procmux$216.
    dead port 1/2 on $mux $procmux$2168.
    dead port 1/2 on $mux $procmux$2175.
    dead port 1/2 on $mux $procmux$10449.
    dead port 1/2 on $mux $procmux$2189.
    dead port 1/2 on $mux $procmux$2196.
    dead port 2/2 on $mux $procmux$10451.
    dead port 1/2 on $mux $procmux$2203.
    dead port 1/2 on $mux $procmux$2210.
    dead port 1/2 on $mux $procmux$2217.
    dead port 1/2 on $mux $procmux$2224.
    dead port 1/2 on $mux $procmux$2231.
    dead port 1/2 on $mux $procmux$224.
    dead port 1/2 on $mux $procmux$2245.
    dead port 1/2 on $mux $procmux$2259.
    dead port 2/2 on $mux $procmux$226.
    dead port 1/2 on $mux $procmux$2273.
    dead port 1/2 on $mux $procmux$2280.
    dead port 1/2 on $mux $procmux$2287.
    dead port 1/2 on $mux $procmux$2294.
    dead port 1/2 on $mux $procmux$2301.
    dead port 1/2 on $mux $procmux$2308.
    dead port 1/2 on $mux $procmux$2315.
    dead port 1/2 on $mux $procmux$2322.
    dead port 1/2 on $mux $procmux$2329.
    dead port 1/2 on $mux $procmux$2336.
    dead port 2/2 on $mux $procmux$234.
    dead port 1/2 on $mux $procmux$2343.
    dead port 1/2 on $mux $procmux$2350.
    dead port 1/2 on $mux $procmux$2357.
    dead port 1/2 on $mux $procmux$2364.
    dead port 1/2 on $mux $procmux$2371.
    dead port 1/2 on $mux $procmux$2378.
    dead port 1/2 on $mux $procmux$2385.
    dead port 1/2 on $mux $procmux$10489.
    dead port 1/2 on $mux $procmux$2392.
    dead port 1/2 on $mux $procmux$2399.
    dead port 1/2 on $mux $procmux$2406.
    dead port 1/2 on $mux $procmux$1049.
    dead port 1/2 on $mux $procmux$2413.
    dead port 1/2 on $mux $procmux$2420.
    dead port 1/2 on $mux $procmux$2427.
    dead port 2/2 on $mux $procmux$10491.
    dead port 1/2 on $mux $procmux$2434.
    dead port 1/2 on $mux $procmux$2441.
    dead port 1/2 on $mux $procmux$2448.
    dead port 1/2 on $mux $procmux$2455.
    dead port 1/2 on $mux $procmux$2462.
    dead port 1/2 on $mux $procmux$2469.
    dead port 1/2 on $mux $procmux$2476.
    dead port 1/2 on $mux $procmux$2483.
    dead port 1/2 on $mux $procmux$2490.
    dead port 1/2 on $mux $procmux$2497.
    dead port 1/2 on $mux $procmux$252.
    dead port 2/2 on $mux $procmux$2527.
    dead port 2/2 on $mux $procmux$2529.
    dead port 2/2 on $mux $procmux$2535.
    dead port 2/2 on $mux $procmux$254.
    dead port 2/2 on $mux $procmux$2541.
    dead port 2/2 on $mux $procmux$2547.
    dead port 2/2 on $mux $procmux$2553.
    dead port 2/2 on $mux $procmux$2559.
    dead port 2/2 on $mux $procmux$263.
    dead port 1/2 on $mux $procmux$1052.
    dead port 1/2 on $mux $procmux$10548.
    dead port 1/2 on $mux $procmux$1055.
    dead port 2/2 on $mux $procmux$10550.
    dead port 1/2 on $mux $procmux$10588.
    dead port 1/2 on $mux $procmux$2745.
    dead port 1/2 on $mux $procmux$2748.
    dead port 1/2 on $mux $procmux$2751.
    dead port 1/2 on $mux $procmux$2754.
    dead port 1/2 on $mux $procmux$2757.
    dead port 1/2 on $mux $procmux$2760.
    dead port 1/2 on $mux $procmux$2763.
    dead port 1/2 on $mux $procmux$2766.
    dead port 1/2 on $mux $procmux$2769.
    dead port 1/2 on $mux $procmux$2772.
    dead port 1/2 on $mux $procmux$2775.
    dead port 1/2 on $mux $procmux$2778.
    dead port 1/2 on $mux $procmux$2781.
    dead port 1/2 on $mux $procmux$2784.
    dead port 1/2 on $mux $procmux$2787.
    dead port 1/2 on $mux $procmux$2790.
    dead port 1/2 on $mux $procmux$2793.
    dead port 1/2 on $mux $procmux$2796.
    dead port 1/2 on $mux $procmux$2799.
    dead port 2/2 on $mux $procmux$10590.
    dead port 1/2 on $mux $procmux$2802.
    dead port 1/2 on $mux $procmux$2805.
    dead port 1/2 on $mux $procmux$2808.
    dead port 1/2 on $mux $procmux$2811.
    dead port 1/2 on $mux $procmux$2814.
    dead port 1/2 on $mux $procmux$2817.
    dead port 1/2 on $mux $procmux$2820.
    dead port 1/2 on $mux $procmux$2823.
    dead port 1/2 on $mux $procmux$2826.
    dead port 1/2 on $mux $procmux$2829.
    dead port 1/2 on $mux $procmux$2832.
    dead port 1/2 on $mux $procmux$2835.
    dead port 1/2 on $mux $procmux$2842.
    dead port 1/2 on $mux $procmux$2845.
    dead port 1/2 on $mux $procmux$2848.
    dead port 1/2 on $mux $procmux$2851.
    dead port 1/2 on $mux $procmux$2854.
    dead port 1/2 on $mux $procmux$2857.
    dead port 1/2 on $mux $procmux$2860.
    dead port 1/2 on $mux $procmux$2863.
    dead port 1/2 on $mux $procmux$2866.
    dead port 1/2 on $mux $procmux$2869.
    dead port 1/2 on $mux $procmux$2872.
    dead port 1/2 on $mux $procmux$2875.
    dead port 1/2 on $mux $procmux$2878.
    dead port 1/2 on $mux $procmux$2881.
    dead port 1/2 on $mux $procmux$2884.
    dead port 1/2 on $mux $procmux$2887.
    dead port 1/2 on $mux $procmux$2890.
    dead port 1/2 on $mux $procmux$2893.
    dead port 1/2 on $mux $procmux$2896.
    dead port 1/2 on $mux $procmux$2899.
    dead port 1/2 on $mux $procmux$10608.
    dead port 2/2 on $mux $procmux$290.
    dead port 1/2 on $mux $procmux$2902.
    dead port 1/2 on $mux $procmux$2905.
    dead port 1/2 on $mux $procmux$2908.
    dead port 1/2 on $mux $procmux$2911.
    dead port 1/2 on $mux $procmux$2914.
    dead port 1/2 on $mux $procmux$2917.
    dead port 1/2 on $mux $procmux$2920.
    dead port 1/2 on $mux $procmux$2923.
    dead port 1/2 on $mux $procmux$2926.
    dead port 1/2 on $mux $procmux$2929.
    dead port 1/2 on $mux $procmux$2936.
    dead port 1/2 on $mux $procmux$2939.
    dead port 1/2 on $mux $procmux$2942.
    dead port 1/2 on $mux $procmux$2945.
    dead port 1/2 on $mux $procmux$2948.
    dead port 1/2 on $mux $procmux$2951.
    dead port 1/2 on $mux $procmux$2954.
    dead port 1/2 on $mux $procmux$2957.
    dead port 1/2 on $mux $procmux$2960.
    dead port 1/2 on $mux $procmux$2963.
    dead port 1/2 on $mux $procmux$2966.
    dead port 1/2 on $mux $procmux$2969.
    dead port 2/2 on $mux $procmux$297.
    dead port 1/2 on $mux $procmux$2972.
    dead port 1/2 on $mux $procmux$2975.
    dead port 1/2 on $mux $procmux$2978.
    dead port 1/2 on $mux $procmux$2981.
    dead port 1/2 on $mux $procmux$2984.
    dead port 1/2 on $mux $procmux$2987.
    dead port 1/2 on $mux $procmux$2990.
    dead port 1/2 on $mux $procmux$2993.
    dead port 1/2 on $mux $procmux$2996.
    dead port 1/2 on $mux $procmux$2999.
    dead port 2/2 on $mux $procmux$10610.
    dead port 1/2 on $mux $procmux$3002.
    dead port 1/2 on $mux $procmux$3005.
    dead port 1/2 on $mux $procmux$3008.
    dead port 1/2 on $mux $procmux$3011.
    dead port 1/2 on $mux $procmux$3014.
    dead port 1/2 on $mux $procmux$3017.
    dead port 1/2 on $mux $procmux$3020.
    dead port 1/2 on $mux $procmux$3027.
    dead port 1/2 on $mux $procmux$3030.
    dead port 1/2 on $mux $procmux$3033.
    dead port 1/2 on $mux $procmux$3036.
    dead port 1/2 on $mux $procmux$3039.
    dead port 1/2 on $mux $procmux$10628.
    dead port 1/2 on $mux $procmux$3042.
    dead port 1/2 on $mux $procmux$3045.
    dead port 1/2 on $mux $procmux$3048.
    dead port 2/2 on $mux $procmux$10630.
    dead port 1/2 on $mux $procmux$3051.
    dead port 1/2 on $mux $procmux$3054.
    dead port 1/2 on $mux $procmux$3057.
    dead port 1/2 on $mux $procmux$306.
    dead port 1/2 on $mux $procmux$3060.
    dead port 1/2 on $mux $procmux$3063.
    dead port 1/2 on $mux $procmux$3066.
    dead port 1/2 on $mux $procmux$3069.
    dead port 1/2 on $mux $procmux$3072.
    dead port 1/2 on $mux $procmux$3075.
    dead port 1/2 on $mux $procmux$3078.
    dead port 2/2 on $mux $procmux$308.
    dead port 1/2 on $mux $procmux$3081.
    dead port 1/2 on $mux $procmux$3084.
    dead port 1/2 on $mux $procmux$3087.
    dead port 1/2 on $mux $procmux$3090.
    dead port 1/2 on $mux $procmux$3093.
    dead port 1/2 on $mux $procmux$3096.
    dead port 1/2 on $mux $procmux$3099.
    dead port 1/2 on $mux $procmux$10648.
    dead port 2/2 on $mux $procmux$10650.
    dead port 1/2 on $mux $procmux$3102.
    dead port 1/2 on $mux $procmux$3105.
    dead port 1/2 on $mux $procmux$3108.
    dead port 1/2 on $mux $procmux$3115.
    dead port 1/2 on $mux $procmux$3118.
    dead port 1/2 on $mux $procmux$3121.
    dead port 1/2 on $mux $procmux$3124.
    dead port 1/2 on $mux $procmux$3127.
    dead port 1/2 on $mux $procmux$3130.
    dead port 1/2 on $mux $procmux$3133.
    dead port 1/2 on $mux $procmux$3136.
    dead port 1/2 on $mux $procmux$3139.
    dead port 1/2 on $mux $procmux$3142.
    dead port 1/2 on $mux $procmux$3145.
    dead port 1/2 on $mux $procmux$3148.
    dead port 1/2 on $mux $procmux$3151.
    dead port 1/2 on $mux $procmux$3154.
    dead port 1/2 on $mux $procmux$3157.
    dead port 1/2 on $mux $procmux$3160.
    dead port 1/2 on $mux $procmux$3163.
    dead port 1/2 on $mux $procmux$3166.
    dead port 1/2 on $mux $procmux$3169.
    dead port 1/2 on $mux $procmux$3172.
    dead port 1/2 on $mux $procmux$3175.
    dead port 1/2 on $mux $procmux$3178.
    dead port 1/2 on $mux $procmux$3181.
    dead port 1/2 on $mux $procmux$3184.
    dead port 1/2 on $mux $procmux$3187.
    dead port 1/2 on $mux $procmux$3190.
    dead port 1/2 on $mux $procmux$3193.
    dead port 1/2 on $mux $procmux$3200.
    dead port 1/2 on $mux $procmux$3203.
    dead port 1/2 on $mux $procmux$3206.
    dead port 1/2 on $mux $procmux$3209.
    dead port 1/2 on $mux $procmux$10707.
    dead port 1/2 on $mux $procmux$3212.
    dead port 1/2 on $mux $procmux$3215.
    dead port 1/2 on $mux $procmux$3218.
    dead port 2/2 on $mux $procmux$10709.
    dead port 1/2 on $mux $procmux$3221.
    dead port 1/2 on $mux $procmux$3224.
    dead port 1/2 on $mux $procmux$3227.
    dead port 1/2 on $mux $procmux$3230.
    dead port 1/2 on $mux $procmux$3233.
    dead port 1/2 on $mux $procmux$3236.
    dead port 1/2 on $mux $procmux$3239.
    dead port 1/2 on $mux $procmux$10727.
    dead port 1/2 on $mux $procmux$3242.
    dead port 1/2 on $mux $procmux$3245.
    dead port 1/2 on $mux $procmux$3248.
    dead port 2/2 on $mux $procmux$325.
    dead port 1/2 on $mux $procmux$3251.
    dead port 1/2 on $mux $procmux$3254.
    dead port 1/2 on $mux $procmux$3257.
    dead port 1/2 on $mux $procmux$3260.
    dead port 1/2 on $mux $procmux$3263.
    dead port 1/2 on $mux $procmux$3266.
    dead port 1/2 on $mux $procmux$3269.
    dead port 2/2 on $mux $procmux$327.
    dead port 1/2 on $mux $procmux$3272.
    dead port 1/2 on $mux $procmux$3275.
    dead port 1/2 on $mux $procmux$3282.
    dead port 1/2 on $mux $procmux$3285.
    dead port 1/2 on $mux $procmux$3288.
    dead port 2/2 on $mux $procmux$10729.
    dead port 1/2 on $mux $procmux$3291.
    dead port 1/2 on $mux $procmux$3294.
    dead port 1/2 on $mux $procmux$3297.
    dead port 1/2 on $mux $procmux$1073.
    dead port 1/2 on $mux $procmux$3300.
    dead port 1/2 on $mux $procmux$3303.
    dead port 1/2 on $mux $procmux$3306.
    dead port 1/2 on $mux $procmux$3309.
    dead port 1/2 on $mux $procmux$3312.
    dead port 1/2 on $mux $procmux$3315.
    dead port 1/2 on $mux $procmux$3318.
    dead port 1/2 on $mux $procmux$3321.
    dead port 1/2 on $mux $procmux$3324.
    dead port 1/2 on $mux $procmux$3327.
    dead port 1/2 on $mux $procmux$3330.
    dead port 1/2 on $mux $procmux$3333.
    dead port 1/2 on $mux $procmux$3336.
    dead port 1/2 on $mux $procmux$3339.
    dead port 1/2 on $mux $procmux$3342.
    dead port 1/2 on $mux $procmux$3345.
    dead port 1/2 on $mux $procmux$3348.
    dead port 1/2 on $mux $procmux$3351.
    dead port 1/2 on $mux $procmux$3354.
    dead port 2/2 on $mux $procmux$336.
    dead port 1/2 on $mux $procmux$3361.
    dead port 1/2 on $mux $procmux$3364.
    dead port 1/2 on $mux $procmux$3367.
    dead port 1/2 on $mux $procmux$3370.
    dead port 1/2 on $mux $procmux$3373.
    dead port 1/2 on $mux $procmux$3376.
    dead port 1/2 on $mux $procmux$3379.
    dead port 1/2 on $mux $procmux$3382.
    dead port 1/2 on $mux $procmux$3385.
    dead port 1/2 on $mux $procmux$3388.
    dead port 1/2 on $mux $procmux$3391.
    dead port 1/2 on $mux $procmux$3394.
    dead port 1/2 on $mux $procmux$3397.
    dead port 1/2 on $mux $procmux$3400.
    dead port 1/2 on $mux $procmux$3403.
    dead port 1/2 on $mux $procmux$3406.
    dead port 1/2 on $mux $procmux$3409.
    dead port 1/2 on $mux $procmux$3412.
    dead port 1/2 on $mux $procmux$3415.
    dead port 1/2 on $mux $procmux$3418.
    dead port 1/2 on $mux $procmux$3421.
    dead port 1/2 on $mux $procmux$3424.
    dead port 1/2 on $mux $procmux$3427.
    dead port 1/2 on $mux $procmux$10747.
    dead port 1/2 on $mux $procmux$3430.
    dead port 1/2 on $mux $procmux$3437.
    dead port 2/2 on $mux $procmux$10749.
    dead port 1/2 on $mux $procmux$3440.
    dead port 1/2 on $mux $procmux$3443.
    dead port 1/2 on $mux $procmux$3446.
    dead port 1/2 on $mux $procmux$3449.
    dead port 1/2 on $mux $procmux$3452.
    dead port 1/2 on $mux $procmux$3455.
    dead port 1/2 on $mux $procmux$3458.
    dead port 1/2 on $mux $procmux$1076.
    dead port 1/2 on $mux $procmux$346.
    dead port 1/2 on $mux $procmux$3461.
    dead port 1/2 on $mux $procmux$3464.
    dead port 1/2 on $mux $procmux$3467.
    dead port 1/2 on $mux $procmux$3470.
    dead port 1/2 on $mux $procmux$3473.
    dead port 1/2 on $mux $procmux$3476.
    dead port 1/2 on $mux $procmux$3479.
    dead port 2/2 on $mux $procmux$348.
    dead port 1/2 on $mux $procmux$3482.
    dead port 1/2 on $mux $procmux$3485.
    dead port 1/2 on $mux $procmux$3488.
    dead port 1/2 on $mux $procmux$3491.
    dead port 1/2 on $mux $procmux$3494.
    dead port 1/2 on $mux $procmux$3497.
    dead port 1/2 on $mux $procmux$10767.
    dead port 2/2 on $mux $procmux$10769.
    dead port 1/2 on $mux $procmux$3500.
    dead port 1/2 on $mux $procmux$3503.
    dead port 1/2 on $mux $procmux$3510.
    dead port 1/2 on $mux $procmux$3513.
    dead port 1/2 on $mux $procmux$3516.
    dead port 1/2 on $mux $procmux$3519.
    dead port 1/2 on $mux $procmux$3522.
    dead port 1/2 on $mux $procmux$3525.
    dead port 1/2 on $mux $procmux$3528.
    dead port 1/2 on $mux $procmux$353.
    dead port 1/2 on $mux $procmux$3531.
    dead port 1/2 on $mux $procmux$3534.
    dead port 1/2 on $mux $procmux$3537.
    dead port 1/2 on $mux $procmux$3540.
    dead port 1/2 on $mux $procmux$3543.
    dead port 1/2 on $mux $procmux$3546.
    dead port 1/2 on $mux $procmux$3549.
    dead port 1/2 on $mux $procmux$3552.
    dead port 1/2 on $mux $procmux$3555.
    dead port 1/2 on $mux $procmux$3558.
    dead port 1/2 on $mux $procmux$3561.
    dead port 1/2 on $mux $procmux$3564.
    dead port 1/2 on $mux $procmux$3567.
    dead port 1/2 on $mux $procmux$3570.
    dead port 1/2 on $mux $procmux$3573.
    dead port 1/2 on $mux $procmux$3580.
    dead port 1/2 on $mux $procmux$3583.
    dead port 1/2 on $mux $procmux$3586.
    dead port 1/2 on $mux $procmux$3589.
    dead port 1/2 on $mux $procmux$3592.
    dead port 1/2 on $mux $procmux$3595.
    dead port 1/2 on $mux $procmux$3598.
    dead port 1/2 on $mux $procmux$3601.
    dead port 1/2 on $mux $procmux$3604.
    dead port 1/2 on $mux $procmux$3607.
    dead port 1/2 on $mux $procmux$3610.
    dead port 1/2 on $mux $procmux$3613.
    dead port 1/2 on $mux $procmux$3616.
    dead port 1/2 on $mux $procmux$3619.
    dead port 1/2 on $mux $procmux$3622.
    dead port 1/2 on $mux $procmux$3625.
    dead port 1/2 on $mux $procmux$3628.
    dead port 2/2 on $mux $procmux$363.
    dead port 1/2 on $mux $procmux$3631.
    dead port 1/2 on $mux $procmux$3634.
    dead port 1/2 on $mux $procmux$3637.
    dead port 1/2 on $mux $procmux$3640.
    dead port 1/2 on $mux $procmux$3647.
    dead port 1/2 on $mux $procmux$3650.
    dead port 1/2 on $mux $procmux$3653.
    dead port 1/2 on $mux $procmux$3656.
    dead port 1/2 on $mux $procmux$3659.
    dead port 1/2 on $mux $procmux$3662.
    dead port 1/2 on $mux $procmux$3665.
    dead port 1/2 on $mux $procmux$3668.
    dead port 1/2 on $mux $procmux$3671.
    dead port 1/2 on $mux $procmux$3674.
    dead port 1/2 on $mux $procmux$3677.
    dead port 1/2 on $mux $procmux$3680.
    dead port 1/2 on $mux $procmux$3683.
    dead port 1/2 on $mux $procmux$3686.
    dead port 1/2 on $mux $procmux$3689.
    dead port 1/2 on $mux $procmux$3692.
    dead port 1/2 on $mux $procmux$3695.
    dead port 1/2 on $mux $procmux$3698.
    dead port 1/2 on $mux $procmux$1079.
    dead port 1/2 on $mux $procmux$3701.
    dead port 1/2 on $mux $procmux$3704.
    dead port 1/2 on $mux $procmux$3711.
    dead port 1/2 on $mux $procmux$3714.
    dead port 1/2 on $mux $procmux$3717.
    dead port 1/2 on $mux $procmux$3720.
    dead port 1/2 on $mux $procmux$3723.
    dead port 1/2 on $mux $procmux$3726.
    dead port 1/2 on $mux $procmux$3729.
    dead port 1/2 on $mux $procmux$3732.
    dead port 1/2 on $mux $procmux$3735.
    dead port 1/2 on $mux $procmux$3738.
    dead port 2/2 on $mux $procmux$374.
    dead port 1/2 on $mux $procmux$3741.
    dead port 1/2 on $mux $procmux$3744.
    dead port 1/2 on $mux $procmux$3747.
    dead port 1/2 on $mux $procmux$3750.
    dead port 1/2 on $mux $procmux$3753.
    dead port 1/2 on $mux $procmux$3756.
    dead port 1/2 on $mux $procmux$3759.
    dead port 1/2 on $mux $procmux$3762.
    dead port 1/2 on $mux $procmux$3765.
    dead port 1/2 on $mux $procmux$3772.
    dead port 1/2 on $mux $procmux$3775.
    dead port 1/2 on $mux $procmux$3778.
    dead port 1/2 on $mux $procmux$3781.
    dead port 1/2 on $mux $procmux$3784.
    dead port 1/2 on $mux $procmux$3787.
    dead port 1/2 on $mux $procmux$3790.
    dead port 1/2 on $mux $procmux$3793.
    dead port 1/2 on $mux $procmux$3796.
    dead port 1/2 on $mux $procmux$3799.
    dead port 1/2 on $mux $procmux$3802.
    dead port 1/2 on $mux $procmux$3805.
    dead port 1/2 on $mux $procmux$3808.
    dead port 2/2 on $mux $procmux$381.
    dead port 1/2 on $mux $procmux$3811.
    dead port 1/2 on $mux $procmux$3814.
    dead port 1/2 on $mux $procmux$3817.
    dead port 1/2 on $mux $procmux$3820.
    dead port 1/2 on $mux $procmux$3823.
    dead port 2/2 on $mux $procmux$383.
    dead port 1/2 on $mux $procmux$3830.
    dead port 1/2 on $mux $procmux$3833.
    dead port 1/2 on $mux $procmux$3836.
    dead port 1/2 on $mux $procmux$3839.
    dead port 1/2 on $mux $procmux$3842.
    dead port 1/2 on $mux $procmux$3845.
    dead port 1/2 on $mux $procmux$3848.
    dead port 2/2 on $mux $procmux$10806.
    dead port 1/2 on $mux $procmux$3851.
    dead port 1/2 on $mux $procmux$3854.
    dead port 1/2 on $mux $procmux$3857.
    dead port 1/2 on $mux $procmux$3860.
    dead port 1/2 on $mux $procmux$3863.
    dead port 1/2 on $mux $procmux$3866.
    dead port 1/2 on $mux $procmux$3869.
    dead port 1/2 on $mux $procmux$3872.
    dead port 1/2 on $mux $procmux$3875.
    dead port 1/2 on $mux $procmux$3878.
    dead port 1/2 on $mux $procmux$3885.
    dead port 1/2 on $mux $procmux$3888.
    dead port 1/2 on $mux $procmux$3891.
    dead port 1/2 on $mux $procmux$3894.
    dead port 1/2 on $mux $procmux$3897.
    dead port 1/2 on $mux $procmux$3900.
    dead port 1/2 on $mux $procmux$3903.
    dead port 1/2 on $mux $procmux$3906.
    dead port 1/2 on $mux $procmux$3909.
    dead port 1/2 on $mux $procmux$3912.
    dead port 1/2 on $mux $procmux$3915.
    dead port 1/2 on $mux $procmux$3918.
    dead port 2/2 on $mux $procmux$10823.
    dead port 1/2 on $mux $procmux$3921.
    dead port 1/2 on $mux $procmux$3924.
    dead port 1/2 on $mux $procmux$3927.
    dead port 1/2 on $mux $procmux$3930.
    dead port 1/2 on $mux $procmux$3937.
    dead port 1/2 on $mux $procmux$3940.
    dead port 1/2 on $mux $procmux$3943.
    dead port 1/2 on $mux $procmux$3946.
    dead port 1/2 on $mux $procmux$3949.
    dead port 1/2 on $mux $procmux$395.
    dead port 1/2 on $mux $procmux$3952.
    dead port 1/2 on $mux $procmux$3955.
    dead port 1/2 on $mux $procmux$3958.
    dead port 1/2 on $mux $procmux$3961.
    dead port 1/2 on $mux $procmux$3964.
    dead port 1/2 on $mux $procmux$3967.
    dead port 1/2 on $mux $procmux$3970.
    dead port 1/2 on $mux $procmux$3973.
    dead port 1/2 on $mux $procmux$3976.
    dead port 1/2 on $mux $procmux$3979.
    dead port 1/2 on $mux $procmux$3986.
    dead port 1/2 on $mux $procmux$3989.
    dead port 1/2 on $mux $procmux$3992.
    dead port 1/2 on $mux $procmux$3995.
    dead port 1/2 on $mux $procmux$3998.
    dead port 1/2 on $mux $procmux$4001.
    dead port 1/2 on $mux $procmux$4004.
    dead port 1/2 on $mux $procmux$4007.
    dead port 1/2 on $mux $procmux$4010.
    dead port 1/2 on $mux $procmux$4013.
    dead port 1/2 on $mux $procmux$4016.
    dead port 1/2 on $mux $procmux$4019.
    dead port 1/2 on $mux $procmux$4022.
    dead port 1/2 on $mux $procmux$4025.
    dead port 2/2 on $mux $procmux$403.
    dead port 1/2 on $mux $procmux$4032.
    dead port 1/2 on $mux $procmux$4035.
    dead port 1/2 on $mux $procmux$4038.
    dead port 1/2 on $mux $procmux$4041.
    dead port 1/2 on $mux $procmux$4044.
    dead port 1/2 on $mux $procmux$4047.
    dead port 1/2 on $mux $procmux$4050.
    dead port 1/2 on $mux $procmux$4053.
    dead port 1/2 on $mux $procmux$4056.
    dead port 1/2 on $mux $procmux$4059.
    dead port 1/2 on $mux $procmux$4062.
    dead port 1/2 on $mux $procmux$4065.
    dead port 1/2 on $mux $procmux$4068.
    dead port 1/2 on $mux $procmux$4075.
    dead port 1/2 on $mux $procmux$4078.
    dead port 1/2 on $mux $procmux$4081.
    dead port 1/2 on $mux $procmux$4084.
    dead port 1/2 on $mux $procmux$4087.
    dead port 1/2 on $mux $procmux$4090.
    dead port 1/2 on $mux $procmux$4093.
    dead port 1/2 on $mux $procmux$4096.
    dead port 1/2 on $mux $procmux$4099.
    dead port 1/2 on $mux $procmux$4102.
    dead port 1/2 on $mux $procmux$4105.
    dead port 1/2 on $mux $procmux$4108.
    dead port 2/2 on $mux $procmux$411.
    dead port 1/2 on $mux $procmux$4115.
    dead port 1/2 on $mux $procmux$4118.
    dead port 1/2 on $mux $procmux$4121.
    dead port 1/2 on $mux $procmux$4124.
    dead port 1/2 on $mux $procmux$4127.
    dead port 1/2 on $mux $procmux$4130.
    dead port 1/2 on $mux $procmux$4133.
    dead port 1/2 on $mux $procmux$4136.
    dead port 1/2 on $mux $procmux$4139.
    dead port 1/2 on $mux $procmux$4142.
    dead port 1/2 on $mux $procmux$4145.
    dead port 1/2 on $mux $procmux$4152.
    dead port 1/2 on $mux $procmux$4155.
    dead port 1/2 on $mux $procmux$4158.
    dead port 1/2 on $mux $procmux$4161.
    dead port 1/2 on $mux $procmux$4164.
    dead port 1/2 on $mux $procmux$4167.
    dead port 1/2 on $mux $procmux$4170.
    dead port 1/2 on $mux $procmux$4173.
    dead port 1/2 on $mux $procmux$4176.
    dead port 1/2 on $mux $procmux$4179.
    dead port 1/2 on $mux $procmux$4186.
    dead port 1/2 on $mux $procmux$4189.
    dead port 2/2 on $mux $procmux$419.
    dead port 1/2 on $mux $procmux$4192.
    dead port 1/2 on $mux $procmux$4195.
    dead port 1/2 on $mux $procmux$4198.
    dead port 1/2 on $mux $procmux$4201.
    dead port 1/2 on $mux $procmux$4204.
    dead port 1/2 on $mux $procmux$4207.
    dead port 1/2 on $mux $procmux$4210.
    dead port 1/2 on $mux $procmux$4217.
    dead port 1/2 on $mux $procmux$4220.
    dead port 1/2 on $mux $procmux$4223.
    dead port 1/2 on $mux $procmux$4226.
    dead port 1/2 on $mux $procmux$4229.
    dead port 1/2 on $mux $procmux$4232.
    dead port 1/2 on $mux $procmux$4235.
    dead port 1/2 on $mux $procmux$4238.
    dead port 2/2 on $mux $procmux$10840.
    dead port 1/2 on $mux $procmux$4245.
    dead port 1/2 on $mux $procmux$4248.
    dead port 1/2 on $mux $procmux$4251.
    dead port 1/2 on $mux $procmux$4254.
    dead port 1/2 on $mux $procmux$4257.
    dead port 1/2 on $mux $procmux$4260.
    dead port 1/2 on $mux $procmux$4263.
    dead port 1/2 on $mux $procmux$4270.
    dead port 1/2 on $mux $procmux$4273.
    dead port 1/2 on $mux $procmux$4276.
    dead port 1/2 on $mux $procmux$4279.
    dead port 1/2 on $mux $procmux$4282.
    dead port 1/2 on $mux $procmux$4285.
    dead port 1/2 on $mux $procmux$4292.
    dead port 1/2 on $mux $procmux$4295.
    dead port 1/2 on $mux $procmux$4298.
    dead port 1/2 on $mux $procmux$4301.
    dead port 1/2 on $mux $procmux$4304.
    dead port 1/2 on $mux $procmux$4311.
    dead port 1/2 on $mux $procmux$4314.
    dead port 1/2 on $mux $procmux$4317.
    dead port 1/2 on $mux $procmux$1085.
    dead port 1/2 on $mux $procmux$4320.
    dead port 1/2 on $mux $procmux$4327.
    dead port 1/2 on $mux $procmux$4330.
    dead port 1/2 on $mux $procmux$4333.
    dead port 1/2 on $mux $procmux$4340.
    dead port 1/2 on $mux $procmux$4343.
    dead port 1/2 on $mux $procmux$4350.
    dead port 2/2 on $mux $procmux$4364.
    dead port 2/2 on $mux $procmux$10857.
    dead port 2/2 on $mux $procmux$4370.
    dead port 2/2 on $mux $procmux$4386.
    dead port 2/2 on $mux $procmux$4388.
    dead port 2/2 on $mux $procmux$10874.
    dead port 2/2 on $mux $procmux$4396.
    dead port 1/2 on $mux $procmux$1088.
    dead port 1/2 on $mux $procmux$4406.
    dead port 1/2 on $mux $procmux$4415.
    dead port 2/2 on $mux $procmux$4433.
    dead port 2/2 on $mux $procmux$4438.
    dead port 2/2 on $mux $procmux$4442.
    dead port 2/2 on $mux $procmux$4459.
    dead port 2/2 on $mux $procmux$4464.
    dead port 2/2 on $mux $procmux$4468.
    dead port 2/2 on $mux $procmux$4504.
    dead port 2/2 on $mux $procmux$4511.
    dead port 2/2 on $mux $procmux$4517.
    dead port 2/2 on $mux $procmux$10908.
    dead port 2/2 on $mux $procmux$4523.
    dead port 1/2 on $mux $procmux$1091.
    dead port 2/2 on $mux $procmux$4529.
    dead port 2/2 on $mux $procmux$10925.
    dead port 1/2 on $mux $procmux$4542.
    dead port 2/2 on $mux $procmux$4544.
    dead port 2/2 on $mux $procmux$4552.
    dead port 1/2 on $mux $procmux$4560.
    dead port 1/2 on $mux $procmux$4563.
    dead port 1/2 on $mux $procmux$4565.
    dead port 2/2 on $mux $procmux$4567.
    dead port 2/2 on $mux $procmux$10959.
    dead port 1/2 on $mux $procmux$4577.
    dead port 1/2 on $mux $procmux$4579.
    dead port 1/2 on $mux $procmux$1097.
    dead port 2/2 on $mux $procmux$4581.
    dead port 1/2 on $mux $procmux$4590.
    dead port 2/2 on $mux $procmux$4592.
    dead port 2/2 on $mux $procmux$10976.
    dead port 2/2 on $mux $procmux$4600.
    dead port 2/2 on $mux $procmux$4616.
    dead port 2/2 on $mux $procmux$10993.
    dead port 2/2 on $mux $procmux$4624.
    dead port 1/2 on $mux $procmux$1100.
    dead port 2/2 on $mux $procmux$4632.
    dead port 2/2 on $mux $procmux$4640.
    dead port 2/2 on $mux $procmux$11027.
    dead port 2/2 on $mux $procmux$4650.
    dead port 1/2 on $mux $procmux$1103.
    dead port 2/2 on $mux $procmux$4660.
    dead port 2/2 on $mux $procmux$11044.
    dead port 2/2 on $mux $procmux$4672.
    dead port 2/2 on $mux $procmux$4684.
    dead port 2/2 on $mux $procmux$4696.
    dead port 2/2 on $mux $procmux$11078.
    dead port 2/2 on $mux $procmux$4709.
    dead port 1/2 on $mux $procmux$4712.
    dead port 1/2 on $mux $procmux$4715.
    dead port 1/2 on $mux $procmux$4718.
    dead port 1/2 on $mux $procmux$1109.
    dead port 2/2 on $mux $procmux$4720.
    dead port 2/2 on $mux $procmux$4733.
    dead port 1/2 on $mux $procmux$4736.
    dead port 1/2 on $mux $procmux$4739.
    dead port 1/2 on $mux $procmux$4742.
    dead port 2/2 on $mux $procmux$4744.
    dead port 2/2 on $mux $procmux$11095.
    dead port 2/2 on $mux $procmux$11112.
    dead port 1/2 on $mux $procmux$1112.
    dead port 2/2 on $mux $procmux$4783.
    dead port 1/2 on $mux $procmux$4786.
    dead port 1/2 on $mux $procmux$4789.
    dead port 2/2 on $mux $procmux$11129.
    dead port 1/2 on $mux $procmux$4792.
    dead port 2/2 on $mux $procmux$4794.
    dead port 1/2 on $mux $procmux$1115.
    dead port 2/2 on $mux $procmux$4808.
    dead port 1/2 on $mux $procmux$4811.
    dead port 1/2 on $mux $procmux$4814.
    dead port 1/2 on $mux $procmux$4817.
    dead port 2/2 on $mux $procmux$4819.
    dead port 2/2 on $mux $procmux$11180.
    dead port 2/2 on $mux $procmux$4856.
    dead port 1/2 on $mux $procmux$4859.
    dead port 2/2 on $mux $procmux$11197.
    dead port 1/2 on $mux $procmux$4862.
    dead port 1/2 on $mux $procmux$4865.
    dead port 2/2 on $mux $procmux$4867.
    dead port 1/2 on $mux $procmux$1121.
    dead port 2/2 on $mux $procmux$11231.
    dead port 2/2 on $mux $procmux$11233.
    dead port 1/2 on $mux $procmux$1124.
    dead port 2/2 on $mux $procmux$11250.
    dead port 2/2 on $mux $procmux$11267.
    dead port 2/2 on $mux $procmux$4880.
    dead port 1/2 on $mux $procmux$4883.
    dead port 1/2 on $mux $procmux$4886.
    dead port 1/2 on $mux $procmux$4889.
    dead port 2/2 on $mux $procmux$4891.
    dead port 1/2 on $mux $procmux$1127.
    dead port 2/2 on $mux $procmux$4908.
    dead port 1/2 on $mux $procmux$4911.
    dead port 1/2 on $mux $procmux$4914.
    dead port 1/2 on $mux $procmux$4917.
    dead port 2/2 on $mux $procmux$4919.
    dead port 2/2 on $mux $procmux$4937.
    dead port 1/2 on $mux $procmux$4940.
    dead port 1/2 on $mux $procmux$4943.
    dead port 1/2 on $mux $procmux$4946.
    dead port 2/2 on $mux $procmux$4948.
    dead port 2/2 on $mux $procmux$11284.
    dead port 1/2 on $mux $procmux$4962.
    dead port 1/2 on $mux $procmux$4965.
    dead port 1/2 on $mux $procmux$4968.
    dead port 2/2 on $mux $procmux$4970.
    dead port 1/2 on $mux $procmux$4991.
    dead port 1/2 on $mux $procmux$4994.
    dead port 1/2 on $mux $procmux$4997.
    dead port 2/2 on $mux $procmux$4999.
    dead port 1/2 on $mux $procmux$50.
    dead port 1/2 on $mux $procmux$500.
    dead port 1/2 on $mux $procmux$505.
    dead port 1/2 on $mux $procmux$5063.
    dead port 1/2 on $mux $procmux$5066.
    dead port 1/2 on $mux $procmux$5069.
    dead port 2/2 on $mux $procmux$5071.
    dead port 1/2 on $mux $procmux$508.
    dead port 1/2 on $mux $procmux$5114.
    dead port 1/2 on $mux $procmux$5117.
    dead port 1/2 on $mux $procmux$5120.
    dead port 2/2 on $mux $procmux$5122.
    dead port 2/2 on $mux $procmux$11318.
    dead port 1/2 on $mux $procmux$5143.
    dead port 1/2 on $mux $procmux$5146.
    dead port 1/2 on $mux $procmux$5149.
    dead port 1/2 on $mux $procmux$515.
    dead port 2/2 on $mux $procmux$5151.
    dead port 1/2 on $mux $procmux$5169.
    dead port 1/2 on $mux $procmux$5172.
    dead port 1/2 on $mux $procmux$5175.
    dead port 2/2 on $mux $procmux$5177.
    dead port 1/2 on $mux $procmux$1133.
    dead port 1/2 on $mux $procmux$5195.
    dead port 1/2 on $mux $procmux$5198.
    dead port 1/2 on $mux $procmux$5201.
    dead port 2/2 on $mux $procmux$5203.
    dead port 1/2 on $mux $procmux$5217.
    dead port 1/2 on $mux $procmux$5220.
    dead port 2/2 on $mux $procmux$5222.
    dead port 2/2 on $mux $procmux$11335.
    dead port 2/2 on $mux $procmux$523.
    dead port 1/2 on $mux $procmux$5236.
    dead port 1/2 on $mux $procmux$5239.
    dead port 2/2 on $mux $procmux$5241.
    dead port 1/2 on $mux $procmux$5255.
    dead port 1/2 on $mux $procmux$5258.
    dead port 2/2 on $mux $procmux$5260.
    dead port 1/2 on $mux $procmux$5274.
    dead port 1/2 on $mux $procmux$5277.
    dead port 2/2 on $mux $procmux$5279.
    dead port 2/2 on $mux $procmux$528.
    dead port 2/2 on $mux $procmux$11352.
    dead port 1/2 on $mux $procmux$5293.
    dead port 1/2 on $mux $procmux$5296.
    dead port 2/2 on $mux $procmux$5298.
    dead port 2/2 on $mux $procmux$5309.
    dead port 1/2 on $mux $procmux$5312.
    dead port 1/2 on $mux $procmux$5315.
    dead port 2/2 on $mux $procmux$5317.
    dead port 1/2 on $mux $procmux$1136.
    dead port 1/2 on $mux $procmux$5330.
    dead port 1/2 on $mux $procmux$5333.
    dead port 2/2 on $mux $procmux$5335.
    dead port 2/2 on $mux $procmux$534.
    dead port 1/2 on $mux $procmux$5348.
    dead port 1/2 on $mux $procmux$5351.
    dead port 2/2 on $mux $procmux$5353.
    dead port 2/2 on $mux $procmux$11369.
    dead port 2/2 on $mux $procmux$540.
    dead port 1/2 on $mux $procmux$5402.
    dead port 1/2 on $mux $procmux$5405.
    dead port 2/2 on $mux $procmux$5407.
    dead port 1/2 on $mux $procmux$5438.
    dead port 2/2 on $mux $procmux$5440.
    dead port 2/2 on $mux $procmux$11386.
    dead port 1/2 on $mux $procmux$5453.
    dead port 2/2 on $mux $procmux$5455.
    dead port 2/2 on $mux $procmux$546.
    dead port 1/2 on $mux $procmux$5468.
    dead port 2/2 on $mux $procmux$5470.
    dead port 1/2 on $mux $procmux$1139.
    dead port 1/2 on $mux $procmux$5483.
    dead port 2/2 on $mux $procmux$5485.
    dead port 2/2 on $mux $procmux$11403.
    dead port 1/2 on $mux $procmux$5498.
    dead port 1/2 on $mux $procmux$55.
    dead port 2/2 on $mux $procmux$5500.
    dead port 1/2 on $mux $procmux$5513.
    dead port 2/2 on $mux $procmux$5515.
    dead port 2/2 on $mux $procmux$11419.
    dead port 2/2 on $mux $procmux$552.
    dead port 1/2 on $mux $procmux$5528.
    dead port 2/2 on $mux $procmux$5530.
    dead port 1/2 on $mux $procmux$5573.
    dead port 2/2 on $mux $procmux$5575.
    dead port 2/2 on $mux $procmux$558.
    dead port 1/2 on $mux $procmux$5587.
    dead port 2/2 on $mux $procmux$5589.
    dead port 2/2 on $mux $procmux$11436.
    dead port 2/2 on $mux $procmux$5616.
    dead port 1/2 on $mux $procmux$1145.
    dead port 2/2 on $mux $procmux$5628.
    dead port 2/2 on $mux $procmux$11453.
    dead port 2/2 on $mux $procmux$5640.
    dead port 2/2 on $mux $procmux$5652.
    dead port 2/2 on $mux $procmux$11472.
    dead port 2/2 on $mux $procmux$5664.
    dead port 2/2 on $mux $procmux$11474.
    dead port 2/2 on $mux $procmux$5676.
    dead port 1/2 on $mux $procmux$1148.
    dead port 2/2 on $mux $procmux$5688.
    dead port 2/2 on $mux $procmux$5700.
    dead port 2/2 on $mux $procmux$11493.
    dead port 2/2 on $mux $procmux$11495.
    dead port 2/2 on $mux $procmux$5736.
    dead port 1/2 on $mux $procmux$115.
    dead port 1/2 on $mux $procmux$5764.
    dead port 2/2 on $mux $procmux$5766.
    dead port 2/2 on $mux $procmux$5771.
    dead port 1/2 on $mux $procmux$1151.
    dead port 1/2 on $mux $procmux$5787.
    dead port 2/2 on $mux $procmux$5789.
    dead port 2/2 on $mux $procmux$5794.
    dead port 2/2 on $mux $procmux$11514.
    dead port 1/2 on $mux $procmux$58.
    dead port 2/2 on $mux $procmux$5832.
    dead port 2/2 on $mux $procmux$5837.
    dead port 2/2 on $mux $procmux$5852.
    dead port 2/2 on $mux $procmux$5857.
    dead port 2/2 on $mux $procmux$11533.
    dead port 2/2 on $mux $procmux$5894.
    dead port 2/2 on $mux $procmux$11551.
    dead port 2/2 on $mux $procmux$5911.
    dead port 2/2 on $mux $procmux$5928.
    dead port 1/2 on $mux $procmux$1157.
    dead port 2/2 on $mux $procmux$5960.
    dead port 2/2 on $mux $procmux$11571.
    dead port 2/2 on $mux $procmux$5975.
    dead port 2/2 on $mux $procmux$5990.
    dead port 2/2 on $mux $procmux$6004.
    dead port 2/2 on $mux $procmux$11591.
    dead port 2/2 on $mux $procmux$601.
    dead port 2/2 on $mux $procmux$6018.
    dead port 1/2 on $mux $procmux$1160.
    dead port 1/2 on $mux $procmux$6065.
    dead port 1/2 on $mux $procmux$607.
    dead port 1/2 on $mux $procmux$6071.
    dead port 2/2 on $mux $procmux$6073.
    dead port 2/2 on $mux $procmux$609.
    dead port 2/2 on $mux $procmux$6093.
    dead port 2/2 on $mux $procmux$6095.
    dead port 1/2 on $mux $procmux$6098.
    dead port 1/2 on $mux $procmux$6101.
    dead port 2/2 on $mux $procmux$6103.
    dead port 1/2 on $mux $procmux$6106.
    dead port 2/2 on $mux $procmux$11611.
    dead port 1/2 on $mux $procmux$6112.
    dead port 2/2 on $mux $procmux$6114.
    dead port 2/2 on $mux $procmux$6131.
    dead port 1/2 on $mux $procmux$6134.
    dead port 1/2 on $mux $procmux$6137.
    dead port 2/2 on $mux $procmux$6139.
    dead port 1/2 on $mux $procmux$6142.
    dead port 1/2 on $mux $procmux$6148.
    dead port 2/2 on $mux $procmux$6150.
    dead port 1/2 on $mux $procmux$6169.
    dead port 1/2 on $mux $procmux$6172.
    dead port 2/2 on $mux $procmux$6174.
    dead port 1/2 on $mux $procmux$6177.
    dead port 1/2 on $mux $procmux$6183.
    dead port 2/2 on $mux $procmux$6185.
    dead port 2/2 on $mux $procmux$620.
    dead port 1/2 on $mux $procmux$6204.
    dead port 1/2 on $mux $procmux$6207.
    dead port 2/2 on $mux $procmux$6209.
    dead port 1/2 on $mux $procmux$6212.
    dead port 1/2 on $mux $procmux$6218.
    dead port 1/2 on $mux $procmux$1163.
    dead port 2/2 on $mux $procmux$6220.
    dead port 2/2 on $mux $procmux$633.
    dead port 2/2 on $mux $procmux$641.
    dead port 1/2 on $mux $procmux$65.
    dead port 2/2 on $mux $procmux$650.
    dead port 2/2 on $mux $procmux$661.
    dead port 2/2 on $mux $procmux$117.
    dead port 2/2 on $mux $procmux$682.
    dead port 2/2 on $mux $procmux$684.
    dead port 1/2 on $mux $procmux$1171.
    dead port 2/2 on $mux $procmux$692.
    dead port 1/9 on $pmux $procmux$6934.
    dead port 2/9 on $pmux $procmux$6934.
    dead port 3/9 on $pmux $procmux$6934.
    dead port 4/9 on $pmux $procmux$6934.
    dead port 5/9 on $pmux $procmux$6934.
    dead port 6/9 on $pmux $procmux$6934.
    dead port 7/9 on $pmux $procmux$6934.
    dead port 8/9 on $pmux $procmux$6934.
    dead port 1/2 on $mux $procmux$6944.
    dead port 1/2 on $mux $procmux$6947.
    dead port 1/2 on $mux $procmux$6950.
    dead port 2/2 on $mux $procmux$6952.
    dead port 1/2 on $mux $procmux$6955.
    dead port 1/2 on $mux $procmux$6961.
    dead port 2/2 on $mux $procmux$6963.
    dead port 1/9 on $pmux $procmux$6981.
    dead port 2/9 on $pmux $procmux$6981.
    dead port 3/9 on $pmux $procmux$6981.
    dead port 4/9 on $pmux $procmux$6981.
    dead port 5/9 on $pmux $procmux$6981.
    dead port 6/9 on $pmux $procmux$6981.
    dead port 7/9 on $pmux $procmux$6981.
    dead port 8/9 on $pmux $procmux$6981.
    dead port 1/2 on $mux $procmux$6991.
    dead port 1/2 on $mux $procmux$6994.
    dead port 1/2 on $mux $procmux$6997.
    dead port 2/2 on $mux $procmux$6999.
    dead port 2/2 on $mux $procmux$700.
    dead port 1/2 on $mux $procmux$7002.
    dead port 1/2 on $mux $procmux$7008.
    dead port 2/2 on $mux $procmux$7010.
    dead port 1/2 on $mux $procmux$1174.
    dead port 1/9 on $pmux $procmux$7075.
    dead port 2/9 on $pmux $procmux$7075.
    dead port 3/9 on $pmux $procmux$7075.
    dead port 4/9 on $pmux $procmux$7075.
    dead port 5/9 on $pmux $procmux$7075.
    dead port 6/9 on $pmux $procmux$7075.
    dead port 7/9 on $pmux $procmux$7075.
    dead port 8/9 on $pmux $procmux$7075.
    dead port 2/2 on $mux $procmux$708.
    dead port 1/2 on $mux $procmux$7085.
    dead port 1/2 on $mux $procmux$7088.
    dead port 1/2 on $mux $procmux$7091.
    dead port 2/2 on $mux $procmux$7093.
    dead port 1/2 on $mux $procmux$7096.
    dead port 1/2 on $mux $procmux$7102.
    dead port 2/2 on $mux $procmux$7104.
    dead port 1/9 on $pmux $procmux$7122.
    dead port 2/9 on $pmux $procmux$7122.
    dead port 3/9 on $pmux $procmux$7122.
    dead port 4/9 on $pmux $procmux$7122.
    dead port 5/9 on $pmux $procmux$7122.
    dead port 6/9 on $pmux $procmux$7122.
    dead port 7/9 on $pmux $procmux$7122.
    dead port 8/9 on $pmux $procmux$7122.
    dead port 1/2 on $mux $procmux$7132.
    dead port 1/2 on $mux $procmux$7135.
    dead port 1/2 on $mux $procmux$7138.
    dead port 2/2 on $mux $procmux$7140.
    dead port 1/2 on $mux $procmux$7143.
    dead port 1/2 on $mux $procmux$7149.
    dead port 2/2 on $mux $procmux$7151.
    dead port 2/2 on $mux $procmux$716.
    dead port 1/2 on $mux $procmux$7176.
    dead port 2/2 on $mux $procmux$7178.
    dead port 1/2 on $mux $procmux$7181.
    dead port 1/2 on $mux $procmux$7184.
    dead port 1/2 on $mux $procmux$7187.
    dead port 2/2 on $mux $procmux$7189.
    dead port 1/2 on $mux $procmux$7192.
    dead port 1/2 on $mux $procmux$7198.
    dead port 2/2 on $mux $procmux$7200.
    dead port 2/2 on $mux $procmux$7225.
    dead port 1/2 on $mux $procmux$7228.
    dead port 1/2 on $mux $procmux$7231.
    dead port 1/2 on $mux $procmux$7234.
    dead port 2/2 on $mux $procmux$7236.
    dead port 1/2 on $mux $procmux$7239.
    dead port 2/2 on $mux $procmux$724.
    dead port 1/2 on $mux $procmux$7245.
    dead port 2/2 on $mux $procmux$7247.
    dead port 2/2 on $mux $procmux$7271.
    dead port 1/2 on $mux $procmux$7274.
    dead port 1/2 on $mux $procmux$7277.
    dead port 1/2 on $mux $procmux$7280.
    dead port 2/2 on $mux $procmux$7282.
    dead port 1/2 on $mux $procmux$7285.
    dead port 1/2 on $mux $procmux$7291.
    dead port 2/2 on $mux $procmux$7293.
    dead port 2/2 on $mux $procmux$7317.
    dead port 1/2 on $mux $procmux$7320.
    dead port 1/2 on $mux $procmux$7323.
    dead port 1/2 on $mux $procmux$7326.
    dead port 2/2 on $mux $procmux$7328.
    dead port 2/2 on $mux $procmux$733.
    dead port 1/2 on $mux $procmux$7331.
    dead port 1/2 on $mux $procmux$7337.
    dead port 2/2 on $mux $procmux$7339.
    dead port 1/9 on $pmux $procmux$7355.
    dead port 1/2 on $mux $procmux$7366.
    dead port 1/2 on $mux $procmux$7369.
    dead port 1/2 on $mux $procmux$7372.
    dead port 2/2 on $mux $procmux$7374.
    dead port 1/2 on $mux $procmux$7377.
    dead port 1/2 on $mux $procmux$7383.
    dead port 2/2 on $mux $procmux$7385.
    dead port 1/9 on $pmux $procmux$7401.
    dead port 1/2 on $mux $procmux$7412.
    dead port 1/2 on $mux $procmux$7415.
    dead port 1/2 on $mux $procmux$7418.
    dead port 2/2 on $mux $procmux$742.
    dead port 2/2 on $mux $procmux$7420.
    dead port 1/2 on $mux $procmux$7423.
    dead port 1/2 on $mux $procmux$7429.
    dead port 2/2 on $mux $procmux$7431.
    dead port 1/2 on $mux $procmux$7456.
    dead port 1/2 on $mux $procmux$7459.
    dead port 1/2 on $mux $procmux$7462.
    dead port 2/2 on $mux $procmux$7464.
    dead port 1/2 on $mux $procmux$7467.
    dead port 1/2 on $mux $procmux$7473.
    dead port 2/2 on $mux $procmux$7475.
    dead port 1/8 on $pmux $procmux$7490.
    dead port 1/2 on $mux $procmux$7500.
    dead port 1/2 on $mux $procmux$7503.
    dead port 1/2 on $mux $procmux$7506.
    dead port 2/2 on $mux $procmux$7508.
    dead port 1/2 on $mux $procmux$7511.
    dead port 1/2 on $mux $procmux$7517.
    dead port 2/2 on $mux $procmux$7519.
    dead port 2/2 on $mux $procmux$752.
    dead port 1/9 on $pmux $procmux$7580.
    dead port 1/2 on $mux $procmux$7591.
    dead port 1/2 on $mux $procmux$7594.
    dead port 1/2 on $mux $procmux$7597.
    dead port 2/2 on $mux $procmux$7599.
    dead port 1/2 on $mux $procmux$7602.
    dead port 1/2 on $mux $procmux$7608.
    dead port 2/2 on $mux $procmux$761.
    dead port 2/2 on $mux $procmux$7610.
    dead port 1/9 on $pmux $procmux$7626.
    dead port 1/2 on $mux $procmux$7637.
    dead port 1/2 on $mux $procmux$7640.
    dead port 1/2 on $mux $procmux$7643.
    dead port 2/2 on $mux $procmux$7645.
    dead port 1/2 on $mux $procmux$7648.
    dead port 1/2 on $mux $procmux$7654.
    dead port 2/2 on $mux $procmux$7656.
    dead port 1/2 on $mux $procmux$7675.
    dead port 1/2 on $mux $procmux$7678.
    dead port 2/2 on $mux $procmux$7680.
    dead port 1/2 on $mux $procmux$7683.
    dead port 1/2 on $mux $procmux$7689.
    dead port 2/2 on $mux $procmux$7691.
    dead port 1/2 on $mux $procmux$7710.
    dead port 1/2 on $mux $procmux$7713.
    dead port 2/2 on $mux $procmux$7715.
    dead port 1/2 on $mux $procmux$7718.
    dead port 1/2 on $mux $procmux$7724.
    dead port 2/2 on $mux $procmux$7726.
    dead port 1/2 on $mux $procmux$7745.
    dead port 1/2 on $mux $procmux$7748.
    dead port 2/2 on $mux $procmux$7750.
    dead port 1/2 on $mux $procmux$7753.
    dead port 1/2 on $mux $procmux$7759.
    dead port 2/2 on $mux $procmux$7761.
    dead port 1/2 on $mux $procmux$7779.
    dead port 1/2 on $mux $procmux$7782.
    dead port 2/2 on $mux $procmux$7784.
    dead port 1/2 on $mux $procmux$7787.
    dead port 1/2 on $mux $procmux$7793.
    dead port 2/2 on $mux $procmux$7795.
    dead port 2/2 on $mux $procmux$78.
    dead port 1/2 on $mux $procmux$7814.
    dead port 1/2 on $mux $procmux$7817.
    dead port 2/2 on $mux $procmux$7819.
    dead port 1/2 on $mux $procmux$7822.
    dead port 1/2 on $mux $procmux$7828.
    dead port 2/2 on $mux $procmux$7830.
    dead port 1/2 on $mux $procmux$7884.
    dead port 1/2 on $mux $procmux$7887.
    dead port 2/2 on $mux $procmux$7889.
    dead port 1/2 on $mux $procmux$7892.
    dead port 1/2 on $mux $procmux$7898.
    dead port 2/2 on $mux $procmux$7900.
    dead port 1/2 on $mux $procmux$7919.
    dead port 1/2 on $mux $procmux$7922.
    dead port 2/2 on $mux $procmux$7924.
    dead port 1/2 on $mux $procmux$7927.
    dead port 1/2 on $mux $procmux$7933.
    dead port 2/2 on $mux $procmux$7935.
    dead port 1/2 on $mux $procmux$7955.
    dead port 2/2 on $mux $procmux$7957.
    dead port 1/2 on $mux $procmux$7960.
    dead port 1/2 on $mux $procmux$7966.
    dead port 2/2 on $mux $procmux$7968.
    dead port 1/2 on $mux $procmux$7988.
    dead port 2/2 on $mux $procmux$7990.
    dead port 1/2 on $mux $procmux$7993.
    dead port 1/2 on $mux $procmux$7999.
    dead port 2/2 on $mux $procmux$80.
    dead port 2/2 on $mux $procmux$8001.
    dead port 1/2 on $mux $procmux$801.
    dead port 1/2 on $mux $procmux$8021.
    dead port 2/2 on $mux $procmux$8023.
    dead port 1/2 on $mux $procmux$8026.
    dead port 1/2 on $mux $procmux$8032.
    dead port 2/2 on $mux $procmux$8034.
    dead port 1/2 on $mux $procmux$8054.
    dead port 2/2 on $mux $procmux$8056.
    dead port 1/2 on $mux $procmux$8059.
    dead port 1/2 on $mux $procmux$8065.
    dead port 2/2 on $mux $procmux$8067.
    dead port 2/2 on $mux $procmux$8085.
    dead port 1/2 on $mux $procmux$8088.
    dead port 2/2 on $mux $procmux$8090.
    dead port 1/2 on $mux $procmux$8093.
    dead port 1/2 on $mux $procmux$8099.
    dead port 2/2 on $mux $procmux$8101.
    dead port 2/2 on $mux $procmux$812.
    dead port 1/2 on $mux $procmux$8120.
    dead port 2/2 on $mux $procmux$8122.
    dead port 1/2 on $mux $procmux$8125.
    dead port 1/2 on $mux $procmux$8131.
    dead port 2/2 on $mux $procmux$8133.
    dead port 1/2 on $mux $procmux$1193.
    dead port 1/2 on $mux $procmux$8184.
    dead port 2/2 on $mux $procmux$8186.
    dead port 1/2 on $mux $procmux$8189.
    dead port 1/2 on $mux $procmux$8195.
    dead port 2/2 on $mux $procmux$8197.
    dead port 1/2 on $mux $procmux$8216.
    dead port 2/2 on $mux $procmux$8218.
    dead port 1/2 on $mux $procmux$8221.
    dead port 1/2 on $mux $procmux$8227.
    dead port 2/2 on $mux $procmux$8229.
    dead port 1/2 on $mux $procmux$1196.
    dead port 1/2 on $mux $procmux$8248.
    dead port 2/2 on $mux $procmux$8250.
    dead port 1/2 on $mux $procmux$8253.
    dead port 1/2 on $mux $procmux$8259.
    dead port 2/2 on $mux $procmux$8261.
    dead port 1/2 on $mux $procmux$8312.
    dead port 2/2 on $mux $procmux$8314.
    dead port 1/2 on $mux $procmux$8317.
    dead port 2/2 on $mux $procmux$832.
    dead port 1/2 on $mux $procmux$8323.
    dead port 2/2 on $mux $procmux$8325.
    dead port 1/2 on $mux $procmux$8376.
    dead port 2/2 on $mux $procmux$8378.
    dead port 1/2 on $mux $procmux$8381.
    dead port 1/2 on $mux $procmux$8387.
    dead port 2/2 on $mux $procmux$8389.
    dead port 1/2 on $mux $procmux$8408.
    dead port 2/2 on $mux $procmux$8410.
    dead port 1/2 on $mux $procmux$8413.
    dead port 1/2 on $mux $procmux$8419.
    dead port 2/2 on $mux $procmux$8421.
    dead port 1/2 on $mux $procmux$8440.
    dead port 2/2 on $mux $procmux$8442.
    dead port 1/2 on $mux $procmux$8445.
    dead port 1/2 on $mux $procmux$8451.
    dead port 2/2 on $mux $procmux$8453.
    dead port 2/2 on $mux $procmux$85.
    dead port 1/2 on $mux $procmux$8504.
    dead port 2/2 on $mux $procmux$8506.
    dead port 1/2 on $mux $procmux$8509.
    dead port 1/2 on $mux $procmux$8515.
    dead port 2/2 on $mux $procmux$8517.
    dead port 1/2 on $mux $procmux$852.
    dead port 1/2 on $mux $procmux$8535.
    dead port 2/2 on $mux $procmux$8537.
    dead port 1/2 on $mux $procmux$8540.
    dead port 1/2 on $mux $procmux$8546.
    dead port 2/2 on $mux $procmux$8548.
    dead port 1/2 on $mux $procmux$858.
    dead port 1/2 on $mux $procmux$8598.
    dead port 2/2 on $mux $procmux$8600.
    dead port 1/2 on $mux $procmux$8603.
    dead port 1/2 on $mux $procmux$8609.
    dead port 2/2 on $mux $procmux$8611.
    dead port 2/2 on $mux $procmux$8629.
    dead port 1/2 on $mux $procmux$863.
    dead port 1/2 on $mux $procmux$8632.
    dead port 1/2 on $mux $procmux$8638.
    dead port 2/2 on $mux $procmux$8640.
    dead port 1/2 on $mux $1152.
    dead port 2/2 on $mux $1152.
    dead port 2/2 on $mux $procmux$8658.
    dead port 1/2 on $mux $procmux$8661.
    dead port 1/2 on $mux $procmux$8667.
    dead port 2/2 on $mux $procmux$8669.
    dead port 2/2 on $mux $procmux$868.
    dead port 2/2 on $mux $procmux$8687.
    dead port 1/2 on $mux $procmux$8690.
    dead port 1/2 on $mux $procmux$8696.
    dead port 2/2 on $mux $procmux$8698.
    dead port 2/2 on $mux $procmux$87.
    dead port 2/2 on $mux $procmux$8715.
    dead port 1/2 on $mux $procmux$8718.
    dead port 1/2 on $mux $procmux$8724.
    dead port 2/2 on $mux $procmux$8726.
    dead port 2/2 on $mux $procmux$874.
    dead port 2/2 on $mux $procmux$8744.
    dead port 1/2 on $mux $procmux$8747.
    dead port 1/2 on $mux $procmux$8753.
    dead port 2/2 on $mux $procmux$8755.
    dead port 2/2 on $mux $procmux$879.
    dead port 2/2 on $mux $procmux$8802.
    dead port 1/2 on $mux $procmux$8805.
    dead port 1/2 on $mux $procmux$8811.
    dead port 2/2 on $mux $procmux$8813.
    dead port 2/2 on $mux $procmux$8831.
    dead port 1/2 on $mux $procmux$8834.
    dead port 1/2 on $mux $procmux$8840.
    dead port 2/2 on $mux $procmux$8842.
    dead port 2/2 on $mux $procmux$8889.
    dead port 1/2 on $mux $procmux$8892.
    dead port 1/2 on $mux $procmux$8898.
    dead port 2/2 on $mux $procmux$8900.
    dead port 2/2 on $mux $procmux$8947.
    dead port 1/2 on $mux $procmux$8950.
    dead port 1/2 on $mux $procmux$8956.
    dead port 2/2 on $mux $procmux$8958.
    dead port 2/2 on $mux $procmux$8976.
    dead port 1/2 on $mux $procmux$8979.
    dead port 1/2 on $mux $procmux$8985.
    dead port 2/2 on $mux $procmux$8987.
    dead port 2/2 on $mux $procmux$9005.
    dead port 1/2 on $mux $procmux$9008.
    dead port 1/2 on $mux $procmux$9014.
    dead port 2/2 on $mux $procmux$9016.
    dead port 2/2 on $mux $procmux$9063.
    dead port 1/2 on $mux $procmux$9066.
    dead port 1/2 on $mux $procmux$9072.
    dead port 2/2 on $mux $procmux$9074.
    dead port 2/2 on $mux $procmux$9092.
    dead port 1/2 on $mux $procmux$9095.
    dead port 1/2 on $mux $procmux$9101.
    dead port 2/2 on $mux $procmux$9103.
    dead port 1/2 on $mux $procmux$912.
    dead port 2/2 on $mux $procmux$9121.
    dead port 1/2 on $mux $procmux$9124.
    dead port 1/2 on $mux $procmux$9130.
    dead port 2/2 on $mux $procmux$9132.
    dead port 1/2 on $mux $procmux$1204.
    dead port 2/2 on $mux $procmux$9150.
    dead port 1/2 on $mux $procmux$9153.
    dead port 1/2 on $mux $procmux$9159.
    dead port 2/2 on $mux $procmux$9161.
    dead port 1/2 on $mux $procmux$917.
    dead port 2/2 on $mux $procmux$9208.
    dead port 1/2 on $mux $procmux$9211.
    dead port 1/2 on $mux $procmux$9217.
    dead port 2/2 on $mux $procmux$9219.
    dead port 1/2 on $mux $procmux$922.
    dead port 1/2 on $mux $procmux$9237.
    dead port 1/2 on $mux $procmux$9243.
    dead port 2/2 on $mux $procmux$9245.
    dead port 1/2 on $mux $procmux$9263.
    dead port 1/2 on $mux $procmux$9269.
    dead port 2/2 on $mux $procmux$9271.
    dead port 1/2 on $mux $procmux$9315.
    dead port 1/2 on $mux $procmux$9321.
    dead port 2/2 on $mux $procmux$9323.
    dead port 1/2 on $mux $procmux$1207.
    dead port 1/2 on $mux $procmux$9341.
    dead port 1/2 on $mux $procmux$9347.
    dead port 2/2 on $mux $procmux$9349.
    dead port 1/2 on $mux $procmux$9391.
    dead port 1/2 on $mux $procmux$9397.
    dead port 2/2 on $mux $procmux$9399.
    dead port 2/2 on $mux $procmux$12074.
    dead port 2/2 on $mux $procmux$94.
    dead port 1/2 on $mux $procmux$9417.
    dead port 1/2 on $mux $procmux$9423.
    dead port 2/2 on $mux $procmux$9425.
    dead port 2/2 on $mux $procmux$12079.
    dead port 1/2 on $mux $procmux$9443.
    dead port 1/2 on $mux $procmux$9449.
    dead port 2/2 on $mux $procmux$9451.
    dead port 1/2 on $mux $procmux$9495.
    dead port 1/2 on $mux $procmux$9501.
    dead port 2/2 on $mux $procmux$9503.
    dead port 1/2 on $mux $procmux$9547.
    dead port 1/2 on $mux $procmux$9553.
    dead port 2/2 on $mux $procmux$9555.
    dead port 1/2 on $mux $procmux$9573.
    dead port 1/2 on $mux $procmux$9579.
    dead port 2/2 on $mux $procmux$9581.
    dead port 1/2 on $mux $procmux$9599.
    dead port 1/2 on $mux $procmux$9605.
    dead port 2/2 on $mux $procmux$9607.
    dead port 1/2 on $mux $procmux$9651.
    dead port 1/2 on $mux $procmux$9657.
    dead port 2/2 on $mux $procmux$9659.
    dead port 1/2 on $mux $procmux$12082.
    dead port 1/2 on $mux $procmux$9677.
    dead port 1/2 on $mux $procmux$9683.
    dead port 2/2 on $mux $procmux$9685.
    dead port 2/2 on $mux $procmux$12084.
    dead port 1/2 on $mux $procmux$9703.
    dead port 1/2 on $mux $procmux$9709.
    dead port 2/2 on $mux $procmux$9711.
    dead port 1/2 on $mux $procmux$9729.
    dead port 1/2 on $mux $procmux$9735.
    dead port 2/2 on $mux $procmux$9737.
    dead port 2/2 on $mux $procmux$12089.
    dead port 1/2 on $mux $procmux$9784.
    dead port 2/2 on $mux $procmux$9786.
    dead port 1/2 on $mux $procmux$9807.
    dead port 2/2 on $mux $procmux$9809.
    dead port 1/2 on $mux $procmux$9830.
    dead port 2/2 on $mux $procmux$9832.
    dead port 1/2 on $mux $procmux$9853.
    dead port 2/2 on $mux $procmux$9855.
    dead port 1/2 on $mux $procmux$9876.
    dead port 2/2 on $mux $procmux$9878.
    dead port 1/2 on $mux $procmux$9899.
    dead port 2/2 on $mux $procmux$9901.
    dead port 1/2 on $mux $procmux$12092.
    dead port 1/2 on $mux $procmux$9922.
    dead port 2/2 on $mux $procmux$9924.
    dead port 2/2 on $mux $procmux$12094.
    dead port 1/2 on $mux $procmux$9945.
    dead port 2/2 on $mux $procmux$9947.
    dead port 1/2 on $mux $procmux$997.
    dead port 1/2 on $mux $procmux$9991.
    dead port 2/2 on $mux $procmux$9993.
Removed 2210 multiplexer ports.
<suppressed ~17987 debug messages>

4.7.4. Executing OPT_REDUCE pass (consolidate $*mux and $reduce_* inputs).
  Optimizing cells in module \cv32e40p_core.
    New ctrl vector for $pmux cell $procmux$17274: { $procmux$17239_CMP $procmux$17211_CMP $procmux$17069_CMP $auto$opt_reduce.cc:137:opt_pmux$18487 }
    New ctrl vector for $pmux cell $procmux$17554: { $procmux$17239_CMP $auto$opt_reduce.cc:137:opt_pmux$18489 }
    New ctrl vector for $pmux cell $procmux$10: { $procmux$18293_CMP $procmux$31_CMP $2657y $procmux$18257_CMP $procmux$18246_CMP $procmux$18236_CMP $procmux$18227_CMP $procmux$25_CMP $procmux$24_CMP $procmux$23_CMP $2750y $2753y $auto$opt_reduce.cc:137:opt_pmux$18491 $procmux$18198_CMP $procmux$17_CMP $procmux$16_CMP $procmux$15_CMP $procmux$14_CTRL $procmux$13_CTRL $2764y $procmux$11_CTRL }
    New ctrl vector for $pmux cell $procmux$12668: { $procmux$12156_CMP [2] $auto$opt_reduce.cc:137:opt_pmux$18493 }
    New ctrl vector for $pmux cell $procmux$17730: { $procmux$17648_CMP $procmux$17624_CMP $auto$opt_reduce.cc:137:opt_pmux$18495 }
    New ctrl vector for $pmux cell $procmux$17764: { $procmux$17648_CMP $procmux$17598_CMP }
    New ctrl vector for $pmux cell $procmux$17973: { $procmux$17976_CMP $procmux$17975_CMP $auto$opt_reduce.cc:137:opt_pmux$18497 }
    New ctrl vector for $pmux cell $procmux$18015: { $procmux$18023_CMP $procmux$18022_CMP $procmux$18021_CMP $procmux$18020_CMP $procmux$18018_CMP $procmux$18017_CMP $auto$opt_reduce.cc:137:opt_pmux$18499 }
    New ctrl vector for $pmux cell $procmux$12960: $auto$opt_reduce.cc:137:opt_pmux$18501
    New ctrl vector for $pmux cell $procmux$12969: $auto$opt_reduce.cc:137:opt_pmux$18503
    New ctrl vector for $pmux cell $procmux$12301: { $procmux$12269_CTRL $procmux$12226_CTRL $procmux$12156_CTRL $auto$opt_reduce.cc:137:opt_pmux$18505 }
    New ctrl vector for $pmux cell $procmux$13756: $auto$opt_reduce.cc:137:opt_pmux$18507
    New ctrl vector for $pmux cell $procmux$13807: $auto$opt_reduce.cc:137:opt_pmux$18509
    New ctrl vector for $pmux cell $procmux$13908: { $procmux$13760_CMP $auto$opt_reduce.cc:137:opt_pmux$18511 }
    New ctrl vector for $pmux cell $procmux$14015: $auto$opt_reduce.cc:137:opt_pmux$18513
    New ctrl vector for $pmux cell $procmux$14062: $auto$opt_reduce.cc:137:opt_pmux$18515
    New ctrl vector for $pmux cell $procmux$33: { $procmux$16958_CMP $procmux$16957_CMP $auto$opt_reduce.cc:137:opt_pmux$18517 }
    New ctrl vector for $pmux cell $procmux$14169: $auto$opt_reduce.cc:137:opt_pmux$18519
    New ctrl vector for $pmux cell $procmux$14215: $auto$opt_reduce.cc:137:opt_pmux$18521
    New ctrl vector for $pmux cell $procmux$14240: $auto$opt_reduce.cc:137:opt_pmux$18523
    New ctrl vector for $pmux cell $procmux$12327: { $auto$opt_reduce.cc:137:opt_pmux$18525 $procmux$12226_CTRL $procmux$12156_CTRL }
    New ctrl vector for $pmux cell $procmux$438: $auto$opt_reduce.cc:137:opt_pmux$18527
    New ctrl vector for $pmux cell $procmux$450: $auto$opt_reduce.cc:137:opt_pmux$18529
    New ctrl vector for $pmux cell $procmux$464: $auto$opt_reduce.cc:137:opt_pmux$18531
    New ctrl vector for $pmux cell $procmux$4669: $auto$opt_reduce.cc:137:opt_pmux$18533
    New ctrl vector for $pmux cell $procmux$468: $auto$opt_reduce.cc:137:opt_pmux$18535
    New ctrl vector for $pmux cell $procmux$4692: $auto$opt_reduce.cc:137:opt_pmux$18537
    New ctrl vector for $pmux cell $procmux$15495: $auto$opt_reduce.cc:137:opt_pmux$18539
    New ctrl vector for $pmux cell $procmux$4981: { \id_stage_i.controller_i.ebrk_insn_i \id_stage_i.controller_i.ecall_insn_i $auto$opt_reduce.cc:137:opt_pmux$18541 \id_stage_i.controller_i.wfi_i }
    New ctrl vector for $pmux cell $procmux$15549: $auto$opt_reduce.cc:137:opt_pmux$18543
    New ctrl vector for $pmux cell $procmux$15576: $auto$opt_reduce.cc:137:opt_pmux$18545
    New ctrl vector for $pmux cell $procmux$5160: { $auto$opt_reduce.cc:137:opt_pmux$18547 \id_stage_i.controller_i.fencei_insn_i }
    New ctrl vector for $pmux cell $procmux$5186: $auto$opt_reduce.cc:137:opt_pmux$18549
    New ctrl vector for $pmux cell $procmux$6088: { $auto$opt_reduce.cc:137:opt_pmux$18551 \id_stage_i.controller_i.branch_in_id }
    New ctrl vector for $pmux cell $procmux$16104: $auto$opt_reduce.cc:137:opt_pmux$18553
    New ctrl vector for $pmux cell $procmux$11639: { $procmux$10085_CMP $procmux$11619_CMP }
    New ctrl vector for $pmux cell $procmux$11662: { $procmux$11667_CMP $auto$opt_reduce.cc:137:opt_pmux$18555 }
    New ctrl vector for $pmux cell $procmux$11684: { $procmux$11612_CMP $procmux$11572_CMP $procmux$11707_CMP $procmux$11475_CMP $procmux$10085_CMP $procmux$11642_CMP $auto$opt_reduce.cc:137:opt_pmux$18559 $procmux$11619_CMP $procmux$11667_CMP $procmux$11691_CMP $auto$opt_reduce.cc:137:opt_pmux$18557 $procmux$11685_CMP }
    New ctrl vector for $pmux cell $procmux$11729: { $procmux$11234_CMP $procmux$10085_CMP $auto$opt_reduce.cc:137:opt_pmux$18561 }
    New ctrl vector for $pmux cell $procmux$16257: { $procmux$16130_CMP $procmux$15475_CTRL $procmux$15019_CTRL $auto$opt_reduce.cc:137:opt_pmux$18563 $procmux$13045_CMP $procmux$12085_CMP }
    New ctrl vector for $pmux cell $procmux$71: { $procmux$74_CMP $procmux$73_CMP $auto$opt_reduce.cc:137:opt_pmux$18565 }
    New ctrl vector for $pmux cell $procmux$11744: { $procmux$11234_CMP $procmux$10085_CMP $auto$opt_reduce.cc:137:opt_pmux$18567 }
    New ctrl vector for $pmux cell $procmux$7355: \id_stage_i.controller_i.jump_in_dec
    New ctrl vector for $pmux cell $procmux$11761: { $procmux$11234_CMP $procmux$10085_CMP $procmux$11642_CMP $procmux$11629_CMP $procmux$11617_CMP }
    New ctrl vector for $pmux cell $procmux$7401: { \id_stage_i.controller_i.ebrk_insn_i \id_stage_i.controller_i.wfi_active \id_stage_i.controller_i.ecall_insn_i \id_stage_i.controller_i.fencei_insn_i $1149y \id_stage_i.controller_i.csr_status_i }
    New ctrl vector for $pmux cell $procmux$16461: { $auto$opt_reduce.cc:137:opt_pmux$18571 $procmux$15475_CTRL $auto$opt_reduce.cc:137:opt_pmux$18569 $procmux$12085_CMP }
    New ctrl vector for $pmux cell $procmux$7490: $auto$opt_reduce.cc:137:opt_pmux$18573
    New ctrl vector for $pmux cell $procmux$7580: \id_stage_i.controller_i.jump_in_dec
    New ctrl vector for $pmux cell $procmux$16502: { $procmux$15475_CTRL $procmux$15019_CTRL $auto$opt_reduce.cc:137:opt_pmux$18575 $procmux$13045_CMP $procmux$12085_CMP }
    New ctrl vector for $pmux cell $procmux$7626: \id_stage_i.controller_i.jump_in_dec
    New ctrl vector for $pmux cell $procmux$11818: { $procmux$11234_CMP $procmux$10085_CMP $procmux$11642_CMP }
    New ctrl vector for $pmux cell $procmux$16520: { $procmux$16264_CMP $auto$opt_reduce.cc:137:opt_pmux$18577 $procmux$13045_CMP $procmux$12085_CMP }
    New ctrl vector for $pmux cell $procmux$16532: { $procmux$16036_CMP $procmux$15475_CTRL $procmux$15019_CTRL $auto$opt_reduce.cc:137:opt_pmux$18579 $procmux$14863_CMP $procmux$13045_CMP $procmux$12085_CMP }
    New ctrl vector for $pmux cell $procmux$779: { $procmux$662_CTRL $auto$opt_reduce.cc:137:opt_pmux$18581 }
    New ctrl vector for $pmux cell $procmux$16582: { $procmux$15475_CTRL $procmux$15019_CTRL $auto$opt_reduce.cc:137:opt_pmux$18583 $procmux$13045_CMP $procmux$12085_CMP }
    New ctrl vector for $pmux cell $procmux$16648: { $procmux$16130_CMP $procmux$16036_CMP $procmux$15475_CTRL $procmux$15019_CTRL $auto$opt_reduce.cc:137:opt_pmux$18585 $procmux$14863_CMP $procmux$13045_CMP $procmux$12964_CMP $procmux$12085_CMP }
    New ctrl vector for $pmux cell $procmux$11938: $procmux$10085_CMP
    New ctrl vector for $pmux cell $procmux$11947: { $procmux$10085_CMP $procmux$11619_CMP $procmux$11667_CMP $auto$opt_reduce.cc:137:opt_pmux$18587 }
    New ctrl vector for $pmux cell $procmux$11962: { $procmux$11234_CMP $procmux$10085_CMP $procmux$11619_CMP $procmux$11667_CMP $procmux$11691_CMP $auto$opt_reduce.cc:137:opt_pmux$18589 }
    New ctrl vector for $pmux cell $procmux$11980: { $procmux$11234_CMP $procmux$10085_CMP $procmux$11619_CMP $procmux$11667_CMP $procmux$11691_CMP $auto$opt_reduce.cc:137:opt_pmux$18591 }
    New ctrl vector for $pmux cell $procmux$11997: $auto$opt_reduce.cc:137:opt_pmux$18593
    New ctrl vector for $pmux cell $procmux$854: $auto$opt_reduce.cc:137:opt_pmux$18595
    New ctrl vector for $pmux cell $procmux$871: $auto$opt_reduce.cc:137:opt_pmux$18597
    New ctrl vector for $pmux cell $procmux$12369: $auto$opt_reduce.cc:137:opt_pmux$18599
    New ctrl vector for $pmux cell $procmux$16955: { $procmux$16958_CMP $procmux$16957_CMP $auto$opt_reduce.cc:137:opt_pmux$18601 }
    New ctrl vector for $pmux cell $procmux$17035: { $procmux$17038_CMP $procmux$17037_CMP }
    New input vector for $reduce_or cell $auto$opt_reduce.cc:131:opt_pmux$18540: { \id_stage_i.controller_i.dret_insn_i \id_stage_i.controller_i.mret_insn_i }
    New input vector for $reduce_or cell $auto$opt_reduce.cc:131:opt_pmux$18504: { $procmux$12314_CMP $procmux$12313_CMP $procmux$12312_CMP $procmux$12306_CMP }
    New input vector for $reduce_or cell $auto$opt_reduce.cc:131:opt_pmux$18524: { $procmux$12314_CMP $procmux$12312_CMP }
    New ctrl vector for $pmux cell $procmux$16461: { $auto$opt_reduce.cc:137:opt_pmux$18571 $procmux$15475_CTRL $auto$opt_reduce.cc:137:opt_pmux$18569 }
    New ctrl vector for $pmux cell $procmux$11947: { $procmux$11619_CMP $procmux$11667_CMP $auto$opt_reduce.cc:137:opt_pmux$18587 }
  Optimizing cells in module \cv32e40p_core.
Performed a total of 135 changes.

4.7.5. Executing OPT_MERGE pass (detect identical cells).
Finding identical cells in module `\cv32e40p_core'.
<suppressed ~228 debug messages>
Removed a total of 76 cells.

4.7.6. Executing OPT_DFF pass (perform DFF optimizations).
Changing const-value async load to async reset on $driver$id_stage_i.controller_i.debug_req_entry_q ($aldff) from module cv32e40p_core.
Changing const-value async load to async reset on $driver$id_stage_i.controller_i.debug_req_q ($aldff) from module cv32e40p_core.
Changing const-value async load to async reset on $driver$id_stage_i.mhpmevent_ld_stall_o ($aldff) from module cv32e40p_core.
Changing const-value async load to async reset on $driver$id_stage_i.controller_i.debug_mode_q ($aldff) from module cv32e40p_core.
Changing const-value async load to async reset on $driver$id_stage_i.mhpmevent_jump_o ($aldff) from module cv32e40p_core.
Changing const-value async load to async reset on $driver$id_stage_i.mhpmevent_jr_stall_o ($aldff) from module cv32e40p_core.
Changing const-value async load to async reset on $driver$id_stage_i.controller_i.debug_fsm_cs ($aldff) from module cv32e40p_core.
Changing const-value async load to async reset on $driver$id_stage_i.controller_i.debug_force_wakeup_q ($aldff) from module cv32e40p_core.
Changing const-value async load to async reset on $driver$id_stage_i.controller_i.ctrl_fsm_cs ($aldff) from module cv32e40p_core.
Changing const-value async load to async reset on $driver$id_stage_i.branch_in_ex_o ($aldff) from module cv32e40p_core.
Changing const-value async load to async reset on $driver$id_stage_i.bmask_b_ex_o ($aldff) from module cv32e40p_core.
Changing const-value async load to async reset on $driver$id_stage_i.bmask_a_ex_o ($aldff) from module cv32e40p_core.
Changing const-value async load to async reset on $driver$id_stage_i.apu_lat_ex_o ($aldff) from module cv32e40p_core.
Changing const-value async load to async reset on $driver$id_stage_i.apu_flags_ex_o ($aldff) from module cv32e40p_core.
Changing const-value async load to async reset on $driver$id_stage_i.apu_en_ex_o ($aldff) from module cv32e40p_core.
Changing const-value async load to async reset on $driver$id_stage_i.alu_vec_mode_ex_o ($aldff) from module cv32e40p_core.
Changing const-value async load to async reset on $driver$id_stage_i.mhpmevent_imiss_o ($aldff) from module cv32e40p_core.
Changing const-value async load to async reset on $driver$id_stage_i.alu_operator_ex_o ($aldff) from module cv32e40p_core.
Changing const-value async load to async reset on $driver$id_stage_i.alu_operand_c_ex_o ($aldff) from module cv32e40p_core.
Changing const-value async load to async reset on $driver$id_stage_i.alu_operand_b_ex_o ($aldff) from module cv32e40p_core.
Changing const-value async load to async reset on $driver$id_stage_i.alu_operand_a_ex_o ($aldff) from module cv32e40p_core.
Changing const-value async load to async reset on $driver$id_stage_i.alu_is_subrot_ex_o ($aldff) from module cv32e40p_core.
Changing const-value async load to async reset on $driver$id_stage_i.alu_is_clpx_ex_o ($aldff) from module cv32e40p_core.
Changing const-value async load to async reset on $driver$id_stage_i.alu_en_ex_o ($aldff) from module cv32e40p_core.
Changing const-value async load to async reset on $driver$id_stage_i.alu_clpx_shift_ex_o ($aldff) from module cv32e40p_core.
Changing const-value async load to async reset on $driver$ex_stage_i.regfile_we_lsu ($aldff) from module cv32e40p_core.
Changing const-value async load to async reset on $driver$ex_stage_i.regfile_waddr_lsu ($aldff) from module cv32e40p_core.
Changing const-value async load to async reset on $driver$ex_stage_i.mult_i.mulh_carry_q ($aldff) from module cv32e40p_core.
Changing const-value async load to async reset on $driver$ex_stage_i.mult_i.mulh_CS ($aldff) from module cv32e40p_core.
Changing const-value async load to async reset on $driver$ex_stage_i.alu_i.gen_div.alu_div_i.State_SP ($aldff) from module cv32e40p_core.
Changing const-value async load to async reset on $driver$ex_stage_i.alu_i.gen_div.alu_div_i.ResReg_DP ($aldff) from module cv32e40p_core.
Changing const-value async load to async reset on $driver$ex_stage_i.alu_i.gen_div.alu_div_i.ResInv_SP ($aldff) from module cv32e40p_core.
Changing const-value async load to async reset on $driver$ex_stage_i.alu_i.gen_div.alu_div_i.RemSel_SP ($aldff) from module cv32e40p_core.
Changing const-value async load to async reset on $driver$ex_stage_i.alu_i.gen_div.alu_div_i.CompInv_SP ($aldff) from module cv32e40p_core.
Changing const-value async load to async reset on $driver$ex_stage_i.alu_i.gen_div.alu_div_i.Cnt_DP ($aldff) from module cv32e40p_core.
Changing const-value async load to async reset on $driver$ex_stage_i.alu_i.gen_div.alu_div_i.BReg_DP ($aldff) from module cv32e40p_core.
Changing const-value async load to async reset on $driver$ex_stage_i.alu_i.gen_div.alu_div_i.AReg_DP ($aldff) from module cv32e40p_core.
Changing const-value async load to async reset on $driver$cs_registers_i.mtvec_q ($aldff) from module cv32e40p_core.
Changing const-value async load to async reset on $driver$cs_registers_i.mtvec_mode_q ($aldff) from module cv32e40p_core.
Changing const-value async load to async reset on $driver$cs_registers_i.mstatus_q.mprv ($aldff) from module cv32e40p_core.
Changing const-value async load to async reset on $driver$cs_registers_i.mstatus_q.mpp ($aldff) from module cv32e40p_core.
Changing const-value async load to async reset on $driver$cs_registers_i.mstatus_q.mpie ($aldff) from module cv32e40p_core.
Changing const-value async load to async reset on $driver$cs_registers_i.mstatus_q.mie ($aldff) from module cv32e40p_core.
Changing const-value async load to async reset on $driver$cs_registers_i.mscratch_q ($aldff) from module cv32e40p_core.
Changing const-value async load to async reset on $driver$cs_registers_i.mie_q ($aldff) from module cv32e40p_core.
Changing const-value async load to async reset on $driver$cs_registers_i.mhpmevent_q[3][15:0] ($aldff) from module cv32e40p_core.
Changing const-value async load to async reset on $driver$cs_registers_i.mhpmcounter_q[3] ($aldff) from module cv32e40p_core.
Changing const-value async load to async reset on $driver$cs_registers_i.mhpmcounter_q[2] ($aldff) from module cv32e40p_core.
Changing const-value async load to async reset on $driver$cs_registers_i.mhpmcounter_q[0] ($aldff) from module cv32e40p_core.
Changing const-value async load to async reset on $driver$cs_registers_i.mepc_q ($aldff) from module cv32e40p_core.
Changing const-value async load to async reset on $driver$cs_registers_i.mcountinhibit_q[3:3] ($aldff) from module cv32e40p_core.
Changing const-value async load to async reset on $driver$cs_registers_i.mcountinhibit_q[2:2] ($aldff) from module cv32e40p_core.
Changing const-value async load to async reset on $driver$cs_registers_i.mcountinhibit_q[0:0] ($aldff) from module cv32e40p_core.
Changing const-value async load to async reset on $driver$cs_registers_i.mcause_q ($aldff) from module cv32e40p_core.
Changing const-value async load to async reset on $driver$cs_registers_i.gen_trigger_regs.tmatch_value_q ($aldff) from module cv32e40p_core.
Changing const-value async load to async reset on $driver$cs_registers_i.gen_trigger_regs.tmatch_control_exec_q ($aldff) from module cv32e40p_core.
Changing const-value async load to async reset on $driver$cs_registers_i.dscratch1_q ($aldff) from module cv32e40p_core.
Changing const-value async load to async reset on $driver$cs_registers_i.dscratch0_q ($aldff) from module cv32e40p_core.
Changing const-value async load to async reset on $driver$cs_registers_i.depc_q ($aldff) from module cv32e40p_core.
Changing const-value async load to async reset on $driver$cs_registers_i.dcsr_q.zero2 ($aldff) from module cv32e40p_core.
Handling D = Q on $driver$cs_registers_i.dcsr_q.zero2 ($aldff) from module cv32e40p_core (removing D path).
Changing const-value async load to async reset on $driver$cs_registers_i.dcsr_q.zero1 ($aldff) from module cv32e40p_core.
Handling D = Q on $driver$cs_registers_i.dcsr_q.zero1 ($aldff) from module cv32e40p_core (removing D path).
Changing const-value async load to async reset on $driver$id_stage_i.mhpmevent_compressed_o ($aldff) from module cv32e40p_core.
Changing const-value async load to async reset on $driver$cs_registers_i.dcsr_q.zero0 ($aldff) from module cv32e40p_core.
Handling D = Q on $driver$cs_registers_i.dcsr_q.zero0 ($aldff) from module cv32e40p_core (removing D path).
Changing const-value async load to async reset on $driver$cs_registers_i.dcsr_q.xdebugver ($aldff) from module cv32e40p_core.
Handling D = Q on $driver$cs_registers_i.dcsr_q.xdebugver ($aldff) from module cv32e40p_core (removing D path).
Changing const-value async load to async reset on $driver$cs_registers_i.dcsr_q.stoptime ($aldff) from module cv32e40p_core.
Changing const-value async load to async reset on $driver$cs_registers_i.dcsr_q.stopcount ($aldff) from module cv32e40p_core.
Changing const-value async load to async reset on $driver$cs_registers_i.dcsr_q.stepie ($aldff) from module cv32e40p_core.
Changing const-value async load to async reset on $driver$cs_registers_i.dcsr_q.step ($aldff) from module cv32e40p_core.
Changing const-value async load to async reset on $driver$cs_registers_i.dcsr_q.prv ($aldff) from module cv32e40p_core.
Changing const-value async load to async reset on $driver$cs_registers_i.dcsr_q.nmip ($aldff) from module cv32e40p_core.
Handling D = Q on $driver$cs_registers_i.dcsr_q.nmip ($aldff) from module cv32e40p_core (removing D path).
Changing const-value async load to async reset on $driver$cs_registers_i.dcsr_q.mprven ($aldff) from module cv32e40p_core.
Changing const-value async load to async reset on $driver$cs_registers_i.dcsr_q.ebreaku ($aldff) from module cv32e40p_core.
Changing const-value async load to async reset on $driver$cs_registers_i.dcsr_q.ebreaks ($aldff) from module cv32e40p_core.
Changing const-value async load to async reset on $driver$cs_registers_i.dcsr_q.ebreakm ($aldff) from module cv32e40p_core.
Changing const-value async load to async reset on $driver$cs_registers_i.dcsr_q.cause ($aldff) from module cv32e40p_core.
Changing const-value async load to async reset on $driver$id_stage_i.mhpmevent_branch_taken_o ($aldff) from module cv32e40p_core.
Changing const-value async load to async reset on $driver$id_stage_i.mhpmevent_branch_o ($aldff) from module cv32e40p_core.
Changing const-value async load to async reset on $driver$id_stage_i.int_controller_i.irq_q ($aldff) from module cv32e40p_core.
Changing const-value async load to async reset on $driver$id_stage_i.imm_vec_ext_ex_o ($aldff) from module cv32e40p_core.
Changing const-value async load to async reset on $driver$id_stage_i.id_valid_q ($aldff) from module cv32e40p_core.
Changing const-value async load to async reset on $driver$id_stage_i.mhpmevent_minstret_o ($aldff) from module cv32e40p_core.
Changing const-value async load to async reset on $driver$id_stage_i.data_we_ex_o ($aldff) from module cv32e40p_core.
Changing const-value async load to async reset on $driver$id_stage_i.data_type_ex_o ($aldff) from module cv32e40p_core.
Changing const-value async load to async reset on $driver$id_stage_i.data_sign_ext_ex_o ($aldff) from module cv32e40p_core.
Changing const-value async load to async reset on $driver$id_stage_i.data_req_ex_o ($aldff) from module cv32e40p_core.
Changing const-value async load to async reset on $driver$id_stage_i.data_reg_offset_ex_o ($aldff) from module cv32e40p_core.
Changing const-value async load to async reset on $driver$id_stage_i.data_misaligned_ex_o ($aldff) from module cv32e40p_core.
Changing const-value async load to async reset on $driver$id_stage_i.csr_op_ex_o ($aldff) from module cv32e40p_core.
Changing const-value async load to async reset on $driver$id_stage_i.csr_access_ex_o ($aldff) from module cv32e40p_core.
Changing const-value async load to async reset on $driver$id_stage_i.controller_i.jump_done_q ($aldff) from module cv32e40p_core.
Changing const-value async load to async reset on $driver$id_stage_i.controller_i.illegal_insn_q ($aldff) from module cv32e40p_core.
Changing const-value async load to async reset on $driver$id_stage_i.mhpmevent_load_o ($aldff) from module cv32e40p_core.
Changing const-value async load to async reset on $driver$sleep_unit_i.fetch_enable_q ($aldff) from module cv32e40p_core.
Changing const-value async load to async reset on $driver$sleep_unit_i.core_busy_q ($aldff) from module cv32e40p_core.
Changing const-value async load to async reset on $driver$load_store_unit_i.rdata_q ($aldff) from module cv32e40p_core.
Changing const-value async load to async reset on $driver$load_store_unit_i.rdata_offset_q ($aldff) from module cv32e40p_core.
Changing const-value async load to async reset on $driver$load_store_unit_i.data_we_q ($aldff) from module cv32e40p_core.
Changing const-value async load to async reset on $driver$load_store_unit_i.data_type_q ($aldff) from module cv32e40p_core.
Changing const-value async load to async reset on $driver$load_store_unit_i.data_sign_ext_q ($aldff) from module cv32e40p_core.
Changing const-value async load to async reset on $driver$load_store_unit_i.cnt_q ($aldff) from module cv32e40p_core.
Changing const-value async load to async reset on $driver$if_stage_i.prefetch_buffer_i.prefetch_controller_i.trans_addr_q ($aldff) from module cv32e40p_core.
Changing const-value async load to async reset on $driver$if_stage_i.prefetch_buffer_i.prefetch_controller_i.state_q ($aldff) from module cv32e40p_core.
Changing const-value async load to async reset on $driver$if_stage_i.prefetch_buffer_i.prefetch_controller_i.flush_cnt_q ($aldff) from module cv32e40p_core.
Changing const-value async load to async reset on $driver$if_stage_i.prefetch_buffer_i.prefetch_controller_i.cnt_q ($aldff) from module cv32e40p_core.
Changing const-value async load to async reset on $driver$if_stage_i.prefetch_buffer_i.instruction_obi_i.state_q ($aldff) from module cv32e40p_core.
Changing const-value async load to async reset on $driver$if_stage_i.prefetch_buffer_i.instruction_obi_i.gen_no_trans_stable.obi_addr_q ($aldff) from module cv32e40p_core.
Changing const-value async load to async reset on $driver$if_stage_i.prefetch_buffer_i.fifo_i.write_pointer_q ($aldff) from module cv32e40p_core.
Changing const-value async load to async reset on $driver$if_stage_i.prefetch_buffer_i.fifo_i.status_cnt_q ($aldff) from module cv32e40p_core.
Changing const-value async load to async reset on $driver$if_stage_i.prefetch_buffer_i.fifo_i.read_pointer_q ($aldff) from module cv32e40p_core.
Changing const-value async load to async reset on $driver$if_stage_i.prefetch_buffer_i.fifo_i.mem_q[1] ($aldff) from module cv32e40p_core.
Changing const-value async load to async reset on $driver$if_stage_i.prefetch_buffer_i.fifo_i.mem_q[0] ($aldff) from module cv32e40p_core.
Changing const-value async load to async reset on $driver$if_stage_i.pc_id_o ($aldff) from module cv32e40p_core.
Changing const-value async load to async reset on $driver$if_stage_i.is_fetch_failed_o ($aldff) from module cv32e40p_core.
Changing const-value async load to async reset on $driver$if_stage_i.is_compressed_id_o ($aldff) from module cv32e40p_core.
Changing const-value async load to async reset on $driver$if_stage_i.instr_valid_id_o ($aldff) from module cv32e40p_core.
Changing const-value async load to async reset on $driver$if_stage_i.instr_rdata_id_o ($aldff) from module cv32e40p_core.
Changing const-value async load to async reset on $driver$if_stage_i.illegal_c_insn_id_o ($aldff) from module cv32e40p_core.
Changing const-value async load to async reset on $driver$if_stage_i.aligner_i.state ($aldff) from module cv32e40p_core.
Changing const-value async load to async reset on $driver$if_stage_i.aligner_i.r_instr_h ($aldff) from module cv32e40p_core.
Changing const-value async load to async reset on $driver$if_stage_i.aligner_i.pc_q ($aldff) from module cv32e40p_core.
Changing const-value async load to async reset on $driver$if_stage_i.aligner_i.hwlp_update_pc_q ($aldff) from module cv32e40p_core.
Changing const-value async load to async reset on $driver$if_stage_i.aligner_i.hwlp_addr_q ($aldff) from module cv32e40p_core.
Changing const-value async load to async reset on $driver$if_stage_i.aligner_i.aligner_ready_q ($aldff) from module cv32e40p_core.
Changing const-value async load to async reset on $driver$id_stage_i.register_file_i.mem[9] ($aldff) from module cv32e40p_core.
Changing const-value async load to async reset on $driver$id_stage_i.register_file_i.mem[8] ($aldff) from module cv32e40p_core.
Changing const-value async load to async reset on $driver$id_stage_i.register_file_i.mem[7] ($aldff) from module cv32e40p_core.
Changing const-value async load to async reset on $driver$id_stage_i.register_file_i.mem[6] ($aldff) from module cv32e40p_core.
Changing const-value async load to async reset on $driver$id_stage_i.register_file_i.mem[5] ($aldff) from module cv32e40p_core.
Changing const-value async load to async reset on $driver$id_stage_i.register_file_i.mem[4] ($aldff) from module cv32e40p_core.
Changing const-value async load to async reset on $driver$id_stage_i.register_file_i.mem[3] ($aldff) from module cv32e40p_core.
Changing const-value async load to async reset on $driver$id_stage_i.register_file_i.mem[31] ($aldff) from module cv32e40p_core.
Changing const-value async load to async reset on $driver$id_stage_i.register_file_i.mem[30] ($aldff) from module cv32e40p_core.
Changing const-value async load to async reset on $driver$id_stage_i.register_file_i.mem[2] ($aldff) from module cv32e40p_core.
Changing const-value async load to async reset on $driver$id_stage_i.register_file_i.mem[29] ($aldff) from module cv32e40p_core.
Changing const-value async load to async reset on $driver$id_stage_i.register_file_i.mem[28] ($aldff) from module cv32e40p_core.
Changing const-value async load to async reset on $driver$id_stage_i.register_file_i.mem[27] ($aldff) from module cv32e40p_core.
Changing const-value async load to async reset on $driver$id_stage_i.register_file_i.mem[26] ($aldff) from module cv32e40p_core.
Changing const-value async load to async reset on $driver$id_stage_i.register_file_i.mem[25] ($aldff) from module cv32e40p_core.
Changing const-value async load to async reset on $driver$id_stage_i.register_file_i.mem[24] ($aldff) from module cv32e40p_core.
Changing const-value async load to async reset on $driver$id_stage_i.register_file_i.mem[23] ($aldff) from module cv32e40p_core.
Changing const-value async load to async reset on $driver$id_stage_i.register_file_i.mem[22] ($aldff) from module cv32e40p_core.
Changing const-value async load to async reset on $driver$id_stage_i.register_file_i.mem[21] ($aldff) from module cv32e40p_core.
Changing const-value async load to async reset on $driver$id_stage_i.register_file_i.mem[20] ($aldff) from module cv32e40p_core.
Changing const-value async load to async reset on $driver$id_stage_i.register_file_i.mem[1] ($aldff) from module cv32e40p_core.
Changing const-value async load to async reset on $driver$id_stage_i.register_file_i.mem[19] ($aldff) from module cv32e40p_core.
Changing const-value async load to async reset on $driver$id_stage_i.register_file_i.mem[18] ($aldff) from module cv32e40p_core.
Changing const-value async load to async reset on $driver$id_stage_i.register_file_i.mem[17] ($aldff) from module cv32e40p_core.
Changing const-value async load to async reset on $driver$id_stage_i.register_file_i.mem[16] ($aldff) from module cv32e40p_core.
Changing const-value async load to async reset on $driver$id_stage_i.register_file_i.mem[15] ($aldff) from module cv32e40p_core.
Changing const-value async load to async reset on $driver$id_stage_i.register_file_i.mem[14] ($aldff) from module cv32e40p_core.
Changing const-value async load to async reset on $driver$id_stage_i.register_file_i.mem[13] ($aldff) from module cv32e40p_core.
Changing const-value async load to async reset on $driver$id_stage_i.register_file_i.mem[12] ($aldff) from module cv32e40p_core.
Changing const-value async load to async reset on $driver$id_stage_i.register_file_i.mem[11] ($aldff) from module cv32e40p_core.
Changing const-value async load to async reset on $driver$id_stage_i.register_file_i.mem[10] ($aldff) from module cv32e40p_core.
Changing const-value async load to async reset on $driver$id_stage_i.register_file_i.mem[0] ($aldff) from module cv32e40p_core.
Changing const-value async load to async reset on $driver$id_stage_i.regfile_we_ex_o ($aldff) from module cv32e40p_core.
Changing const-value async load to async reset on $driver$id_stage_i.regfile_waddr_ex_o ($aldff) from module cv32e40p_core.
Changing const-value async load to async reset on $driver$id_stage_i.regfile_alu_we_ex_o ($aldff) from module cv32e40p_core.
Changing const-value async load to async reset on $driver$id_stage_i.regfile_alu_waddr_ex_o ($aldff) from module cv32e40p_core.
Changing const-value async load to async reset on $driver$id_stage_i.prepost_useincr_ex_o ($aldff) from module cv32e40p_core.
Changing const-value async load to async reset on $driver$id_stage_i.pc_ex_o ($aldff) from module cv32e40p_core.
Changing const-value async load to async reset on $driver$id_stage_i.mult_signed_mode_ex_o ($aldff) from module cv32e40p_core.
Changing const-value async load to async reset on $driver$id_stage_i.mult_sel_subword_ex_o ($aldff) from module cv32e40p_core.
Changing const-value async load to async reset on $driver$id_stage_i.mult_operator_ex_o ($aldff) from module cv32e40p_core.
Changing const-value async load to async reset on $driver$id_stage_i.mult_operand_c_ex_o ($aldff) from module cv32e40p_core.
Changing const-value async load to async reset on $driver$id_stage_i.mult_operand_b_ex_o ($aldff) from module cv32e40p_core.
Changing const-value async load to async reset on $driver$id_stage_i.mult_operand_a_ex_o ($aldff) from module cv32e40p_core.
Changing const-value async load to async reset on $driver$id_stage_i.mult_is_clpx_ex_o ($aldff) from module cv32e40p_core.
Changing const-value async load to async reset on $driver$id_stage_i.mult_imm_ex_o ($aldff) from module cv32e40p_core.
Changing const-value async load to async reset on $driver$id_stage_i.mult_en_ex_o ($aldff) from module cv32e40p_core.
Changing const-value async load to async reset on $driver$id_stage_i.mult_dot_signed_ex_o ($aldff) from module cv32e40p_core.
Changing const-value async load to async reset on $driver$id_stage_i.mult_dot_op_c_ex_o ($aldff) from module cv32e40p_core.
Changing const-value async load to async reset on $driver$id_stage_i.mult_dot_op_b_ex_o ($aldff) from module cv32e40p_core.
Changing const-value async load to async reset on $driver$id_stage_i.mult_dot_op_a_ex_o ($aldff) from module cv32e40p_core.
Changing const-value async load to async reset on $driver$id_stage_i.mult_clpx_shift_ex_o ($aldff) from module cv32e40p_core.
Changing const-value async load to async reset on $driver$id_stage_i.mult_clpx_img_ex_o ($aldff) from module cv32e40p_core.
Changing const-value async load to async reset on $driver$id_stage_i.mhpmevent_store_o ($aldff) from module cv32e40p_core.
Setting constant 0-bit at position 0 on $driver$id_stage_i.register_file_i.mem[0] ($adff) from module cv32e40p_core.
Setting constant 0-bit at position 1 on $driver$id_stage_i.register_file_i.mem[0] ($adff) from module cv32e40p_core.
Setting constant 0-bit at position 2 on $driver$id_stage_i.register_file_i.mem[0] ($adff) from module cv32e40p_core.
Setting constant 0-bit at position 3 on $driver$id_stage_i.register_file_i.mem[0] ($adff) from module cv32e40p_core.
Setting constant 0-bit at position 4 on $driver$id_stage_i.register_file_i.mem[0] ($adff) from module cv32e40p_core.
Setting constant 0-bit at position 5 on $driver$id_stage_i.register_file_i.mem[0] ($adff) from module cv32e40p_core.
Setting constant 0-bit at position 6 on $driver$id_stage_i.register_file_i.mem[0] ($adff) from module cv32e40p_core.
Setting constant 0-bit at position 7 on $driver$id_stage_i.register_file_i.mem[0] ($adff) from module cv32e40p_core.
Setting constant 0-bit at position 8 on $driver$id_stage_i.register_file_i.mem[0] ($adff) from module cv32e40p_core.
Setting constant 0-bit at position 9 on $driver$id_stage_i.register_file_i.mem[0] ($adff) from module cv32e40p_core.
Setting constant 0-bit at position 10 on $driver$id_stage_i.register_file_i.mem[0] ($adff) from module cv32e40p_core.
Setting constant 0-bit at position 11 on $driver$id_stage_i.register_file_i.mem[0] ($adff) from module cv32e40p_core.
Setting constant 0-bit at position 12 on $driver$id_stage_i.register_file_i.mem[0] ($adff) from module cv32e40p_core.
Setting constant 0-bit at position 13 on $driver$id_stage_i.register_file_i.mem[0] ($adff) from module cv32e40p_core.
Setting constant 0-bit at position 14 on $driver$id_stage_i.register_file_i.mem[0] ($adff) from module cv32e40p_core.
Setting constant 0-bit at position 15 on $driver$id_stage_i.register_file_i.mem[0] ($adff) from module cv32e40p_core.
Setting constant 0-bit at position 16 on $driver$id_stage_i.register_file_i.mem[0] ($adff) from module cv32e40p_core.
Setting constant 0-bit at position 17 on $driver$id_stage_i.register_file_i.mem[0] ($adff) from module cv32e40p_core.
Setting constant 0-bit at position 18 on $driver$id_stage_i.register_file_i.mem[0] ($adff) from module cv32e40p_core.
Setting constant 0-bit at position 19 on $driver$id_stage_i.register_file_i.mem[0] ($adff) from module cv32e40p_core.
Setting constant 0-bit at position 20 on $driver$id_stage_i.register_file_i.mem[0] ($adff) from module cv32e40p_core.
Setting constant 0-bit at position 21 on $driver$id_stage_i.register_file_i.mem[0] ($adff) from module cv32e40p_core.
Setting constant 0-bit at position 22 on $driver$id_stage_i.register_file_i.mem[0] ($adff) from module cv32e40p_core.
Setting constant 0-bit at position 23 on $driver$id_stage_i.register_file_i.mem[0] ($adff) from module cv32e40p_core.
Setting constant 0-bit at position 24 on $driver$id_stage_i.register_file_i.mem[0] ($adff) from module cv32e40p_core.
Setting constant 0-bit at position 25 on $driver$id_stage_i.register_file_i.mem[0] ($adff) from module cv32e40p_core.
Setting constant 0-bit at position 26 on $driver$id_stage_i.register_file_i.mem[0] ($adff) from module cv32e40p_core.
Setting constant 0-bit at position 27 on $driver$id_stage_i.register_file_i.mem[0] ($adff) from module cv32e40p_core.
Setting constant 0-bit at position 28 on $driver$id_stage_i.register_file_i.mem[0] ($adff) from module cv32e40p_core.
Setting constant 0-bit at position 29 on $driver$id_stage_i.register_file_i.mem[0] ($adff) from module cv32e40p_core.
Setting constant 0-bit at position 30 on $driver$id_stage_i.register_file_i.mem[0] ($adff) from module cv32e40p_core.
Setting constant 0-bit at position 31 on $driver$id_stage_i.register_file_i.mem[0] ($adff) from module cv32e40p_core.
Setting constant 0-bit at position 0 on $driver$cs_registers_i.dcsr_q.nmip ($dlatch) from module cv32e40p_core.
Setting constant 0-bit at position 0 on $driver$cs_registers_i.dcsr_q.xdebugver ($dlatch) from module cv32e40p_core.
Setting constant 0-bit at position 1 on $driver$cs_registers_i.dcsr_q.xdebugver ($dlatch) from module cv32e40p_core.
Setting constant 1-bit at position 2 on $driver$cs_registers_i.dcsr_q.xdebugver ($dlatch) from module cv32e40p_core.
Setting constant 0-bit at position 3 on $driver$cs_registers_i.dcsr_q.xdebugver ($dlatch) from module cv32e40p_core.
Setting constant 0-bit at position 0 on $driver$cs_registers_i.dcsr_q.zero0 ($dlatch) from module cv32e40p_core.
Setting constant 0-bit at position 0 on $driver$cs_registers_i.dcsr_q.zero1 ($dlatch) from module cv32e40p_core.
Setting constant 0-bit at position 0 on $driver$cs_registers_i.dcsr_q.zero2 ($dlatch) from module cv32e40p_core.
Setting constant 0-bit at position 1 on $driver$cs_registers_i.dcsr_q.zero2 ($dlatch) from module cv32e40p_core.
Setting constant 0-bit at position 2 on $driver$cs_registers_i.dcsr_q.zero2 ($dlatch) from module cv32e40p_core.
Setting constant 0-bit at position 3 on $driver$cs_registers_i.dcsr_q.zero2 ($dlatch) from module cv32e40p_core.
Setting constant 0-bit at position 4 on $driver$cs_registers_i.dcsr_q.zero2 ($dlatch) from module cv32e40p_core.
Setting constant 0-bit at position 5 on $driver$cs_registers_i.dcsr_q.zero2 ($dlatch) from module cv32e40p_core.
Setting constant 0-bit at position 6 on $driver$cs_registers_i.dcsr_q.zero2 ($dlatch) from module cv32e40p_core.
Setting constant 0-bit at position 7 on $driver$cs_registers_i.dcsr_q.zero2 ($dlatch) from module cv32e40p_core.
Setting constant 0-bit at position 8 on $driver$cs_registers_i.dcsr_q.zero2 ($dlatch) from module cv32e40p_core.
Setting constant 0-bit at position 9 on $driver$cs_registers_i.dcsr_q.zero2 ($dlatch) from module cv32e40p_core.
Setting constant 0-bit at position 10 on $driver$cs_registers_i.dcsr_q.zero2 ($dlatch) from module cv32e40p_core.
Setting constant 0-bit at position 11 on $driver$cs_registers_i.dcsr_q.zero2 ($dlatch) from module cv32e40p_core.
Setting constant 1-bit at position 0 on $driver$cs_registers_i.mstatus_q.mpp ($adff) from module cv32e40p_core.
Setting constant 1-bit at position 1 on $driver$cs_registers_i.mstatus_q.mpp ($adff) from module cv32e40p_core.
Setting constant 0-bit at position 0 on $driver$cs_registers_i.mstatus_q.mprv ($adff) from module cv32e40p_core.

4.7.7. Executing OPT_CLEAN pass (remove unused cells and wires).
Finding unused cells or wires in module \cv32e40p_core..
Removed 78 unused cells and 3698 unused wires.
<suppressed ~112 debug messages>

4.7.8. Executing OPT_EXPR pass (perform const folding).
Optimizing module cv32e40p_core.
<suppressed ~16 debug messages>

4.7.9. Rerunning OPT passes. (Maybe there is more to do..)

4.7.10. Executing OPT_MUXTREE pass (detect dead branches in mux trees).
Running muxtree optimizer on module \cv32e40p_core..
  Creating internal representation of mux trees.
  Evaluating internal representation of mux trees.
  Analyzing evaluation results.
    dead port 1/2 on $mux $1361.
    dead port 2/2 on $mux $1361.
    dead port 1/5 on $pmux $procmux$17039.
    dead port 2/5 on $pmux $procmux$17039.
    dead port 3/5 on $pmux $procmux$17039.
    dead port 5/5 on $pmux $procmux$17039.
    dead port 1/3 on $pmux $procmux$18110.
Removed 7 multiplexer ports.
<suppressed ~10112 debug messages>

4.7.11. Executing OPT_REDUCE pass (consolidate $*mux and $reduce_* inputs).
  Optimizing cells in module \cv32e40p_core.
    New ctrl vector for $pmux cell $procmux$12301: { $auto$opt_reduce.cc:137:opt_pmux$18603 $procmux$12156_CTRL $auto$opt_reduce.cc:137:opt_pmux$18505 }
    New ctrl vector for $pmux cell $procmux$17748: { $procmux$17648_CMP $auto$opt_reduce.cc:137:opt_pmux$18605 $procmux$17598_CMP }
    New ctrl vector for $pmux cell $procmux$4981: { $auto$opt_reduce.cc:137:opt_pmux$18607 $auto$opt_reduce.cc:137:opt_pmux$18541 \id_stage_i.controller_i.wfi_i }
    New ctrl vector for $pmux cell $procmux$7401: { \id_stage_i.controller_i.ebrk_insn_i $auto$opt_reduce.cc:137:opt_pmux$18609 }
    New input vector for $reduce_or cell $auto$opt_reduce.cc:131:opt_pmux$18602: { $procmux$12269_CMP $procmux$12226_CMP }
  Optimizing cells in module \cv32e40p_core.
Performed a total of 6 changes.

4.7.12. Executing OPT_MERGE pass (detect identical cells).
Finding identical cells in module `\cv32e40p_core'.
<suppressed ~3 debug messages>
Removed a total of 1 cells.

4.7.13. Executing OPT_DFF pass (perform DFF optimizations).
Handling D = Q on $driver$if_stage_i.aligner_i.hwlp_addr_q ($adff) from module cv32e40p_core (removing D path).
Handling D = Q on $driver$id_stage_i.mult_is_clpx_ex_o ($adff) from module cv32e40p_core (removing D path).
Handling D = Q on $driver$id_stage_i.mult_dot_signed_ex_o ($adff) from module cv32e40p_core (removing D path).
Handling D = Q on $driver$id_stage_i.mult_dot_op_c_ex_o ($adff) from module cv32e40p_core (removing D path).
Handling D = Q on $driver$id_stage_i.mult_dot_op_b_ex_o ($adff) from module cv32e40p_core (removing D path).
Handling D = Q on $driver$id_stage_i.mult_dot_op_a_ex_o ($adff) from module cv32e40p_core (removing D path).
Handling D = Q on $driver$id_stage_i.mult_clpx_shift_ex_o ($adff) from module cv32e40p_core (removing D path).
Handling D = Q on $driver$id_stage_i.mult_clpx_img_ex_o ($adff) from module cv32e40p_core (removing D path).
Handling D = Q on $driver$id_stage_i.apu_lat_ex_o ($adff) from module cv32e40p_core (removing D path).
Handling D = Q on $driver$id_stage_i.apu_flags_ex_o ($adff) from module cv32e40p_core (removing D path).
Setting constant 0-bit at position 0 on $driver$id_stage_i.apu_flags_ex_o ($dlatch) from module cv32e40p_core.
Setting constant 0-bit at position 1 on $driver$id_stage_i.apu_flags_ex_o ($dlatch) from module cv32e40p_core.
Setting constant 0-bit at position 2 on $driver$id_stage_i.apu_flags_ex_o ($dlatch) from module cv32e40p_core.
Setting constant 0-bit at position 3 on $driver$id_stage_i.apu_flags_ex_o ($dlatch) from module cv32e40p_core.
Setting constant 0-bit at position 4 on $driver$id_stage_i.apu_flags_ex_o ($dlatch) from module cv32e40p_core.
Setting constant 0-bit at position 5 on $driver$id_stage_i.apu_flags_ex_o ($dlatch) from module cv32e40p_core.
Setting constant 0-bit at position 6 on $driver$id_stage_i.apu_flags_ex_o ($dlatch) from module cv32e40p_core.
Setting constant 0-bit at position 7 on $driver$id_stage_i.apu_flags_ex_o ($dlatch) from module cv32e40p_core.
Setting constant 0-bit at position 8 on $driver$id_stage_i.apu_flags_ex_o ($dlatch) from module cv32e40p_core.
Setting constant 0-bit at position 9 on $driver$id_stage_i.apu_flags_ex_o ($dlatch) from module cv32e40p_core.
Setting constant 0-bit at position 10 on $driver$id_stage_i.apu_flags_ex_o ($dlatch) from module cv32e40p_core.
Setting constant 0-bit at position 11 on $driver$id_stage_i.apu_flags_ex_o ($dlatch) from module cv32e40p_core.
Setting constant 0-bit at position 12 on $driver$id_stage_i.apu_flags_ex_o ($dlatch) from module cv32e40p_core.
Setting constant 0-bit at position 13 on $driver$id_stage_i.apu_flags_ex_o ($dlatch) from module cv32e40p_core.
Setting constant 0-bit at position 14 on $driver$id_stage_i.apu_flags_ex_o ($dlatch) from module cv32e40p_core.
Setting constant 0-bit at position 0 on $driver$id_stage_i.apu_lat_ex_o ($dlatch) from module cv32e40p_core.
Setting constant 0-bit at position 1 on $driver$id_stage_i.apu_lat_ex_o ($dlatch) from module cv32e40p_core.
Setting constant 0-bit at position 0 on $driver$id_stage_i.mult_clpx_img_ex_o ($dlatch) from module cv32e40p_core.
Setting constant 0-bit at position 0 on $driver$id_stage_i.mult_clpx_shift_ex_o ($dlatch) from module cv32e40p_core.
Setting constant 0-bit at position 1 on $driver$id_stage_i.mult_clpx_shift_ex_o ($dlatch) from module cv32e40p_core.
Setting constant 0-bit at position 0 on $driver$id_stage_i.mult_dot_op_a_ex_o ($dlatch) from module cv32e40p_core.
Setting constant 0-bit at position 1 on $driver$id_stage_i.mult_dot_op_a_ex_o ($dlatch) from module cv32e40p_core.
Setting constant 0-bit at position 2 on $driver$id_stage_i.mult_dot_op_a_ex_o ($dlatch) from module cv32e40p_core.
Setting constant 0-bit at position 3 on $driver$id_stage_i.mult_dot_op_a_ex_o ($dlatch) from module cv32e40p_core.
Setting constant 0-bit at position 4 on $driver$id_stage_i.mult_dot_op_a_ex_o ($dlatch) from module cv32e40p_core.
Setting constant 0-bit at position 5 on $driver$id_stage_i.mult_dot_op_a_ex_o ($dlatch) from module cv32e40p_core.
Setting constant 0-bit at position 6 on $driver$id_stage_i.mult_dot_op_a_ex_o ($dlatch) from module cv32e40p_core.
Setting constant 0-bit at position 7 on $driver$id_stage_i.mult_dot_op_a_ex_o ($dlatch) from module cv32e40p_core.
Setting constant 0-bit at position 8 on $driver$id_stage_i.mult_dot_op_a_ex_o ($dlatch) from module cv32e40p_core.
Setting constant 0-bit at position 9 on $driver$id_stage_i.mult_dot_op_a_ex_o ($dlatch) from module cv32e40p_core.
Setting constant 0-bit at position 10 on $driver$id_stage_i.mult_dot_op_a_ex_o ($dlatch) from module cv32e40p_core.
Setting constant 0-bit at position 11 on $driver$id_stage_i.mult_dot_op_a_ex_o ($dlatch) from module cv32e40p_core.
Setting constant 0-bit at position 12 on $driver$id_stage_i.mult_dot_op_a_ex_o ($dlatch) from module cv32e40p_core.
Setting constant 0-bit at position 13 on $driver$id_stage_i.mult_dot_op_a_ex_o ($dlatch) from module cv32e40p_core.
Setting constant 0-bit at position 14 on $driver$id_stage_i.mult_dot_op_a_ex_o ($dlatch) from module cv32e40p_core.
Setting constant 0-bit at position 15 on $driver$id_stage_i.mult_dot_op_a_ex_o ($dlatch) from module cv32e40p_core.
Setting constant 0-bit at position 16 on $driver$id_stage_i.mult_dot_op_a_ex_o ($dlatch) from module cv32e40p_core.
Setting constant 0-bit at position 17 on $driver$id_stage_i.mult_dot_op_a_ex_o ($dlatch) from module cv32e40p_core.
Setting constant 0-bit at position 18 on $driver$id_stage_i.mult_dot_op_a_ex_o ($dlatch) from module cv32e40p_core.
Setting constant 0-bit at position 19 on $driver$id_stage_i.mult_dot_op_a_ex_o ($dlatch) from module cv32e40p_core.
Setting constant 0-bit at position 20 on $driver$id_stage_i.mult_dot_op_a_ex_o ($dlatch) from module cv32e40p_core.
Setting constant 0-bit at position 21 on $driver$id_stage_i.mult_dot_op_a_ex_o ($dlatch) from module cv32e40p_core.
Setting constant 0-bit at position 22 on $driver$id_stage_i.mult_dot_op_a_ex_o ($dlatch) from module cv32e40p_core.
Setting constant 0-bit at position 23 on $driver$id_stage_i.mult_dot_op_a_ex_o ($dlatch) from module cv32e40p_core.
Setting constant 0-bit at position 24 on $driver$id_stage_i.mult_dot_op_a_ex_o ($dlatch) from module cv32e40p_core.
Setting constant 0-bit at position 25 on $driver$id_stage_i.mult_dot_op_a_ex_o ($dlatch) from module cv32e40p_core.
Setting constant 0-bit at position 26 on $driver$id_stage_i.mult_dot_op_a_ex_o ($dlatch) from module cv32e40p_core.
Setting constant 0-bit at position 27 on $driver$id_stage_i.mult_dot_op_a_ex_o ($dlatch) from module cv32e40p_core.
Setting constant 0-bit at position 28 on $driver$id_stage_i.mult_dot_op_a_ex_o ($dlatch) from module cv32e40p_core.
Setting constant 0-bit at position 29 on $driver$id_stage_i.mult_dot_op_a_ex_o ($dlatch) from module cv32e40p_core.
Setting constant 0-bit at position 30 on $driver$id_stage_i.mult_dot_op_a_ex_o ($dlatch) from module cv32e40p_core.
Setting constant 0-bit at position 31 on $driver$id_stage_i.mult_dot_op_a_ex_o ($dlatch) from module cv32e40p_core.
Setting constant 0-bit at position 0 on $driver$id_stage_i.mult_dot_op_b_ex_o ($dlatch) from module cv32e40p_core.
Setting constant 0-bit at position 1 on $driver$id_stage_i.mult_dot_op_b_ex_o ($dlatch) from module cv32e40p_core.
Setting constant 0-bit at position 2 on $driver$id_stage_i.mult_dot_op_b_ex_o ($dlatch) from module cv32e40p_core.
Setting constant 0-bit at position 3 on $driver$id_stage_i.mult_dot_op_b_ex_o ($dlatch) from module cv32e40p_core.
Setting constant 0-bit at position 4 on $driver$id_stage_i.mult_dot_op_b_ex_o ($dlatch) from module cv32e40p_core.
Setting constant 0-bit at position 5 on $driver$id_stage_i.mult_dot_op_b_ex_o ($dlatch) from module cv32e40p_core.
Setting constant 0-bit at position 6 on $driver$id_stage_i.mult_dot_op_b_ex_o ($dlatch) from module cv32e40p_core.
Setting constant 0-bit at position 7 on $driver$id_stage_i.mult_dot_op_b_ex_o ($dlatch) from module cv32e40p_core.
Setting constant 0-bit at position 8 on $driver$id_stage_i.mult_dot_op_b_ex_o ($dlatch) from module cv32e40p_core.
Setting constant 0-bit at position 9 on $driver$id_stage_i.mult_dot_op_b_ex_o ($dlatch) from module cv32e40p_core.
Setting constant 0-bit at position 10 on $driver$id_stage_i.mult_dot_op_b_ex_o ($dlatch) from module cv32e40p_core.
Setting constant 0-bit at position 11 on $driver$id_stage_i.mult_dot_op_b_ex_o ($dlatch) from module cv32e40p_core.
Setting constant 0-bit at position 12 on $driver$id_stage_i.mult_dot_op_b_ex_o ($dlatch) from module cv32e40p_core.
Setting constant 0-bit at position 13 on $driver$id_stage_i.mult_dot_op_b_ex_o ($dlatch) from module cv32e40p_core.
Setting constant 0-bit at position 14 on $driver$id_stage_i.mult_dot_op_b_ex_o ($dlatch) from module cv32e40p_core.
Setting constant 0-bit at position 15 on $driver$id_stage_i.mult_dot_op_b_ex_o ($dlatch) from module cv32e40p_core.
Setting constant 0-bit at position 16 on $driver$id_stage_i.mult_dot_op_b_ex_o ($dlatch) from module cv32e40p_core.
Setting constant 0-bit at position 17 on $driver$id_stage_i.mult_dot_op_b_ex_o ($dlatch) from module cv32e40p_core.
Setting constant 0-bit at position 18 on $driver$id_stage_i.mult_dot_op_b_ex_o ($dlatch) from module cv32e40p_core.
Setting constant 0-bit at position 19 on $driver$id_stage_i.mult_dot_op_b_ex_o ($dlatch) from module cv32e40p_core.
Setting constant 0-bit at position 20 on $driver$id_stage_i.mult_dot_op_b_ex_o ($dlatch) from module cv32e40p_core.
Setting constant 0-bit at position 21 on $driver$id_stage_i.mult_dot_op_b_ex_o ($dlatch) from module cv32e40p_core.
Setting constant 0-bit at position 22 on $driver$id_stage_i.mult_dot_op_b_ex_o ($dlatch) from module cv32e40p_core.
Setting constant 0-bit at position 23 on $driver$id_stage_i.mult_dot_op_b_ex_o ($dlatch) from module cv32e40p_core.
Setting constant 0-bit at position 24 on $driver$id_stage_i.mult_dot_op_b_ex_o ($dlatch) from module cv32e40p_core.
Setting constant 0-bit at position 25 on $driver$id_stage_i.mult_dot_op_b_ex_o ($dlatch) from module cv32e40p_core.
Setting constant 0-bit at position 26 on $driver$id_stage_i.mult_dot_op_b_ex_o ($dlatch) from module cv32e40p_core.
Setting constant 0-bit at position 27 on $driver$id_stage_i.mult_dot_op_b_ex_o ($dlatch) from module cv32e40p_core.
Setting constant 0-bit at position 28 on $driver$id_stage_i.mult_dot_op_b_ex_o ($dlatch) from module cv32e40p_core.
Setting constant 0-bit at position 29 on $driver$id_stage_i.mult_dot_op_b_ex_o ($dlatch) from module cv32e40p_core.
Setting constant 0-bit at position 30 on $driver$id_stage_i.mult_dot_op_b_ex_o ($dlatch) from module cv32e40p_core.
Setting constant 0-bit at position 31 on $driver$id_stage_i.mult_dot_op_b_ex_o ($dlatch) from module cv32e40p_core.
Setting constant 0-bit at position 0 on $driver$id_stage_i.mult_dot_op_c_ex_o ($dlatch) from module cv32e40p_core.
Setting constant 0-bit at position 1 on $driver$id_stage_i.mult_dot_op_c_ex_o ($dlatch) from module cv32e40p_core.
Setting constant 0-bit at position 2 on $driver$id_stage_i.mult_dot_op_c_ex_o ($dlatch) from module cv32e40p_core.
Setting constant 0-bit at position 3 on $driver$id_stage_i.mult_dot_op_c_ex_o ($dlatch) from module cv32e40p_core.
Setting constant 0-bit at position 4 on $driver$id_stage_i.mult_dot_op_c_ex_o ($dlatch) from module cv32e40p_core.
Setting constant 0-bit at position 5 on $driver$id_stage_i.mult_dot_op_c_ex_o ($dlatch) from module cv32e40p_core.
Setting constant 0-bit at position 6 on $driver$id_stage_i.mult_dot_op_c_ex_o ($dlatch) from module cv32e40p_core.
Setting constant 0-bit at position 7 on $driver$id_stage_i.mult_dot_op_c_ex_o ($dlatch) from module cv32e40p_core.
Setting constant 0-bit at position 8 on $driver$id_stage_i.mult_dot_op_c_ex_o ($dlatch) from module cv32e40p_core.
Setting constant 0-bit at position 9 on $driver$id_stage_i.mult_dot_op_c_ex_o ($dlatch) from module cv32e40p_core.
Setting constant 0-bit at position 10 on $driver$id_stage_i.mult_dot_op_c_ex_o ($dlatch) from module cv32e40p_core.
Setting constant 0-bit at position 11 on $driver$id_stage_i.mult_dot_op_c_ex_o ($dlatch) from module cv32e40p_core.
Setting constant 0-bit at position 12 on $driver$id_stage_i.mult_dot_op_c_ex_o ($dlatch) from module cv32e40p_core.
Setting constant 0-bit at position 13 on $driver$id_stage_i.mult_dot_op_c_ex_o ($dlatch) from module cv32e40p_core.
Setting constant 0-bit at position 14 on $driver$id_stage_i.mult_dot_op_c_ex_o ($dlatch) from module cv32e40p_core.
Setting constant 0-bit at position 15 on $driver$id_stage_i.mult_dot_op_c_ex_o ($dlatch) from module cv32e40p_core.
Setting constant 0-bit at position 16 on $driver$id_stage_i.mult_dot_op_c_ex_o ($dlatch) from module cv32e40p_core.
Setting constant 0-bit at position 17 on $driver$id_stage_i.mult_dot_op_c_ex_o ($dlatch) from module cv32e40p_core.
Setting constant 0-bit at position 18 on $driver$id_stage_i.mult_dot_op_c_ex_o ($dlatch) from module cv32e40p_core.
Setting constant 0-bit at position 19 on $driver$id_stage_i.mult_dot_op_c_ex_o ($dlatch) from module cv32e40p_core.
Setting constant 0-bit at position 20 on $driver$id_stage_i.mult_dot_op_c_ex_o ($dlatch) from module cv32e40p_core.
Setting constant 0-bit at position 21 on $driver$id_stage_i.mult_dot_op_c_ex_o ($dlatch) from module cv32e40p_core.
Setting constant 0-bit at position 22 on $driver$id_stage_i.mult_dot_op_c_ex_o ($dlatch) from module cv32e40p_core.
Setting constant 0-bit at position 23 on $driver$id_stage_i.mult_dot_op_c_ex_o ($dlatch) from module cv32e40p_core.
Setting constant 0-bit at position 24 on $driver$id_stage_i.mult_dot_op_c_ex_o ($dlatch) from module cv32e40p_core.
Setting constant 0-bit at position 25 on $driver$id_stage_i.mult_dot_op_c_ex_o ($dlatch) from module cv32e40p_core.
Setting constant 0-bit at position 26 on $driver$id_stage_i.mult_dot_op_c_ex_o ($dlatch) from module cv32e40p_core.
Setting constant 0-bit at position 27 on $driver$id_stage_i.mult_dot_op_c_ex_o ($dlatch) from module cv32e40p_core.
Setting constant 0-bit at position 28 on $driver$id_stage_i.mult_dot_op_c_ex_o ($dlatch) from module cv32e40p_core.
Setting constant 0-bit at position 29 on $driver$id_stage_i.mult_dot_op_c_ex_o ($dlatch) from module cv32e40p_core.
Setting constant 0-bit at position 30 on $driver$id_stage_i.mult_dot_op_c_ex_o ($dlatch) from module cv32e40p_core.
Setting constant 0-bit at position 31 on $driver$id_stage_i.mult_dot_op_c_ex_o ($dlatch) from module cv32e40p_core.
Setting constant 0-bit at position 0 on $driver$id_stage_i.mult_dot_signed_ex_o ($dlatch) from module cv32e40p_core.
Setting constant 0-bit at position 1 on $driver$id_stage_i.mult_dot_signed_ex_o ($dlatch) from module cv32e40p_core.
Setting constant 0-bit at position 0 on $driver$id_stage_i.mult_is_clpx_ex_o ($dlatch) from module cv32e40p_core.
Setting constant 0-bit at position 0 on $driver$if_stage_i.aligner_i.hwlp_addr_q ($dlatch) from module cv32e40p_core.
Setting constant 0-bit at position 1 on $driver$if_stage_i.aligner_i.hwlp_addr_q ($dlatch) from module cv32e40p_core.
Setting constant 0-bit at position 2 on $driver$if_stage_i.aligner_i.hwlp_addr_q ($dlatch) from module cv32e40p_core.
Setting constant 0-bit at position 3 on $driver$if_stage_i.aligner_i.hwlp_addr_q ($dlatch) from module cv32e40p_core.
Setting constant 0-bit at position 4 on $driver$if_stage_i.aligner_i.hwlp_addr_q ($dlatch) from module cv32e40p_core.
Setting constant 0-bit at position 5 on $driver$if_stage_i.aligner_i.hwlp_addr_q ($dlatch) from module cv32e40p_core.
Setting constant 0-bit at position 6 on $driver$if_stage_i.aligner_i.hwlp_addr_q ($dlatch) from module cv32e40p_core.
Setting constant 0-bit at position 7 on $driver$if_stage_i.aligner_i.hwlp_addr_q ($dlatch) from module cv32e40p_core.
Setting constant 0-bit at position 8 on $driver$if_stage_i.aligner_i.hwlp_addr_q ($dlatch) from module cv32e40p_core.
Setting constant 0-bit at position 9 on $driver$if_stage_i.aligner_i.hwlp_addr_q ($dlatch) from module cv32e40p_core.
Setting constant 0-bit at position 10 on $driver$if_stage_i.aligner_i.hwlp_addr_q ($dlatch) from module cv32e40p_core.
Setting constant 0-bit at position 11 on $driver$if_stage_i.aligner_i.hwlp_addr_q ($dlatch) from module cv32e40p_core.
Setting constant 0-bit at position 12 on $driver$if_stage_i.aligner_i.hwlp_addr_q ($dlatch) from module cv32e40p_core.
Setting constant 0-bit at position 13 on $driver$if_stage_i.aligner_i.hwlp_addr_q ($dlatch) from module cv32e40p_core.
Setting constant 0-bit at position 14 on $driver$if_stage_i.aligner_i.hwlp_addr_q ($dlatch) from module cv32e40p_core.
Setting constant 0-bit at position 15 on $driver$if_stage_i.aligner_i.hwlp_addr_q ($dlatch) from module cv32e40p_core.
Setting constant 0-bit at position 16 on $driver$if_stage_i.aligner_i.hwlp_addr_q ($dlatch) from module cv32e40p_core.
Setting constant 0-bit at position 17 on $driver$if_stage_i.aligner_i.hwlp_addr_q ($dlatch) from module cv32e40p_core.
Setting constant 0-bit at position 18 on $driver$if_stage_i.aligner_i.hwlp_addr_q ($dlatch) from module cv32e40p_core.
Setting constant 0-bit at position 19 on $driver$if_stage_i.aligner_i.hwlp_addr_q ($dlatch) from module cv32e40p_core.
Setting constant 0-bit at position 20 on $driver$if_stage_i.aligner_i.hwlp_addr_q ($dlatch) from module cv32e40p_core.
Setting constant 0-bit at position 21 on $driver$if_stage_i.aligner_i.hwlp_addr_q ($dlatch) from module cv32e40p_core.
Setting constant 0-bit at position 22 on $driver$if_stage_i.aligner_i.hwlp_addr_q ($dlatch) from module cv32e40p_core.
Setting constant 0-bit at position 23 on $driver$if_stage_i.aligner_i.hwlp_addr_q ($dlatch) from module cv32e40p_core.
Setting constant 0-bit at position 24 on $driver$if_stage_i.aligner_i.hwlp_addr_q ($dlatch) from module cv32e40p_core.
Setting constant 0-bit at position 25 on $driver$if_stage_i.aligner_i.hwlp_addr_q ($dlatch) from module cv32e40p_core.
Setting constant 0-bit at position 26 on $driver$if_stage_i.aligner_i.hwlp_addr_q ($dlatch) from module cv32e40p_core.
Setting constant 0-bit at position 27 on $driver$if_stage_i.aligner_i.hwlp_addr_q ($dlatch) from module cv32e40p_core.
Setting constant 0-bit at position 28 on $driver$if_stage_i.aligner_i.hwlp_addr_q ($dlatch) from module cv32e40p_core.
Setting constant 0-bit at position 29 on $driver$if_stage_i.aligner_i.hwlp_addr_q ($dlatch) from module cv32e40p_core.
Setting constant 0-bit at position 30 on $driver$if_stage_i.aligner_i.hwlp_addr_q ($dlatch) from module cv32e40p_core.
Setting constant 0-bit at position 31 on $driver$if_stage_i.aligner_i.hwlp_addr_q ($dlatch) from module cv32e40p_core.

4.7.14. Executing OPT_CLEAN pass (remove unused cells and wires).
Finding unused cells or wires in module \cv32e40p_core..
Removed 7 unused cells and 26 unused wires.
<suppressed ~11 debug messages>

4.7.15. Executing OPT_EXPR pass (perform const folding).
Optimizing module cv32e40p_core.
<suppressed ~49 debug messages>

4.7.16. Rerunning OPT passes. (Maybe there is more to do..)

4.7.17. Executing OPT_MUXTREE pass (detect dead branches in mux trees).
Running muxtree optimizer on module \cv32e40p_core..
  Creating internal representation of mux trees.
  Evaluating internal representation of mux trees.
  Analyzing evaluation results.
Removed 0 multiplexer ports.
<suppressed ~9920 debug messages>

4.7.18. Executing OPT_REDUCE pass (consolidate $*mux and $reduce_* inputs).
  Optimizing cells in module \cv32e40p_core.
    New ctrl vector for $pmux cell $procmux$387: { $procmux$391_CTRL $procmux$390_CTRL }
  Optimizing cells in module \cv32e40p_core.
Performed a total of 1 changes.

4.7.19. Executing OPT_MERGE pass (detect identical cells).
Finding identical cells in module `\cv32e40p_core'.
Removed a total of 0 cells.

4.7.20. Executing OPT_DFF pass (perform DFF optimizations).

4.7.21. Executing OPT_CLEAN pass (remove unused cells and wires).
Finding unused cells or wires in module \cv32e40p_core..
Removed 12 unused cells and 34 unused wires.
<suppressed ~15 debug messages>

4.7.22. Executing OPT_EXPR pass (perform const folding).
Optimizing module cv32e40p_core.

4.7.23. Rerunning OPT passes. (Maybe there is more to do..)

4.7.24. Executing OPT_MUXTREE pass (detect dead branches in mux trees).
Running muxtree optimizer on module \cv32e40p_core..
  Creating internal representation of mux trees.
  Evaluating internal representation of mux trees.
  Analyzing evaluation results.
Removed 0 multiplexer ports.
<suppressed ~9915 debug messages>

4.7.25. Executing OPT_REDUCE pass (consolidate $*mux and $reduce_* inputs).
  Optimizing cells in module \cv32e40p_core.
Performed a total of 0 changes.

4.7.26. Executing OPT_MERGE pass (detect identical cells).
Finding identical cells in module `\cv32e40p_core'.
Removed a total of 0 cells.

4.7.27. Executing OPT_DFF pass (perform DFF optimizations).

4.7.28. Executing OPT_CLEAN pass (remove unused cells and wires).
Finding unused cells or wires in module \cv32e40p_core..

4.7.29. Executing OPT_EXPR pass (perform const folding).
Optimizing module cv32e40p_core.

4.7.30. Finished fast OPT passes. (There is nothing left to do.)

4.8. Executing FSM pass (extract and optimize FSM).

4.8.1. Executing FSM_DETECT pass (finding FSMs in design).
Found FSM state register cv32e40p_core.ex_stage_i.alu_i.gen_div.alu_div_i.State_SP.
Found FSM state register cv32e40p_core.ex_stage_i.mult_i.mulh_CS.
Not marking cv32e40p_core.id_stage_i.alu_operator_ex_o as FSM state register:
    Users of register don't seem to benefit from recoding.
Found FSM state register cv32e40p_core.id_stage_i.alu_vec_mode_ex_o.
Not marking cv32e40p_core.id_stage_i.bmask_a_ex_o as FSM state register:
    Users of register don't seem to benefit from recoding.
Not marking cv32e40p_core.id_stage_i.bmask_b_ex_o as FSM state register:
    Users of register don't seem to benefit from recoding.
Found FSM state register cv32e40p_core.id_stage_i.controller_i.ctrl_fsm_cs.
Not marking cv32e40p_core.id_stage_i.controller_i.debug_fsm_cs as FSM state register:
    Register is connected to module port.
    Users of register don't seem to benefit from recoding.
Found FSM state register cv32e40p_core.id_stage_i.csr_op_ex_o.
Not marking cv32e40p_core.id_stage_i.data_reg_offset_ex_o as FSM state register:
    Users of register don't seem to benefit from recoding.
Not marking cv32e40p_core.id_stage_i.data_type_ex_o as FSM state register:
    Users of register don't seem to benefit from recoding.
Not marking cv32e40p_core.id_stage_i.mult_imm_ex_o as FSM state register:
    Users of register don't seem to benefit from recoding.
Found FSM state register cv32e40p_core.id_stage_i.mult_operator_ex_o.
Not marking cv32e40p_core.id_stage_i.mult_signed_mode_ex_o as FSM state register:
    Users of register don't seem to benefit from recoding.
Found FSM state register cv32e40p_core.if_stage_i.aligner_i.state.

4.8.2. Executing FSM_EXTRACT pass (extracting FSM from design).
Extracting FSM `\ex_stage_i.alu_i.gen_div.alu_div_i.State_SP' from module `\cv32e40p_core'.
  found $adff cell for state register: $driver$ex_stage_i.alu_i.gen_div.alu_div_i.State_SP
  root of input selection tree: \ex_stage_i.alu_i.gen_div.alu_div_i.State_SN
  found reset state: 2'00 (from async reset)
  found ctrl input: $procmux$524_CMP
  found ctrl input: $procmux$529_CMP
  found ctrl input: $procmux$535_CMP
  found ctrl input: \id_stage_i.ex_ready_i
  found ctrl input: $2373y
  found state code: 2'10
  found ctrl input: \ex_stage_i.alu_i.div_valid
  found state code: 2'01
  found ctrl output: $procmux$524_CMP
  found ctrl output: $procmux$529_CMP
  found ctrl output: $procmux$535_CMP
  ctrl inputs: { $2373y \ex_stage_i.alu_i.div_valid \id_stage_i.ex_ready_i }
  ctrl outputs: { $procmux$535_CMP $procmux$529_CMP $procmux$524_CMP \ex_stage_i.alu_i.gen_div.alu_div_i.State_SN }
  transition:       2'00 3'-0- ->       2'00 5'10000
  transition:       2'00 3'-1- ->       2'01 5'10001
  transition:       2'10 3'--0 ->       2'10 5'00110
  transition:       2'10 3'--1 ->       2'00 5'00100
  transition:       2'01 3'0-- ->       2'10 5'01010
  transition:       2'01 3'1-- ->       2'01 5'01001
Extracting FSM `\ex_stage_i.mult_i.mulh_CS' from module `\cv32e40p_core'.
  found $adff cell for state register: $driver$ex_stage_i.mult_i.mulh_CS
  root of input selection tree: \ex_stage_i.mult_i.mulh_NS
  found reset state: 3'000 (from async reset)
  found ctrl input: $procmux$404_CMP
  found ctrl input: $procmux$424_CMP
  found ctrl input: $procmux$425_CMP
  found ctrl input: $procmux$426_CMP
  found ctrl input: $procmux$412_CMP
  found ctrl input: \id_stage_i.ex_ready_i
  found state code: 3'100
  found state code: 3'011
  found state code: 3'010
  found ctrl input: $2437y
  found state code: 3'001
  found ctrl output: $procmux$404_CMP
  found ctrl output: $procmux$412_CMP
  found ctrl output: $procmux$424_CMP
  found ctrl output: $procmux$425_CMP
  found ctrl output: $procmux$426_CMP
  ctrl inputs: { $2437y \id_stage_i.ex_ready_i }
  ctrl outputs: { $procmux$426_CMP $procmux$425_CMP $procmux$424_CMP $procmux$412_CMP $procmux$404_CMP \ex_stage_i.mult_i.mulh_NS }
  transition:      3'000 2'0- ->      3'000 8'00010000
  transition:      3'000 2'1- ->      3'001 8'00010001
  transition:      3'100 2'-0 ->      3'100 8'00001100
  transition:      3'100 2'-1 ->      3'000 8'00001000
  transition:      3'010 2'-- ->      3'011 8'01000011
  transition:      3'001 2'-- ->      3'010 8'10000010
  transition:      3'011 2'-- ->      3'100 8'00100100
Extracting FSM `\id_stage_i.alu_vec_mode_ex_o' from module `\cv32e40p_core'.
  found $adff cell for state register: $driver$id_stage_i.alu_vec_mode_ex_o
  root of input selection tree: $id_stage_i.alu_vec_mode_ex_o$1816
  found reset state: 2'00 (from async reset)
  found ctrl input: \id_stage_i.controller_i.data_misaligned_i
  found ctrl input: \ex_stage_i.mult_i.multicycle_o
  found ctrl input: \id_stage_i.id_valid_o
  found ctrl input: \id_stage_i.alu_en
  fsm extraction failed: at least two states are required.
Extracting FSM `\id_stage_i.controller_i.ctrl_fsm_cs' from module `\cv32e40p_core'.
  found $adff cell for state register: $driver$id_stage_i.controller_i.ctrl_fsm_cs
  root of input selection tree: \id_stage_i.controller_i.ctrl_fsm_ns
  found reset state: 5'00000 (from async reset)
  found ctrl input: $procmux$11685_CMP
  found ctrl input: $auto$opt_reduce.cc:137:opt_pmux$18557
  found ctrl input: $procmux$11691_CMP
  found ctrl input: $procmux$11667_CMP
  found ctrl input: $procmux$11619_CMP
  found ctrl input: $auto$opt_reduce.cc:137:opt_pmux$18559
  found ctrl input: $procmux$11642_CMP
  found ctrl input: $procmux$10085_CMP
  found ctrl input: $procmux$11475_CMP
  found ctrl input: $procmux$11707_CMP
  found ctrl input: $procmux$11572_CMP
  found ctrl input: $procmux$11612_CMP
  found ctrl input: $1458y
  found state code: 5'01100
  found state code: 5'01011
  found state code: 5'00101
  found state code: 5'01101
  found ctrl input: $1365y
  found ctrl input: \if_stage_i.is_fetch_failed_o
  found ctrl input: \id_stage_i.controller_i.illegal_insn_q
  found ctrl input: \id_stage_i.controller_i.wfi_i
  found ctrl input: $auto$opt_reduce.cc:137:opt_pmux$18541
  found ctrl input: $auto$opt_reduce.cc:137:opt_pmux$18547
  found ctrl input: \id_stage_i.controller_i.debug_req_pending
  found state code: 5'00011
  found state code: 5'01010
  found ctrl input: \ex_stage_i.ex_valid_o
  found state code: 5'01001
  found ctrl input: \id_stage_i.branch_taken_ex
  found ctrl input: \if_stage_i.instr_valid_id_o
  found ctrl input: $1121y
  found ctrl input: $1123y
  found ctrl input: $1194y
  found ctrl input: \id_stage_i.controller_i.illegal_insn_i
  found ctrl input: $auto$opt_reduce.cc:137:opt_pmux$18609
  found ctrl input: \id_stage_i.controller_i.ebrk_insn_i
  found ctrl input: \id_stage_i.controller_i.id_ready_i
  found state code: 5'01000
  found ctrl input: \id_stage_i.controller_i.debug_mode_q
  found ctrl input: \cs_registers_i.dcsr_q [15]
  found ctrl input: \id_stage_i.controller_i.branch_in_id
  found ctrl input: $auto$opt_reduce.cc:137:opt_pmux$18551
  found state code: 5'01110
  found ctrl input: \sleep_unit_i.wake_from_sleep_i
  found state code: 5'00100
  found state code: 5'00010
  found ctrl input: \sleep_unit_i.fetch_enable_q
  found state code: 5'00001
  found ctrl output: $procmux$10085_CMP
  found ctrl output: $procmux$11234_CMP
  found ctrl output: $procmux$11475_CMP
  found ctrl output: $procmux$11572_CMP
  found ctrl output: $procmux$11612_CMP
  found ctrl output: $procmux$11617_CMP
  found ctrl output: $procmux$11619_CMP
  found ctrl output: $procmux$11629_CMP
  found ctrl output: $procmux$11642_CMP
  found ctrl output: $procmux$11667_CMP
  found ctrl output: $procmux$11685_CMP
  found ctrl output: $procmux$11691_CMP
  found ctrl output: $procmux$11696_CMP
  found ctrl output: $procmux$11697_CMP
  found ctrl output: $procmux$11700_CMP
  found ctrl output: $procmux$11707_CMP
  ctrl inputs: { $1458y $1365y $1194y $1123y $1121y \cs_registers_i.dcsr_q [15] \ex_stage_i.ex_valid_o \id_stage_i.controller_i.debug_req_pending \id_stage_i.controller_i.illegal_insn_q \id_stage_i.controller_i.debug_mode_q \id_stage_i.controller_i.branch_in_id \id_stage_i.controller_i.id_ready_i \id_stage_i.controller_i.ebrk_insn_i \id_stage_i.controller_i.wfi_i \id_stage_i.controller_i.illegal_insn_i \id_stage_i.branch_taken_ex \if_stage_i.is_fetch_failed_o \if_stage_i.instr_valid_id_o \sleep_unit_i.fetch_enable_q \sleep_unit_i.wake_from_sleep_i $auto$opt_reduce.cc:137:opt_pmux$18541 $auto$opt_reduce.cc:137:opt_pmux$18547 $auto$opt_reduce.cc:137:opt_pmux$18551 $auto$opt_reduce.cc:137:opt_pmux$18557 $auto$opt_reduce.cc:137:opt_pmux$18559 $auto$opt_reduce.cc:137:opt_pmux$18609 }
  ctrl outputs: { $procmux$11707_CMP $procmux$11700_CMP $procmux$11697_CMP $procmux$11696_CMP $procmux$11691_CMP $procmux$11685_CMP $procmux$11667_CMP $procmux$11642_CMP $procmux$11629_CMP $procmux$11619_CMP $procmux$11617_CMP $procmux$11612_CMP $procmux$11572_CMP $procmux$11475_CMP $procmux$11234_CMP $procmux$10085_CMP \id_stage_i.controller_i.ctrl_fsm_ns }
  transition:    5'00000 26'------------------0------- ->    5'00000 21'000000000001000000000
  transition:    5'00000 26'------------------1------- ->    5'00001 21'000000000001000000001
  transition:    5'01000 26'------0------------------- ->    5'01000 21'000000010000000001000
  transition:    5'01000 26'------1------------------- ->    5'01001 21'000000010000000001001
  transition:    5'00100 26'------------------------0- ->    5'00101 21'000000000000001000101
  transition:    5'01100 26'------------------------0- ->    5'00101 21'000000000010000000101
  transition:    5'00010 26'-------------------0------ ->    5'00010 21'000000000000010000010
  transition:    5'00010 26'-------0-----------1------ ->    5'00100 21'000000000000010000100
  transition:    5'00010 26'-------1-----------1------ ->    5'01100 21'000000000000010001100
  transition:    5'01010 26'-0------------------------ ->    5'00101 21'000000100000000000101
  transition:    5'01010 26'-1------------------------ ->    5'01100 21'000000100000000001100
  transition:    5'01110 26'-------------------------- ->    5'01101 21'000010000000000001101
  transition:    5'00001 26'-------0------------------ ->    5'00100 21'000000000000100000100
  transition:    5'00001 26'-------1------------------ ->    5'01100 21'000000000000100001100
  transition:    5'01001 26'--------0----0--0---00---- ->    5'00101 21'000000000100000000101
  transition:    5'01001 26'-0------0-------0----1---- ->    5'00101 21'000000000100000000101
  transition:    5'01001 26'-1------0-------0----1---- ->    5'01100 21'000000000100000001100
  transition:    5'01001 26'--------0-------0---1----- ->    5'01010 21'000000000100000001010
  transition:    5'01001 26'-------00----1--0--------- ->    5'00011 21'000000000100000000011
  transition:    5'01001 26'-------10----1--0--------- ->    5'01100 21'000000000100000001100
  transition:    5'01001 26'-0------1-------0--------- ->    5'00101 21'000000000100000000101
  transition:    5'01001 26'-1------1-------0--------- ->    5'01100 21'000000000100000001100
  transition:    5'01001 26'----------------1--------- ->    5'00101 21'000000000100000000101
  transition:    5'00101 26'---------------000-------- ->    5'00101 21'000000000000000100101
  transition:    5'00101 26'--000-------0-0001-------0 ->    5'00101 21'000000000000000100101
  transition:    5'00101 26'--0000---0-01-0001-------- ->    5'00101 21'000000000000000100101
  transition:    5'00101 26'--0000---0-11-0001-------- ->    5'01000 21'000000000000000101000
  transition:    5'00101 26'--0001---0--1-0001-------- ->    5'01101 21'000000000000000101101
  transition:    5'00101 26'--000----1--1-0001-------- ->    5'01101 21'000000000000000101101
  transition:    5'00101 26'--000------0--0001-------1 ->    5'00101 21'000000000000000100101
  transition:    5'00101 26'--000------1--0001-------1 ->    5'01000 21'000000000000000101000
  transition:    5'00101 26'--000------0--1001-------- ->    5'00101 21'000000000000000100101
  transition:    5'00101 26'--000------1--1001-------- ->    5'01000 21'000000000000000101000
  transition:    5'00101 26'--100------00-0001-------0 ->    5'00101 21'000000000000000100101
  transition:    5'00101 26'--1000---0-01-0001-------- ->    5'00101 21'000000000000000100101
  transition:    5'00101 26'--1001---0-01-0001-------- ->    5'01101 21'000000000000000101101
  transition:    5'00101 26'--100----1-01-0001-------- ->    5'01101 21'000000000000000101101
  transition:    5'00101 26'--100------0--0001-------1 ->    5'00101 21'000000000000000100101
  transition:    5'00101 26'--100------0--1001-------- ->    5'00101 21'000000000000000100101
  transition:    5'00101 26'--100-----01---001----0--- ->    5'01101 21'000000000000000101101
  transition:    5'00101 26'--100------1---001----1--- ->    5'01000 21'000000000000000101000
  transition:    5'00101 26'--100-----11---001-------- ->    5'01110 21'000000000000000101110
  transition:    5'00101 26'---10----------001-------- ->    5'00101 21'000000000000000100101
  transition:    5'00101 26'----1----------001-------- ->    5'01101 21'000000000000000101101
  transition:    5'00101 26'---------------01--------- ->    5'01001 21'000000000000000101001
  transition:    5'00101 26'---------------1---------- ->    5'00101 21'000000000000000100101
  transition:    5'01101 26'0------------------------- ->    5'01100 21'000001000000000001100
  transition:    5'01101 26'1------------------------- ->    5'01011 21'000001000000000001011
  transition:    5'00011 26'-------------------------- ->    5'00010 21'100000000000000000010
  transition:    5'01011 26'------------------------0- ->    5'00101 21'000000001000000000101
Extracting FSM `\id_stage_i.csr_op_ex_o' from module `\cv32e40p_core'.
  found $adff cell for state register: $driver$id_stage_i.csr_op_ex_o
  root of input selection tree: $id_stage_i.csr_op_ex_o$1848
  found reset state: 2'00 (from async reset)
  found ctrl input: \id_stage_i.controller_i.data_misaligned_i
  found ctrl input: \ex_stage_i.mult_i.multicycle_o
  found ctrl input: \id_stage_i.id_valid_o
  found ctrl input: \id_stage_i.ex_ready_i
  found ctrl input: \id_stage_i.decoder_i.deassert_we_i
  found ctrl input: $procmux$12085_CMP
  found ctrl input: $938y
  found ctrl input: $procmux$12357_CMP
  found ctrl input: $procmux$12358_CMP
  found ctrl input: $procmux$12359_CMP
  found ctrl input: $973y
  found state code: 2'11
  found state code: 2'10
  found state code: 2'01
  found ctrl output: $procmux$16956_CMP
  found ctrl output: $procmux$16957_CMP
  found ctrl output: $procmux$16958_CMP
  found ctrl output: $procmux$16959_CMP
  ctrl inputs: { $procmux$12359_CMP $procmux$12358_CMP $procmux$12357_CMP $procmux$12085_CMP $973y $938y \ex_stage_i.mult_i.multicycle_o \id_stage_i.controller_i.data_misaligned_i \id_stage_i.decoder_i.deassert_we_i \id_stage_i.id_valid_o \id_stage_i.ex_ready_i }
  ctrl outputs: { $procmux$16959_CMP $procmux$16958_CMP $procmux$16957_CMP $procmux$16956_CMP $id_stage_i.csr_op_ex_o$1848 }
  transition:       2'00 11'------00-00 ->       2'00 6'000100
  transition:       2'00 11'------00-01 ->       2'00 6'000100
  transition:       2'00 11'---0--0001- ->       2'00 6'000100
  transition:       2'00 11'0001-00001- ->       2'00 6'000100
  transition:       2'00 11'1--1-00001- ->       2'01 6'000101
  transition:       2'00 11'-1-1000001- ->       2'10 6'000110
  transition:       2'00 11'-1-1100001- ->       2'00 6'000100
  transition:       2'00 11'--11000001- ->       2'11 6'000111
  transition:       2'00 11'--11100001- ->       2'00 6'000100
  transition:       2'00 11'---1-10001- ->       2'00 6'000100
  transition:       2'00 11'------0011- ->       2'00 6'000100
  transition:       2'00 11'------10--- ->       2'00 6'000100
  transition:       2'00 11'-------1--- ->       2'00 6'000100
  transition:       2'10 11'------00-00 ->       2'10 6'010010
  transition:       2'10 11'------00-01 ->       2'00 6'010000
  transition:       2'10 11'---0--0001- ->       2'00 6'010000
  transition:       2'10 11'0001-00001- ->       2'00 6'010000
  transition:       2'10 11'1--1-00001- ->       2'01 6'010001
  transition:       2'10 11'-1-1000001- ->       2'10 6'010010
  transition:       2'10 11'-1-1100001- ->       2'00 6'010000
  transition:       2'10 11'--11000001- ->       2'11 6'010011
  transition:       2'10 11'--11100001- ->       2'00 6'010000
  transition:       2'10 11'---1-10001- ->       2'00 6'010000
  transition:       2'10 11'------0011- ->       2'00 6'010000
  transition:       2'10 11'------10--- ->       2'10 6'010010
  transition:       2'10 11'-------1--- ->       2'10 6'010010
  transition:       2'01 11'------00-00 ->       2'01 6'100001
  transition:       2'01 11'------00-01 ->       2'00 6'100000
  transition:       2'01 11'---0--0001- ->       2'00 6'100000
  transition:       2'01 11'0001-00001- ->       2'00 6'100000
  transition:       2'01 11'1--1-00001- ->       2'01 6'100001
  transition:       2'01 11'-1-1000001- ->       2'10 6'100010
  transition:       2'01 11'-1-1100001- ->       2'00 6'100000
  transition:       2'01 11'--11000001- ->       2'11 6'100011
  transition:       2'01 11'--11100001- ->       2'00 6'100000
  transition:       2'01 11'---1-10001- ->       2'00 6'100000
  transition:       2'01 11'------0011- ->       2'00 6'100000
  transition:       2'01 11'------10--- ->       2'01 6'100001
  transition:       2'01 11'-------1--- ->       2'01 6'100001
  transition:       2'11 11'------00-00 ->       2'11 6'001011
  transition:       2'11 11'------00-01 ->       2'00 6'001000
  transition:       2'11 11'---0--0001- ->       2'00 6'001000
  transition:       2'11 11'0001-00001- ->       2'00 6'001000
  transition:       2'11 11'1--1-00001- ->       2'01 6'001001
  transition:       2'11 11'-1-1000001- ->       2'10 6'001010
  transition:       2'11 11'-1-1100001- ->       2'00 6'001000
  transition:       2'11 11'--11000001- ->       2'11 6'001011
  transition:       2'11 11'--11100001- ->       2'00 6'001000
  transition:       2'11 11'---1-10001- ->       2'00 6'001000
  transition:       2'11 11'------0011- ->       2'00 6'001000
  transition:       2'11 11'------10--- ->       2'11 6'001011
  transition:       2'11 11'-------1--- ->       2'11 6'001011
Extracting FSM `\id_stage_i.mult_operator_ex_o' from module `\cv32e40p_core'.
  found $adff cell for state register: $driver$id_stage_i.mult_operator_ex_o
  root of input selection tree: $id_stage_i.mult_operator_ex_o$1826
  found reset state: 3'000 (from async reset)
  found ctrl input: \id_stage_i.controller_i.data_misaligned_i
  found ctrl input: \ex_stage_i.mult_i.multicycle_o
  found ctrl input: \id_stage_i.id_valid_o
  found ctrl input: \id_stage_i.decoder_i.mult_int_en_o
  found ctrl input: $procmux$13045_CMP
  found state code: 3'010
  found ctrl input: $862y
  found ctrl input: $864y
  found ctrl input: $auto$opt_reduce.cc:137:opt_pmux$18511
  found ctrl input: $procmux$13760_CMP
  found state code: 3'110
  found ctrl output: $2416y
  found ctrl output: $2436y
  found ctrl output: \ex_stage_i.mult_i.int_is_msu
  found ctrl output: $procmux$390_CMP [0]
  found ctrl output: $procmux$391_CMP [0]
  ctrl inputs: { $procmux$13760_CMP $procmux$13045_CMP $864y $862y \ex_stage_i.mult_i.multicycle_o \id_stage_i.controller_i.data_misaligned_i \id_stage_i.decoder_i.mult_int_en_o \id_stage_i.id_valid_o $auto$opt_reduce.cc:137:opt_pmux$18511 }
  ctrl outputs: { $procmux$391_CMP [0] $procmux$390_CMP [0] $2436y $2416y $id_stage_i.mult_operator_ex_o$1826 \ex_stage_i.mult_i.int_is_msu }
  transition:      3'000 9'----00-0- ->      3'000 8'10000000
  transition:      3'000 9'----0001- ->      3'000 8'10000000
  transition:      3'000 9'-0--0011- ->      3'010 8'10000100
  transition:      3'000 9'010000110 ->      3'010 8'10000100
  transition:      3'000 9'11000011- ->      3'000 8'10000000
  transition:      3'000 9'-10000111 ->      3'110 8'10001100
  transition:      3'000 9'-1100011- ->      3'010 8'10000100
  transition:      3'000 9'-1-10011- ->      3'010 8'10000100
  transition:      3'000 9'----10--- ->      3'000 8'10000000
  transition:      3'000 9'-----1--- ->      3'000 8'10000000
  transition:      3'010 9'----00-0- ->      3'010 8'01000100
  transition:      3'010 9'----0001- ->      3'010 8'01000100
  transition:      3'010 9'-0--0011- ->      3'010 8'01000100
  transition:      3'010 9'010000110 ->      3'010 8'01000100
  transition:      3'010 9'11000011- ->      3'000 8'01000000
  transition:      3'010 9'-10000111 ->      3'110 8'01001100
  transition:      3'010 9'-1100011- ->      3'010 8'01000100
  transition:      3'010 9'-1-10011- ->      3'010 8'01000100
  transition:      3'010 9'----10--- ->      3'010 8'01000100
  transition:      3'010 9'-----1--- ->      3'010 8'01000100
  transition:      3'110 9'----00-0- ->      3'110 8'00101100
  transition:      3'110 9'----0001- ->      3'110 8'00101100
  transition:      3'110 9'-0--0011- ->      3'010 8'00100100
  transition:      3'110 9'010000110 ->      3'010 8'00100100
  transition:      3'110 9'11000011- ->      3'000 8'00100000
  transition:      3'110 9'-10000111 ->      3'110 8'00101100
  transition:      3'110 9'-1100011- ->      3'010 8'00100100
  transition:      3'110 9'-1-10011- ->      3'010 8'00100100
  transition:      3'110 9'----10--- ->      3'110 8'00101100
  transition:      3'110 9'-----1--- ->      3'110 8'00101100
Extracting FSM `\if_stage_i.aligner_i.state' from module `\cv32e40p_core'.
  found $adff cell for state register: $driver$if_stage_i.aligner_i.state
  root of input selection tree: $if_stage_i.aligner_i.state$200
  found reset state: 3'000 (from async reset)
  found ctrl input: \if_stage_i.aligner_i.update_state
  found ctrl input: \if_stage_i.branch_req
  found ctrl input: $procmux$17598_CMP
  found ctrl input: $auto$opt_reduce.cc:137:opt_pmux$18605
  found ctrl input: $procmux$17648_CMP
  found ctrl input: $239y
  found state code: 3'001
  found ctrl input: $207y
  found ctrl input: $217y
  found state code: 3'010
  found ctrl input: \if_stage_i.branch_addr_n [1]
  found state code: 3'011
  found ctrl output: $procmux$17598_CMP
  found ctrl output: $procmux$17624_CMP
  found ctrl output: $procmux$17648_CMP
  found ctrl output: $procmux$17692_CMP
  ctrl inputs: { $239y $217y $207y \if_stage_i.aligner_i.update_state \if_stage_i.branch_addr_n [1] \if_stage_i.branch_req $auto$opt_reduce.cc:137:opt_pmux$18605 }
  ctrl outputs: { $procmux$17692_CMP $procmux$17648_CMP $procmux$17624_CMP $procmux$17598_CMP $if_stage_i.aligner_i.state$200 }
  transition:      3'000 7'---0--- ->      3'000 7'1000000
  transition:      3'000 7'--01-0- ->      3'001 7'1000001
  transition:      3'000 7'--11-0- ->      3'000 7'1000000
  transition:      3'000 7'---101- ->      3'000 7'1000000
  transition:      3'000 7'---111- ->      3'011 7'1000011
  transition:      3'010 7'---0--- ->      3'010 7'0010010
  transition:      3'010 7'--01-0- ->      3'001 7'0010001
  transition:      3'010 7'--11-0- ->      3'000 7'0010000
  transition:      3'010 7'---101- ->      3'000 7'0010000
  transition:      3'010 7'---111- ->      3'011 7'0010011
  transition:      3'001 7'---0--- ->      3'001 7'0100001
  transition:      3'001 7'-0-1-0- ->      3'010 7'0100010
  transition:      3'001 7'-1-1-0- ->      3'001 7'0100001
  transition:      3'001 7'---101- ->      3'000 7'0100000
  transition:      3'001 7'---111- ->      3'011 7'0100011
  transition:      3'011 7'---0--- ->      3'011 7'0001011
  transition:      3'011 7'0--1-0- ->      3'000 7'0001000
  transition:      3'011 7'1--1-0- ->      3'001 7'0001001
  transition:      3'011 7'---101- ->      3'000 7'0001000
  transition:      3'011 7'---111- ->      3'011 7'0001011

4.8.3. Executing FSM_OPT pass (simple optimizations of FSMs).
Optimizing FSM `$fsm$\if_stage_i.aligner_i.state$18653' from module `\cv32e40p_core'.
  Removing unused input signal $auto$opt_reduce.cc:137:opt_pmux$18605.
Optimizing FSM `$fsm$\id_stage_i.mult_operator_ex_o$18646' from module `\cv32e40p_core'.
Optimizing FSM `$fsm$\id_stage_i.csr_op_ex_o$18640' from module `\cv32e40p_core'.
  Merging pattern 11'------00-00 and 11'------00-01 from group (0 0 6'000100).
  Merging pattern 11'------00-01 and 11'------00-00 from group (0 0 6'000100).
Optimizing FSM `$fsm$\id_stage_i.controller_i.ctrl_fsm_cs$18622' from module `\cv32e40p_core'.
  Merging pattern 26'--000------0--0001-------1 and 26'--100------0--0001-------1 from group (9 9 21'000000000000000100101).
  Merging pattern 26'--100------0--0001-------1 and 26'--000------0--0001-------1 from group (9 9 21'000000000000000100101).
  Merging pattern 26'--0000---0-01-0001-------- and 26'--1000---0-01-0001-------- from group (9 9 21'000000000000000100101).
  Merging pattern 26'--1000---0-01-0001-------- and 26'--0000---0-01-0001-------- from group (9 9 21'000000000000000100101).
  Merging pattern 26'--000------0--1001-------- and 26'--100------0--1001-------- from group (9 9 21'000000000000000100101).
  Merging pattern 26'--100------0--1001-------- and 26'--000------0--1001-------- from group (9 9 21'000000000000000100101).
  Removing unused input signal $auto$opt_reduce.cc:137:opt_pmux$18557.
Optimizing FSM `$fsm$\ex_stage_i.mult_i.mulh_CS$18615' from module `\cv32e40p_core'.
Optimizing FSM `$fsm$\ex_stage_i.alu_i.gen_div.alu_div_i.State_SP$18610' from module `\cv32e40p_core'.

4.8.4. Executing OPT_CLEAN pass (remove unused cells and wires).
Finding unused cells or wires in module \cv32e40p_core..
Removed 98 unused cells and 106 unused wires.
<suppressed ~111 debug messages>

4.8.5. Executing FSM_OPT pass (simple optimizations of FSMs).
Optimizing FSM `$fsm$\ex_stage_i.alu_i.gen_div.alu_div_i.State_SP$18610' from module `\cv32e40p_core'.
  Removing unused output signal \ex_stage_i.alu_i.gen_div.alu_div_i.State_SN [0].
  Removing unused output signal \ex_stage_i.alu_i.gen_div.alu_div_i.State_SN [1].
Optimizing FSM `$fsm$\ex_stage_i.mult_i.mulh_CS$18615' from module `\cv32e40p_core'.
  Removing unused output signal \ex_stage_i.mult_i.mulh_NS [0].
  Removing unused output signal \ex_stage_i.mult_i.mulh_NS [1].
  Removing unused output signal \ex_stage_i.mult_i.mulh_NS [2].
Optimizing FSM `$fsm$\id_stage_i.controller_i.ctrl_fsm_cs$18622' from module `\cv32e40p_core'.
  Removing unused output signal $procmux$11612_CMP.
Optimizing FSM `$fsm$\id_stage_i.csr_op_ex_o$18640' from module `\cv32e40p_core'.
  Removing unused output signal $id_stage_i.csr_op_ex_o$1848 [0].
  Removing unused output signal $id_stage_i.csr_op_ex_o$1848 [1].
Optimizing FSM `$fsm$\id_stage_i.mult_operator_ex_o$18646' from module `\cv32e40p_core'.
  Removing unused output signal $id_stage_i.mult_operator_ex_o$1826 [0].
  Removing unused output signal $id_stage_i.mult_operator_ex_o$1826 [1].
  Removing unused output signal $id_stage_i.mult_operator_ex_o$1826 [2].
Optimizing FSM `$fsm$\if_stage_i.aligner_i.state$18653' from module `\cv32e40p_core'.
  Removing unused output signal $if_stage_i.aligner_i.state$200 [0].
  Removing unused output signal $if_stage_i.aligner_i.state$200 [1].
  Removing unused output signal $if_stage_i.aligner_i.state$200 [2].

4.8.6. Executing FSM_RECODE pass (re-assigning FSM state encoding).
Recoding FSM `$fsm$\ex_stage_i.alu_i.gen_div.alu_div_i.State_SP$18610' from module `\cv32e40p_core' using `auto' encoding:
  mapping auto encoding to `one-hot` for this FSM.
  00 -> --1
  10 -> -1-
  01 -> 1--
Recoding FSM `$fsm$\ex_stage_i.mult_i.mulh_CS$18615' from module `\cv32e40p_core' using `auto' encoding:
  mapping auto encoding to `one-hot` for this FSM.
  000 -> ----1
  100 -> ---1-
  010 -> --1--
  001 -> -1---
  011 -> 1----
Recoding FSM `$fsm$\id_stage_i.controller_i.ctrl_fsm_cs$18622' from module `\cv32e40p_core' using `auto' encoding:
  mapping auto encoding to `one-hot` for this FSM.
  00000 -> ------------1
  01000 -> -----------1-
  00100 -> ----------1--
  01100 -> ---------1---
  00010 -> --------1----
  01010 -> -------1-----
  01110 -> ------1------
  00001 -> -----1-------
  01001 -> ----1--------
  00101 -> ---1---------
  01101 -> --1----------
  00011 -> -1-----------
  01011 -> 1------------
Recoding FSM `$fsm$\id_stage_i.csr_op_ex_o$18640' from module `\cv32e40p_core' using `auto' encoding:
  mapping auto encoding to `one-hot` for this FSM.
  00 -> ---1
  10 -> --1-
  01 -> -1--
  11 -> 1---
Recoding FSM `$fsm$\id_stage_i.mult_operator_ex_o$18646' from module `\cv32e40p_core' using `auto' encoding:
  mapping auto encoding to `one-hot` for this FSM.
  000 -> --1
  010 -> -1-
  110 -> 1--
Recoding FSM `$fsm$\if_stage_i.aligner_i.state$18653' from module `\cv32e40p_core' using `auto' encoding:
  mapping auto encoding to `one-hot` for this FSM.
  000 -> ---1
  010 -> --1-
  001 -> -1--
  011 -> 1---

4.8.7. Executing FSM_INFO pass (dumping all available information on FSM cells).

FSM `$fsm$\ex_stage_i.alu_i.gen_div.alu_div_i.State_SP$18610' from module `cv32e40p_core':
-------------------------------------

  Information on FSM $fsm$\ex_stage_i.alu_i.gen_div.alu_div_i.State_SP$18610 (\ex_stage_i.alu_i.gen_div.alu_div_i.State_SP):

  Number of input signals:    3
  Number of output signals:   3
  Number of state bits:       3

  Input signals:
    0: \id_stage_i.ex_ready_i
    1: \ex_stage_i.alu_i.div_valid
    2: $2373y

  Output signals:
    0: $procmux$524_CMP
    1: $procmux$529_CMP
    2: $procmux$535_CMP

  State encoding:
    0:      3'--1  <RESET STATE>
    1:      3'-1-
    2:      3'1--

  Transition Table (state_in, ctrl_in, state_out, ctrl_out):
      0:     0 3'-0-   ->     0 3'100
      1:     0 3'-1-   ->     2 3'100
      2:     1 3'--1   ->     0 3'001
      3:     1 3'--0   ->     1 3'001
      4:     2 3'0--   ->     1 3'010
      5:     2 3'1--   ->     2 3'010

-------------------------------------

FSM `$fsm$\ex_stage_i.mult_i.mulh_CS$18615' from module `cv32e40p_core':
-------------------------------------

  Information on FSM $fsm$\ex_stage_i.mult_i.mulh_CS$18615 (\ex_stage_i.mult_i.mulh_CS):

  Number of input signals:    2
  Number of output signals:   5
  Number of state bits:       5

  Input signals:
    0: \id_stage_i.ex_ready_i
    1: $2437y

  Output signals:
    0: $procmux$404_CMP
    1: $procmux$412_CMP
    2: $procmux$424_CMP
    3: $procmux$425_CMP
    4: $procmux$426_CMP

  State encoding:
    0:    5'----1  <RESET STATE>
    1:    5'---1-
    2:    5'--1--
    3:    5'-1---
    4:    5'1----

  Transition Table (state_in, ctrl_in, state_out, ctrl_out):
      0:     0 2'0-   ->     0 5'00010
      1:     0 2'1-   ->     3 5'00010
      2:     1 2'-1   ->     0 5'00001
      3:     1 2'-0   ->     1 5'00001
      4:     2 2'--   ->     4 5'01000
      5:     3 2'--   ->     2 5'10000
      6:     4 2'--   ->     1 5'00100

-------------------------------------

FSM `$fsm$\id_stage_i.controller_i.ctrl_fsm_cs$18622' from module `cv32e40p_core':
-------------------------------------

  Information on FSM $fsm$\id_stage_i.controller_i.ctrl_fsm_cs$18622 (\id_stage_i.controller_i.ctrl_fsm_cs):

  Number of input signals:   25
  Number of output signals:  20
  Number of state bits:      13

  Input signals:
    0: $auto$opt_reduce.cc:137:opt_pmux$18609
    1: $auto$opt_reduce.cc:137:opt_pmux$18559
    2: $auto$opt_reduce.cc:137:opt_pmux$18551
    3: $auto$opt_reduce.cc:137:opt_pmux$18547
    4: $auto$opt_reduce.cc:137:opt_pmux$18541
    5: \sleep_unit_i.wake_from_sleep_i
    6: \sleep_unit_i.fetch_enable_q
    7: \if_stage_i.instr_valid_id_o
    8: \if_stage_i.is_fetch_failed_o
    9: \id_stage_i.branch_taken_ex
   10: \id_stage_i.controller_i.illegal_insn_i
   11: \id_stage_i.controller_i.wfi_i
   12: \id_stage_i.controller_i.ebrk_insn_i
   13: \id_stage_i.controller_i.id_ready_i
   14: \id_stage_i.controller_i.branch_in_id
   15: \id_stage_i.controller_i.debug_mode_q
   16: \id_stage_i.controller_i.illegal_insn_q
   17: \id_stage_i.controller_i.debug_req_pending
   18: \ex_stage_i.ex_valid_o
   19: \cs_registers_i.dcsr_q [15]
   20: $1121y
   21: $1123y
   22: $1194y
   23: $1365y
   24: $1458y

  Output signals:
    0: \id_stage_i.controller_i.ctrl_fsm_ns [0]
    1: \id_stage_i.controller_i.ctrl_fsm_ns [1]
    2: \id_stage_i.controller_i.ctrl_fsm_ns [2]
    3: \id_stage_i.controller_i.ctrl_fsm_ns [3]
    4: \id_stage_i.controller_i.ctrl_fsm_ns [4]
    5: $procmux$10085_CMP
    6: $procmux$11234_CMP
    7: $procmux$11475_CMP
    8: $procmux$11572_CMP
    9: $procmux$11617_CMP
   10: $procmux$11619_CMP
   11: $procmux$11629_CMP
   12: $procmux$11642_CMP
   13: $procmux$11667_CMP
   14: $procmux$11685_CMP
   15: $procmux$11691_CMP
   16: $procmux$11696_CMP
   17: $procmux$11697_CMP
   18: $procmux$11700_CMP
   19: $procmux$11707_CMP

  State encoding:
    0: 13'------------1  <RESET STATE>
    1: 13'-----------1-
    2: 13'----------1--
    3: 13'---------1---
    4: 13'--------1----
    5: 13'-------1-----
    6: 13'------1------
    7: 13'-----1-------
    8: 13'----1--------
    9: 13'---1---------
   10: 13'--1----------
   11: 13'-1-----------
   12: 13'1------------

  Transition Table (state_in, ctrl_in, state_out, ctrl_out):
      0:     0 25'------------------0------   ->     0 20'00000000000000000000
      1:     0 25'------------------1------   ->     7 20'00000000000000000001
      2:     1 25'------0------------------   ->     1 20'00000001000000001000
      3:     1 25'------1------------------   ->     8 20'00000001000000001001
      4:     2 25'-----------------------0-   ->     9 20'00000000000001000101
      5:     3 25'-----------------------0-   ->     9 20'00000000001000000101
      6:     4 25'-------0-----------1-----   ->     2 20'00000000000010000100
      7:     4 25'-------1-----------1-----   ->     3 20'00000000000010001100
      8:     4 25'-------------------0-----   ->     4 20'00000000000010000010
      9:     5 25'-1-----------------------   ->     3 20'00000010000000001100
     10:     5 25'-0-----------------------   ->     9 20'00000010000000000101
     11:     6 25'-------------------------   ->    10 20'00001000000000001101
     12:     7 25'-------0-----------------   ->     2 20'00000000000100000100
     13:     7 25'-------1-----------------   ->     3 20'00000000000100001100
     14:     8 25'-1------0-------0----1---   ->     3 20'00000000010000001100
     15:     8 25'-------10----1--0--------   ->     3 20'00000000010000001100
     16:     8 25'-1------1-------0--------   ->     3 20'00000000010000001100
     17:     8 25'--------0-------0---1----   ->     5 20'00000000010000001010
     18:     8 25'--------0----0--0---00---   ->     9 20'00000000010000000101
     19:     8 25'-0------0-------0----1---   ->     9 20'00000000010000000101
     20:     8 25'-0------1-------0--------   ->     9 20'00000000010000000101
     21:     8 25'----------------1--------   ->     9 20'00000000010000000101
     22:     8 25'-------00----1--0--------   ->    11 20'00000000010000000011
     23:     9 25'--000------1--0001------1   ->     1 20'00000000000000101000
     24:     9 25'--100------1---001----1--   ->     1 20'00000000000000101000
     25:     9 25'--0000---0-11-0001-------   ->     1 20'00000000000000101000
     26:     9 25'--000------1--1001-------   ->     1 20'00000000000000101000
     27:     9 25'--100-----11---001-------   ->     6 20'00000000000000101110
     28:     9 25'---------------01--------   ->     8 20'00000000000000101001
     29:     9 25'--100------00-0001------0   ->     9 20'00000000000000100101
     30:     9 25'--000-------0-0001------0   ->     9 20'00000000000000100101
     31:     9 25'---00------0--0001------1   ->     9 20'00000000000000100101
     32:     9 25'---------------000-------   ->     9 20'00000000000000100101
     33:     9 25'---000---0-01-0001-------   ->     9 20'00000000000000100101
     34:     9 25'---00------0--1001-------   ->     9 20'00000000000000100101
     35:     9 25'---10----------001-------   ->     9 20'00000000000000100101
     36:     9 25'---------------1---------   ->     9 20'00000000000000100101
     37:     9 25'--100-----01---001----0--   ->    10 20'00000000000000101101
     38:     9 25'--1001---0-01-0001-------   ->    10 20'00000000000000101101
     39:     9 25'--100----1-01-0001-------   ->    10 20'00000000000000101101
     40:     9 25'--0001---0--1-0001-------   ->    10 20'00000000000000101101
     41:     9 25'--000----1--1-0001-------   ->    10 20'00000000000000101101
     42:     9 25'----1----------001-------   ->    10 20'00000000000000101101
     43:    10 25'0------------------------   ->     3 20'00000100000000001100
     44:    10 25'1------------------------   ->    12 20'00000100000000001011
     45:    11 25'-------------------------   ->     4 20'10000000000000000010
     46:    12 25'-----------------------0-   ->     9 20'00000000100000000101

-------------------------------------

FSM `$fsm$\id_stage_i.csr_op_ex_o$18640' from module `cv32e40p_core':
-------------------------------------

  Information on FSM $fsm$\id_stage_i.csr_op_ex_o$18640 (\id_stage_i.csr_op_ex_o):

  Number of input signals:   11
  Number of output signals:   4
  Number of state bits:       4

  Input signals:
    0: \id_stage_i.ex_ready_i
    1: \id_stage_i.id_valid_o
    2: \id_stage_i.decoder_i.deassert_we_i
    3: \id_stage_i.controller_i.data_misaligned_i
    4: \ex_stage_i.mult_i.multicycle_o
    5: $938y
    6: $973y
    7: $procmux$12085_CMP
    8: $procmux$12357_CMP
    9: $procmux$12358_CMP
   10: $procmux$12359_CMP

  Output signals:
    0: $procmux$16956_CMP
    1: $procmux$16957_CMP
    2: $procmux$16958_CMP
    3: $procmux$16959_CMP

  State encoding:
    0:     4'---1  <RESET STATE>
    1:     4'--1-
    2:     4'-1--
    3:     4'1---

  Transition Table (state_in, ctrl_in, state_out, ctrl_out):
      0:     0 11'------00-0-   ->     0 4'0001
      1:     0 11'--11100001-   ->     0 4'0001
      2:     0 11'-1-1100001-   ->     0 4'0001
      3:     0 11'0001-00001-   ->     0 4'0001
      4:     0 11'---1-10001-   ->     0 4'0001
      5:     0 11'---0--0001-   ->     0 4'0001
      6:     0 11'------0011-   ->     0 4'0001
      7:     0 11'------10---   ->     0 4'0001
      8:     0 11'-------1---   ->     0 4'0001
      9:     0 11'-1-1000001-   ->     1 4'0001
     10:     0 11'1--1-00001-   ->     2 4'0001
     11:     0 11'--11000001-   ->     3 4'0001
     12:     1 11'------00-01   ->     0 4'0100
     13:     1 11'--11100001-   ->     0 4'0100
     14:     1 11'-1-1100001-   ->     0 4'0100
     15:     1 11'0001-00001-   ->     0 4'0100
     16:     1 11'---1-10001-   ->     0 4'0100
     17:     1 11'---0--0001-   ->     0 4'0100
     18:     1 11'------0011-   ->     0 4'0100
     19:     1 11'------00-00   ->     1 4'0100
     20:     1 11'-1-1000001-   ->     1 4'0100
     21:     1 11'------10---   ->     1 4'0100
     22:     1 11'-------1---   ->     1 4'0100
     23:     1 11'1--1-00001-   ->     2 4'0100
     24:     1 11'--11000001-   ->     3 4'0100
     25:     2 11'------00-01   ->     0 4'1000
     26:     2 11'--11100001-   ->     0 4'1000
     27:     2 11'-1-1100001-   ->     0 4'1000
     28:     2 11'0001-00001-   ->     0 4'1000
     29:     2 11'---1-10001-   ->     0 4'1000
     30:     2 11'---0--0001-   ->     0 4'1000
     31:     2 11'------0011-   ->     0 4'1000
     32:     2 11'-1-1000001-   ->     1 4'1000
     33:     2 11'------00-00   ->     2 4'1000
     34:     2 11'1--1-00001-   ->     2 4'1000
     35:     2 11'------10---   ->     2 4'1000
     36:     2 11'-------1---   ->     2 4'1000
     37:     2 11'--11000001-   ->     3 4'1000
     38:     3 11'------00-01   ->     0 4'0010
     39:     3 11'--11100001-   ->     0 4'0010
     40:     3 11'-1-1100001-   ->     0 4'0010
     41:     3 11'0001-00001-   ->     0 4'0010
     42:     3 11'---1-10001-   ->     0 4'0010
     43:     3 11'---0--0001-   ->     0 4'0010
     44:     3 11'------0011-   ->     0 4'0010
     45:     3 11'-1-1000001-   ->     1 4'0010
     46:     3 11'1--1-00001-   ->     2 4'0010
     47:     3 11'------00-00   ->     3 4'0010
     48:     3 11'--11000001-   ->     3 4'0010
     49:     3 11'------10---   ->     3 4'0010
     50:     3 11'-------1---   ->     3 4'0010

-------------------------------------

FSM `$fsm$\id_stage_i.mult_operator_ex_o$18646' from module `cv32e40p_core':
-------------------------------------

  Information on FSM $fsm$\id_stage_i.mult_operator_ex_o$18646 (\id_stage_i.mult_operator_ex_o):

  Number of input signals:    9
  Number of output signals:   5
  Number of state bits:       3

  Input signals:
    0: $auto$opt_reduce.cc:137:opt_pmux$18511
    1: \id_stage_i.id_valid_o
    2: \id_stage_i.decoder_i.mult_int_en_o
    3: \id_stage_i.controller_i.data_misaligned_i
    4: \ex_stage_i.mult_i.multicycle_o
    5: $862y
    6: $864y
    7: $procmux$13045_CMP
    8: $procmux$13760_CMP

  Output signals:
    0: \ex_stage_i.mult_i.int_is_msu
    1: $2416y
    2: $2436y
    3: $procmux$390_CMP [0]
    4: $procmux$391_CMP [0]

  State encoding:
    0:      3'--1  <RESET STATE>
    1:      3'-1-
    2:      3'1--

  Transition Table (state_in, ctrl_in, state_out, ctrl_out):
      0:     0 9'----00-0-   ->     0 5'10000
      1:     0 9'----0001-   ->     0 5'10000
      2:     0 9'11000011-   ->     0 5'10000
      3:     0 9'----10---   ->     0 5'10000
      4:     0 9'-----1---   ->     0 5'10000
      5:     0 9'010000110   ->     1 5'10000
      6:     0 9'-1100011-   ->     1 5'10000
      7:     0 9'-1-10011-   ->     1 5'10000
      8:     0 9'-0--0011-   ->     1 5'10000
      9:     0 9'-10000111   ->     2 5'10000
     10:     1 9'11000011-   ->     0 5'01000
     11:     1 9'010000110   ->     1 5'01000
     12:     1 9'----00-0-   ->     1 5'01000
     13:     1 9'----0001-   ->     1 5'01000
     14:     1 9'-1100011-   ->     1 5'01000
     15:     1 9'-1-10011-   ->     1 5'01000
     16:     1 9'-0--0011-   ->     1 5'01000
     17:     1 9'----10---   ->     1 5'01000
     18:     1 9'-----1---   ->     1 5'01000
     19:     1 9'-10000111   ->     2 5'01000
     20:     2 9'11000011-   ->     0 5'00100
     21:     2 9'010000110   ->     1 5'00100
     22:     2 9'-1100011-   ->     1 5'00100
     23:     2 9'-1-10011-   ->     1 5'00100
     24:     2 9'-0--0011-   ->     1 5'00100
     25:     2 9'-10000111   ->     2 5'00100
     26:     2 9'----00-0-   ->     2 5'00100
     27:     2 9'----0001-   ->     2 5'00100
     28:     2 9'----10---   ->     2 5'00100
     29:     2 9'-----1---   ->     2 5'00100

-------------------------------------

FSM `$fsm$\if_stage_i.aligner_i.state$18653' from module `cv32e40p_core':
-------------------------------------

  Information on FSM $fsm$\if_stage_i.aligner_i.state$18653 (\if_stage_i.aligner_i.state):

  Number of input signals:    6
  Number of output signals:   4
  Number of state bits:       4

  Input signals:
    0: \if_stage_i.branch_req
    1: \if_stage_i.branch_addr_n [1]
    2: \if_stage_i.aligner_i.update_state
    3: $207y
    4: $217y
    5: $239y

  Output signals:
    0: $procmux$17598_CMP
    1: $procmux$17624_CMP
    2: $procmux$17648_CMP
    3: $procmux$17692_CMP

  State encoding:
    0:     4'---1  <RESET STATE>
    1:     4'--1-
    2:     4'-1--
    3:     4'1---

  Transition Table (state_in, ctrl_in, state_out, ctrl_out):
      0:     0 6'--11-0   ->     0 4'1000
      1:     0 6'---101   ->     0 4'1000
      2:     0 6'---0--   ->     0 4'1000
      3:     0 6'--01-0   ->     2 4'1000
      4:     0 6'---111   ->     3 4'1000
      5:     1 6'--11-0   ->     0 4'0010
      6:     1 6'---101   ->     0 4'0010
      7:     1 6'---0--   ->     1 4'0010
      8:     1 6'--01-0   ->     2 4'0010
      9:     1 6'---111   ->     3 4'0010
     10:     2 6'---101   ->     0 4'0100
     11:     2 6'-0-1-0   ->     1 4'0100
     12:     2 6'-1-1-0   ->     2 4'0100
     13:     2 6'---0--   ->     2 4'0100
     14:     2 6'---111   ->     3 4'0100
     15:     3 6'0--1-0   ->     0 4'0001
     16:     3 6'---101   ->     0 4'0001
     17:     3 6'1--1-0   ->     2 4'0001
     18:     3 6'---111   ->     3 4'0001
     19:     3 6'---0--   ->     3 4'0001

-------------------------------------

4.8.8. Executing FSM_MAP pass (mapping FSMs to basic logic).
Mapping FSM `$fsm$\ex_stage_i.alu_i.gen_div.alu_div_i.State_SP$18610' from module `\cv32e40p_core'.
Mapping FSM `$fsm$\ex_stage_i.mult_i.mulh_CS$18615' from module `\cv32e40p_core'.
Mapping FSM `$fsm$\id_stage_i.controller_i.ctrl_fsm_cs$18622' from module `\cv32e40p_core'.
Mapping FSM `$fsm$\id_stage_i.csr_op_ex_o$18640' from module `\cv32e40p_core'.
Mapping FSM `$fsm$\id_stage_i.mult_operator_ex_o$18646' from module `\cv32e40p_core'.
Mapping FSM `$fsm$\if_stage_i.aligner_i.state$18653' from module `\cv32e40p_core'.

4.9. Executing OPT pass (performing simple optimizations).

4.9.1. Executing OPT_EXPR pass (perform const folding).
Optimizing module cv32e40p_core.
<suppressed ~67 debug messages>

4.9.2. Executing OPT_MERGE pass (detect identical cells).
Finding identical cells in module `\cv32e40p_core'.
<suppressed ~462 debug messages>
Removed a total of 154 cells.

4.9.3. Executing OPT_MUXTREE pass (detect dead branches in mux trees).
Running muxtree optimizer on module \cv32e40p_core..
  Creating internal representation of mux trees.
  Evaluating internal representation of mux trees.
  Analyzing evaluation results.
Removed 0 multiplexer ports.
<suppressed ~9828 debug messages>

4.9.4. Executing OPT_REDUCE pass (consolidate $*mux and $reduce_* inputs).
  Optimizing cells in module \cv32e40p_core.
    New input vector for $reduce_or cell $procmux$390_ANY: \id_stage_i.mult_operator_ex_o [2:1]
    New input vector for $reduce_or cell $auto$opt_reduce.cc:131:opt_pmux$18592: { \id_stage_i.controller_i.ctrl_fsm_cs [12] \id_stage_i.controller_i.ctrl_fsm_cs [10:5] \id_stage_i.controller_i.ctrl_fsm_cs [3:1] }
  Optimizing cells in module \cv32e40p_core.
Performed a total of 2 changes.

4.9.5. Executing OPT_MERGE pass (detect identical cells).
Finding identical cells in module `\cv32e40p_core'.
Removed a total of 0 cells.

4.9.6. Executing OPT_DFF pass (perform DFF optimizations).
Adding EN signal on $driver$sleep_unit_i.fetch_enable_q ($adff) from module cv32e40p_core (D = 1'1, Q = \sleep_unit_i.fetch_enable_q).
Adding EN signal on $driver$load_store_unit_i.rdata_q ($adff) from module cv32e40p_core (D = $load_store_unit_i.rdata_q$2605, Q = \load_store_unit_i.rdata_q).
Adding EN signal on $driver$load_store_unit_i.rdata_offset_q ($adff) from module cv32e40p_core (D = \load_store_unit_i.data_addr_int [1:0], Q = \load_store_unit_i.rdata_offset_q).
Adding EN signal on $driver$load_store_unit_i.data_we_q ($adff) from module cv32e40p_core (D = \id_stage_i.data_we_ex_o, Q = \load_store_unit_i.data_we_q).
Adding EN signal on $driver$load_store_unit_i.data_type_q ($adff) from module cv32e40p_core (D = \id_stage_i.data_type_ex_o, Q = \load_store_unit_i.data_type_q).
Adding EN signal on $driver$load_store_unit_i.data_sign_ext_q ($adff) from module cv32e40p_core (D = \id_stage_i.data_sign_ext_ex_o, Q = \load_store_unit_i.data_sign_ext_q).
Adding EN signal on $driver$load_store_unit_i.cnt_q ($adff) from module cv32e40p_core (D = \load_store_unit_i.next_cnt, Q = \load_store_unit_i.cnt_q).
Adding EN signal on $driver$if_stage_i.prefetch_buffer_i.prefetch_controller_i.trans_addr_q ($adff) from module cv32e40p_core (D = \if_stage_i.prefetch_buffer_i.prefetch_controller_i.trans_addr_o [31:2], Q = \if_stage_i.prefetch_buffer_i.prefetch_controller_i.trans_addr_q [31:2]).
Adding EN signal on $driver$if_stage_i.prefetch_buffer_i.prefetch_controller_i.trans_addr_q ($adff) from module cv32e40p_core (D = \if_stage_i.prefetch_buffer_i.prefetch_controller_i.trans_addr_o [1:0], Q = \if_stage_i.prefetch_buffer_i.prefetch_controller_i.trans_addr_q [1:0]).
Adding EN signal on $driver$if_stage_i.prefetch_buffer_i.prefetch_controller_i.flush_cnt_q ($adff) from module cv32e40p_core (D = \if_stage_i.prefetch_buffer_i.prefetch_controller_i.next_flush_cnt, Q = \if_stage_i.prefetch_buffer_i.prefetch_controller_i.flush_cnt_q).
Adding EN signal on $driver$if_stage_i.prefetch_buffer_i.prefetch_controller_i.cnt_q ($adff) from module cv32e40p_core (D = \if_stage_i.prefetch_buffer_i.prefetch_controller_i.next_cnt, Q = \if_stage_i.prefetch_buffer_i.prefetch_controller_i.cnt_q).
Adding EN signal on $driver$if_stage_i.prefetch_buffer_i.instruction_obi_i.gen_no_trans_stable.obi_addr_q ($adff) from module cv32e40p_core (D = \instr_addr_o, Q = \if_stage_i.prefetch_buffer_i.instruction_obi_i.gen_no_trans_stable.obi_addr_q).
Adding EN signal on $driver$if_stage_i.prefetch_buffer_i.fifo_i.write_pointer_q ($adff) from module cv32e40p_core (D = $if_stage_i.prefetch_buffer_i.fifo_i.write_pointer_q$135, Q = \if_stage_i.prefetch_buffer_i.fifo_i.write_pointer_q).
Adding EN signal on $driver$if_stage_i.prefetch_buffer_i.fifo_i.status_cnt_q ($adff) from module cv32e40p_core (D = $if_stage_i.prefetch_buffer_i.fifo_i.status_cnt_q$136, Q = \if_stage_i.prefetch_buffer_i.fifo_i.status_cnt_q).
Adding EN signal on $driver$if_stage_i.prefetch_buffer_i.fifo_i.read_pointer_q ($adff) from module cv32e40p_core (D = $if_stage_i.prefetch_buffer_i.fifo_i.read_pointer_q$134, Q = \if_stage_i.prefetch_buffer_i.fifo_i.read_pointer_q).
Adding EN signal on $driver$if_stage_i.prefetch_buffer_i.fifo_i.mem_q[1] ($adff) from module cv32e40p_core (D = \if_stage_i.prefetch_buffer_i.fifo_i.mem_n [63:32], Q = \if_stage_i.prefetch_buffer_i.fifo_i.mem_q [63:32]).
Adding EN signal on $driver$if_stage_i.prefetch_buffer_i.fifo_i.mem_q[0] ($adff) from module cv32e40p_core (D = \if_stage_i.prefetch_buffer_i.fifo_i.mem_n [31:0], Q = \if_stage_i.prefetch_buffer_i.fifo_i.mem_q [31:0]).
Adding EN signal on $driver$if_stage_i.pc_id_o ($adff) from module cv32e40p_core (D = \if_stage_i.aligner_i.pc_q, Q = \if_stage_i.pc_id_o).
Adding EN signal on $driver$if_stage_i.is_fetch_failed_o ($adff) from module cv32e40p_core (D = $if_stage_i.is_fetch_failed_o$189, Q = \if_stage_i.is_fetch_failed_o).
Adding EN signal on $driver$if_stage_i.is_compressed_id_o ($adff) from module cv32e40p_core (D = \if_stage_i.compressed_decoder_i.is_compressed_o, Q = \if_stage_i.is_compressed_id_o).
Adding EN signal on $driver$if_stage_i.instr_valid_id_o ($adff) from module cv32e40p_core (D = $if_stage_i.instr_valid_id_o$184, Q = \if_stage_i.instr_valid_id_o).
Adding EN signal on $driver$if_stage_i.instr_rdata_id_o ($adff) from module cv32e40p_core (D = \if_stage_i.compressed_decoder_i.instr_o, Q = \if_stage_i.instr_rdata_id_o).
Adding EN signal on $driver$if_stage_i.illegal_c_insn_id_o ($adff) from module cv32e40p_core (D = \if_stage_i.compressed_decoder_i.illegal_instr_o, Q = \if_stage_i.illegal_c_insn_id_o).
Adding EN signal on $driver$if_stage_i.aligner_i.r_instr_h ($adff) from module cv32e40p_core (D = \if_stage_i.aligner_i.fetch_rdata_i [31:16], Q = \if_stage_i.aligner_i.r_instr_h).
Adding EN signal on $driver$if_stage_i.aligner_i.pc_q ($adff) from module cv32e40p_core (D = \if_stage_i.aligner_i.pc_n, Q = \if_stage_i.aligner_i.pc_q).
Adding EN signal on $driver$if_stage_i.aligner_i.hwlp_update_pc_q ($adff) from module cv32e40p_core (D = 1'0, Q = \if_stage_i.aligner_i.hwlp_update_pc_q).
Adding EN signal on $driver$if_stage_i.aligner_i.aligner_ready_q ($adff) from module cv32e40p_core (D = \if_stage_i.aligner_i.aligner_ready_o, Q = \if_stage_i.aligner_i.aligner_ready_q).
Adding EN signal on $driver$id_stage_i.register_file_i.mem[9] ($adff) from module cv32e40p_core (D = $id_stage_i.register_file_i.mem[319:288]$631, Q = \id_stage_i.register_file_i.mem [319:288]).
Adding EN signal on $driver$id_stage_i.register_file_i.mem[8] ($adff) from module cv32e40p_core (D = $id_stage_i.register_file_i.mem[287:256]$624, Q = \id_stage_i.register_file_i.mem [287:256]).
Adding EN signal on $driver$id_stage_i.register_file_i.mem[7] ($adff) from module cv32e40p_core (D = $id_stage_i.register_file_i.mem[255:224]$617, Q = \id_stage_i.register_file_i.mem [255:224]).
Adding EN signal on $driver$id_stage_i.register_file_i.mem[6] ($adff) from module cv32e40p_core (D = $id_stage_i.register_file_i.mem[223:192]$610, Q = \id_stage_i.register_file_i.mem [223:192]).
Adding EN signal on $driver$id_stage_i.register_file_i.mem[5] ($adff) from module cv32e40p_core (D = $id_stage_i.register_file_i.mem[191:160]$603, Q = \id_stage_i.register_file_i.mem [191:160]).
Adding EN signal on $driver$id_stage_i.register_file_i.mem[4] ($adff) from module cv32e40p_core (D = $id_stage_i.register_file_i.mem[159:128]$596, Q = \id_stage_i.register_file_i.mem [159:128]).
Adding EN signal on $driver$id_stage_i.register_file_i.mem[3] ($adff) from module cv32e40p_core (D = $id_stage_i.register_file_i.mem[127:96]$589, Q = \id_stage_i.register_file_i.mem [127:96]).
Adding EN signal on $driver$id_stage_i.register_file_i.mem[31] ($adff) from module cv32e40p_core (D = $id_stage_i.register_file_i.mem[1023:992]$785, Q = \id_stage_i.register_file_i.mem [1023:992]).
Adding EN signal on $driver$id_stage_i.register_file_i.mem[30] ($adff) from module cv32e40p_core (D = $id_stage_i.register_file_i.mem[991:960]$778, Q = \id_stage_i.register_file_i.mem [991:960]).
Adding EN signal on $driver$id_stage_i.register_file_i.mem[2] ($adff) from module cv32e40p_core (D = $id_stage_i.register_file_i.mem[95:64]$582, Q = \id_stage_i.register_file_i.mem [95:64]).
Adding EN signal on $driver$id_stage_i.register_file_i.mem[29] ($adff) from module cv32e40p_core (D = $id_stage_i.register_file_i.mem[959:928]$771, Q = \id_stage_i.register_file_i.mem [959:928]).
Adding EN signal on $driver$id_stage_i.register_file_i.mem[28] ($adff) from module cv32e40p_core (D = $id_stage_i.register_file_i.mem[927:896]$764, Q = \id_stage_i.register_file_i.mem [927:896]).
Adding EN signal on $driver$id_stage_i.register_file_i.mem[27] ($adff) from module cv32e40p_core (D = $id_stage_i.register_file_i.mem[895:864]$757, Q = \id_stage_i.register_file_i.mem [895:864]).
Adding EN signal on $driver$id_stage_i.register_file_i.mem[26] ($adff) from module cv32e40p_core (D = $id_stage_i.register_file_i.mem[863:832]$750, Q = \id_stage_i.register_file_i.mem [863:832]).
Adding EN signal on $driver$id_stage_i.register_file_i.mem[25] ($adff) from module cv32e40p_core (D = $id_stage_i.register_file_i.mem[831:800]$743, Q = \id_stage_i.register_file_i.mem [831:800]).
Adding EN signal on $driver$id_stage_i.register_file_i.mem[24] ($adff) from module cv32e40p_core (D = $id_stage_i.register_file_i.mem[799:768]$736, Q = \id_stage_i.register_file_i.mem [799:768]).
Adding EN signal on $driver$id_stage_i.register_file_i.mem[23] ($adff) from module cv32e40p_core (D = $id_stage_i.register_file_i.mem[767:736]$729, Q = \id_stage_i.register_file_i.mem [767:736]).
Adding EN signal on $driver$id_stage_i.register_file_i.mem[22] ($adff) from module cv32e40p_core (D = $id_stage_i.register_file_i.mem[735:704]$722, Q = \id_stage_i.register_file_i.mem [735:704]).
Adding EN signal on $driver$id_stage_i.register_file_i.mem[21] ($adff) from module cv32e40p_core (D = $id_stage_i.register_file_i.mem[703:672]$715, Q = \id_stage_i.register_file_i.mem [703:672]).
Adding EN signal on $driver$id_stage_i.register_file_i.mem[20] ($adff) from module cv32e40p_core (D = $id_stage_i.register_file_i.mem[671:640]$708, Q = \id_stage_i.register_file_i.mem [671:640]).
Adding EN signal on $driver$id_stage_i.register_file_i.mem[1] ($adff) from module cv32e40p_core (D = $id_stage_i.register_file_i.mem[63:32]$575, Q = \id_stage_i.register_file_i.mem [63:32]).
Adding EN signal on $driver$id_stage_i.register_file_i.mem[19] ($adff) from module cv32e40p_core (D = $id_stage_i.register_file_i.mem[639:608]$701, Q = \id_stage_i.register_file_i.mem [639:608]).
Adding EN signal on $driver$id_stage_i.register_file_i.mem[18] ($adff) from module cv32e40p_core (D = $id_stage_i.register_file_i.mem[607:576]$694, Q = \id_stage_i.register_file_i.mem [607:576]).
Adding EN signal on $driver$id_stage_i.register_file_i.mem[17] ($adff) from module cv32e40p_core (D = $id_stage_i.register_file_i.mem[575:544]$687, Q = \id_stage_i.register_file_i.mem [575:544]).
Adding EN signal on $driver$id_stage_i.register_file_i.mem[16] ($adff) from module cv32e40p_core (D = $id_stage_i.register_file_i.mem[543:512]$680, Q = \id_stage_i.register_file_i.mem [543:512]).
Adding EN signal on $driver$id_stage_i.register_file_i.mem[15] ($adff) from module cv32e40p_core (D = $id_stage_i.register_file_i.mem[511:480]$673, Q = \id_stage_i.register_file_i.mem [511:480]).
Adding EN signal on $driver$id_stage_i.register_file_i.mem[14] ($adff) from module cv32e40p_core (D = $id_stage_i.register_file_i.mem[479:448]$666, Q = \id_stage_i.register_file_i.mem [479:448]).
Adding EN signal on $driver$id_stage_i.register_file_i.mem[13] ($adff) from module cv32e40p_core (D = $id_stage_i.register_file_i.mem[447:416]$659, Q = \id_stage_i.register_file_i.mem [447:416]).
Adding EN signal on $driver$id_stage_i.register_file_i.mem[12] ($adff) from module cv32e40p_core (D = $id_stage_i.register_file_i.mem[415:384]$652, Q = \id_stage_i.register_file_i.mem [415:384]).
Adding EN signal on $driver$id_stage_i.register_file_i.mem[11] ($adff) from module cv32e40p_core (D = $id_stage_i.register_file_i.mem[383:352]$645, Q = \id_stage_i.register_file_i.mem [383:352]).
Adding EN signal on $driver$id_stage_i.register_file_i.mem[10] ($adff) from module cv32e40p_core (D = $id_stage_i.register_file_i.mem[351:320]$638, Q = \id_stage_i.register_file_i.mem [351:320]).
Adding EN signal on $driver$id_stage_i.regfile_we_ex_o ($adff) from module cv32e40p_core (D = $id_stage_i.regfile_we_ex_o$1718, Q = \id_stage_i.regfile_we_ex_o).
Adding EN signal on $driver$id_stage_i.regfile_waddr_ex_o ($adff) from module cv32e40p_core (D = { 1'0 \if_stage_i.instr_rdata_id_o [11:7] }, Q = \id_stage_i.regfile_waddr_ex_o).
Adding EN signal on $driver$id_stage_i.regfile_alu_we_ex_o ($adff) from module cv32e40p_core (D = $id_stage_i.regfile_alu_we_ex_o$1820, Q = \id_stage_i.regfile_alu_we_ex_o).
Adding EN signal on $driver$id_stage_i.regfile_alu_waddr_ex_o ($adff) from module cv32e40p_core (D = \id_stage_i.controller_i.regfile_alu_waddr_id_i, Q = \id_stage_i.regfile_alu_waddr_ex_o).
Adding EN signal on $driver$id_stage_i.prepost_useincr_ex_o ($adff) from module cv32e40p_core (D = $id_stage_i.prepost_useincr_ex_o$1856, Q = \id_stage_i.prepost_useincr_ex_o).
Adding EN signal on $driver$id_stage_i.mult_signed_mode_ex_o ($adff) from module cv32e40p_core (D = \id_stage_i.decoder_i.mult_signed_mode_o, Q = \id_stage_i.mult_signed_mode_ex_o).
Adding EN signal on $driver$id_stage_i.mult_sel_subword_ex_o ($adff) from module cv32e40p_core (D = 1'0, Q = \id_stage_i.mult_sel_subword_ex_o).
Adding EN signal on $driver$id_stage_i.mult_operand_c_ex_o ($adff) from module cv32e40p_core (D = $id_stage_i.mult_operand_c_ex_o$1779, Q = \id_stage_i.mult_operand_c_ex_o).
Adding EN signal on $driver$id_stage_i.mult_operand_b_ex_o ($adff) from module cv32e40p_core (D = \id_stage_i.alu_operand_b, Q = \id_stage_i.mult_operand_b_ex_o).
Adding EN signal on $driver$id_stage_i.mult_operand_a_ex_o ($adff) from module cv32e40p_core (D = \id_stage_i.alu_operand_a, Q = \id_stage_i.mult_operand_a_ex_o).
Adding EN signal on $driver$id_stage_i.mult_imm_ex_o ($adff) from module cv32e40p_core (D = 5'00000, Q = \id_stage_i.mult_imm_ex_o).
Adding EN signal on $driver$id_stage_i.mult_en_ex_o ($adff) from module cv32e40p_core (D = $id_stage_i.mult_en_ex_o$1730, Q = \id_stage_i.mult_en_ex_o).
Adding EN signal on $driver$id_stage_i.imm_vec_ext_ex_o ($adff) from module cv32e40p_core (D = { \if_stage_i.instr_rdata_id_o [20] \if_stage_i.instr_rdata_id_o [25] }, Q = \id_stage_i.imm_vec_ext_ex_o).
Adding EN signal on $driver$id_stage_i.data_we_ex_o ($adff) from module cv32e40p_core (D = \id_stage_i.data_we_id, Q = \id_stage_i.data_we_ex_o).
Adding EN signal on $driver$id_stage_i.data_type_ex_o ($adff) from module cv32e40p_core (D = \id_stage_i.data_type_id, Q = \id_stage_i.data_type_ex_o).
Adding EN signal on $driver$id_stage_i.data_sign_ext_ex_o ($adff) from module cv32e40p_core (D = \id_stage_i.data_sign_ext_id, Q = \id_stage_i.data_sign_ext_ex_o).
Adding EN signal on $driver$id_stage_i.data_req_ex_o ($adff) from module cv32e40p_core (D = $id_stage_i.data_req_ex_o$1749, Q = \id_stage_i.data_req_ex_o).
Adding EN signal on $driver$id_stage_i.data_reg_offset_ex_o ($adff) from module cv32e40p_core (D = 2'00, Q = \id_stage_i.data_reg_offset_ex_o).
Adding EN signal on $driver$id_stage_i.data_misaligned_ex_o ($adff) from module cv32e40p_core (D = $id_stage_i.data_misaligned_ex_o$1855, Q = \id_stage_i.data_misaligned_ex_o).
Adding EN signal on $driver$id_stage_i.csr_access_ex_o ($adff) from module cv32e40p_core (D = \id_stage_i.csr_access, Q = \id_stage_i.csr_access_ex_o).
Adding EN signal on $driver$id_stage_i.controller_i.illegal_insn_q ($adff) from module cv32e40p_core (D = \id_stage_i.controller_i.illegal_insn_n, Q = \id_stage_i.controller_i.illegal_insn_q).
Adding EN signal on $driver$id_stage_i.controller_i.debug_req_q ($adff) from module cv32e40p_core (D = $id_stage_i.controller_i.debug_req_q$1588, Q = \id_stage_i.controller_i.debug_req_q).
Adding EN signal on $driver$id_stage_i.controller_i.debug_req_entry_q ($adff) from module cv32e40p_core (D = \id_stage_i.controller_i.debug_req_entry_n, Q = \id_stage_i.controller_i.debug_req_entry_q).
Adding EN signal on $driver$id_stage_i.controller_i.debug_fsm_cs ($adff) from module cv32e40p_core (D = \id_stage_i.controller_i.debug_fsm_ns, Q = \id_stage_i.controller_i.debug_fsm_cs).
Adding EN signal on $driver$id_stage_i.controller_i.debug_force_wakeup_q ($adff) from module cv32e40p_core (D = \id_stage_i.controller_i.debug_force_wakeup_n, Q = \id_stage_i.controller_i.debug_force_wakeup_q).
Adding EN signal on $driver$id_stage_i.branch_in_ex_o ($adff) from module cv32e40p_core (D = $id_stage_i.branch_in_ex_o$1708, Q = \id_stage_i.branch_in_ex_o).
Adding EN signal on $driver$id_stage_i.bmask_b_ex_o ($adff) from module cv32e40p_core (D = 5'00000, Q = \id_stage_i.bmask_b_ex_o).
Adding EN signal on $driver$id_stage_i.bmask_a_ex_o ($adff) from module cv32e40p_core (D = 5'00000, Q = \id_stage_i.bmask_a_ex_o).
Adding EN signal on $driver$id_stage_i.apu_en_ex_o ($adff) from module cv32e40p_core (D = $id_stage_i.apu_en_ex_o$1741, Q = \id_stage_i.apu_en_ex_o).
Adding EN signal on $driver$id_stage_i.alu_vec_mode_ex_o ($adff) from module cv32e40p_core (D = 2'00, Q = \id_stage_i.alu_vec_mode_ex_o).
Adding EN signal on $driver$id_stage_i.alu_operator_ex_o ($adff) from module cv32e40p_core (D = $id_stage_i.alu_operator_ex_o$1722, Q = \id_stage_i.alu_operator_ex_o).
Adding EN signal on $driver$id_stage_i.alu_operand_c_ex_o ($adff) from module cv32e40p_core (D = \id_stage_i.alu_operand_c, Q = \id_stage_i.alu_operand_c_ex_o).
Adding EN signal on $driver$id_stage_i.alu_operand_b_ex_o ($adff) from module cv32e40p_core (D = $id_stage_i.alu_operand_b_ex_o$1811, Q = \id_stage_i.alu_operand_b_ex_o).
Adding EN signal on $driver$id_stage_i.alu_operand_a_ex_o ($adff) from module cv32e40p_core (D = $id_stage_i.alu_operand_a_ex_o$1810, Q = \id_stage_i.alu_operand_a_ex_o).
Adding EN signal on $driver$id_stage_i.alu_is_subrot_ex_o ($adff) from module cv32e40p_core (D = 1'0, Q = \id_stage_i.alu_is_subrot_ex_o).
Adding EN signal on $driver$id_stage_i.alu_is_clpx_ex_o ($adff) from module cv32e40p_core (D = 1'0, Q = \id_stage_i.alu_is_clpx_ex_o).
Adding EN signal on $driver$id_stage_i.alu_en_ex_o ($adff) from module cv32e40p_core (D = $id_stage_i.alu_en_ex_o$1721, Q = \id_stage_i.alu_en_ex_o).
Adding EN signal on $driver$id_stage_i.alu_clpx_shift_ex_o ($adff) from module cv32e40p_core (D = \if_stage_i.instr_rdata_id_o [14:13], Q = \id_stage_i.alu_clpx_shift_ex_o).
Adding EN signal on $driver$ex_stage_i.regfile_we_lsu ($adff) from module cv32e40p_core (D = $ex_stage_i.regfile_we_lsu$2514, Q = \ex_stage_i.regfile_we_lsu).
Adding EN signal on $driver$ex_stage_i.regfile_waddr_lsu ($adff) from module cv32e40p_core (D = \id_stage_i.regfile_waddr_ex_o, Q = \ex_stage_i.regfile_waddr_lsu).
Adding EN signal on $driver$ex_stage_i.mult_i.mulh_carry_q ($adff) from module cv32e40p_core (D = $ex_stage_i.mult_i.mulh_carry_q$2457, Q = \ex_stage_i.mult_i.mulh_carry_q).
Adding EN signal on $driver$ex_stage_i.alu_i.gen_div.alu_div_i.ResReg_DP ($adff) from module cv32e40p_core (D = \ex_stage_i.alu_i.gen_div.alu_div_i.ResReg_DN, Q = \ex_stage_i.alu_i.gen_div.alu_div_i.ResReg_DP).
Adding EN signal on $driver$ex_stage_i.alu_i.gen_div.alu_div_i.ResInv_SP ($adff) from module cv32e40p_core (D = $2399y, Q = \ex_stage_i.alu_i.gen_div.alu_div_i.ResInv_SP).
Adding EN signal on $driver$ex_stage_i.alu_i.gen_div.alu_div_i.RemSel_SP ($adff) from module cv32e40p_core (D = \id_stage_i.alu_operator_ex_o [1], Q = \ex_stage_i.alu_i.gen_div.alu_div_i.RemSel_SP).
Adding EN signal on $driver$ex_stage_i.alu_i.gen_div.alu_div_i.CompInv_SP ($adff) from module cv32e40p_core (D = \ex_stage_i.alu_i.div_op_a_signed, Q = \ex_stage_i.alu_i.gen_div.alu_div_i.CompInv_SP).
Adding EN signal on $driver$ex_stage_i.alu_i.gen_div.alu_div_i.Cnt_DP ($adff) from module cv32e40p_core (D = \ex_stage_i.alu_i.gen_div.alu_div_i.Cnt_DN, Q = \ex_stage_i.alu_i.gen_div.alu_div_i.Cnt_DP).
Adding EN signal on $driver$ex_stage_i.alu_i.gen_div.alu_div_i.BReg_DP ($adff) from module cv32e40p_core (D = \ex_stage_i.alu_i.gen_div.alu_div_i.BMux_D, Q = \ex_stage_i.alu_i.gen_div.alu_div_i.BReg_DP).
Adding EN signal on $driver$ex_stage_i.alu_i.gen_div.alu_div_i.AReg_DP ($adff) from module cv32e40p_core (D = \ex_stage_i.alu_i.gen_div.alu_div_i.AddOut_D, Q = \ex_stage_i.alu_i.gen_div.alu_div_i.AReg_DP).
Adding EN signal on $driver$cs_registers_i.mtvec_mode_q ($adff) from module cv32e40p_core (D = { 1'0 \cs_registers_i.csr_wdata_int [0] }, Q = \cs_registers_i.mtvec_mode_q).
Adding EN signal on $driver$cs_registers_i.mscratch_q ($adff) from module cv32e40p_core (D = \cs_registers_i.csr_wdata_int, Q = \cs_registers_i.mscratch_q).
Adding EN signal on $driver$cs_registers_i.mie_q ($adff) from module cv32e40p_core (D = \cs_registers_i.csr_wdata_int, Q = \cs_registers_i.mie_q).
Adding EN signal on $driver$cs_registers_i.mhpmevent_q[3][15:0] ($adff) from module cv32e40p_core (D = $2864y [111:96], Q = \cs_registers_i.mhpmevent_q [111:96]).
Adding EN signal on $driver$cs_registers_i.mhpmcounter_q[3] ($adff) from module cv32e40p_core (D = $cs_registers_i.mhpmcounter_q[255:192]$3128 [31:0], Q = \cs_registers_i.mhpmcounter_q [223:192]).
Adding EN signal on $driver$cs_registers_i.mhpmcounter_q[3] ($adff) from module cv32e40p_core (D = $cs_registers_i.mhpmcounter_q[255:192]$3127 [63:32], Q = \cs_registers_i.mhpmcounter_q [255:224]).
Adding EN signal on $driver$cs_registers_i.mhpmcounter_q[2] ($adff) from module cv32e40p_core (D = $cs_registers_i.mhpmcounter_q[191:128]$3121 [31:0], Q = \cs_registers_i.mhpmcounter_q [159:128]).
Adding EN signal on $driver$cs_registers_i.mhpmcounter_q[2] ($adff) from module cv32e40p_core (D = $cs_registers_i.mhpmcounter_q[191:128]$3120 [63:32], Q = \cs_registers_i.mhpmcounter_q [191:160]).
Adding EN signal on $driver$cs_registers_i.mhpmcounter_q[0] ($adff) from module cv32e40p_core (D = $cs_registers_i.mhpmcounter_q[63:0]$3114 [31:0], Q = \cs_registers_i.mhpmcounter_q [31:0]).
Adding EN signal on $driver$cs_registers_i.mhpmcounter_q[0] ($adff) from module cv32e40p_core (D = $cs_registers_i.mhpmcounter_q[63:0]$3113 [63:32], Q = \cs_registers_i.mhpmcounter_q [63:32]).
Adding EN signal on $driver$cs_registers_i.mcountinhibit_q[3:3] ($adff) from module cv32e40p_core (D = \cs_registers_i.csr_wdata_int [3], Q = \cs_registers_i.mcountinhibit_q [3]).
Adding EN signal on $driver$cs_registers_i.mcountinhibit_q[2:2] ($adff) from module cv32e40p_core (D = \cs_registers_i.csr_wdata_int [2], Q = \cs_registers_i.mcountinhibit_q [2]).
Adding EN signal on $driver$cs_registers_i.mcountinhibit_q[0:0] ($adff) from module cv32e40p_core (D = \cs_registers_i.csr_wdata_int [0], Q = \cs_registers_i.mcountinhibit_q [0]).
Adding EN signal on $driver$cs_registers_i.gen_trigger_regs.tmatch_value_q ($adff) from module cv32e40p_core (D = \cs_registers_i.csr_wdata_int, Q = \cs_registers_i.gen_trigger_regs.tmatch_value_q).
Adding EN signal on $driver$cs_registers_i.gen_trigger_regs.tmatch_control_exec_q ($adff) from module cv32e40p_core (D = \cs_registers_i.csr_wdata_int [2], Q = \cs_registers_i.gen_trigger_regs.tmatch_control_exec_q).
Adding EN signal on $driver$cs_registers_i.dscratch1_q ($adff) from module cv32e40p_core (D = \cs_registers_i.csr_wdata_int, Q = \cs_registers_i.dscratch1_q).
Adding EN signal on $driver$cs_registers_i.dscratch0_q ($adff) from module cv32e40p_core (D = \cs_registers_i.csr_wdata_int, Q = \cs_registers_i.dscratch0_q).
Adding EN signal on $driver$cs_registers_i.dcsr_q.stoptime ($adff) from module cv32e40p_core (D = 1'0, Q = \cs_registers_i.dcsr_q [9]).
Adding EN signal on $driver$cs_registers_i.dcsr_q.stopcount ($adff) from module cv32e40p_core (D = 1'0, Q = \cs_registers_i.dcsr_q [10]).
Adding EN signal on $driver$cs_registers_i.dcsr_q.stepie ($adff) from module cv32e40p_core (D = \cs_registers_i.csr_wdata_int [11], Q = \cs_registers_i.dcsr_q [11]).
Adding EN signal on $driver$cs_registers_i.dcsr_q.step ($adff) from module cv32e40p_core (D = \cs_registers_i.csr_wdata_int [2], Q = \cs_registers_i.dcsr_q [2]).
Adding EN signal on $driver$cs_registers_i.dcsr_q.mprven ($adff) from module cv32e40p_core (D = 1'0, Q = \cs_registers_i.dcsr_q [4]).
Adding EN signal on $driver$cs_registers_i.dcsr_q.ebreaku ($adff) from module cv32e40p_core (D = 1'0, Q = \cs_registers_i.dcsr_q [12]).
Adding EN signal on $driver$cs_registers_i.dcsr_q.ebreaks ($adff) from module cv32e40p_core (D = 1'0, Q = \cs_registers_i.dcsr_q [13]).
Adding EN signal on $driver$cs_registers_i.dcsr_q.ebreakm ($adff) from module cv32e40p_core (D = \cs_registers_i.csr_wdata_int [15], Q = \cs_registers_i.dcsr_q [15]).
Adding EN signal on $driver$cs_registers_i.dcsr_q.cause ($adff) from module cv32e40p_core (D = \cs_registers_i.debug_cause_i, Q = \cs_registers_i.dcsr_q [8:6]).
Setting constant 0-bit at position 0 on $auto$ff.cc:337:slice$19975 ($adffe) from module cv32e40p_core.
Setting constant 0-bit at position 0 on $auto$ff.cc:337:slice$19970 ($adffe) from module cv32e40p_core.
Setting constant 0-bit at position 0 on $auto$ff.cc:337:slice$19965 ($adffe) from module cv32e40p_core.
Setting constant 0-bit at position 0 on $auto$ff.cc:337:slice$19950 ($adffe) from module cv32e40p_core.
Setting constant 0-bit at position 0 on $auto$ff.cc:337:slice$19945 ($adffe) from module cv32e40p_core.
Setting constant 0-bit at position 1 on $auto$ff.cc:337:slice$19872 ($adffe) from module cv32e40p_core.
Setting constant 0-bit at position 0 on $auto$ff.cc:337:slice$19829 ($adffe) from module cv32e40p_core.
Setting constant 0-bit at position 0 on $auto$ff.cc:337:slice$19822 ($adffe) from module cv32e40p_core.
Setting constant 0-bit at position 0 on $auto$ff.cc:337:slice$19773 ($adffe) from module cv32e40p_core.
Setting constant 0-bit at position 1 on $auto$ff.cc:337:slice$19773 ($adffe) from module cv32e40p_core.
Setting constant 0-bit at position 0 on $auto$ff.cc:337:slice$19757 ($adffe) from module cv32e40p_core.
Setting constant 0-bit at position 1 on $auto$ff.cc:337:slice$19757 ($adffe) from module cv32e40p_core.
Setting constant 0-bit at position 2 on $auto$ff.cc:337:slice$19757 ($adffe) from module cv32e40p_core.
Setting constant 0-bit at position 3 on $auto$ff.cc:337:slice$19757 ($adffe) from module cv32e40p_core.
Setting constant 0-bit at position 4 on $auto$ff.cc:337:slice$19757 ($adffe) from module cv32e40p_core.
Setting constant 0-bit at position 0 on $auto$ff.cc:337:slice$19750 ($adffe) from module cv32e40p_core.
Setting constant 0-bit at position 1 on $auto$ff.cc:337:slice$19750 ($adffe) from module cv32e40p_core.
Setting constant 0-bit at position 2 on $auto$ff.cc:337:slice$19750 ($adffe) from module cv32e40p_core.
Setting constant 0-bit at position 3 on $auto$ff.cc:337:slice$19750 ($adffe) from module cv32e40p_core.
Setting constant 0-bit at position 4 on $auto$ff.cc:337:slice$19750 ($adffe) from module cv32e40p_core.
Setting constant 0-bit at position 0 on $auto$ff.cc:337:slice$19667 ($adffe) from module cv32e40p_core.
Setting constant 0-bit at position 1 on $auto$ff.cc:337:slice$19667 ($adffe) from module cv32e40p_core.
Setting constant 0-bit at position 0 on $auto$ff.cc:337:slice$19614 ($adffe) from module cv32e40p_core.
Setting constant 0-bit at position 1 on $auto$ff.cc:337:slice$19614 ($adffe) from module cv32e40p_core.
Setting constant 0-bit at position 2 on $auto$ff.cc:337:slice$19614 ($adffe) from module cv32e40p_core.
Setting constant 0-bit at position 3 on $auto$ff.cc:337:slice$19614 ($adffe) from module cv32e40p_core.
Setting constant 0-bit at position 4 on $auto$ff.cc:337:slice$19614 ($adffe) from module cv32e40p_core.
Setting constant 0-bit at position 0 on $auto$ff.cc:337:slice$19584 ($adffe) from module cv32e40p_core.
Setting constant 0-bit at position 5 on $auto$ff.cc:337:slice$19545 ($adffe) from module cv32e40p_core.
Setting constant 0-bit at position 0 on $auto$ff.cc:337:slice$19441 ($adffe) from module cv32e40p_core.

4.9.7. Executing OPT_CLEAN pass (remove unused cells and wires).
Finding unused cells or wires in module \cv32e40p_core..
Removed 181 unused cells and 413 unused wires.
<suppressed ~200 debug messages>

4.9.8. Executing OPT_EXPR pass (perform const folding).
Optimizing module cv32e40p_core.
<suppressed ~116 debug messages>

4.9.9. Rerunning OPT passes. (Maybe there is more to do..)

4.9.10. Executing OPT_MUXTREE pass (detect dead branches in mux trees).
Running muxtree optimizer on module \cv32e40p_core..
  Creating internal representation of mux trees.
  Evaluating internal representation of mux trees.
  Analyzing evaluation results.
    dead port 1/3 on $pmux $procmux$594.
    dead port 2/3 on $pmux $procmux$594.
    dead port 1/3 on $pmux $procmux$630.
    dead port 2/3 on $pmux $procmux$630.
    dead port 1/3 on $pmux $procmux$658.
    dead port 2/3 on $pmux $procmux$658.
    dead port 1/5 on $pmux $procmux$677.
    dead port 2/5 on $pmux $procmux$677.
    dead port 3/5 on $pmux $procmux$677.
    dead port 4/5 on $pmux $procmux$677.
    dead port 5/5 on $pmux $procmux$677.
    dead port 1/3 on $pmux $procmux$696.
    dead port 2/3 on $pmux $procmux$696.
    dead port 1/3 on $pmux $procmux$705.
    dead port 2/3 on $pmux $procmux$705.
    dead port 1/3 on $pmux $procmux$821.
    dead port 2/3 on $pmux $procmux$821.
    dead port 1/3 on $pmux $procmux$824.
    dead port 2/3 on $pmux $procmux$824.
    dead port 1/3 on $pmux $procmux$842.
    dead port 2/3 on $pmux $procmux$842.
    dead port 1/3 on $pmux $procmux$846.
    dead port 2/3 on $pmux $procmux$846.
Removed 23 multiplexer ports.
<suppressed ~7395 debug messages>

4.9.11. Executing OPT_REDUCE pass (consolidate $*mux and $reduce_* inputs).
  Optimizing cells in module \cv32e40p_core.
    New ctrl vector for $pmux cell $procmux$17973: { $procmux$17976_CMP $procmux$17975_CMP }
    New ctrl vector for $pmux cell $procmux$473: { $procmux$489_CMP $procmux$488_CMP $procmux$487_CMP $procmux$486_CTRL $procmux$485_CTRL $procmux$484_CMP $procmux$483_CMP $1991y $procmux$481_CTRL $auto$opt_reduce.cc:137:opt_pmux$19991 $procmux$478_CTRL $procmux$477_CTRL $procmux$476_CTRL $procmux$475_CTRL $procmux$474_CTRL }
    New ctrl vector for $pmux cell $procmux$664: $procmux$481_CMP [6]
    New ctrl vector for $pmux cell $procmux$71: { $procmux$74_CMP $procmux$73_CMP }
    New ctrl vector for $pmux cell $procmux$787: { $procmux$662_CTRL $auto$opt_reduce.cc:137:opt_pmux$19993 }
    New input vector for $reduce_or cell $auto$opt_reduce.cc:131:opt_pmux$19990: { $procmux$480_CMP [3:2] $2094y $2093y $1939y }
  Optimizing cells in module \cv32e40p_core.
Performed a total of 9 changes.

4.9.12. Executing OPT_MERGE pass (detect identical cells).
Finding identical cells in module `\cv32e40p_core'.
<suppressed ~279 debug messages>
Removed a total of 93 cells.

4.9.13. Executing OPT_DFF pass (perform DFF optimizations).
Setting constant 0-bit at position 5 on $auto$ff.cc:337:slice$19855 ($adffe) from module cv32e40p_core.

4.9.14. Executing OPT_CLEAN pass (remove unused cells and wires).
Finding unused cells or wires in module \cv32e40p_core..
Removed 33 unused cells and 170 unused wires.
<suppressed ~44 debug messages>

4.9.15. Executing OPT_EXPR pass (perform const folding).
Optimizing module cv32e40p_core.
<suppressed ~4 debug messages>

4.9.16. Rerunning OPT passes. (Maybe there is more to do..)

4.9.17. Executing OPT_MUXTREE pass (detect dead branches in mux trees).
Running muxtree optimizer on module \cv32e40p_core..
  Creating internal representation of mux trees.
  Evaluating internal representation of mux trees.
  Analyzing evaluation results.
Removed 0 multiplexer ports.
<suppressed ~6837 debug messages>

4.9.18. Executing OPT_REDUCE pass (consolidate $*mux and $reduce_* inputs).
  Optimizing cells in module \cv32e40p_core.
    New ctrl vector for $pmux cell $procmux$17739: { \if_stage_i.aligner_i.state [2] $auto$opt_reduce.cc:137:opt_pmux$19996 \if_stage_i.aligner_i.state [3] }
  Optimizing cells in module \cv32e40p_core.
Performed a total of 1 changes.

4.9.19. Executing OPT_MERGE pass (detect identical cells).
Finding identical cells in module `\cv32e40p_core'.
<suppressed ~15 debug messages>
Removed a total of 5 cells.

4.9.20. Executing OPT_DFF pass (perform DFF optimizations).

4.9.21. Executing OPT_CLEAN pass (remove unused cells and wires).
Finding unused cells or wires in module \cv32e40p_core..
Removed 0 unused cells and 5 unused wires.
<suppressed ~1 debug messages>

4.9.22. Executing OPT_EXPR pass (perform const folding).
Optimizing module cv32e40p_core.

4.9.23. Rerunning OPT passes. (Maybe there is more to do..)

4.9.24. Executing OPT_MUXTREE pass (detect dead branches in mux trees).
Running muxtree optimizer on module \cv32e40p_core..
  Creating internal representation of mux trees.
  Evaluating internal representation of mux trees.
  Analyzing evaluation results.
Removed 0 multiplexer ports.
<suppressed ~6836 debug messages>

4.9.25. Executing OPT_REDUCE pass (consolidate $*mux and $reduce_* inputs).
  Optimizing cells in module \cv32e40p_core.
Performed a total of 0 changes.

4.9.26. Executing OPT_MERGE pass (detect identical cells).
Finding identical cells in module `\cv32e40p_core'.
Removed a total of 0 cells.

4.9.27. Executing OPT_DFF pass (perform DFF optimizations).

4.9.28. Executing OPT_CLEAN pass (remove unused cells and wires).
Finding unused cells or wires in module \cv32e40p_core..

4.9.29. Executing OPT_EXPR pass (perform const folding).
Optimizing module cv32e40p_core.

4.9.30. Finished fast OPT passes. (There is nothing left to do.)

4.10. Executing WREDUCE pass (reducing word size of cells).
Removed top 1 bits (of 2) from port B of cell cv32e40p_core.$auto$opt_dff.cc:248:make_patterns_logic$19784 ($ne).
Removed top 1 bits (of 2) from port B of cell cv32e40p_core.$auto$opt_dff.cc:248:make_patterns_logic$19716 ($ne).
Removed top 1 bits (of 3) from port B of cell cv32e40p_core.$auto$fsm_map.cc:77:implement_pattern_cache$19361 ($eq).
Removed top 1 bits (of 3) from port B of cell cv32e40p_core.$auto$fsm_map.cc:77:implement_pattern_cache$19352 ($eq).
Removed top 1 bits (of 3) from port B of cell cv32e40p_core.$auto$fsm_map.cc:77:implement_pattern_cache$19341 ($eq).
Removed top 3 bits (of 5) from port B of cell cv32e40p_core.$auto$fsm_map.cc:77:implement_pattern_cache$19301 ($eq).
Removed top 3 bits (of 4) from port B of cell cv32e40p_core.$auto$fsm_map.cc:77:implement_pattern_cache$19293 ($eq).
Removed top 1 bits (of 9) from port B of cell cv32e40p_core.$auto$fsm_map.cc:77:implement_pattern_cache$19287 ($eq).
Removed top 2 bits (of 4) from port B of cell cv32e40p_core.$auto$fsm_map.cc:77:implement_pattern_cache$19208 ($eq).
Removed top 4 bits (of 5) from port B of cell cv32e40p_core.$auto$fsm_map.cc:77:implement_pattern_cache$19206 ($eq).
Removed top 3 bits (of 9) from port B of cell cv32e40p_core.$auto$fsm_map.cc:77:implement_pattern_cache$19202 ($eq).
Removed top 3 bits (of 4) from port B of cell cv32e40p_core.$auto$fsm_map.cc:77:implement_pattern_cache$19192 ($eq).
Removed top 1 bits (of 2) from port B of cell cv32e40p_core.$auto$fsm_map.cc:77:implement_pattern_cache$19175 ($eq).
Removed top 3 bits (of 8) from port B of cell cv32e40p_core.$auto$fsm_map.cc:77:implement_pattern_cache$19155 ($eq).
Removed top 3 bits (of 9) from port B of cell cv32e40p_core.$auto$fsm_map.cc:77:implement_pattern_cache$19151 ($eq).
Removed top 3 bits (of 10) from port B of cell cv32e40p_core.$auto$fsm_map.cc:77:implement_pattern_cache$19147 ($eq).
Removed top 5 bits (of 11) from port B of cell cv32e40p_core.$auto$fsm_map.cc:77:implement_pattern_cache$19143 ($eq).
Removed top 2 bits (of 3) from port B of cell cv32e40p_core.$auto$fsm_map.cc:77:implement_pattern_cache$19127 ($eq).
Removed top 3 bits (of 9) from port B of cell cv32e40p_core.$auto$fsm_map.cc:77:implement_pattern_cache$19111 ($eq).
Removed top 1 bits (of 3) from port B of cell cv32e40p_core.$auto$fsm_map.cc:77:implement_pattern_cache$19090 ($eq).
Removed top 3 bits (of 7) from port B of cell cv32e40p_core.$auto$fsm_map.cc:77:implement_pattern_cache$19070 ($eq).
Removed top 5 bits (of 10) from port B of cell cv32e40p_core.$auto$fsm_map.cc:77:implement_pattern_cache$19050 ($eq).
Removed top 1 bits (of 2) from port B of cell cv32e40p_core.$auto$fsm_map.cc:77:implement_pattern_cache$19038 ($eq).
Removed top 3 bits (of 4) from port B of cell cv32e40p_core.$auto$fsm_map.cc:77:implement_pattern_cache$19030 ($eq).
Removed top 6 bits (of 8) from port B of cell cv32e40p_core.$auto$fsm_map.cc:77:implement_pattern_cache$19018 ($eq).
Removed top 7 bits (of 9) from port B of cell cv32e40p_core.$auto$fsm_map.cc:77:implement_pattern_cache$19014 ($eq).
Removed top 2 bits (of 4) from port B of cell cv32e40p_core.$auto$fsm_map.cc:77:implement_pattern_cache$19001 ($eq).
Removed top 29 bits (of 32) from port B of cell cv32e40p_core.$21 ($add).
Removed top 30 bits (of 32) from port A of cell cv32e40p_core.$28 ($gt).
Removed top 31 bits (of 32) from port B of cell cv32e40p_core.$28 ($gt).
Removed top 29 bits (of 32) from port B of cell cv32e40p_core.$32 ($add).
Removed top 30 bits (of 32) from port A of cell cv32e40p_core.$33 ($add).
Removed top 30 bits (of 32) from port B of cell cv32e40p_core.$33 ($add).
Removed top 29 bits (of 32) from port Y of cell cv32e40p_core.$33 ($add).
Removed top 29 bits (of 32) from port A of cell cv32e40p_core.$34 ($lt).
Removed top 30 bits (of 32) from port B of cell cv32e40p_core.$34 ($lt).
Removed top 1 bits (of 2) from port B of cell cv32e40p_core.$62 ($sub).
Removed top 1 bits (of 2) from port B of cell cv32e40p_core.$63 ($add).
Removed top 30 bits (of 32) from port A of cell cv32e40p_core.$67 ($gt).
Removed top 31 bits (of 32) from port B of cell cv32e40p_core.$67 ($gt).
Removed top 1 bits (of 2) from port B of cell cv32e40p_core.$73 ($sub).
Converting cell cv32e40p_core.$90 ($lt) from signed to unsigned.
Removed top 1 bits (of 2) from port A of cell cv32e40p_core.$90 ($lt).
Removed top 1 bits (of 3) from port B of cell cv32e40p_core.$90 ($lt).
Converting cell cv32e40p_core.$95 ($lt) from signed to unsigned.
Removed top 1 bits (of 2) from port A of cell cv32e40p_core.$95 ($lt).
Removed top 1 bits (of 3) from port B of cell cv32e40p_core.$95 ($lt).
Converting cell cv32e40p_core.$96 ($ge) from signed to unsigned.
Removed top 1 bits (of 2) from port A of cell cv32e40p_core.$96 ($ge).
Removed top 31 bits (of 32) from port A of cell cv32e40p_core.$103 ($add).
Removed top 31 bits (of 32) from port B of cell cv32e40p_core.$103 ($add).
Removed top 31 bits (of 32) from port Y of cell cv32e40p_core.$103 ($add).
Removed top 30 bits (of 32) from port A of cell cv32e40p_core.$105 ($add).
Removed top 31 bits (of 32) from port B of cell cv32e40p_core.$105 ($add).
Removed top 30 bits (of 32) from port Y of cell cv32e40p_core.$105 ($add).
Removed top 31 bits (of 32) from port A of cell cv32e40p_core.$113 ($add).
Removed top 31 bits (of 32) from port B of cell cv32e40p_core.$113 ($add).
Removed top 31 bits (of 32) from port Y of cell cv32e40p_core.$113 ($add).
Removed top 30 bits (of 32) from port A of cell cv32e40p_core.$115 ($sub).
Removed top 31 bits (of 32) from port B of cell cv32e40p_core.$115 ($sub).
Removed top 30 bits (of 32) from port Y of cell cv32e40p_core.$115 ($sub).
Removed top 30 bits (of 32) from port B of cell cv32e40p_core.$193 ($add).
Removed top 29 bits (of 32) from port B of cell cv32e40p_core.$194 ($add).
Removed top 3 bits (of 5) from port B of cell cv32e40p_core.$270 ($eq).
Removed top 31 bits (of 32) from port A of cell cv32e40p_core.$321 ($shl).
Removed top 31 bits (of 32) from port B of cell cv32e40p_core.$322 ($sub).
Removed top 1 bits (of 6) from mux cell cv32e40p_core.$331 ($mux).
Removed top 1 bits (of 6) from port B of cell cv32e40p_core.$362 ($eq).
Removed top 1 bits (of 6) from port B of cell cv32e40p_core.$367 ($eq).
Removed top 29 bits (of 32) from mux cell cv32e40p_core.$394 ($mux).
Converting cell cv32e40p_core.$429 ($lt) from signed to unsigned.
Removed top 1 bits (of 6) from port A of cell cv32e40p_core.$429 ($lt).
Removed top 1 bits (of 7) from port B of cell cv32e40p_core.$429 ($lt).
Converting cell cv32e40p_core.$432 ($lt) from signed to unsigned.
Removed top 1 bits (of 6) from port A of cell cv32e40p_core.$432 ($lt).
Removed top 1 bits (of 7) from port B of cell cv32e40p_core.$432 ($lt).
Removed top 4 bits (of 5) from port B of cell cv32e40p_core.$442 ($eq).
Removed top 5 bits (of 6) from port B of cell cv32e40p_core.$444 ($eq).
Removed top 3 bits (of 5) from port B of cell cv32e40p_core.$446 ($eq).
Removed top 4 bits (of 6) from port B of cell cv32e40p_core.$448 ($eq).
Removed top 3 bits (of 5) from port B of cell cv32e40p_core.$450 ($eq).
Removed top 4 bits (of 6) from port B of cell cv32e40p_core.$452 ($eq).
Removed top 2 bits (of 5) from port B of cell cv32e40p_core.$454 ($eq).
Removed top 3 bits (of 6) from port B of cell cv32e40p_core.$456 ($eq).
Removed top 2 bits (of 5) from port B of cell cv32e40p_core.$458 ($eq).
Removed top 3 bits (of 6) from port B of cell cv32e40p_core.$460 ($eq).
Removed top 2 bits (of 5) from port B of cell cv32e40p_core.$462 ($eq).
Removed top 3 bits (of 6) from port B of cell cv32e40p_core.$464 ($eq).
Removed top 2 bits (of 5) from port B of cell cv32e40p_core.$466 ($eq).
Removed top 3 bits (of 6) from port B of cell cv32e40p_core.$468 ($eq).
Removed top 1 bits (of 5) from port B of cell cv32e40p_core.$470 ($eq).
Removed top 2 bits (of 6) from port B of cell cv32e40p_core.$472 ($eq).
Removed top 1 bits (of 5) from port B of cell cv32e40p_core.$474 ($eq).
Removed top 2 bits (of 6) from port B of cell cv32e40p_core.$476 ($eq).
Removed top 1 bits (of 5) from port B of cell cv32e40p_core.$478 ($eq).
Removed top 2 bits (of 6) from port B of cell cv32e40p_core.$480 ($eq).
Removed top 1 bits (of 5) from port B of cell cv32e40p_core.$482 ($eq).
Removed top 2 bits (of 6) from port B of cell cv32e40p_core.$484 ($eq).
Removed top 1 bits (of 5) from port B of cell cv32e40p_core.$486 ($eq).
Removed top 2 bits (of 6) from port B of cell cv32e40p_core.$488 ($eq).
Removed top 1 bits (of 5) from port B of cell cv32e40p_core.$490 ($eq).
Removed top 2 bits (of 6) from port B of cell cv32e40p_core.$492 ($eq).
Removed top 1 bits (of 5) from port B of cell cv32e40p_core.$494 ($eq).
Removed top 2 bits (of 6) from port B of cell cv32e40p_core.$496 ($eq).
Removed top 1 bits (of 5) from port B of cell cv32e40p_core.$498 ($eq).
Removed top 2 bits (of 6) from port B of cell cv32e40p_core.$500 ($eq).
Removed top 1 bits (of 6) from port B of cell cv32e40p_core.$504 ($eq).
Removed top 1 bits (of 6) from port B of cell cv32e40p_core.$508 ($eq).
Removed top 1 bits (of 6) from port B of cell cv32e40p_core.$512 ($eq).
Removed top 1 bits (of 6) from port B of cell cv32e40p_core.$516 ($eq).
Removed top 1 bits (of 6) from port B of cell cv32e40p_core.$520 ($eq).
Removed top 1 bits (of 6) from port B of cell cv32e40p_core.$524 ($eq).
Removed top 1 bits (of 6) from port B of cell cv32e40p_core.$528 ($eq).
Removed top 1 bits (of 6) from port B of cell cv32e40p_core.$532 ($eq).
Removed top 1 bits (of 6) from port B of cell cv32e40p_core.$536 ($eq).
Removed top 1 bits (of 6) from port B of cell cv32e40p_core.$540 ($eq).
Removed top 1 bits (of 6) from port B of cell cv32e40p_core.$544 ($eq).
Removed top 1 bits (of 6) from port B of cell cv32e40p_core.$548 ($eq).
Removed top 1 bits (of 6) from port B of cell cv32e40p_core.$552 ($eq).
Removed top 1 bits (of 6) from port B of cell cv32e40p_core.$556 ($eq).
Removed top 1 bits (of 6) from port B of cell cv32e40p_core.$560 ($eq).
Removed top 1 bits (of 6) from port B of cell cv32e40p_core.$564 ($eq).
Removed top 1 bits (of 7) from port B of cell cv32e40p_core.$795 ($eq).
Removed top 1 bits (of 7) from port B of cell cv32e40p_core.$797 ($eq).
Removed top 5 bits (of 7) from port B of cell cv32e40p_core.$823 ($eq).
Removed top 3 bits (of 7) from port B of cell cv32e40p_core.$825 ($eq).
Removed top 1 bits (of 3) from port B of cell cv32e40p_core.$837 ($eq).
Removed top 1 bits (of 7) from port B of cell cv32e40p_core.$855 ($eq).
Removed top 1 bits (of 2) from port B of cell cv32e40p_core.$1075 ($eq).
Removed top 1 bits (of 3) from mux cell cv32e40p_core.$1362 ($mux).
Removed top 3 bits (of 4) from mux cell cv32e40p_core.$1431 ($mux).
Removed top 2 bits (of 4) from mux cell cv32e40p_core.$1432 ($mux).
Removed top 1 bits (of 6) from port A of cell cv32e40p_core.$1518 ($eq).
Removed top 1 bits (of 6) from port B of cell cv32e40p_core.$1518 ($eq).
Removed top 1 bits (of 4) from port B of cell cv32e40p_core.$1593 ($eq).
Removed top 1 bits (of 2) from port B of cell cv32e40p_core.$1871 ($eq).
Removed top 2 bits (of 7) from port B of cell cv32e40p_core.$1931 ($eq).
Removed top 2 bits (of 7) from port B of cell cv32e40p_core.$1932 ($eq).
Removed top 2 bits (of 7) from port B of cell cv32e40p_core.$1934 ($eq).
Removed top 2 bits (of 7) from port B of cell cv32e40p_core.$1936 ($eq).
Removed top 2 bits (of 7) from port B of cell cv32e40p_core.$1939 ($eq).
Removed top 2 bits (of 7) from port B of cell cv32e40p_core.$1947 ($eq).
Converting cell cv32e40p_core.$1963 ($add) from unsigned to signed.
Removed top 1 bits (of 37) from port A of cell cv32e40p_core.$1963 ($add).
Removed top 1 bits (of 37) from port B of cell cv32e40p_core.$1963 ($add).
Removed top 2 bits (of 7) from port B of cell cv32e40p_core.$1964 ($eq).
Removed top 2 bits (of 7) from port B of cell cv32e40p_core.$1967 ($eq).
Removed top 1 bits (of 7) from port B of cell cv32e40p_core.$1976 ($eq).
Removed top 1 bits (of 7) from port B of cell cv32e40p_core.$1977 ($eq).
Removed top 1 bits (of 7) from port B of cell cv32e40p_core.$1979 ($eq).
Removed top 1 bits (of 7) from port B of cell cv32e40p_core.$1981 ($eq).
Removed top 1 bits (of 7) from port B of cell cv32e40p_core.$1983 ($eq).
Removed top 1 bits (of 7) from port B of cell cv32e40p_core.$1985 ($eq).
Removed top 1 bits (of 7) from port B of cell cv32e40p_core.$1987 ($eq).
Removed top 1 bits (of 7) from port B of cell cv32e40p_core.$1989 ($eq).
Removed top 2 bits (of 7) from port B of cell cv32e40p_core.$1993 ($eq).
Removed top 2 bits (of 7) from port B of cell cv32e40p_core.$2000 ($eq).
Removed top 1 bits (of 7) from port B of cell cv32e40p_core.$2008 ($eq).
Removed top 1 bits (of 7) from port B of cell cv32e40p_core.$2009 ($eq).
Removed top 27 bits (of 32) from mux cell cv32e40p_core.$2022 ($mux).
Removed top 1 bits (of 7) from port B of cell cv32e40p_core.$2024 ($eq).
Removed top 32 bits (of 64) from port Y of cell cv32e40p_core.$2040 ($shr).
Removed top 2 bits (of 7) from port B of cell cv32e40p_core.$2044 ($eq).
Removed top 2 bits (of 7) from port B of cell cv32e40p_core.$2093 ($eq).
Removed top 2 bits (of 7) from port B of cell cv32e40p_core.$2094 ($eq).
Removed top 1 bits (of 7) from port B of cell cv32e40p_core.$2117 ($eq).
Removed top 1 bits (of 2) from port A of cell cv32e40p_core.$2187 ($add).
Removed top 1 bits (of 2) from port B of cell cv32e40p_core.$2187 ($add).
Removed top 1 bits (of 2) from port A of cell cv32e40p_core.$2188 ($add).
Removed top 1 bits (of 2) from port B of cell cv32e40p_core.$2188 ($add).
Removed top 1 bits (of 2) from port A of cell cv32e40p_core.$2189 ($add).
Removed top 1 bits (of 2) from port B of cell cv32e40p_core.$2189 ($add).
Removed top 1 bits (of 2) from port A of cell cv32e40p_core.$2190 ($add).
Removed top 1 bits (of 2) from port B of cell cv32e40p_core.$2190 ($add).
Removed top 1 bits (of 2) from port A of cell cv32e40p_core.$2191 ($add).
Removed top 1 bits (of 2) from port B of cell cv32e40p_core.$2191 ($add).
Removed top 1 bits (of 2) from port A of cell cv32e40p_core.$2192 ($add).
Removed top 1 bits (of 2) from port B of cell cv32e40p_core.$2192 ($add).
Removed top 1 bits (of 2) from port A of cell cv32e40p_core.$2193 ($add).
Removed top 1 bits (of 2) from port B of cell cv32e40p_core.$2193 ($add).
Removed top 1 bits (of 2) from port A of cell cv32e40p_core.$2194 ($add).
Removed top 1 bits (of 2) from port B of cell cv32e40p_core.$2194 ($add).
Removed top 1 bits (of 2) from port A of cell cv32e40p_core.$2195 ($add).
Removed top 1 bits (of 2) from port B of cell cv32e40p_core.$2195 ($add).
Removed top 1 bits (of 2) from port A of cell cv32e40p_core.$2196 ($add).
Removed top 1 bits (of 2) from port B of cell cv32e40p_core.$2196 ($add).
Removed top 1 bits (of 2) from port A of cell cv32e40p_core.$2197 ($add).
Removed top 1 bits (of 2) from port B of cell cv32e40p_core.$2197 ($add).
Removed top 1 bits (of 2) from port A of cell cv32e40p_core.$2198 ($add).
Removed top 1 bits (of 2) from port B of cell cv32e40p_core.$2198 ($add).
Removed top 1 bits (of 2) from port A of cell cv32e40p_core.$2199 ($add).
Removed top 1 bits (of 2) from port B of cell cv32e40p_core.$2199 ($add).
Removed top 1 bits (of 2) from port A of cell cv32e40p_core.$2200 ($add).
Removed top 1 bits (of 2) from port B of cell cv32e40p_core.$2200 ($add).
Removed top 1 bits (of 2) from port A of cell cv32e40p_core.$2201 ($add).
Removed top 1 bits (of 2) from port B of cell cv32e40p_core.$2201 ($add).
Removed top 1 bits (of 2) from port A of cell cv32e40p_core.$2202 ($add).
Removed top 1 bits (of 2) from port B of cell cv32e40p_core.$2202 ($add).
Removed top 1 bits (of 3) from port A of cell cv32e40p_core.$2203 ($add).
Removed top 1 bits (of 3) from port B of cell cv32e40p_core.$2203 ($add).
Removed top 1 bits (of 3) from port A of cell cv32e40p_core.$2204 ($add).
Removed top 1 bits (of 3) from port B of cell cv32e40p_core.$2204 ($add).
Removed top 1 bits (of 3) from port A of cell cv32e40p_core.$2205 ($add).
Removed top 1 bits (of 3) from port B of cell cv32e40p_core.$2205 ($add).
Removed top 1 bits (of 3) from port A of cell cv32e40p_core.$2206 ($add).
Removed top 1 bits (of 3) from port B of cell cv32e40p_core.$2206 ($add).
Removed top 1 bits (of 3) from port A of cell cv32e40p_core.$2207 ($add).
Removed top 1 bits (of 3) from port B of cell cv32e40p_core.$2207 ($add).
Removed top 1 bits (of 3) from port A of cell cv32e40p_core.$2208 ($add).
Removed top 1 bits (of 3) from port B of cell cv32e40p_core.$2208 ($add).
Removed top 1 bits (of 3) from port A of cell cv32e40p_core.$2209 ($add).
Removed top 1 bits (of 3) from port B of cell cv32e40p_core.$2209 ($add).
Removed top 1 bits (of 3) from port A of cell cv32e40p_core.$2210 ($add).
Removed top 1 bits (of 3) from port B of cell cv32e40p_core.$2210 ($add).
Removed top 1 bits (of 4) from port A of cell cv32e40p_core.$2211 ($add).
Removed top 1 bits (of 4) from port B of cell cv32e40p_core.$2211 ($add).
Removed top 1 bits (of 4) from port A of cell cv32e40p_core.$2212 ($add).
Removed top 1 bits (of 4) from port B of cell cv32e40p_core.$2212 ($add).
Removed top 1 bits (of 4) from port A of cell cv32e40p_core.$2213 ($add).
Removed top 1 bits (of 4) from port B of cell cv32e40p_core.$2213 ($add).
Removed top 1 bits (of 4) from port A of cell cv32e40p_core.$2214 ($add).
Removed top 1 bits (of 4) from port B of cell cv32e40p_core.$2214 ($add).
Removed top 1 bits (of 5) from port A of cell cv32e40p_core.$2215 ($add).
Removed top 1 bits (of 5) from port B of cell cv32e40p_core.$2215 ($add).
Removed top 1 bits (of 5) from port A of cell cv32e40p_core.$2216 ($add).
Removed top 1 bits (of 5) from port B of cell cv32e40p_core.$2216 ($add).
Removed top 1 bits (of 6) from port A of cell cv32e40p_core.$2217 ($add).
Removed top 1 bits (of 6) from port B of cell cv32e40p_core.$2217 ($add).
Removed top 4 bits (of 5) from mux cell cv32e40p_core.$2268 ($mux).
Removed top 4 bits (of 5) from mux cell cv32e40p_core.$2271 ($mux).
Removed top 4 bits (of 5) from mux cell cv32e40p_core.$2274 ($mux).
Removed top 4 bits (of 5) from mux cell cv32e40p_core.$2277 ($mux).
Removed top 4 bits (of 5) from mux cell cv32e40p_core.$2280 ($mux).
Removed top 4 bits (of 5) from mux cell cv32e40p_core.$2283 ($mux).
Removed top 4 bits (of 5) from mux cell cv32e40p_core.$2286 ($mux).
Removed top 4 bits (of 5) from mux cell cv32e40p_core.$2289 ($mux).
Removed top 4 bits (of 5) from mux cell cv32e40p_core.$2292 ($mux).
Removed top 4 bits (of 5) from mux cell cv32e40p_core.$2295 ($mux).
Removed top 4 bits (of 5) from mux cell cv32e40p_core.$2298 ($mux).
Removed top 4 bits (of 5) from mux cell cv32e40p_core.$2301 ($mux).
Removed top 4 bits (of 5) from mux cell cv32e40p_core.$2304 ($mux).
Removed top 4 bits (of 5) from mux cell cv32e40p_core.$2307 ($mux).
Removed top 4 bits (of 5) from mux cell cv32e40p_core.$2310 ($mux).
Removed top 4 bits (of 5) from mux cell cv32e40p_core.$2313 ($mux).
Removed top 1 bits (of 6) from port A of cell cv32e40p_core.$2316 ($sub).
Removed top 5 bits (of 6) from port B of cell cv32e40p_core.$2316 ($sub).
Removed top 31 bits (of 32) from port A of cell cv32e40p_core.$2336 ($or).
Removed top 5 bits (of 6) from mux cell cv32e40p_core.$2343 ($mux).
Removed top 5 bits (of 6) from port B of cell cv32e40p_core.$2344 ($add).
Removed top 26 bits (of 32) from port A of cell cv32e40p_core.$2374 ($sub).
Removed top 31 bits (of 32) from port B of cell cv32e40p_core.$2374 ($sub).
Removed top 25 bits (of 32) from port Y of cell cv32e40p_core.$2374 ($sub).
Removed top 26 bits (of 32) from mux cell cv32e40p_core.$2376 ($mux).
Converting cell cv32e40p_core.$2423 ($mul) from unsigned to signed.
Removed top 17 bits (of 34) from port A of cell cv32e40p_core.$2423 ($mul).
Removed top 17 bits (of 34) from port B of cell cv32e40p_core.$2423 ($mul).
Removed top 1 bits (of 34) from port A of cell cv32e40p_core.$2424 ($add).
Removed top 2 bits (of 34) from port Y of cell cv32e40p_core.$2428 ($sshr).
Removed top 30 bits (of 32) from mux cell cv32e40p_core.$2628 ($mux).
Removed top 30 bits (of 32) from port A of cell cv32e40p_core.$2629 ($lt).
Removed top 30 bits (of 32) from port B of cell cv32e40p_core.$2629 ($lt).
Removed top 1 bits (of 2) from port B of cell cv32e40p_core.$2636 ($eq).
Removed top 1 bits (of 2) from port B of cell cv32e40p_core.$2645 ($sub).
Removed top 1 bits (of 2) from port B of cell cv32e40p_core.$2646 ($add).
Removed top 2 bits (of 12) from port B of cell cv32e40p_core.$2657 ($eq).
Converting cell cv32e40p_core.$2662 ($lt) from signed to unsigned.
Removed top 1 bits (of 6) from port A of cell cv32e40p_core.$2662 ($lt).
Removed top 1 bits (of 7) from port B of cell cv32e40p_core.$2662 ($lt).
Removed top 1 bits (of 12) from port B of cell cv32e40p_core.$2750 ($eq).
Removed top 1 bits (of 12) from port B of cell cv32e40p_core.$2753 ($eq).
Removed top 2 bits (of 12) from port B of cell cv32e40p_core.$2764 ($eq).
Removed top 2 bits (of 12) from port B of cell cv32e40p_core.$2766 ($eq).
Removed top 2 bits (of 12) from port B of cell cv32e40p_core.$2767 ($eq).
Removed top 2 bits (of 12) from port B of cell cv32e40p_core.$2769 ($eq).
Removed top 2 bits (of 12) from port B of cell cv32e40p_core.$2771 ($eq).
Removed top 2 bits (of 12) from port B of cell cv32e40p_core.$2773 ($eq).
Removed top 2 bits (of 12) from port B of cell cv32e40p_core.$2775 ($eq).
Removed top 2 bits (of 12) from port B of cell cv32e40p_core.$2777 ($eq).
Removed top 2 bits (of 12) from port B of cell cv32e40p_core.$2779 ($eq).
Removed top 2 bits (of 12) from port B of cell cv32e40p_core.$2781 ($eq).
Removed top 2 bits (of 12) from port B of cell cv32e40p_core.$2783 ($eq).
Removed top 2 bits (of 12) from port B of cell cv32e40p_core.$2785 ($eq).
Removed top 2 bits (of 12) from port B of cell cv32e40p_core.$2787 ($eq).
Removed top 2 bits (of 12) from port B of cell cv32e40p_core.$2789 ($eq).
Removed top 2 bits (of 12) from port B of cell cv32e40p_core.$2791 ($eq).
Removed top 2 bits (of 12) from port B of cell cv32e40p_core.$2793 ($eq).
Removed top 2 bits (of 12) from port B of cell cv32e40p_core.$2795 ($eq).
Removed top 2 bits (of 12) from port B of cell cv32e40p_core.$2797 ($eq).
Removed top 2 bits (of 12) from port B of cell cv32e40p_core.$2799 ($eq).
Removed top 2 bits (of 12) from port B of cell cv32e40p_core.$2801 ($eq).
Removed top 2 bits (of 12) from port B of cell cv32e40p_core.$2803 ($eq).
Removed top 2 bits (of 12) from port B of cell cv32e40p_core.$2805 ($eq).
Removed top 2 bits (of 12) from port B of cell cv32e40p_core.$2807 ($eq).
Removed top 2 bits (of 12) from port B of cell cv32e40p_core.$2809 ($eq).
Removed top 2 bits (of 12) from port B of cell cv32e40p_core.$2811 ($eq).
Removed top 2 bits (of 12) from port B of cell cv32e40p_core.$2813 ($eq).
Removed top 2 bits (of 12) from port B of cell cv32e40p_core.$2815 ($eq).
Removed top 2 bits (of 12) from port B of cell cv32e40p_core.$2817 ($eq).
Removed top 2 bits (of 12) from port B of cell cv32e40p_core.$2819 ($eq).
Removed top 2 bits (of 12) from port B of cell cv32e40p_core.$2821 ($eq).
Removed top 63 bits (of 64) from port B of cell cv32e40p_core.$2824 ($add).
Removed top 63 bits (of 64) from port B of cell cv32e40p_core.$2826 ($add).
Removed top 63 bits (of 64) from port B of cell cv32e40p_core.$2827 ($add).
Converting cell cv32e40p_core.$2859 ($ge) from signed to unsigned.
Removed top 1 bits (of 6) from port A of cell cv32e40p_core.$2859 ($ge).
Removed top 5 bits (of 16) from port A of cell cv32e40p_core.$2910 ($and).
Removed top 1 bits (of 12) from port B of cell cv32e40p_core.$procmux$15_CMP0 ($eq).
Removed top 1 bits (of 12) from port B of cell cv32e40p_core.$procmux$16_CMP0 ($eq).
Removed top 1 bits (of 12) from port B of cell cv32e40p_core.$procmux$17_CMP0 ($eq).
Removed top 1 bits (of 12) from port B of cell cv32e40p_core.$procmux$19_CMP0 ($eq).
Removed top 2 bits (of 12) from port B of cell cv32e40p_core.$procmux$25_CMP0 ($eq).
Removed top 2 bits (of 12) from port B of cell cv32e40p_core.$procmux$31_CMP0 ($eq).
Removed top 1 bits (of 2) from port B of cell cv32e40p_core.$procmux$74_CMP0 ($eq).
Removed top 1 bits (of 2) from port B of cell cv32e40p_core.$procmux$109_CMP0 ($eq).
Removed top 1 bits (of 2) from port B of cell cv32e40p_core.$procmux$150_CMP0 ($eq).
Removed top 1 bits (of 2) from port B of cell cv32e40p_core.$procmux$283_CMP0 ($eq).
Removed top 1 bits (of 2) from port B of cell cv32e40p_core.$procmux$298_CMP0 ($eq).
Removed top 1 bits (of 7) from port B of cell cv32e40p_core.$procmux$475_CMP0 ($eq).
Removed top 1 bits (of 7) from port B of cell cv32e40p_core.$procmux$475_CMP3 ($eq).
Removed top 5 bits (of 7) from port B of cell cv32e40p_core.$procmux$476_CMP0 ($eq).
Removed top 5 bits (of 7) from port B of cell cv32e40p_core.$procmux$476_CMP1 ($eq).
Removed top 4 bits (of 7) from port B of cell cv32e40p_core.$procmux$476_CMP2 ($eq).
Removed top 4 bits (of 7) from port B of cell cv32e40p_core.$procmux$476_CMP3 ($eq).
Removed top 3 bits (of 7) from port B of cell cv32e40p_core.$procmux$477_CMP0 ($eq).
Removed top 3 bits (of 7) from port B of cell cv32e40p_core.$procmux$477_CMP1 ($eq).
Removed top 3 bits (of 7) from port B of cell cv32e40p_core.$procmux$477_CMP2 ($eq).
Removed top 3 bits (of 7) from port B of cell cv32e40p_core.$procmux$477_CMP3 ($eq).
Removed top 6 bits (of 7) from port B of cell cv32e40p_core.$procmux$477_CMP4 ($eq).
Removed top 4 bits (of 7) from port B of cell cv32e40p_core.$procmux$477_CMP5 ($eq).
Removed top 3 bits (of 7) from port B of cell cv32e40p_core.$procmux$477_CMP6 ($eq).
Removed top 3 bits (of 7) from port B of cell cv32e40p_core.$procmux$477_CMP7 ($eq).
Removed top 4 bits (of 7) from port B of cell cv32e40p_core.$procmux$477_CMP9 ($eq).
Removed top 2 bits (of 7) from port B of cell cv32e40p_core.$procmux$480_CMP2 ($eq).
Removed top 2 bits (of 7) from port B of cell cv32e40p_core.$procmux$480_CMP3 ($eq).
Removed top 1 bits (of 7) from port B of cell cv32e40p_core.$procmux$481_CMP0 ($eq).
Removed top 1 bits (of 7) from port B of cell cv32e40p_core.$procmux$481_CMP1 ($eq).
Removed top 1 bits (of 7) from port B of cell cv32e40p_core.$procmux$481_CMP2 ($eq).
Removed top 1 bits (of 7) from port B of cell cv32e40p_core.$procmux$481_CMP3 ($eq).
Removed top 1 bits (of 7) from port B of cell cv32e40p_core.$procmux$481_CMP4 ($eq).
Removed top 1 bits (of 7) from port B of cell cv32e40p_core.$procmux$481_CMP6 ($eq).
Removed top 1 bits (of 7) from port B of cell cv32e40p_core.$procmux$483_CMP0 ($eq).
Removed top 1 bits (of 7) from port B of cell cv32e40p_core.$procmux$484_CMP0 ($eq).
Removed top 1 bits (of 7) from port B of cell cv32e40p_core.$procmux$485_CMP2 ($eq).
Removed top 1 bits (of 7) from port B of cell cv32e40p_core.$procmux$486_CMP9 ($eq).
Removed top 1 bits (of 7) from port B of cell cv32e40p_core.$procmux$487_CMP0 ($eq).
Removed top 1 bits (of 7) from port B of cell cv32e40p_core.$procmux$488_CMP0 ($eq).
Removed top 2 bits (of 7) from port B of cell cv32e40p_core.$procmux$489_CMP0 ($eq).
Removed top 1 bits (of 6) from mux cell cv32e40p_core.$procmux$605 ($mux).
Removed top 3 bits (of 5) from mux cell cv32e40p_core.$procmux$2742 ($mux).
Removed top 2 bits (of 5) from mux cell cv32e40p_core.$procmux$2839 ($mux).
Removed top 1 bits (of 5) from mux cell cv32e40p_core.$procmux$2933 ($mux).
Removed top 1 bits (of 5) from mux cell cv32e40p_core.$procmux$3024 ($mux).
Removed top 1 bits (of 5) from mux cell cv32e40p_core.$procmux$3112 ($mux).
Removed top 1 bits (of 5) from mux cell cv32e40p_core.$procmux$3197 ($mux).
Removed top 1 bits (of 5) from mux cell cv32e40p_core.$procmux$3279 ($mux).
Removed top 1 bits (of 5) from mux cell cv32e40p_core.$procmux$3358 ($mux).
Removed top 1 bits (of 5) from mux cell cv32e40p_core.$procmux$3434 ($mux).
Removed top 1 bits (of 5) from mux cell cv32e40p_core.$procmux$3507 ($mux).
Removed top 1 bits (of 5) from mux cell cv32e40p_core.$procmux$3577 ($mux).
Removed top 1 bits (of 5) from mux cell cv32e40p_core.$procmux$3644 ($mux).
Removed top 1 bits (of 5) from mux cell cv32e40p_core.$procmux$3708 ($mux).
Removed top 1 bits (of 5) from mux cell cv32e40p_core.$procmux$3769 ($mux).
Removed top 1 bits (of 5) from mux cell cv32e40p_core.$procmux$3827 ($mux).
Removed top 1 bits (of 5) from mux cell cv32e40p_core.$procmux$3882 ($mux).
Removed top 1 bits (of 3) from port B of cell cv32e40p_core.$procmux$4371_CMP0 ($eq).
Removed top 2 bits (of 3) from port B of cell cv32e40p_core.$procmux$4379_CMP0 ($eq).
Removed top 1 bits (of 2) from mux cell cv32e40p_core.$procmux$4412 ($mux).
Removed top 1 bits (of 2) from mux cell cv32e40p_core.$procmux$4420 ($mux).
Removed top 1 bits (of 3) from mux cell cv32e40p_core.$procmux$4557 ($mux).
Removed top 1 bits (of 3) from mux cell cv32e40p_core.$procmux$4574 ($mux).
Removed top 1 bits (of 3) from mux cell cv32e40p_core.$procmux$4588 ($mux).
Removed top 1 bits (of 3) from mux cell cv32e40p_core.$procmux$4622 ($mux).
Removed top 2 bits (of 4) from mux cell cv32e40p_core.$procmux$4630 ($mux).
Removed top 1 bits (of 3) from mux cell cv32e40p_core.$procmux$4669 ($mux).
Removed top 1 bits (of 4) from mux cell cv32e40p_core.$procmux$4680 ($pmux).
Removed top 1 bits (of 3) from mux cell cv32e40p_core.$procmux$5138 ($pmux).
Removed top 1 bits (of 4) from mux cell cv32e40p_core.$procmux$5160 ($pmux).
Removed top 1 bits (of 3) from mux cell cv32e40p_core.$procmux$5252 ($mux).
Removed top 1 bits (of 4) from mux cell cv32e40p_core.$procmux$5271 ($mux).
Removed top 1 bits (of 3) from mux cell cv32e40p_core.$procmux$5450 ($mux).
Removed top 1 bits (of 4) from mux cell cv32e40p_core.$procmux$5465 ($mux).
Removed top 4 bits (of 5) from mux cell cv32e40p_core.$procmux$5584 ($mux).
Removed top 2 bits (of 6) from mux cell cv32e40p_core.$procmux$5783 ($pmux).
Removed top 2 bits (of 6) from mux cell cv32e40p_core.$procmux$5850 ($mux).
Removed top 2 bits (of 6) from mux cell cv32e40p_core.$procmux$5923 ($mux).
Removed top 2 bits (of 4) from mux cell cv32e40p_core.$procmux$7580 ($mux).
Removed top 2 bits (of 4) from mux cell cv32e40p_core.$procmux$7881 ($mux).
Removed top 1 bits (of 4) from mux cell cv32e40p_core.$procmux$8018 ($mux).
Removed top 1 bits (of 4) from mux cell cv32e40p_core.$procmux$9119 ($mux).
Removed top 1 bits (of 4) from mux cell cv32e40p_core.$procmux$9700 ($mux).
Removed top 1 bits (of 4) from mux cell cv32e40p_core.$procmux$10237 ($mux).
Removed top 1 bits (of 4) from mux cell cv32e40p_core.$procmux$10804 ($mux).
Removed top 1 bits (of 4) from mux cell cv32e40p_core.$procmux$11434 ($mux).
Removed top 1 bits (of 3) from mux cell cv32e40p_core.$procmux$11947 ($pmux).
Removed top 1 bits (of 4) from mux cell cv32e40p_core.$procmux$11962 ($pmux).
Removed top 1 bits (of 12) from port B of cell cv32e40p_core.$procmux$12156_CMP0 ($eq).
Removed top 1 bits (of 12) from port B of cell cv32e40p_core.$procmux$12156_CMP1 ($eq).
Removed top 1 bits (of 12) from port B of cell cv32e40p_core.$procmux$12156_CMP2 ($eq).
Removed top 1 bits (of 12) from port B of cell cv32e40p_core.$procmux$12156_CMP3 ($eq).
Removed top 11 bits (of 12) from port B of cell cv32e40p_core.$procmux$12291_CMP0 ($eq).
Removed top 10 bits (of 12) from port B of cell cv32e40p_core.$procmux$12291_CMP1 ($eq).
Removed top 1 bits (of 12) from port B of cell cv32e40p_core.$procmux$12306_CMP0 ($eq).
Removed top 1 bits (of 12) from port B of cell cv32e40p_core.$procmux$12306_CMP1 ($eq).
Removed top 1 bits (of 12) from port B of cell cv32e40p_core.$procmux$12306_CMP2 ($eq).
Removed top 1 bits (of 12) from port B of cell cv32e40p_core.$procmux$12306_CMP3 ($eq).
Removed top 1 bits (of 12) from port B of cell cv32e40p_core.$procmux$12306_CMP4 ($eq).
Removed top 1 bits (of 12) from port B of cell cv32e40p_core.$procmux$12306_CMP5 ($eq).
Removed top 1 bits (of 12) from port B of cell cv32e40p_core.$procmux$12306_CMP6 ($eq).
Removed top 2 bits (of 12) from port B of cell cv32e40p_core.$procmux$12312_CMP62 ($eq).
Removed top 2 bits (of 12) from port B of cell cv32e40p_core.$procmux$12312_CMP63 ($eq).
Removed top 2 bits (of 12) from port B of cell cv32e40p_core.$procmux$12312_CMP64 ($eq).
Removed top 2 bits (of 12) from port B of cell cv32e40p_core.$procmux$12312_CMP65 ($eq).
Removed top 2 bits (of 12) from port B of cell cv32e40p_core.$procmux$12312_CMP66 ($eq).
Removed top 2 bits (of 12) from port B of cell cv32e40p_core.$procmux$12312_CMP67 ($eq).
Removed top 2 bits (of 12) from port B of cell cv32e40p_core.$procmux$12312_CMP68 ($eq).
Removed top 2 bits (of 12) from port B of cell cv32e40p_core.$procmux$12312_CMP69 ($eq).
Removed top 2 bits (of 12) from port B of cell cv32e40p_core.$procmux$12312_CMP70 ($eq).
Removed top 2 bits (of 12) from port B of cell cv32e40p_core.$procmux$12312_CMP71 ($eq).
Removed top 2 bits (of 12) from port B of cell cv32e40p_core.$procmux$12312_CMP72 ($eq).
Removed top 2 bits (of 12) from port B of cell cv32e40p_core.$procmux$12312_CMP73 ($eq).
Removed top 2 bits (of 12) from port B of cell cv32e40p_core.$procmux$12312_CMP74 ($eq).
Removed top 2 bits (of 12) from port B of cell cv32e40p_core.$procmux$12312_CMP75 ($eq).
Removed top 2 bits (of 12) from port B of cell cv32e40p_core.$procmux$12312_CMP76 ($eq).
Removed top 2 bits (of 12) from port B of cell cv32e40p_core.$procmux$12312_CMP77 ($eq).
Removed top 2 bits (of 12) from port B of cell cv32e40p_core.$procmux$12312_CMP78 ($eq).
Removed top 2 bits (of 12) from port B of cell cv32e40p_core.$procmux$12312_CMP79 ($eq).
Removed top 2 bits (of 12) from port B of cell cv32e40p_core.$procmux$12312_CMP80 ($eq).
Removed top 2 bits (of 12) from port B of cell cv32e40p_core.$procmux$12312_CMP81 ($eq).
Removed top 2 bits (of 12) from port B of cell cv32e40p_core.$procmux$12312_CMP82 ($eq).
Removed top 2 bits (of 12) from port B of cell cv32e40p_core.$procmux$12312_CMP83 ($eq).
Removed top 2 bits (of 12) from port B of cell cv32e40p_core.$procmux$12312_CMP84 ($eq).
Removed top 2 bits (of 12) from port B of cell cv32e40p_core.$procmux$12312_CMP85 ($eq).
Removed top 2 bits (of 12) from port B of cell cv32e40p_core.$procmux$12312_CMP86 ($eq).
Removed top 2 bits (of 12) from port B of cell cv32e40p_core.$procmux$12312_CMP87 ($eq).
Removed top 2 bits (of 12) from port B of cell cv32e40p_core.$procmux$12312_CMP88 ($eq).
Removed top 2 bits (of 12) from port B of cell cv32e40p_core.$procmux$12312_CMP89 ($eq).
Removed top 2 bits (of 12) from port B of cell cv32e40p_core.$procmux$12312_CMP90 ($eq).
Removed top 2 bits (of 12) from port B of cell cv32e40p_core.$procmux$12312_CMP91 ($eq).
Removed top 2 bits (of 12) from port B of cell cv32e40p_core.$procmux$12313_CMP0 ($eq).
Removed top 2 bits (of 12) from port B of cell cv32e40p_core.$procmux$12313_CMP1 ($eq).
Removed top 2 bits (of 12) from port B of cell cv32e40p_core.$procmux$12313_CMP2 ($eq).
Removed top 2 bits (of 12) from port B of cell cv32e40p_core.$procmux$12313_CMP3 ($eq).
Removed top 2 bits (of 12) from port B of cell cv32e40p_core.$procmux$12313_CMP4 ($eq).
Removed top 2 bits (of 12) from port B of cell cv32e40p_core.$procmux$12314_CMP0 ($eq).
Removed top 2 bits (of 12) from port B of cell cv32e40p_core.$procmux$12314_CMP1 ($eq).
Removed top 2 bits (of 12) from port B of cell cv32e40p_core.$procmux$12314_CMP2 ($eq).
Removed top 2 bits (of 12) from port B of cell cv32e40p_core.$procmux$12314_CMP3 ($eq).
Removed top 1 bits (of 2) from port B of cell cv32e40p_core.$procmux$12359_CMP0 ($eq).
Removed top 1 bits (of 3) from mux cell cv32e40p_core.$procmux$12381 ($mux).
Removed top 3 bits (of 12) from port B of cell cv32e40p_core.$procmux$12443_CMP0 ($eq).
Removed top 1 bits (of 3) from mux cell cv32e40p_core.$procmux$12455 ($mux).
Removed top 2 bits (of 7) from mux cell cv32e40p_core.$procmux$12470 ($mux).
Removed top 1 bits (of 3) from mux cell cv32e40p_core.$procmux$12500 ($mux).
Removed top 2 bits (of 7) from mux cell cv32e40p_core.$procmux$12514 ($mux).
Removed top 2 bits (of 12) from port B of cell cv32e40p_core.$procmux$12592_CMP0 ($eq).
Removed top 1 bits (of 3) from mux cell cv32e40p_core.$procmux$12696 ($mux).
Removed top 2 bits (of 7) from mux cell cv32e40p_core.$procmux$12707 ($mux).
Removed top 1 bits (of 3) from mux cell cv32e40p_core.$procmux$12864 ($mux).
Removed top 2 bits (of 7) from mux cell cv32e40p_core.$procmux$12872 ($mux).
Removed top 2 bits (of 3) from port B of cell cv32e40p_core.$procmux$12961_CMP0 ($eq).
Removed top 3 bits (of 7) from port B of cell cv32e40p_core.$procmux$12964_CMP0 ($eq).
Removed top 1 bits (of 7) from port B of cell cv32e40p_core.$procmux$13045_CMP0 ($eq).
Removed top 5 bits (of 9) from port B of cell cv32e40p_core.$procmux$13757_CMP0 ($eq).
Removed top 5 bits (of 9) from port B of cell cv32e40p_core.$procmux$13758_CMP0 ($eq).
Removed top 5 bits (of 9) from port B of cell cv32e40p_core.$procmux$13759_CMP0 ($eq).
Removed top 5 bits (of 9) from port B of cell cv32e40p_core.$procmux$13760_CMP0 ($eq).
Removed top 5 bits (of 9) from port B of cell cv32e40p_core.$procmux$14016_CMP0 ($eq).
Removed top 1 bits (of 3) from mux cell cv32e40p_core.$procmux$14015 ($mux).
Removed top 5 bits (of 9) from port B of cell cv32e40p_core.$procmux$14017_CMP0 ($eq).
Removed top 5 bits (of 9) from port B of cell cv32e40p_core.$procmux$14018_CMP0 ($eq).
Removed top 5 bits (of 9) from port B of cell cv32e40p_core.$procmux$14019_CMP0 ($eq).
Removed top 1 bits (of 7) from mux cell cv32e40p_core.$procmux$14109 ($pmux).
Removed top 6 bits (of 9) from port B of cell cv32e40p_core.$procmux$14115_CMP0 ($eq).
Removed top 8 bits (of 9) from port B of cell cv32e40p_core.$procmux$14116_CMP0 ($eq).
Removed top 6 bits (of 9) from port B of cell cv32e40p_core.$procmux$14117_CMP0 ($eq).
Removed top 6 bits (of 9) from port B of cell cv32e40p_core.$procmux$14118_CMP0 ($eq).
Removed top 6 bits (of 9) from port B of cell cv32e40p_core.$procmux$14119_CMP0 ($eq).
Removed top 7 bits (of 9) from port B of cell cv32e40p_core.$procmux$14120_CMP0 ($eq).
Removed top 7 bits (of 9) from port B of cell cv32e40p_core.$procmux$14277_CMP0 ($eq).
Removed top 1 bits (of 3) from mux cell cv32e40p_core.$procmux$14518 ($mux).
Removed top 1 bits (of 7) from mux cell cv32e40p_core.$procmux$14556 ($mux).
Removed top 1 bits (of 3) from mux cell cv32e40p_core.$procmux$14759 ($mux).
Removed top 1 bits (of 7) from mux cell cv32e40p_core.$procmux$14791 ($mux).
Removed top 1 bits (of 7) from mux cell cv32e40p_core.$procmux$14855 ($mux).
Removed top 2 bits (of 7) from port B of cell cv32e40p_core.$procmux$14863_CMP0 ($eq).
Removed top 1 bits (of 7) from mux cell cv32e40p_core.$procmux$14898 ($mux).
Removed top 1 bits (of 3) from port B of cell cv32e40p_core.$procmux$14961_CMP0 ($eq).
Removed top 1 bits (of 2) from mux cell cv32e40p_core.$procmux$15304 ($mux).
Removed top 1 bits (of 3) from mux cell cv32e40p_core.$procmux$15408 ($mux).
Removed top 2 bits (of 7) from mux cell cv32e40p_core.$procmux$15429 ($mux).
Removed top 3 bits (of 4) from mux cell cv32e40p_core.$procmux$15627 ($mux).
Removed top 1 bits (of 3) from mux cell cv32e40p_core.$procmux$15652 ($mux).
Removed top 3 bits (of 4) from mux cell cv32e40p_core.$procmux$15902 ($mux).
Removed top 1 bits (of 2) from mux cell cv32e40p_core.$procmux$15924 ($mux).
Removed top 1 bits (of 3) from mux cell cv32e40p_core.$procmux$15946 ($mux).
Removed top 2 bits (of 7) from mux cell cv32e40p_core.$procmux$15968 ($mux).
Removed top 3 bits (of 7) from mux cell cv32e40p_core.$procmux$16078 ($pmux).
Removed top 2 bits (of 7) from port B of cell cv32e40p_core.$procmux$16263_CMP0 ($eq).
Removed top 1 bits (of 7) from port B of cell cv32e40p_core.$procmux$16264_CMP0 ($eq).
Removed top 1 bits (of 2) from mux cell cv32e40p_core.$procmux$16328 ($mux).
Removed top 2 bits (of 4) from mux cell cv32e40p_core.$procmux$16461 ($pmux).
Removed top 1 bits (of 3) from mux cell cv32e40p_core.$procmux$16520 ($pmux).
Removed top 1 bits (of 2) from port A of cell cv32e40p_core.$procmux$16982_CMP0 ($eq).
Removed top 1 bits (of 2) from port A of cell cv32e40p_core.$procmux$16983_CMP0 ($eq).
Removed top 1 bits (of 2) from port B of cell cv32e40p_core.$procmux$16983_CMP0 ($eq).
Removed top 1 bits (of 2) from port B of cell cv32e40p_core.$procmux$16990_CMP0 ($eq).
Removed top 1 bits (of 2) from port B of cell cv32e40p_core.$procmux$16995_CMP0 ($eq).
Removed top 1 bits (of 3) from port B of cell cv32e40p_core.$procmux$17005_CMP0 ($eq).
Removed top 2 bits (of 3) from port B of cell cv32e40p_core.$procmux$17006_CMP0 ($eq).
Removed top 1 bits (of 3) from port B of cell cv32e40p_core.$procmux$17007_CMP0 ($eq).
Removed top 2 bits (of 4) from port A of cell cv32e40p_core.$procmux$17010_CMP0 ($eq).
Removed top 2 bits (of 4) from port A of cell cv32e40p_core.$procmux$17011_CMP0 ($eq).
Removed top 2 bits (of 4) from port A of cell cv32e40p_core.$procmux$17012_CMP0 ($eq).
Removed top 1 bits (of 4) from port B of cell cv32e40p_core.$procmux$17012_CMP0 ($eq).
Removed top 2 bits (of 4) from port A of cell cv32e40p_core.$procmux$17013_CMP0 ($eq).
Removed top 1 bits (of 4) from port B of cell cv32e40p_core.$procmux$17013_CMP0 ($eq).
Removed top 2 bits (of 4) from port A of cell cv32e40p_core.$procmux$17014_CMP0 ($eq).
Removed top 1 bits (of 4) from port B of cell cv32e40p_core.$procmux$17014_CMP0 ($eq).
Removed top 2 bits (of 4) from port A of cell cv32e40p_core.$procmux$17015_CMP0 ($eq).
Removed top 2 bits (of 4) from port A of cell cv32e40p_core.$procmux$17016_CMP0 ($eq).
Removed top 1 bits (of 4) from port B of cell cv32e40p_core.$procmux$17016_CMP0 ($eq).
Removed top 2 bits (of 4) from port A of cell cv32e40p_core.$procmux$17017_CMP0 ($eq).
Removed top 2 bits (of 4) from port B of cell cv32e40p_core.$procmux$17017_CMP0 ($eq).
Removed top 2 bits (of 4) from port A of cell cv32e40p_core.$procmux$17018_CMP0 ($eq).
Removed top 2 bits (of 4) from port B of cell cv32e40p_core.$procmux$17018_CMP0 ($eq).
Removed top 2 bits (of 4) from port A of cell cv32e40p_core.$procmux$17019_CMP0 ($eq).
Removed top 3 bits (of 4) from port B of cell cv32e40p_core.$procmux$17019_CMP0 ($eq).
Removed top 1 bits (of 2) from port B of cell cv32e40p_core.$procmux$17024_CMP0 ($eq).
Removed top 1 bits (of 3) from port A of cell cv32e40p_core.$procmux$17030_CMP0 ($eq).
Removed top 1 bits (of 3) from port B of cell cv32e40p_core.$procmux$17030_CMP0 ($eq).
Removed top 1 bits (of 3) from port A of cell cv32e40p_core.$procmux$17031_CMP0 ($eq).
Removed top 2 bits (of 3) from port B of cell cv32e40p_core.$procmux$17031_CMP0 ($eq).
Removed top 1 bits (of 3) from port A of cell cv32e40p_core.$procmux$17032_CMP0 ($eq).
Removed top 1 bits (of 3) from port A of cell cv32e40p_core.$procmux$17033_CMP0 ($eq).
Removed top 1 bits (of 3) from port B of cell cv32e40p_core.$procmux$17033_CMP0 ($eq).
Removed top 1 bits (of 2) from port B of cell cv32e40p_core.$procmux$17038_CMP0 ($eq).
Removed top 11 bits (of 32) from mux cell cv32e40p_core.$procmux$17094 ($mux).
Removed top 7 bits (of 32) from mux cell cv32e40p_core.$procmux$17142 ($mux).
Removed top 1 bits (of 3) from port B of cell cv32e40p_core.$procmux$17199_CMP0 ($eq).
Removed top 1 bits (of 3) from port B of cell cv32e40p_core.$procmux$17211_CMP0 ($eq).
Removed top 2 bits (of 3) from port B of cell cv32e40p_core.$procmux$17222_CMP0 ($eq).
Removed top 1 bits (of 2) from port B of cell cv32e40p_core.$procmux$17309_CMP0 ($eq).
Removed top 1 bits (of 3) from port B of cell cv32e40p_core.$procmux$17315_CMP0 ($eq).
Removed top 1 bits (of 32) from mux cell cv32e40p_core.$procmux$17314 ($pmux).
Removed top 1 bits (of 3) from port B of cell cv32e40p_core.$procmux$17316_CMP0 ($eq).
Removed top 2 bits (of 3) from port B of cell cv32e40p_core.$procmux$17317_CMP0 ($eq).
Removed top 1 bits (of 2) from port B of cell cv32e40p_core.$procmux$17333_CMP1 ($eq).
Removed top 3 bits (of 32) from mux cell cv32e40p_core.$procmux$17417 ($mux).
Removed top 2 bits (of 32) from mux cell cv32e40p_core.$procmux$17570 ($pmux).
Removed top 16 bits (of 32) from mux cell cv32e40p_core.$procmux$17610 ($mux).
Removed top 1 bits (of 2) from port B of cell cv32e40p_core.$procmux$17976_CMP0 ($eq).
Removed top 1 bits (of 4) from port A of cell cv32e40p_core.$procmux$18016_CMP0 ($eq).
Removed top 1 bits (of 4) from port A of cell cv32e40p_core.$procmux$18017_CMP0 ($eq).
Removed top 3 bits (of 4) from port B of cell cv32e40p_core.$procmux$18017_CMP0 ($eq).
Removed top 1 bits (of 4) from port A of cell cv32e40p_core.$procmux$18018_CMP0 ($eq).
Removed top 1 bits (of 4) from port B of cell cv32e40p_core.$procmux$18018_CMP0 ($eq).
Removed top 1 bits (of 4) from port A of cell cv32e40p_core.$procmux$18019_CMP0 ($eq).
Removed top 1 bits (of 4) from port B of cell cv32e40p_core.$procmux$18019_CMP0 ($eq).
Removed top 1 bits (of 4) from port A of cell cv32e40p_core.$procmux$18020_CMP0 ($eq).
Removed top 1 bits (of 4) from port B of cell cv32e40p_core.$procmux$18020_CMP0 ($eq).
Removed top 1 bits (of 4) from port A of cell cv32e40p_core.$procmux$18021_CMP0 ($eq).
Removed top 1 bits (of 4) from port B of cell cv32e40p_core.$procmux$18021_CMP0 ($eq).
Removed top 1 bits (of 4) from port A of cell cv32e40p_core.$procmux$18022_CMP0 ($eq).
Removed top 2 bits (of 4) from port B of cell cv32e40p_core.$procmux$18022_CMP0 ($eq).
Removed top 1 bits (of 4) from port A of cell cv32e40p_core.$procmux$18023_CMP0 ($eq).
Removed top 2 bits (of 4) from port B of cell cv32e40p_core.$procmux$18023_CMP0 ($eq).
Removed top 1 bits (of 3) from port A of cell cv32e40p_core.$procmux$18026_CMP0 ($eq).
Removed top 1 bits (of 3) from port B of cell cv32e40p_core.$procmux$18026_CMP0 ($eq).
Removed top 1 bits (of 3) from port A of cell cv32e40p_core.$procmux$18027_CMP0 ($eq).
Removed top 1 bits (of 3) from port B of cell cv32e40p_core.$procmux$18027_CMP0 ($eq).
Removed top 1 bits (of 3) from port A of cell cv32e40p_core.$procmux$18028_CMP0 ($eq).
Removed top 2 bits (of 3) from port B of cell cv32e40p_core.$procmux$18028_CMP0 ($eq).
Removed top 1 bits (of 12) from port B of cell cv32e40p_core.$procmux$18198_CMP0 ($eq).
Removed top 2 bits (of 12) from port B of cell cv32e40p_core.$procmux$18227_CMP0 ($eq).
Removed top 2 bits (of 12) from port B of cell cv32e40p_core.$procmux$18236_CMP0 ($eq).
Removed top 2 bits (of 12) from port B of cell cv32e40p_core.$procmux$18246_CMP0 ($eq).
Removed top 2 bits (of 12) from port B of cell cv32e40p_core.$procmux$18257_CMP0 ($eq).
Removed top 2 bits (of 12) from port B of cell cv32e40p_core.$procmux$18293_CMP0 ($eq).
Removed top 1 bits (of 7) from mux cell cv32e40p_core.$procmux$18401 ($mux).
Removed top 1 bits (of 3) from mux cell cv32e40p_core.$procmux$18446 ($mux).
Removed top 27 bits (of 32) from mux cell cv32e40p_core.$1973 ($mux).
Removed top 26 bits (of 32) from mux cell cv32e40p_core.$2375 ($mux).
Removed top 1 bits (of 3) from mux cell cv32e40p_core.$procmux$18216 ($mux).
Removed top 1 bits (of 7) from mux cell cv32e40p_core.$procmux$18290 ($mux).
Removed top 1 bits (of 7) from port Y of cell cv32e40p_core.$2374 ($sub).
Removed top 31 bits (of 32) from wire cv32e40p_core.$103y.
Removed top 30 bits (of 32) from wire cv32e40p_core.$105y.
Removed top 31 bits (of 32) from wire cv32e40p_core.$113y.
Removed top 30 bits (of 32) from wire cv32e40p_core.$115y.
Removed top 1 bits (of 3) from wire cv32e40p_core.$1362y.
Removed top 3 bits (of 4) from wire cv32e40p_core.$1431y.
Removed top 2 bits (of 4) from wire cv32e40p_core.$1432y.
Removed top 5 bits (of 6) from wire cv32e40p_core.$2343y.
Removed top 26 bits (of 32) from wire cv32e40p_core.$2374y.
Removed top 26 bits (of 32) from wire cv32e40p_core.$2375y.
Removed top 29 bits (of 32) from wire cv32e40p_core.$33y.
Removed top 29 bits (of 32) from wire cv32e40p_core.$394y.
Removed top 1 bits (of 3) from wire cv32e40p_core.$cs_registers_i.dcsr_n[2:0]$2687.
Removed top 1 bits (of 3) from wire cv32e40p_core.$cs_registers_i.dcsr_n[2:0]$2698.
Removed top 32 bits (of 64) from wire cv32e40p_core.$cs_registers_i.mhpmcounter_q[191:128]$3121.
Removed top 32 bits (of 64) from wire cv32e40p_core.$cs_registers_i.mhpmcounter_q[255:192]$3128.
Removed top 32 bits (of 64) from wire cv32e40p_core.$cs_registers_i.mhpmcounter_q[63:0]$3114.
Removed top 1 bits (of 7) from wire cv32e40p_core.$cs_registers_i.mstatus_n$2678.
Removed top 1 bits (of 7) from wire cv32e40p_core.$cs_registers_i.mstatus_n$2706.
Removed top 1 bits (of 6) from wire cv32e40p_core.$ex_stage_i.alu_i.bitop_result$2320.
Removed top 2 bits (of 6) from wire cv32e40p_core.$id_stage_i.controller_i.csr_cause_o$1345.
Removed top 2 bits (of 6) from wire cv32e40p_core.$id_stage_i.controller_i.csr_cause_o$1348.
Removed top 2 bits (of 6) from wire cv32e40p_core.$id_stage_i.controller_i.csr_cause_o$1351.
Removed top 1 bits (of 3) from wire cv32e40p_core.$id_stage_i.controller_i.debug_cause_o$1444.
Removed top 1 bits (of 3) from wire cv32e40p_core.$id_stage_i.controller_i.debug_cause_o$1445.
Removed top 1 bits (of 3) from wire cv32e40p_core.$id_stage_i.controller_i.debug_cause_o$1446.
Removed top 1 bits (of 3) from wire cv32e40p_core.$id_stage_i.controller_i.debug_cause_o$1447.
Removed top 4 bits (of 5) from wire cv32e40p_core.$id_stage_i.controller_i.exc_cause_o$1412.
Removed top 1 bits (of 3) from wire cv32e40p_core.$id_stage_i.controller_i.exc_pc_mux_o$1388.
Removed top 1 bits (of 3) from wire cv32e40p_core.$id_stage_i.controller_i.exc_pc_mux_o$1398.
Removed top 1 bits (of 3) from wire cv32e40p_core.$id_stage_i.controller_i.exc_pc_mux_o$1409.
Removed top 1 bits (of 3) from wire cv32e40p_core.$id_stage_i.controller_i.exc_pc_mux_o$1435.
Removed top 1 bits (of 2) from wire cv32e40p_core.$id_stage_i.controller_i.operand_c_fw_mux_sel_o$1563.
Removed top 1 bits (of 4) from wire cv32e40p_core.$id_stage_i.controller_i.pc_mux_o$1105.
Removed top 2 bits (of 4) from wire cv32e40p_core.$id_stage_i.controller_i.pc_mux_o$1179.
Removed top 2 bits (of 4) from wire cv32e40p_core.$id_stage_i.controller_i.pc_mux_o$1186.
Removed top 1 bits (of 4) from wire cv32e40p_core.$id_stage_i.controller_i.pc_mux_o$1206.
Removed top 1 bits (of 4) from wire cv32e40p_core.$id_stage_i.controller_i.pc_mux_o$1226.
Removed top 1 bits (of 4) from wire cv32e40p_core.$id_stage_i.controller_i.pc_mux_o$1247.
Removed top 1 bits (of 4) from wire cv32e40p_core.$id_stage_i.controller_i.pc_mux_o$1269.
Removed top 1 bits (of 4) from wire cv32e40p_core.$id_stage_i.controller_i.pc_mux_o$1317.
Removed top 2 bits (of 4) from wire cv32e40p_core.$id_stage_i.controller_i.pc_mux_o$1387.
Removed top 1 bits (of 4) from wire cv32e40p_core.$id_stage_i.controller_i.pc_mux_o$1397.
Removed top 2 bits (of 4) from wire cv32e40p_core.$id_stage_i.controller_i.pc_mux_o$1408.
Removed top 2 bits (of 4) from wire cv32e40p_core.$id_stage_i.controller_i.pc_mux_o$1434.
Removed top 2 bits (of 4) from wire cv32e40p_core.$id_stage_i.controller_i.pc_mux_o$1441.
Removed top 1 bits (of 3) from wire cv32e40p_core.$id_stage_i.decoder_i.alu_op_a_mux_sel_o$1013.
Removed top 1 bits (of 3) from wire cv32e40p_core.$id_stage_i.decoder_i.alu_op_a_mux_sel_o$897.
Removed top 1 bits (of 3) from wire cv32e40p_core.$id_stage_i.decoder_i.alu_op_a_mux_sel_o$909.
Removed top 1 bits (of 3) from wire cv32e40p_core.$id_stage_i.decoder_i.alu_op_a_mux_sel_o$922.
Removed top 1 bits (of 3) from wire cv32e40p_core.$id_stage_i.decoder_i.alu_op_a_mux_sel_o$972.
Removed top 1 bits (of 3) from wire cv32e40p_core.$id_stage_i.decoder_i.alu_op_b_mux_sel_o$804.
Removed top 1 bits (of 3) from wire cv32e40p_core.$id_stage_i.decoder_i.alu_op_b_mux_sel_o$814.
Removed top 1 bits (of 3) from wire cv32e40p_core.$id_stage_i.decoder_i.alu_op_b_mux_sel_o$842.
Removed top 1 bits (of 3) from wire cv32e40p_core.$id_stage_i.decoder_i.alu_op_b_mux_sel_o$942.
Removed top 1 bits (of 3) from wire cv32e40p_core.$id_stage_i.decoder_i.alu_op_b_mux_sel_o$955.
Removed top 1 bits (of 3) from wire cv32e40p_core.$id_stage_i.decoder_i.alu_op_b_mux_sel_o$968.
Removed top 1 bits (of 2) from wire cv32e40p_core.$id_stage_i.decoder_i.alu_op_c_mux_sel_o$815.
Removed top 3 bits (of 7) from wire cv32e40p_core.$id_stage_i.decoder_i.alu_operator_o$1012.
Removed top 3 bits (of 7) from wire cv32e40p_core.$id_stage_i.decoder_i.alu_operator_o$794.
Removed top 2 bits (of 7) from wire cv32e40p_core.$id_stage_i.decoder_i.alu_operator_o$813.
Removed top 3 bits (of 7) from wire cv32e40p_core.$id_stage_i.decoder_i.alu_operator_o$841.
Removed top 1 bits (of 7) from wire cv32e40p_core.$id_stage_i.decoder_i.alu_operator_o$857.
Removed top 1 bits (of 7) from wire cv32e40p_core.$id_stage_i.decoder_i.alu_operator_o$859.
Removed top 2 bits (of 7) from wire cv32e40p_core.$id_stage_i.decoder_i.alu_operator_o$896.
Removed top 2 bits (of 7) from wire cv32e40p_core.$id_stage_i.decoder_i.alu_operator_o$908.
Removed top 2 bits (of 7) from wire cv32e40p_core.$id_stage_i.decoder_i.alu_operator_o$921.
Removed top 2 bits (of 7) from wire cv32e40p_core.$id_stage_i.decoder_i.alu_operator_o$941.
Removed top 3 bits (of 7) from wire cv32e40p_core.$id_stage_i.decoder_i.alu_operator_o$954.
Removed top 3 bits (of 7) from wire cv32e40p_core.$id_stage_i.decoder_i.alu_operator_o$967.
Removed top 1 bits (of 2) from wire cv32e40p_core.$id_stage_i.decoder_i.data_sign_extension_o$847.
Removed top 3 bits (of 4) from wire cv32e40p_core.$id_stage_i.decoder_i.imm_b_mux_sel_o$805.
Removed top 3 bits (of 4) from wire cv32e40p_core.$id_stage_i.decoder_i.imm_b_mux_sel_o$816.
Removed top 3 bits (of 5) from wire cv32e40p_core.$id_stage_i.int_controller_i.irq_id_ctrl_o$1611.
Removed top 2 bits (of 5) from wire cv32e40p_core.$id_stage_i.int_controller_i.irq_id_ctrl_o$1612.
Removed top 1 bits (of 5) from wire cv32e40p_core.$id_stage_i.int_controller_i.irq_id_ctrl_o$1613.
Removed top 1 bits (of 5) from wire cv32e40p_core.$id_stage_i.int_controller_i.irq_id_ctrl_o$1614.
Removed top 1 bits (of 5) from wire cv32e40p_core.$id_stage_i.int_controller_i.irq_id_ctrl_o$1615.
Removed top 1 bits (of 5) from wire cv32e40p_core.$id_stage_i.int_controller_i.irq_id_ctrl_o$1616.
Removed top 1 bits (of 5) from wire cv32e40p_core.$id_stage_i.int_controller_i.irq_id_ctrl_o$1617.
Removed top 1 bits (of 5) from wire cv32e40p_core.$id_stage_i.int_controller_i.irq_id_ctrl_o$1618.
Removed top 1 bits (of 5) from wire cv32e40p_core.$id_stage_i.int_controller_i.irq_id_ctrl_o$1619.
Removed top 1 bits (of 5) from wire cv32e40p_core.$id_stage_i.int_controller_i.irq_id_ctrl_o$1620.
Removed top 1 bits (of 5) from wire cv32e40p_core.$id_stage_i.int_controller_i.irq_id_ctrl_o$1621.
Removed top 1 bits (of 5) from wire cv32e40p_core.$id_stage_i.int_controller_i.irq_id_ctrl_o$1622.
Removed top 1 bits (of 5) from wire cv32e40p_core.$id_stage_i.int_controller_i.irq_id_ctrl_o$1623.
Removed top 1 bits (of 5) from wire cv32e40p_core.$id_stage_i.int_controller_i.irq_id_ctrl_o$1624.
Removed top 1 bits (of 5) from wire cv32e40p_core.$id_stage_i.int_controller_i.irq_id_ctrl_o$1625.
Removed top 1 bits (of 5) from wire cv32e40p_core.$id_stage_i.int_controller_i.irq_id_ctrl_o$1626.
Removed top 2 bits (of 32) from wire cv32e40p_core.$if_stage_i.compressed_decoder_i.instr_o$264.
Removed top 1 bits (of 32) from wire cv32e40p_core.$if_stage_i.compressed_decoder_i.instr_o$281.
Removed top 7 bits (of 32) from wire cv32e40p_core.$if_stage_i.compressed_decoder_i.instr_o$304.
Removed top 11 bits (of 32) from wire cv32e40p_core.$if_stage_i.compressed_decoder_i.instr_o$308.
Removed top 3 bits (of 4) from wire cv32e40p_core.$procmux$12080_CMP.
Removed top 1 bits (of 3) from wire cv32e40p_core.$procmux$12291_CMP.

4.11. Executing PEEPOPT pass (run peephole optimizers).

4.12. Executing OPT_CLEAN pass (remove unused cells and wires).
Finding unused cells or wires in module \cv32e40p_core..
Removed 0 unused cells and 97 unused wires.
<suppressed ~1 debug messages>

4.13. Executing ALUMACC pass (create $alu and $macc cells).
Extracting $alu and $macc cells in module cv32e40p_core:
  creating $macc model for $103 ($add).
  creating $macc model for $105 ($add).
  creating $macc model for $113 ($add).
  creating $macc model for $115 ($sub).
  creating $macc model for $193 ($add).
  creating $macc model for $194 ($add).
  creating $macc model for $1963 ($add).
  creating $macc model for $21 ($add).
  creating $macc model for $2187 ($add).
  creating $macc model for $2188 ($add).
  creating $macc model for $2189 ($add).
  creating $macc model for $2190 ($add).
  creating $macc model for $2191 ($add).
  creating $macc model for $2192 ($add).
  creating $macc model for $2193 ($add).
  creating $macc model for $2194 ($add).
  creating $macc model for $2195 ($add).
  creating $macc model for $2196 ($add).
  creating $macc model for $2197 ($add).
  creating $macc model for $2198 ($add).
  creating $macc model for $2199 ($add).
  creating $macc model for $2200 ($add).
  creating $macc model for $2201 ($add).
  creating $macc model for $2202 ($add).
  creating $macc model for $2203 ($add).
  creating $macc model for $2204 ($add).
  creating $macc model for $2205 ($add).
  creating $macc model for $2206 ($add).
  creating $macc model for $2207 ($add).
  creating $macc model for $2208 ($add).
  creating $macc model for $2209 ($add).
  creating $macc model for $2210 ($add).
  creating $macc model for $2211 ($add).
  creating $macc model for $2212 ($add).
  creating $macc model for $2213 ($add).
  creating $macc model for $2214 ($add).
  creating $macc model for $2215 ($add).
  creating $macc model for $2216 ($add).
  creating $macc model for $2217 ($add).
  creating $macc model for $2315 ($sub).
  creating $macc model for $2316 ($sub).
  creating $macc model for $2344 ($add).
  creating $macc model for $2360 ($neg).
  creating $macc model for $2370 ($add).
  creating $macc model for $2371 ($sub).
  creating $macc model for $2374 ($sub).
  creating $macc model for $2423 ($mul).
  creating $macc model for $2424 ($add).
  creating $macc model for $2462 ($mul).
  creating $macc model for $2463 ($add).
  creating $macc model for $2624 ($add).
  creating $macc model for $2645 ($sub).
  creating $macc model for $2646 ($add).
  creating $macc model for $2824 ($add).
  creating $macc model for $2826 ($add).
  creating $macc model for $2827 ($add).
  creating $macc model for $32 ($add).
  creating $macc model for $322 ($sub).
  creating $macc model for $33 ($add).
  creating $macc model for $382 ($add).
  creating $macc model for $383 ($add).
  creating $macc model for $384 ($add).
  creating $macc model for $62 ($sub).
  creating $macc model for $63 ($add).
  creating $macc model for $73 ($sub).
  merging $macc model for $2462 into $2463.
  merging $macc model for $2423 into $2424.
  merging $macc model for $2215 into $2217.
  merging $macc model for $2211 into $2217.
  merging $macc model for $2203 into $2217.
  merging $macc model for $2187 into $2217.
  merging $macc model for $2216 into $2217.
  merging $macc model for $2213 into $2217.
  merging $macc model for $2207 into $2217.
  merging $macc model for $2195 into $2217.
  merging $macc model for $2212 into $2217.
  merging $macc model for $2205 into $2217.
  merging $macc model for $2191 into $2217.
  merging $macc model for $2204 into $2217.
  merging $macc model for $2189 into $2217.
  merging $macc model for $2188 into $2217.
  merging $macc model for $2214 into $2217.
  merging $macc model for $2209 into $2217.
  merging $macc model for $2199 into $2217.
  merging $macc model for $2208 into $2217.
  merging $macc model for $2197 into $2217.
  merging $macc model for $2196 into $2217.
  merging $macc model for $2206 into $2217.
  merging $macc model for $2193 into $2217.
  merging $macc model for $2192 into $2217.
  merging $macc model for $2190 into $2217.
  merging $macc model for $2210 into $2217.
  merging $macc model for $2201 into $2217.
  merging $macc model for $2200 into $2217.
  merging $macc model for $2198 into $2217.
  merging $macc model for $2194 into $2217.
  merging $macc model for $2202 into $2217.
  creating $alu model for $macc $382.
  creating $alu model for $macc $2624.
  creating $alu model for $macc $2646.
  creating $alu model for $macc $2344.
  creating $alu model for $macc $2827.
  creating $alu model for $macc $2371.
  creating $alu model for $macc $2316.
  creating $alu model for $macc $2315.
  creating $alu model for $macc $73.
  creating $alu model for $macc $383.
  creating $alu model for $macc $384.
  creating $alu model for $macc $2645.
  creating $alu model for $macc $62.
  creating $alu model for $macc $2824.
  creating $alu model for $macc $2826.
  creating $alu model for $macc $2360.
  creating $alu model for $macc $63.
  creating $alu model for $macc $32.
  creating $alu model for $macc $322.
  creating $alu model for $macc $2374.
  creating $alu model for $macc $33.
  creating $alu model for $macc $2370.
  creating $alu model for $macc $21.
  creating $alu model for $macc $1963.
  creating $alu model for $macc $194.
  creating $alu model for $macc $193.
  creating $alu model for $macc $115.
  creating $alu model for $macc $113.
  creating $alu model for $macc $105.
  creating $alu model for $macc $103.
  creating $macc cell for $2217: $auto$alumacc.cc:382:replace_macc$20092
  creating $macc cell for $2424: $auto$alumacc.cc:382:replace_macc$20093
  creating $macc cell for $2463: $auto$alumacc.cc:382:replace_macc$20094
  creating $alu model for $2053 ($gt): new $alu
  creating $alu model for $2057 ($gt): new $alu
  creating $alu model for $2061 ($gt): new $alu
  creating $alu model for $2065 ($gt): new $alu
  creating $alu model for $2363 ($gt): new $alu
  creating $alu model for $2629 ($lt): new $alu
  creating $alu model for $2662 ($lt): new $alu
  creating $alu model for $28 ($gt): new $alu
  creating $alu model for $2859 ($ge): new $alu
  creating $alu model for $34 ($lt): new $alu
  creating $alu model for $429 ($lt): new $alu
  creating $alu model for $432 ($lt): new $alu
  creating $alu model for $67 ($gt): new $alu
  creating $alu model for $90 ($lt): new $alu
  creating $alu model for $95 ($lt): new $alu
  creating $alu model for $96 ($ge): new $alu
  creating $alu model for $979 ($gt): new $alu
  creating $alu model for $2362 ($eq): merged with $2363.
  creating $alu model for $2636 ($eq): merged with $2645.
  creating $alu cell for $979: $auto$alumacc.cc:512:replace_alu$20112
  creating $alu cell for $96: $auto$alumacc.cc:512:replace_alu$20123
  creating $alu cell for $95: $auto$alumacc.cc:512:replace_alu$20136
  creating $alu cell for $90: $auto$alumacc.cc:512:replace_alu$20141
  creating $alu cell for $67: $auto$alumacc.cc:512:replace_alu$20146
  creating $alu cell for $432: $auto$alumacc.cc:512:replace_alu$20157
  creating $alu cell for $429: $auto$alumacc.cc:512:replace_alu$20162
  creating $alu cell for $34: $auto$alumacc.cc:512:replace_alu$20167
  creating $alu cell for $2859: $auto$alumacc.cc:512:replace_alu$20172
  creating $alu cell for $28: $auto$alumacc.cc:512:replace_alu$20185
  creating $alu cell for $2662: $auto$alumacc.cc:512:replace_alu$20196
  creating $alu cell for $2629: $auto$alumacc.cc:512:replace_alu$20201
  creating $alu cell for $2363, $2362: $auto$alumacc.cc:512:replace_alu$20206
  creating $alu cell for $2065: $auto$alumacc.cc:512:replace_alu$20217
  creating $alu cell for $2061: $auto$alumacc.cc:512:replace_alu$20230
  creating $alu cell for $2057: $auto$alumacc.cc:512:replace_alu$20243
  creating $alu cell for $2053: $auto$alumacc.cc:512:replace_alu$20256
  creating $alu cell for $103: $auto$alumacc.cc:512:replace_alu$20269
  creating $alu cell for $105: $auto$alumacc.cc:512:replace_alu$20272
  creating $alu cell for $113: $auto$alumacc.cc:512:replace_alu$20275
  creating $alu cell for $115: $auto$alumacc.cc:512:replace_alu$20278
  creating $alu cell for $193: $auto$alumacc.cc:512:replace_alu$20281
  creating $alu cell for $194: $auto$alumacc.cc:512:replace_alu$20284
  creating $alu cell for $1963: $auto$alumacc.cc:512:replace_alu$20287
  creating $alu cell for $21: $auto$alumacc.cc:512:replace_alu$20290
  creating $alu cell for $2370: $auto$alumacc.cc:512:replace_alu$20293
  creating $alu cell for $33: $auto$alumacc.cc:512:replace_alu$20296
  creating $alu cell for $2374: $auto$alumacc.cc:512:replace_alu$20299
  creating $alu cell for $322: $auto$alumacc.cc:512:replace_alu$20302
  creating $alu cell for $32: $auto$alumacc.cc:512:replace_alu$20305
  creating $alu cell for $63: $auto$alumacc.cc:512:replace_alu$20308
  creating $alu cell for $2360: $auto$alumacc.cc:512:replace_alu$20311
  creating $alu cell for $2826: $auto$alumacc.cc:512:replace_alu$20314
  creating $alu cell for $2824: $auto$alumacc.cc:512:replace_alu$20317
  creating $alu cell for $62: $auto$alumacc.cc:512:replace_alu$20320
  creating $alu cell for $2645, $2636: $auto$alumacc.cc:512:replace_alu$20323
  creating $alu cell for $384: $auto$alumacc.cc:512:replace_alu$20328
  creating $alu cell for $383: $auto$alumacc.cc:512:replace_alu$20331
  creating $alu cell for $73: $auto$alumacc.cc:512:replace_alu$20334
  creating $alu cell for $2315: $auto$alumacc.cc:512:replace_alu$20337
  creating $alu cell for $2316: $auto$alumacc.cc:512:replace_alu$20340
  creating $alu cell for $2371: $auto$alumacc.cc:512:replace_alu$20343
  creating $alu cell for $2827: $auto$alumacc.cc:512:replace_alu$20346
  creating $alu cell for $2344: $auto$alumacc.cc:512:replace_alu$20349
  creating $alu cell for $2646: $auto$alumacc.cc:512:replace_alu$20352
  creating $alu cell for $2624: $auto$alumacc.cc:512:replace_alu$20355
  creating $alu cell for $382: $auto$alumacc.cc:512:replace_alu$20358
  created 47 $alu and 3 $macc cells.

4.14. Executing SHARE pass (SAT-based resource sharing).
Found 5 cells in module cv32e40p_core that may be considered for resource sharing.
  Analyzing resource sharing options for $321 ($shl):
    Found 1 activation_patterns using ctrl signal { $procmux$17010_CMP $procmux$17005_CMP }.
    No candidates found.
  Analyzing resource sharing options for $2462 ($mul):
    Found cell that is never activated: $2462
    Cell is never active. Sharing is pointless, we simply remove it.
  Analyzing resource sharing options for $2428 ($sshr):
    Found 42 activation_patterns using ctrl signal { $procmux$17033_CMP $procmux$17032_CMP $procmux$17031_CMP $procmux$17030_CMP $procmux$17024_CMP $procmux$17007_CMP $procmux$17006_CMP $procmux$17005_CMP $procmux$17004_CMP $procmux$16995_CMP $procmux$16990_CMP $procmux$16989_CMP $procmux$16983_CMP $procmux$390_CTRL \ex_stage_i.mult_i.multicycle_o \id_stage_i.controller_i.data_misaligned_i \id_stage_i.register_file_i.we_b_dec [31:1] \id_stage_i.prepost_useincr_ex_o \id_stage_i.csr_access_ex_o \id_stage_i.mult_en_ex_o \id_stage_i.ex_ready_i }.
    No candidates found.
  Analyzing resource sharing options for $2423 ($mul):
    Found cell that is never activated: $2423
    Cell is never active. Sharing is pointless, we simply remove it.
  Analyzing resource sharing options for $2040 ($shr):
    Found 169 activation_patterns using ctrl signal { $procmux$17033_CMP $procmux$17032_CMP $procmux$17031_CMP $procmux$17030_CMP $procmux$17024_CMP $procmux$17007_CMP $procmux$17006_CMP $procmux$17005_CMP $procmux$17004_CMP $procmux$16995_CMP $procmux$16990_CMP $procmux$16989_CMP $procmux$16983_CMP $procmux$486_CTRL $procmux$485_CTRL $1991y $1977y \ex_stage_i.mult_i.multicycle_o \ex_stage_i.alu_i.gen_div.alu_div_i.LoadEn_S \id_stage_i.controller_i.data_misaligned_i \id_stage_i.register_file_i.we_b_dec [31:1] \id_stage_i.prepost_useincr_ex_o \id_stage_i.csr_access_ex_o \id_stage_i.mult_en_ex_o \id_stage_i.alu_en_ex_o \id_stage_i.ex_ready_i }.
    No candidates found.
Removing 2 cells in module cv32e40p_core:
  Removing cell $2423 ($mul).
  Removing cell $2462 ($mul).

4.15. Executing OPT pass (performing simple optimizations).

4.15.1. Executing OPT_EXPR pass (perform const folding).
Optimizing module cv32e40p_core.
<suppressed ~38 debug messages>

4.15.2. Executing OPT_MERGE pass (detect identical cells).
Finding identical cells in module `\cv32e40p_core'.
Removed a total of 0 cells.

4.15.3. Executing OPT_MUXTREE pass (detect dead branches in mux trees).
Running muxtree optimizer on module \cv32e40p_core..
  Creating internal representation of mux trees.
  Evaluating internal representation of mux trees.
  Analyzing evaluation results.
    dead port 1/3 on $pmux $procmux$16981.
    dead port 1/11 on $pmux $procmux$17009.
    dead port 2/11 on $pmux $procmux$17009.
    dead port 3/11 on $pmux $procmux$17009.
    dead port 4/11 on $pmux $procmux$17009.
    dead port 5/11 on $pmux $procmux$17009.
    dead port 6/11 on $pmux $procmux$17009.
    dead port 7/11 on $pmux $procmux$17009.
    dead port 3/5 on $pmux $procmux$17029.
Removed 9 multiplexer ports.
<suppressed ~6644 debug messages>

4.15.4. Executing OPT_REDUCE pass (consolidate $*mux and $reduce_* inputs).
  Optimizing cells in module \cv32e40p_core.
Performed a total of 0 changes.

4.15.5. Executing OPT_MERGE pass (detect identical cells).
Finding identical cells in module `\cv32e40p_core'.
<suppressed ~12 debug messages>
Removed a total of 4 cells.

4.15.6. Executing OPT_DFF pass (perform DFF optimizations).
Setting constant 0-bit at position 5 on $auto$ff.cc:337:slice$19561 ($adffe) from module cv32e40p_core.
Setting constant 0-bit at position 1 on $auto$ff.cc:337:slice$19651 ($adffe) from module cv32e40p_core.

4.15.7. Executing OPT_CLEAN pass (remove unused cells and wires).
Finding unused cells or wires in module \cv32e40p_core..
Removed 42 unused cells and 80 unused wires.
<suppressed ~52 debug messages>

4.15.8. Executing OPT_EXPR pass (perform const folding).
Optimizing module cv32e40p_core.

4.15.9. Rerunning OPT passes. (Maybe there is more to do..)

4.15.10. Executing OPT_MUXTREE pass (detect dead branches in mux trees).
Running muxtree optimizer on module \cv32e40p_core..
  Creating internal representation of mux trees.
  Evaluating internal representation of mux trees.
  Analyzing evaluation results.
Removed 0 multiplexer ports.
<suppressed ~6648 debug messages>

4.15.11. Executing OPT_REDUCE pass (consolidate $*mux and $reduce_* inputs).
  Optimizing cells in module \cv32e40p_core.
Performed a total of 0 changes.

4.15.12. Executing OPT_MERGE pass (detect identical cells).
Finding identical cells in module `\cv32e40p_core'.
Removed a total of 0 cells.

4.15.13. Executing OPT_DFF pass (perform DFF optimizations).
Setting constant 0-bit at position 1 on $auto$ff.cc:337:slice$19391 ($adffe) from module cv32e40p_core.

4.15.14. Executing OPT_CLEAN pass (remove unused cells and wires).
Finding unused cells or wires in module \cv32e40p_core..

4.15.15. Executing OPT_EXPR pass (perform const folding).
Optimizing module cv32e40p_core.
<suppressed ~9 debug messages>

4.15.16. Rerunning OPT passes. (Maybe there is more to do..)

4.15.17. Executing OPT_MUXTREE pass (detect dead branches in mux trees).
Running muxtree optimizer on module \cv32e40p_core..
  Creating internal representation of mux trees.
  Evaluating internal representation of mux trees.
  Analyzing evaluation results.
Removed 0 multiplexer ports.
<suppressed ~6304 debug messages>

4.15.18. Executing OPT_REDUCE pass (consolidate $*mux and $reduce_* inputs).
  Optimizing cells in module \cv32e40p_core.
Performed a total of 0 changes.

4.15.19. Executing OPT_MERGE pass (detect identical cells).
Finding identical cells in module `\cv32e40p_core'.
Removed a total of 0 cells.

4.15.20. Executing OPT_DFF pass (perform DFF optimizations).

4.15.21. Executing OPT_CLEAN pass (remove unused cells and wires).
Finding unused cells or wires in module \cv32e40p_core..
Removed 0 unused cells and 9 unused wires.
<suppressed ~1 debug messages>

4.15.22. Executing OPT_EXPR pass (perform const folding).
Optimizing module cv32e40p_core.

4.15.23. Rerunning OPT passes. (Maybe there is more to do..)

4.15.24. Executing OPT_MUXTREE pass (detect dead branches in mux trees).
Running muxtree optimizer on module \cv32e40p_core..
  Creating internal representation of mux trees.
  Evaluating internal representation of mux trees.
  Analyzing evaluation results.
Removed 0 multiplexer ports.
<suppressed ~6304 debug messages>

4.15.25. Executing OPT_REDUCE pass (consolidate $*mux and $reduce_* inputs).
  Optimizing cells in module \cv32e40p_core.
Performed a total of 0 changes.

4.15.26. Executing OPT_MERGE pass (detect identical cells).
Finding identical cells in module `\cv32e40p_core'.
Removed a total of 0 cells.

4.15.27. Executing OPT_DFF pass (perform DFF optimizations).

4.15.28. Executing OPT_CLEAN pass (remove unused cells and wires).
Finding unused cells or wires in module \cv32e40p_core..

4.15.29. Executing OPT_EXPR pass (perform const folding).
Optimizing module cv32e40p_core.

4.15.30. Finished fast OPT passes. (There is nothing left to do.)

4.16. Executing MEMORY pass.

4.16.1. Executing OPT_MEM pass (optimize memories).
Performed a total of 0 transformations.

4.16.2. Executing OPT_MEM_PRIORITY pass (removing unnecessary memory write priority relations).
Performed a total of 0 transformations.

4.16.3. Executing OPT_MEM_FEEDBACK pass (finding memory read-to-write feedback paths).

4.16.4. Executing MEMORY_BMUX2ROM pass (converting muxes to ROMs).

4.16.5. Executing MEMORY_DFF pass (merging $dff cells to $memrd).

4.16.6. Executing OPT_CLEAN pass (remove unused cells and wires).
Finding unused cells or wires in module \cv32e40p_core..

4.16.7. Executing MEMORY_SHARE pass (consolidating $memrd/$memwr cells).

4.16.8. Executing OPT_MEM_WIDEN pass (optimize memories where all ports are wide).
Performed a total of 0 transformations.

4.16.9. Executing OPT_CLEAN pass (remove unused cells and wires).
Finding unused cells or wires in module \cv32e40p_core..

4.16.10. Executing MEMORY_COLLECT pass (generating $mem cells).

4.17. Executing OPT_CLEAN pass (remove unused cells and wires).
Finding unused cells or wires in module \cv32e40p_core..

4.18. Executing OPT pass (performing simple optimizations).

4.18.1. Executing OPT_EXPR pass (perform const folding).
Optimizing module cv32e40p_core.
<suppressed ~488 debug messages>

4.18.2. Executing OPT_MERGE pass (detect identical cells).
Finding identical cells in module `\cv32e40p_core'.
<suppressed ~41 debug messages>
Removed a total of 11 cells.

4.18.3. Executing OPT_DFF pass (perform DFF optimizations).
Adding EN signal on $auto$ff.cc:337:slice$19434 ($adffe) from module cv32e40p_core (D = \if_stage_i.aligner_i.pc_n [1], Q = \if_stage_i.aligner_i.pc_q [1]).
Adding EN signal on $auto$ff.cc:337:slice$19434 ($adffe) from module cv32e40p_core (D = \if_stage_i.aligner_i.pc_n [0], Q = \if_stage_i.aligner_i.pc_q [0]).
Setting constant 0-bit at position 0 on $auto$ff.cc:337:slice$19424 ($adffe) from module cv32e40p_core.
Setting constant 0-bit at position 0 on $auto$ff.cc:337:slice$19764 ($adffe) from module cv32e40p_core.

4.18.4. Executing OPT_CLEAN pass (remove unused cells and wires).
Finding unused cells or wires in module \cv32e40p_core..
Removed 28 unused cells and 202 unused wires.
<suppressed ~29 debug messages>

4.18.5. Rerunning OPT passes. (Removed registers in this run.)

4.18.6. Executing OPT_EXPR pass (perform const folding).
Optimizing module cv32e40p_core.
<suppressed ~43 debug messages>

4.18.7. Executing OPT_MERGE pass (detect identical cells).
Finding identical cells in module `\cv32e40p_core'.
<suppressed ~3 debug messages>
Removed a total of 1 cells.

4.18.8. Executing OPT_DFF pass (perform DFF optimizations).

4.18.9. Executing OPT_CLEAN pass (remove unused cells and wires).
Finding unused cells or wires in module \cv32e40p_core..
Removed 0 unused cells and 24 unused wires.
<suppressed ~1 debug messages>

4.18.10. Finished fast OPT passes.

4.19. Executing MEMORY_MAP pass (converting memories to logic and flip-flops).

4.20. Executing OPT pass (performing simple optimizations).

4.20.1. Executing OPT_EXPR pass (perform const folding).
Optimizing module cv32e40p_core.

4.20.2. Executing OPT_MERGE pass (detect identical cells).
Finding identical cells in module `\cv32e40p_core'.
Removed a total of 0 cells.

4.20.3. Executing OPT_MUXTREE pass (detect dead branches in mux trees).
Running muxtree optimizer on module \cv32e40p_core..
  Creating internal representation of mux trees.
  Evaluating internal representation of mux trees.
  Analyzing evaluation results.
Removed 0 multiplexer ports.
<suppressed ~5753 debug messages>

4.20.4. Executing OPT_REDUCE pass (consolidate $*mux and $reduce_* inputs).
  Optimizing cells in module \cv32e40p_core.
    New input vector for $reduce_and cell $auto$opt_dff.cc:273:make_patterns_logic$20448: { \if_stage_i.aligner_i.update_state \if_stage_i.branch_req $auto$opt_dff.cc:247:make_patterns_logic$19435 $auto$opt_dff.cc:247:make_patterns_logic$19437 }
    New input vector for $reduce_and cell $auto$opt_dff.cc:273:make_patterns_logic$20443: { \if_stage_i.aligner_i.update_state $auto$opt_dff.cc:247:make_patterns_logic$19435 $auto$opt_dff.cc:247:make_patterns_logic$19437 $auto$opt_dff.cc:247:make_patterns_logic$20438 $auto$opt_dff.cc:247:make_patterns_logic$20440 }
    Consolidated identical input bits for $mux cell $1362:
      Old ports: A=2'00, B=2'11, Y=$1362y
      New ports: A=1'0, B=1'1, Y=$1362y [0]
      New connections: $1362y [1] = $1362y [0]
    Consolidated identical input bits for $mux cell $1432:
      Old ports: A=2'10, B=2'00, Y=$1432y
      New ports: A=1'1, B=1'0, Y=$1432y [1]
      New connections: $1432y [0] = 1'0
    Consolidated identical input bits for $mux cell $2026:
      Old ports: A={ $2025y $2025y $2025y $2025y $2025y $2025y $2025y $2025y $2025y $2025y $2025y $2025y $2025y $2025y $2025y $2025y $2025y $2025y $2025y $2025y $2025y $2025y $2025y $2025y $2025y $2025y $2025y $2025y $2025y $2025y $2025y $2025y \ex_stage_i.alu_i.shift_op_a }, B={ \ex_stage_i.alu_i.shift_op_a \ex_stage_i.alu_i.shift_op_a }, Y=\ex_stage_i.alu_i.shift_op_a_32
      New ports: A={ $2025y $2025y $2025y $2025y $2025y $2025y $2025y $2025y $2025y $2025y $2025y $2025y $2025y $2025y $2025y $2025y $2025y $2025y $2025y $2025y $2025y $2025y $2025y $2025y $2025y $2025y $2025y $2025y $2025y $2025y $2025y $2025y }, B=\ex_stage_i.alu_i.shift_op_a, Y=\ex_stage_i.alu_i.shift_op_a_32 [63:32]
      New connections: \ex_stage_i.alu_i.shift_op_a_32 [31:0] = \ex_stage_i.alu_i.shift_op_a
    Consolidated identical input bits for $mux cell $2244:
      Old ports: A={ 4'0001 \ex_stage_i.alu_i.ff_one_i.index_nodes [80] }, B={ 4'0000 \ex_stage_i.alu_i.ff_one_i.index_nodes [75] }, Y=\ex_stage_i.alu_i.ff_one_i.index_nodes [39:35]
      New ports: A={ 1'1 \ex_stage_i.alu_i.ff_one_i.index_nodes [80] }, B={ 1'0 \ex_stage_i.alu_i.ff_one_i.index_nodes [75] }, Y=\ex_stage_i.alu_i.ff_one_i.index_nodes [36:35]
      New connections: \ex_stage_i.alu_i.ff_one_i.index_nodes [39:37] = 3'000
    Consolidated identical input bits for $mux cell $2247:
      Old ports: A={ 4'0011 \ex_stage_i.alu_i.ff_one_i.index_nodes [90] }, B={ 4'0010 \ex_stage_i.alu_i.ff_one_i.index_nodes [85] }, Y=\ex_stage_i.alu_i.ff_one_i.index_nodes [44:40]
      New ports: A={ 1'1 \ex_stage_i.alu_i.ff_one_i.index_nodes [90] }, B={ 1'0 \ex_stage_i.alu_i.ff_one_i.index_nodes [85] }, Y=\ex_stage_i.alu_i.ff_one_i.index_nodes [41:40]
      New connections: \ex_stage_i.alu_i.ff_one_i.index_nodes [44:42] = 3'001
    Consolidated identical input bits for $mux cell $2250:
      Old ports: A={ 4'0101 \ex_stage_i.alu_i.ff_one_i.index_nodes [100] }, B={ 4'0100 \ex_stage_i.alu_i.ff_one_i.index_nodes [95] }, Y=\ex_stage_i.alu_i.ff_one_i.index_nodes [49:45]
      New ports: A={ 1'1 \ex_stage_i.alu_i.ff_one_i.index_nodes [100] }, B={ 1'0 \ex_stage_i.alu_i.ff_one_i.index_nodes [95] }, Y=\ex_stage_i.alu_i.ff_one_i.index_nodes [46:45]
      New connections: \ex_stage_i.alu_i.ff_one_i.index_nodes [49:47] = 3'010
    Consolidated identical input bits for $mux cell $2253:
      Old ports: A={ 4'0111 \ex_stage_i.alu_i.ff_one_i.index_nodes [110] }, B={ 4'0110 \ex_stage_i.alu_i.ff_one_i.index_nodes [105] }, Y=\ex_stage_i.alu_i.ff_one_i.index_nodes [54:50]
      New ports: A={ 1'1 \ex_stage_i.alu_i.ff_one_i.index_nodes [110] }, B={ 1'0 \ex_stage_i.alu_i.ff_one_i.index_nodes [105] }, Y=\ex_stage_i.alu_i.ff_one_i.index_nodes [51:50]
      New connections: \ex_stage_i.alu_i.ff_one_i.index_nodes [54:52] = 3'011
    Consolidated identical input bits for $mux cell $2256:
      Old ports: A={ 4'1001 \ex_stage_i.alu_i.ff_one_i.index_nodes [120] }, B={ 4'1000 \ex_stage_i.alu_i.ff_one_i.index_nodes [115] }, Y=\ex_stage_i.alu_i.ff_one_i.index_nodes [59:55]
      New ports: A={ 1'1 \ex_stage_i.alu_i.ff_one_i.index_nodes [120] }, B={ 1'0 \ex_stage_i.alu_i.ff_one_i.index_nodes [115] }, Y=\ex_stage_i.alu_i.ff_one_i.index_nodes [56:55]
      New connections: \ex_stage_i.alu_i.ff_one_i.index_nodes [59:57] = 3'100
    Consolidated identical input bits for $mux cell $2259:
      Old ports: A={ 4'1011 \ex_stage_i.alu_i.ff_one_i.index_nodes [130] }, B={ 4'1010 \ex_stage_i.alu_i.ff_one_i.index_nodes [125] }, Y=\ex_stage_i.alu_i.ff_one_i.index_nodes [64:60]
      New ports: A={ 1'1 \ex_stage_i.alu_i.ff_one_i.index_nodes [130] }, B={ 1'0 \ex_stage_i.alu_i.ff_one_i.index_nodes [125] }, Y=\ex_stage_i.alu_i.ff_one_i.index_nodes [61:60]
      New connections: \ex_stage_i.alu_i.ff_one_i.index_nodes [64:62] = 3'101
    Consolidated identical input bits for $mux cell $2262:
      Old ports: A={ 4'1101 \ex_stage_i.alu_i.ff_one_i.index_nodes [140] }, B={ 4'1100 \ex_stage_i.alu_i.ff_one_i.index_nodes [135] }, Y=\ex_stage_i.alu_i.ff_one_i.index_nodes [69:65]
      New ports: A={ 1'1 \ex_stage_i.alu_i.ff_one_i.index_nodes [140] }, B={ 1'0 \ex_stage_i.alu_i.ff_one_i.index_nodes [135] }, Y=\ex_stage_i.alu_i.ff_one_i.index_nodes [66:65]
      New connections: \ex_stage_i.alu_i.ff_one_i.index_nodes [69:67] = 3'110
    Consolidated identical input bits for $mux cell $2265:
      Old ports: A={ 4'1111 \ex_stage_i.alu_i.ff_one_i.index_nodes [150] }, B={ 4'1110 \ex_stage_i.alu_i.ff_one_i.index_nodes [145] }, Y=\ex_stage_i.alu_i.ff_one_i.index_nodes [74:70]
      New ports: A={ 1'1 \ex_stage_i.alu_i.ff_one_i.index_nodes [150] }, B={ 1'0 \ex_stage_i.alu_i.ff_one_i.index_nodes [145] }, Y=\ex_stage_i.alu_i.ff_one_i.index_nodes [71:70]
      New connections: \ex_stage_i.alu_i.ff_one_i.index_nodes [74:72] = 3'111
    Consolidated identical input bits for $mux cell $2422:
      Old ports: A={ \ex_stage_i.mult_i.mulh_carry_q \id_stage_i.mult_operand_c_ex_o }, B={ \id_stage_i.mult_operand_c_ex_o [31] \id_stage_i.mult_operand_c_ex_o }, Y=\ex_stage_i.mult_i.short_op_c
      New ports: A=\ex_stage_i.mult_i.mulh_carry_q, B=\id_stage_i.mult_operand_c_ex_o [31], Y=\ex_stage_i.mult_i.short_op_c [32]
      New connections: \ex_stage_i.mult_i.short_op_c [31:0] = \id_stage_i.mult_operand_c_ex_o
    Consolidated identical input bits for $bmux cell $2669:
      Old ports: A={ 912'000000000000000000000000000000000000000000000000000000000000000000000000000000000000000000000000000000000000000000000000000000000000000000000000000000000000000000000000000000000000000000000000000000000000000000000000000000000000000000000000000000000000000000000000000000000000000000000000000000000000000000000000000000000000000000000000000000000000000000000000000000000000000000000000000000000000000000000000000000000000000000000000000000000000000000000000000000000000000000000000000000000000000000000000000000000000000000000000000000000000000000000000000000000000000000000000000000000000000000000000000000000000000000000000000000000000000000000000000000000000000000000000000000000000000000000000000000000000000000000000000000000000000000000000000000000000000000000000000000000000000000000000000000000000000000000000000000000000000000000000000000000000000000000000000000000000000000000000000000000000000000000000 \cs_registers_i.mhpmevent_q [111:96] 96'000000000000000000000000000000000000000000000000000000000000000000000000000000000000000000000000 }, Y=$2669y
      New ports: A={ 448'0000000000000000000000000000000000000000000000000000000000000000000000000000000000000000000000000000000000000000000000000000000000000000000000000000000000000000000000000000000000000000000000000000000000000000000000000000000000000000000000000000000000000000000000000000000000000000000000000000000000000000000000000000000000000000000000000000000000000000000000000000000000000000000000000000000000000000000000000000000000000000000000000000000000000000 \cs_registers_i.mhpmevent_q [111:96] 48'000000000000000000000000000000000000000000000000 }, Y=$2669y [15:0]
      New connections: $2669y [31:16] = 16'0000000000000000
    Consolidated identical input bits for $mux cell $2861:
      Old ports: A=32'11111111111111111111111111111111, B=0, Y=$2861y
      New ports: A=1'1, B=1'0, Y=$2861y [0]
      New connections: $2861y [31:1] = { $2861y [0] $2861y [0] $2861y [0] $2861y [0] $2861y [0] $2861y [0] $2861y [0] $2861y [0] $2861y [0] $2861y [0] $2861y [0] $2861y [0] $2861y [0] $2861y [0] $2861y [0] $2861y [0] $2861y [0] $2861y [0] $2861y [0] $2861y [0] $2861y [0] $2861y [0] $2861y [0] $2861y [0] $2861y [0] $2861y [0] $2861y [0] $2861y [0] $2861y [0] $2861y [0] $2861y [0] }
    Consolidated identical input bits for $mux cell $394:
      Old ports: A=3'100, B=3'010, Y=$394y
      New ports: A=2'10, B=2'01, Y=$394y [2:1]
      New connections: $394y [0] = 1'0
    Consolidated identical input bits for $mux cell $46:
      Old ports: A={ \if_stage_i.prefetch_buffer_i.prefetch_controller_i.trans_addr_q [31:2] 2'x }, B={ \if_stage_i.branch_addr_n [31:2] 2'00 }, Y=$46y
      New ports: A={ \if_stage_i.prefetch_buffer_i.prefetch_controller_i.trans_addr_q [31:2] 1'x }, B={ \if_stage_i.branch_addr_n [31:2] 1'0 }, Y={ $46y [31:2] $46y [0] }
      New connections: $46y [1] = $46y [0]
    Consolidated identical input bits for $mux cell $974:
      Old ports: A=2'10, B=2'00, Y=$974y
      New ports: A=1'1, B=1'0, Y=$974y [1]
      New connections: $974y [0] = 1'0
    Consolidated identical input bits for $mux cell $976:
      Old ports: A=2'11, B=2'00, Y=$976y
      New ports: A=1'1, B=1'0, Y=$976y [0]
      New connections: $976y [1] = $976y [0]
    Consolidated identical input bits for $mux cell $procmux$11434:
      Old ports: A=3'000, B=3'100, Y=$auto$wreduce.cc:514:run$20030 [2:0]
      New ports: A=1'0, B=1'1, Y=$auto$wreduce.cc:514:run$20030 [2]
      New connections: $auto$wreduce.cc:514:run$20030 [1:0] = 2'00
    New ctrl vector for $pmux cell $procmux$11616: \id_stage_i.controller_i.ctrl_fsm_cs [3]
    New ctrl vector for $pmux cell $procmux$11847: { \id_stage_i.controller_i.ctrl_fsm_cs [2] \id_stage_i.controller_i.ctrl_fsm_cs [3] }
    New ctrl vector for $pmux cell $procmux$11874: { \id_stage_i.controller_i.ctrl_fsm_cs [2] \id_stage_i.controller_i.ctrl_fsm_cs [9] }
    Consolidated identical input bits for $mux cell $procmux$121:
      Old ports: A={ 24'000000000000000000000000 \data_rdata_i [31:24] }, B={ \data_rdata_i [31] \data_rdata_i [31] \data_rdata_i [31] \data_rdata_i [31] \data_rdata_i [31] \data_rdata_i [31] \data_rdata_i [31] \data_rdata_i [31] \data_rdata_i [31] \data_rdata_i [31] \data_rdata_i [31] \data_rdata_i [31] \data_rdata_i [31] \data_rdata_i [31] \data_rdata_i [31] \data_rdata_i [31] \data_rdata_i [31] \data_rdata_i [31] \data_rdata_i [31] \data_rdata_i [31] \data_rdata_i [31] \data_rdata_i [31] \data_rdata_i [31] \data_rdata_i [31] \data_rdata_i [31:24] }, Y=$load_store_unit_i.rdata_b_ext$2593
      New ports: A=1'0, B=\data_rdata_i [31], Y=$load_store_unit_i.rdata_b_ext$2593 [8]
      New connections: { $load_store_unit_i.rdata_b_ext$2593 [31:9] $load_store_unit_i.rdata_b_ext$2593 [7:0] } = { $load_store_unit_i.rdata_b_ext$2593 [8] $load_store_unit_i.rdata_b_ext$2593 [8] $load_store_unit_i.rdata_b_ext$2593 [8] $load_store_unit_i.rdata_b_ext$2593 [8] $load_store_unit_i.rdata_b_ext$2593 [8] $load_store_unit_i.rdata_b_ext$2593 [8] $load_store_unit_i.rdata_b_ext$2593 [8] $load_store_unit_i.rdata_b_ext$2593 [8] $load_store_unit_i.rdata_b_ext$2593 [8] $load_store_unit_i.rdata_b_ext$2593 [8] $load_store_unit_i.rdata_b_ext$2593 [8] $load_store_unit_i.rdata_b_ext$2593 [8] $load_store_unit_i.rdata_b_ext$2593 [8] $load_store_unit_i.rdata_b_ext$2593 [8] $load_store_unit_i.rdata_b_ext$2593 [8] $load_store_unit_i.rdata_b_ext$2593 [8] $load_store_unit_i.rdata_b_ext$2593 [8] $load_store_unit_i.rdata_b_ext$2593 [8] $load_store_unit_i.rdata_b_ext$2593 [8] $load_store_unit_i.rdata_b_ext$2593 [8] $load_store_unit_i.rdata_b_ext$2593 [8] $load_store_unit_i.rdata_b_ext$2593 [8] $load_store_unit_i.rdata_b_ext$2593 [8] \data_rdata_i [31:24] }
    Consolidated identical input bits for $mux cell $procmux$12381:
      Old ports: A=2'00, B=2'10, Y=$auto$wreduce.cc:514:run$20047 [1:0]
      New ports: A=1'0, B=1'1, Y=$auto$wreduce.cc:514:run$20047 [1]
      New connections: $auto$wreduce.cc:514:run$20047 [0] = 1'0
    Consolidated identical input bits for $mux cell $procmux$12412:
      Old ports: A=3'010, B={ 1'0 $auto$wreduce.cc:514:run$20053 [1:0] }, Y=$id_stage_i.decoder_i.alu_op_b_mux_sel_o$1014
      New ports: A=2'10, B=$auto$wreduce.cc:514:run$20053 [1:0], Y=$id_stage_i.decoder_i.alu_op_b_mux_sel_o$1014 [1:0]
      New connections: $id_stage_i.decoder_i.alu_op_b_mux_sel_o$1014 [2] = 1'0
    Consolidated identical input bits for $mux cell $procmux$12455:
      Old ports: A=2'00, B=2'10, Y=$auto$wreduce.cc:514:run$20051 [1:0]
      New ports: A=1'0, B=1'1, Y=$auto$wreduce.cc:514:run$20051 [1]
      New connections: $auto$wreduce.cc:514:run$20051 [0] = 1'0
    Consolidated identical input bits for $mux cell $procmux$12470:
      Old ports: A=5'00011, B=5'11000, Y=$auto$wreduce.cc:514:run$20064 [4:0]
      New ports: A=2'01, B=2'10, Y={ $auto$wreduce.cc:514:run$20064 [3] $auto$wreduce.cc:514:run$20064 [0] }
      New connections: { $auto$wreduce.cc:514:run$20064 [4] $auto$wreduce.cc:514:run$20064 [2:1] } = { $auto$wreduce.cc:514:run$20064 [3] 1'0 $auto$wreduce.cc:514:run$20064 [0] }
    Consolidated identical input bits for $mux cell $procmux$137:
      Old ports: A={ 24'000000000000000000000000 \data_rdata_i [23:16] }, B={ \data_rdata_i [23] \data_rdata_i [23] \data_rdata_i [23] \data_rdata_i [23] \data_rdata_i [23] \data_rdata_i [23] \data_rdata_i [23] \data_rdata_i [23] \data_rdata_i [23] \data_rdata_i [23] \data_rdata_i [23] \data_rdata_i [23] \data_rdata_i [23] \data_rdata_i [23] \data_rdata_i [23] \data_rdata_i [23] \data_rdata_i [23] \data_rdata_i [23] \data_rdata_i [23] \data_rdata_i [23] \data_rdata_i [23] \data_rdata_i [23] \data_rdata_i [23] \data_rdata_i [23] \data_rdata_i [23:16] }, Y=$load_store_unit_i.rdata_b_ext$2589
      New ports: A=1'0, B=\data_rdata_i [23], Y=$load_store_unit_i.rdata_b_ext$2589 [8]
      New connections: { $load_store_unit_i.rdata_b_ext$2589 [31:9] $load_store_unit_i.rdata_b_ext$2589 [7:0] } = { $load_store_unit_i.rdata_b_ext$2589 [8] $load_store_unit_i.rdata_b_ext$2589 [8] $load_store_unit_i.rdata_b_ext$2589 [8] $load_store_unit_i.rdata_b_ext$2589 [8] $load_store_unit_i.rdata_b_ext$2589 [8] $load_store_unit_i.rdata_b_ext$2589 [8] $load_store_unit_i.rdata_b_ext$2589 [8] $load_store_unit_i.rdata_b_ext$2589 [8] $load_store_unit_i.rdata_b_ext$2589 [8] $load_store_unit_i.rdata_b_ext$2589 [8] $load_store_unit_i.rdata_b_ext$2589 [8] $load_store_unit_i.rdata_b_ext$2589 [8] $load_store_unit_i.rdata_b_ext$2589 [8] $load_store_unit_i.rdata_b_ext$2589 [8] $load_store_unit_i.rdata_b_ext$2589 [8] $load_store_unit_i.rdata_b_ext$2589 [8] $load_store_unit_i.rdata_b_ext$2589 [8] $load_store_unit_i.rdata_b_ext$2589 [8] $load_store_unit_i.rdata_b_ext$2589 [8] $load_store_unit_i.rdata_b_ext$2589 [8] $load_store_unit_i.rdata_b_ext$2589 [8] $load_store_unit_i.rdata_b_ext$2589 [8] $load_store_unit_i.rdata_b_ext$2589 [8] \data_rdata_i [23:16] }
    Consolidated identical input bits for $mux cell $procmux$14015:
      Old ports: A=2'00, B=2'11, Y=$auto$wreduce.cc:514:run$20044 [1:0]
      New ports: A=1'0, B=1'1, Y=$auto$wreduce.cc:514:run$20044 [0]
      New connections: $auto$wreduce.cc:514:run$20044 [1] = $auto$wreduce.cc:514:run$20044 [0]
    Consolidated identical input bits for $mux cell $procmux$14855:
      Old ports: A=6'000011, B=6'100100, Y=$auto$wreduce.cc:514:run$20059 [5:0]
      New ports: A=2'01, B=2'10, Y={ $auto$wreduce.cc:514:run$20059 [2] $auto$wreduce.cc:514:run$20059 [0] }
      New connections: { $auto$wreduce.cc:514:run$20059 [5:3] $auto$wreduce.cc:514:run$20059 [1] } = { $auto$wreduce.cc:514:run$20059 [2] 2'00 $auto$wreduce.cc:514:run$20059 [0] }
    Consolidated identical input bits for $pmux cell $procmux$14953:
      Old ports: A=7'0011000, B={ 43'0000010000001101011110101110001010101001110 $auto$wreduce.cc:514:run$20060 [5:0] }, Y=$id_stage_i.decoder_i.alu_operator_o$861
      New ports: A=6'011000, B={ 36'000010000011101111101110010101100111 $auto$wreduce.cc:514:run$20060 [5:0] }, Y=$id_stage_i.decoder_i.alu_operator_o$861 [5:0]
      New connections: $id_stage_i.decoder_i.alu_operator_o$861 [6] = 1'0
    Consolidated identical input bits for $mux cell $procmux$15408:
      Old ports: A=2'00, B=2'10, Y=$auto$wreduce.cc:514:run$20050 [1:0]
      New ports: A=1'0, B=1'1, Y=$auto$wreduce.cc:514:run$20050 [1]
      New connections: $auto$wreduce.cc:514:run$20050 [0] = 1'0
    Consolidated identical input bits for $mux cell $procmux$15429:
      Old ports: A=5'00011, B=5'11000, Y=$auto$wreduce.cc:514:run$20058 [4:0]
      New ports: A=2'01, B=2'10, Y={ $auto$wreduce.cc:514:run$20058 [3] $auto$wreduce.cc:514:run$20058 [0] }
      New connections: { $auto$wreduce.cc:514:run$20058 [4] $auto$wreduce.cc:514:run$20058 [2:1] } = { $auto$wreduce.cc:514:run$20058 [3] 1'0 $auto$wreduce.cc:514:run$20058 [0] }
    Consolidated identical input bits for $mux cell $procmux$155:
      Old ports: A={ 24'000000000000000000000000 \data_rdata_i [15:8] }, B={ \data_rdata_i [15] \data_rdata_i [15] \data_rdata_i [15] \data_rdata_i [15] \data_rdata_i [15] \data_rdata_i [15] \data_rdata_i [15] \data_rdata_i [15] \data_rdata_i [15] \data_rdata_i [15] \data_rdata_i [15] \data_rdata_i [15] \data_rdata_i [15] \data_rdata_i [15] \data_rdata_i [15] \data_rdata_i [15] \data_rdata_i [15] \data_rdata_i [15] \data_rdata_i [15] \data_rdata_i [15] \data_rdata_i [15] \data_rdata_i [15] \data_rdata_i [15] \data_rdata_i [15] \data_rdata_i [15:8] }, Y=$load_store_unit_i.rdata_b_ext$2585
      New ports: A=1'0, B=\data_rdata_i [15], Y=$load_store_unit_i.rdata_b_ext$2585 [8]
      New connections: { $load_store_unit_i.rdata_b_ext$2585 [31:9] $load_store_unit_i.rdata_b_ext$2585 [7:0] } = { $load_store_unit_i.rdata_b_ext$2585 [8] $load_store_unit_i.rdata_b_ext$2585 [8] $load_store_unit_i.rdata_b_ext$2585 [8] $load_store_unit_i.rdata_b_ext$2585 [8] $load_store_unit_i.rdata_b_ext$2585 [8] $load_store_unit_i.rdata_b_ext$2585 [8] $load_store_unit_i.rdata_b_ext$2585 [8] $load_store_unit_i.rdata_b_ext$2585 [8] $load_store_unit_i.rdata_b_ext$2585 [8] $load_store_unit_i.rdata_b_ext$2585 [8] $load_store_unit_i.rdata_b_ext$2585 [8] $load_store_unit_i.rdata_b_ext$2585 [8] $load_store_unit_i.rdata_b_ext$2585 [8] $load_store_unit_i.rdata_b_ext$2585 [8] $load_store_unit_i.rdata_b_ext$2585 [8] $load_store_unit_i.rdata_b_ext$2585 [8] $load_store_unit_i.rdata_b_ext$2585 [8] $load_store_unit_i.rdata_b_ext$2585 [8] $load_store_unit_i.rdata_b_ext$2585 [8] $load_store_unit_i.rdata_b_ext$2585 [8] $load_store_unit_i.rdata_b_ext$2585 [8] $load_store_unit_i.rdata_b_ext$2585 [8] $load_store_unit_i.rdata_b_ext$2585 [8] \data_rdata_i [15:8] }
    Consolidated identical input bits for $mux cell $procmux$15652:
      Old ports: A=2'10, B=2'00, Y=$auto$wreduce.cc:514:run$20048 [1:0]
      New ports: A=1'1, B=1'0, Y=$auto$wreduce.cc:514:run$20048 [1]
      New connections: $auto$wreduce.cc:514:run$20048 [0] = 1'0
    Consolidated identical input bits for $mux cell $procmux$15968:
      Old ports: A=5'00011, B=5'11000, Y=$auto$wreduce.cc:514:run$20057 [4:0]
      New ports: A=2'01, B=2'10, Y={ $auto$wreduce.cc:514:run$20057 [3] $auto$wreduce.cc:514:run$20057 [0] }
      New connections: { $auto$wreduce.cc:514:run$20057 [4] $auto$wreduce.cc:514:run$20057 [2:1] } = { $auto$wreduce.cc:514:run$20057 [3] 1'0 $auto$wreduce.cc:514:run$20057 [0] }
    Consolidated identical input bits for $mux cell $procmux$16127:
      Old ports: A=2'10, B=2'00, Y=$id_stage_i.decoder_i.ctrl_transfer_insn$790
      New ports: A=1'1, B=1'0, Y=$id_stage_i.decoder_i.ctrl_transfer_insn$790 [1]
      New connections: $id_stage_i.decoder_i.ctrl_transfer_insn$790 [0] = 1'0
    Consolidated identical input bits for $mux cell $procmux$17025:
      Old ports: A={ 27'000000000000000000000000000 \if_stage_i.instr_rdata_id_o [19:15] }, B=0, Y=\id_stage_i.imm_a
      New ports: A=\if_stage_i.instr_rdata_id_o [19:15], B=5'00000, Y=\id_stage_i.imm_a [4:0]
      New connections: \id_stage_i.imm_a [31:5] = 27'000000000000000000000000000
    Consolidated identical input bits for $mux cell $procmux$17079:
      Old ports: A={ 7'0000000 \if_stage_i.compressed_decoder_i.instr_i [6:2] \if_stage_i.compressed_decoder_i.instr_i [11:7] 3'000 \if_stage_i.compressed_decoder_i.instr_i [11:7] 7'0110011 }, B={ 11'00000000000 $auto$wreduce.cc:514:run$20089 [20:0] }, Y=$if_stage_i.compressed_decoder_i.instr_o$311
      New ports: A={ \if_stage_i.compressed_decoder_i.instr_i [6:2] \if_stage_i.compressed_decoder_i.instr_i [11:7] 3'000 \if_stage_i.compressed_decoder_i.instr_i [11:7] 7'0110011 }, B={ 4'0000 $auto$wreduce.cc:514:run$20089 [20:0] }, Y=$if_stage_i.compressed_decoder_i.instr_o$311 [24:0]
      New connections: $if_stage_i.compressed_decoder_i.instr_o$311 [31:25] = 7'0000000
    Consolidated identical input bits for $mux cell $procmux$17094:
      Old ports: A={ 1'0 \if_stage_i.compressed_decoder_i.instr_i [11:7] 15'000000011100111 }, B=21'100000000000001110011, Y=$auto$wreduce.cc:514:run$20089 [20:0]
      New ports: A={ \if_stage_i.compressed_decoder_i.instr_i [11:7] 2'01 }, B=7'0000010, Y={ $auto$wreduce.cc:514:run$20089 [19:15] $auto$wreduce.cc:514:run$20089 [4] $auto$wreduce.cc:514:run$20089 [2] }
      New connections: { $auto$wreduce.cc:514:run$20089 [20] $auto$wreduce.cc:514:run$20089 [14:5] $auto$wreduce.cc:514:run$20089 [3] $auto$wreduce.cc:514:run$20089 [1:0] } = { $auto$wreduce.cc:514:run$20089 [4] 7'0000000 $auto$wreduce.cc:514:run$20089 [2] 5'11011 }
    Consolidated identical input bits for $mux cell $procmux$17142:
      Old ports: A={ \if_stage_i.compressed_decoder_i.instr_i [6:2] 8'00000000 \if_stage_i.compressed_decoder_i.instr_i [11:7] 7'0110011 }, B={ 5'00000 \if_stage_i.compressed_decoder_i.instr_i [11:7] 15'000000001100111 }, Y=$auto$wreduce.cc:514:run$20088 [24:0]
      New ports: A={ \if_stage_i.compressed_decoder_i.instr_i [6:2] 5'00000 \if_stage_i.compressed_decoder_i.instr_i [11:7] 2'10 }, B={ 5'00000 \if_stage_i.compressed_decoder_i.instr_i [11:7] 7'0000001 }, Y={ $auto$wreduce.cc:514:run$20088 [24:15] $auto$wreduce.cc:514:run$20088 [11:7] $auto$wreduce.cc:514:run$20088 [4] $auto$wreduce.cc:514:run$20088 [2] }
      New connections: { $auto$wreduce.cc:514:run$20088 [14:12] $auto$wreduce.cc:514:run$20088 [6:5] $auto$wreduce.cc:514:run$20088 [3] $auto$wreduce.cc:514:run$20088 [1:0] } = { 3'000 $auto$wreduce.cc:514:run$20088 [2] 4'1011 }
    Consolidated identical input bits for $pmux cell $procmux$17314:
      Old ports: A=31'0000000000000000000000000000000, B={ 8'10000001 \if_stage_i.compressed_decoder_i.instr_i [4:2] 2'01 \if_stage_i.compressed_decoder_i.instr_i [9:7] 5'00001 \if_stage_i.compressed_decoder_i.instr_i [9:7] 15'011001100000001 \if_stage_i.compressed_decoder_i.instr_i [4:2] 2'01 \if_stage_i.compressed_decoder_i.instr_i [9:7] 5'10001 \if_stage_i.compressed_decoder_i.instr_i [9:7] 15'011001100000001 \if_stage_i.compressed_decoder_i.instr_i [4:2] 2'01 \if_stage_i.compressed_decoder_i.instr_i [9:7] 5'11001 \if_stage_i.compressed_decoder_i.instr_i [9:7] 15'011001100000001 \if_stage_i.compressed_decoder_i.instr_i [4:2] 2'01 \if_stage_i.compressed_decoder_i.instr_i [9:7] 5'11101 \if_stage_i.compressed_decoder_i.instr_i [9:7] 7'0110011 }, Y=$auto$wreduce.cc:514:run$20087 [30:0]
      New ports: A=11'00000000000, B={ 1'1 \if_stage_i.compressed_decoder_i.instr_i [4:2] 3'000 \if_stage_i.compressed_decoder_i.instr_i [9:7] 2'10 \if_stage_i.compressed_decoder_i.instr_i [4:2] 3'100 \if_stage_i.compressed_decoder_i.instr_i [9:7] 2'10 \if_stage_i.compressed_decoder_i.instr_i [4:2] 3'110 \if_stage_i.compressed_decoder_i.instr_i [9:7] 2'10 \if_stage_i.compressed_decoder_i.instr_i [4:2] 3'111 \if_stage_i.compressed_decoder_i.instr_i [9:7] 1'1 }, Y={ $auto$wreduce.cc:514:run$20087 [30] $auto$wreduce.cc:514:run$20087 [22:20] $auto$wreduce.cc:514:run$20087 [14:12] $auto$wreduce.cc:514:run$20087 [9:7] $auto$wreduce.cc:514:run$20087 [0] }
      New connections: { $auto$wreduce.cc:514:run$20087 [29:23] $auto$wreduce.cc:514:run$20087 [19:15] $auto$wreduce.cc:514:run$20087 [11:10] $auto$wreduce.cc:514:run$20087 [6:1] } = { 6'000000 $auto$wreduce.cc:514:run$20087 [0] 1'0 $auto$wreduce.cc:514:run$20087 [0] $auto$wreduce.cc:514:run$20087 [9:7] 1'0 $auto$wreduce.cc:514:run$20087 [0] 1'0 $auto$wreduce.cc:514:run$20087 [0] $auto$wreduce.cc:514:run$20087 [0] 2'00 $auto$wreduce.cc:514:run$20087 [0] }
    Consolidated identical input bits for $mux cell $procmux$17417:
      Old ports: A={ \if_stage_i.compressed_decoder_i.instr_i [12] \if_stage_i.compressed_decoder_i.instr_i [12] \if_stage_i.compressed_decoder_i.instr_i [12] \if_stage_i.compressed_decoder_i.instr_i [12] \if_stage_i.compressed_decoder_i.instr_i [12] \if_stage_i.compressed_decoder_i.instr_i [12] \if_stage_i.compressed_decoder_i.instr_i [12] \if_stage_i.compressed_decoder_i.instr_i [12] \if_stage_i.compressed_decoder_i.instr_i [12] \if_stage_i.compressed_decoder_i.instr_i [12] \if_stage_i.compressed_decoder_i.instr_i [12] \if_stage_i.compressed_decoder_i.instr_i [12] \if_stage_i.compressed_decoder_i.instr_i [6:2] \if_stage_i.compressed_decoder_i.instr_i [11:7] 7'0110111 }, B={ \if_stage_i.compressed_decoder_i.instr_i [4:3] \if_stage_i.compressed_decoder_i.instr_i [5] \if_stage_i.compressed_decoder_i.instr_i [2] \if_stage_i.compressed_decoder_i.instr_i [6] 24'000000010000000100010011 }, Y=$if_stage_i.compressed_decoder_i.instr_o$273 [28:0]
      New ports: A={ \if_stage_i.compressed_decoder_i.instr_i [12] \if_stage_i.compressed_decoder_i.instr_i [12] \if_stage_i.compressed_decoder_i.instr_i [12] \if_stage_i.compressed_decoder_i.instr_i [12] \if_stage_i.compressed_decoder_i.instr_i [12] \if_stage_i.compressed_decoder_i.instr_i [12] \if_stage_i.compressed_decoder_i.instr_i [6:2] \if_stage_i.compressed_decoder_i.instr_i [11:7] 1'1 }, B={ \if_stage_i.compressed_decoder_i.instr_i [4:3] \if_stage_i.compressed_decoder_i.instr_i [5] \if_stage_i.compressed_decoder_i.instr_i [2] \if_stage_i.compressed_decoder_i.instr_i [6] 12'010000000100 }, Y={ $if_stage_i.compressed_decoder_i.instr_o$273 [28:24] $if_stage_i.compressed_decoder_i.instr_o$273 [17:7] $if_stage_i.compressed_decoder_i.instr_o$273 [2] }
      New connections: { $if_stage_i.compressed_decoder_i.instr_o$273 [23:18] $if_stage_i.compressed_decoder_i.instr_o$273 [6:3] $if_stage_i.compressed_decoder_i.instr_o$273 [1:0] } = { $if_stage_i.compressed_decoder_i.instr_o$273 [17] $if_stage_i.compressed_decoder_i.instr_o$273 [17] $if_stage_i.compressed_decoder_i.instr_o$273 [17] $if_stage_i.compressed_decoder_i.instr_o$273 [17] $if_stage_i.compressed_decoder_i.instr_o$273 [17] $if_stage_i.compressed_decoder_i.instr_o$273 [17] 1'0 $if_stage_i.compressed_decoder_i.instr_o$273 [2] 4'1011 }
    Consolidated identical input bits for $mux cell $procmux$17443:
      Old ports: A={ \if_stage_i.compressed_decoder_i.instr_i [12] \if_stage_i.compressed_decoder_i.instr_i [12] \if_stage_i.compressed_decoder_i.instr_i [12] $if_stage_i.compressed_decoder_i.instr_o$273 [28:0] }, B=0, Y=$if_stage_i.compressed_decoder_i.instr_o$274
      New ports: A={ \if_stage_i.compressed_decoder_i.instr_i [12] $if_stage_i.compressed_decoder_i.instr_o$273 [28:0] }, B=30'000000000000000000000000000000, Y=$if_stage_i.compressed_decoder_i.instr_o$274 [29:0]
      New connections: $if_stage_i.compressed_decoder_i.instr_o$274 [31:30] = { $if_stage_i.compressed_decoder_i.instr_o$274 [29] $if_stage_i.compressed_decoder_i.instr_o$274 [29] }
    Consolidated identical input bits for $pmux cell $procmux$17570:
      Old ports: A=30'000000000000000000000000000000, B={ \if_stage_i.compressed_decoder_i.instr_i [10:7] \if_stage_i.compressed_decoder_i.instr_i [12:11] \if_stage_i.compressed_decoder_i.instr_i [5] \if_stage_i.compressed_decoder_i.instr_i [6] 12'000001000001 \if_stage_i.compressed_decoder_i.instr_i [4:2] 10'0010011000 \if_stage_i.compressed_decoder_i.instr_i [5] \if_stage_i.compressed_decoder_i.instr_i [12:10] \if_stage_i.compressed_decoder_i.instr_i [6] 4'0001 \if_stage_i.compressed_decoder_i.instr_i [9:7] 5'01001 \if_stage_i.compressed_decoder_i.instr_i [4:2] 10'0000011000 \if_stage_i.compressed_decoder_i.instr_i [5] \if_stage_i.compressed_decoder_i.instr_i [12] 2'01 \if_stage_i.compressed_decoder_i.instr_i [4:2] 2'01 \if_stage_i.compressed_decoder_i.instr_i [9:7] 3'010 \if_stage_i.compressed_decoder_i.instr_i [11:10] \if_stage_i.compressed_decoder_i.instr_i [6] 9'000100011 }, Y=$auto$wreduce.cc:514:run$20086 [29:0]
      New ports: A=22'0000000000000000000000, B={ \if_stage_i.compressed_decoder_i.instr_i [10:7] \if_stage_i.compressed_decoder_i.instr_i [12:11] \if_stage_i.compressed_decoder_i.instr_i [5] \if_stage_i.compressed_decoder_i.instr_i [6] 8'00010001 \if_stage_i.compressed_decoder_i.instr_i [4:2] 6'011000 \if_stage_i.compressed_decoder_i.instr_i [5] \if_stage_i.compressed_decoder_i.instr_i [12:10] \if_stage_i.compressed_decoder_i.instr_i [6] 2'00 \if_stage_i.compressed_decoder_i.instr_i [9:7] 3'101 \if_stage_i.compressed_decoder_i.instr_i [4:2] 6'001000 \if_stage_i.compressed_decoder_i.instr_i [5] \if_stage_i.compressed_decoder_i.instr_i [12] 2'01 \if_stage_i.compressed_decoder_i.instr_i [4:2] \if_stage_i.compressed_decoder_i.instr_i [9:7] 1'1 \if_stage_i.compressed_decoder_i.instr_i [11:10] \if_stage_i.compressed_decoder_i.instr_i [6] 5'00101 }, Y={ $auto$wreduce.cc:514:run$20086 [29:20] $auto$wreduce.cc:514:run$20086 [17:15] $auto$wreduce.cc:514:run$20086 [13] $auto$wreduce.cc:514:run$20086 [11:7] $auto$wreduce.cc:514:run$20086 [5:4] $auto$wreduce.cc:514:run$20086 [0] }
      New connections: { $auto$wreduce.cc:514:run$20086 [19:18] $auto$wreduce.cc:514:run$20086 [14] $auto$wreduce.cc:514:run$20086 [12] $auto$wreduce.cc:514:run$20086 [6] $auto$wreduce.cc:514:run$20086 [3:1] } = { 1'0 $auto$wreduce.cc:514:run$20086 [13] 5'00000 $auto$wreduce.cc:514:run$20086 [0] }
    Consolidated identical input bits for $mux cell $procmux$17627:
      Old ports: A={ \if_stage_i.aligner_i.pc_plus2 [31:1] 1'x }, B={ \if_stage_i.aligner_i.pc_plus4 [31:2] 2'x }, Y=$if_stage_i.aligner_i.pc_n$215
      New ports: A=\if_stage_i.aligner_i.pc_plus2 [31:1], B={ \if_stage_i.aligner_i.pc_plus4 [31:2] 1'x }, Y=$if_stage_i.aligner_i.pc_n$215 [31:1]
      New connections: $if_stage_i.aligner_i.pc_n$215 [0] = 1'x
    Consolidated identical input bits for $mux cell $procmux$17652:
      Old ports: A={ \if_stage_i.aligner_i.pc_plus2 [31:1] 1'x }, B={ \if_stage_i.aligner_i.pc_plus4 [31:2] 2'x }, Y=$if_stage_i.aligner_i.pc_n$224
      New ports: A=\if_stage_i.aligner_i.pc_plus2 [31:1], B={ \if_stage_i.aligner_i.pc_plus4 [31:2] 1'x }, Y=$if_stage_i.aligner_i.pc_n$224 [31:1]
      New connections: $if_stage_i.aligner_i.pc_n$224 [0] = 1'x
    Consolidated identical input bits for $mux cell $procmux$17666:
      Old ports: A={ \if_stage_i.aligner_i.fetch_rdata_i [31:16] \if_stage_i.aligner_i.r_instr_h }, B={ \if_stage_i.aligner_i.fetch_rdata_i [15:0] \if_stage_i.aligner_i.r_instr_h }, Y=$if_stage_i.aligner_i.instr_aligned_o$221
      New ports: A=\if_stage_i.aligner_i.fetch_rdata_i [31:16], B=\if_stage_i.aligner_i.fetch_rdata_i [15:0], Y=$if_stage_i.aligner_i.instr_aligned_o$221 [31:16]
      New connections: $if_stage_i.aligner_i.instr_aligned_o$221 [15:0] = \if_stage_i.aligner_i.r_instr_h
    Consolidated identical input bits for $mux cell $procmux$18010:
      Old ports: A={ \if_stage_i.prefetch_buffer_i.prefetch_controller_i.trans_addr_incr [31:2] 2'00 }, B={ \if_stage_i.branch_addr_n [31:2] 2'00 }, Y=$if_stage_i.prefetch_buffer_i.prefetch_controller_i.trans_addr_o$40
      New ports: A=\if_stage_i.prefetch_buffer_i.prefetch_controller_i.trans_addr_incr [31:2], B=\if_stage_i.branch_addr_n [31:2], Y=$if_stage_i.prefetch_buffer_i.prefetch_controller_i.trans_addr_o$40 [31:2]
      New connections: $if_stage_i.prefetch_buffer_i.prefetch_controller_i.trans_addr_o$40 [1:0] = 2'00
    Consolidated identical input bits for $pmux cell $procmux$18025:
      Old ports: A={ \cs_registers_i.mtvec_q 8'00000000 }, B={ \cs_registers_i.mtvec_q 1'0 \if_stage_i.exc_vec_pc_mux 2'00 \dm_halt_addr_i [31:2] 2'00 \dm_exception_addr_i [31:2] 2'00 }, Y=\if_stage_i.exc_pc
      New ports: A={ \cs_registers_i.mtvec_q 6'000000 }, B={ \cs_registers_i.mtvec_q 1'0 \if_stage_i.exc_vec_pc_mux \dm_halt_addr_i [31:2] \dm_exception_addr_i [31:2] }, Y=\if_stage_i.exc_pc [31:2]
      New connections: \if_stage_i.exc_pc [1:0] = 2'00
    Consolidated identical input bits for $mux cell $procmux$184:
      Old ports: A={ 24'000000000000000000000000 \data_rdata_i [7:0] }, B={ \data_rdata_i [7] \data_rdata_i [7] \data_rdata_i [7] \data_rdata_i [7] \data_rdata_i [7] \data_rdata_i [7] \data_rdata_i [7] \data_rdata_i [7] \data_rdata_i [7] \data_rdata_i [7] \data_rdata_i [7] \data_rdata_i [7] \data_rdata_i [7] \data_rdata_i [7] \data_rdata_i [7] \data_rdata_i [7] \data_rdata_i [7] \data_rdata_i [7] \data_rdata_i [7] \data_rdata_i [7] \data_rdata_i [7] \data_rdata_i [7] \data_rdata_i [7] \data_rdata_i [7] \data_rdata_i [7:0] }, Y=$load_store_unit_i.rdata_b_ext$2581
      New ports: A=1'0, B=\data_rdata_i [7], Y=$load_store_unit_i.rdata_b_ext$2581 [8]
      New connections: { $load_store_unit_i.rdata_b_ext$2581 [31:9] $load_store_unit_i.rdata_b_ext$2581 [7:0] } = { $load_store_unit_i.rdata_b_ext$2581 [8] $load_store_unit_i.rdata_b_ext$2581 [8] $load_store_unit_i.rdata_b_ext$2581 [8] $load_store_unit_i.rdata_b_ext$2581 [8] $load_store_unit_i.rdata_b_ext$2581 [8] $load_store_unit_i.rdata_b_ext$2581 [8] $load_store_unit_i.rdata_b_ext$2581 [8] $load_store_unit_i.rdata_b_ext$2581 [8] $load_store_unit_i.rdata_b_ext$2581 [8] $load_store_unit_i.rdata_b_ext$2581 [8] $load_store_unit_i.rdata_b_ext$2581 [8] $load_store_unit_i.rdata_b_ext$2581 [8] $load_store_unit_i.rdata_b_ext$2581 [8] $load_store_unit_i.rdata_b_ext$2581 [8] $load_store_unit_i.rdata_b_ext$2581 [8] $load_store_unit_i.rdata_b_ext$2581 [8] $load_store_unit_i.rdata_b_ext$2581 [8] $load_store_unit_i.rdata_b_ext$2581 [8] $load_store_unit_i.rdata_b_ext$2581 [8] $load_store_unit_i.rdata_b_ext$2581 [8] $load_store_unit_i.rdata_b_ext$2581 [8] $load_store_unit_i.rdata_b_ext$2581 [8] $load_store_unit_i.rdata_b_ext$2581 [8] \data_rdata_i [7:0] }
    Consolidated identical input bits for $mux cell $procmux$198:
      Old ports: A={ 16'0000000000000000 \data_rdata_i [7:0] \load_store_unit_i.rdata_q [31:24] }, B={ \data_rdata_i [7] \data_rdata_i [7] \data_rdata_i [7] \data_rdata_i [7] \data_rdata_i [7] \data_rdata_i [7] \data_rdata_i [7] \data_rdata_i [7] \data_rdata_i [7] \data_rdata_i [7] \data_rdata_i [7] \data_rdata_i [7] \data_rdata_i [7] \data_rdata_i [7] \data_rdata_i [7] \data_rdata_i [7] \data_rdata_i [7:0] \load_store_unit_i.rdata_q [31:24] }, Y=$load_store_unit_i.rdata_h_ext$2575
      New ports: A=1'0, B=\data_rdata_i [7], Y=$load_store_unit_i.rdata_h_ext$2575 [16]
      New connections: { $load_store_unit_i.rdata_h_ext$2575 [31:17] $load_store_unit_i.rdata_h_ext$2575 [15:0] } = { $load_store_unit_i.rdata_h_ext$2575 [16] $load_store_unit_i.rdata_h_ext$2575 [16] $load_store_unit_i.rdata_h_ext$2575 [16] $load_store_unit_i.rdata_h_ext$2575 [16] $load_store_unit_i.rdata_h_ext$2575 [16] $load_store_unit_i.rdata_h_ext$2575 [16] $load_store_unit_i.rdata_h_ext$2575 [16] $load_store_unit_i.rdata_h_ext$2575 [16] $load_store_unit_i.rdata_h_ext$2575 [16] $load_store_unit_i.rdata_h_ext$2575 [16] $load_store_unit_i.rdata_h_ext$2575 [16] $load_store_unit_i.rdata_h_ext$2575 [16] $load_store_unit_i.rdata_h_ext$2575 [16] $load_store_unit_i.rdata_h_ext$2575 [16] $load_store_unit_i.rdata_h_ext$2575 [16] \data_rdata_i [7:0] \load_store_unit_i.rdata_q [31:24] }
    Consolidated identical input bits for $mux cell $procmux$214:
      Old ports: A={ 16'0000000000000000 \data_rdata_i [31:16] }, B={ \data_rdata_i [31] \data_rdata_i [31] \data_rdata_i [31] \data_rdata_i [31] \data_rdata_i [31] \data_rdata_i [31] \data_rdata_i [31] \data_rdata_i [31] \data_rdata_i [31] \data_rdata_i [31] \data_rdata_i [31] \data_rdata_i [31] \data_rdata_i [31] \data_rdata_i [31] \data_rdata_i [31] \data_rdata_i [31] \data_rdata_i [31:16] }, Y=$load_store_unit_i.rdata_h_ext$2571
      New ports: A=1'0, B=\data_rdata_i [31], Y=$load_store_unit_i.rdata_h_ext$2571 [16]
      New connections: { $load_store_unit_i.rdata_h_ext$2571 [31:17] $load_store_unit_i.rdata_h_ext$2571 [15:0] } = { $load_store_unit_i.rdata_h_ext$2571 [16] $load_store_unit_i.rdata_h_ext$2571 [16] $load_store_unit_i.rdata_h_ext$2571 [16] $load_store_unit_i.rdata_h_ext$2571 [16] $load_store_unit_i.rdata_h_ext$2571 [16] $load_store_unit_i.rdata_h_ext$2571 [16] $load_store_unit_i.rdata_h_ext$2571 [16] $load_store_unit_i.rdata_h_ext$2571 [16] $load_store_unit_i.rdata_h_ext$2571 [16] $load_store_unit_i.rdata_h_ext$2571 [16] $load_store_unit_i.rdata_h_ext$2571 [16] $load_store_unit_i.rdata_h_ext$2571 [16] $load_store_unit_i.rdata_h_ext$2571 [16] $load_store_unit_i.rdata_h_ext$2571 [16] $load_store_unit_i.rdata_h_ext$2571 [16] \data_rdata_i [31:16] }
    Consolidated identical input bits for $mux cell $procmux$232:
      Old ports: A={ 16'0000000000000000 \data_rdata_i [23:8] }, B={ \data_rdata_i [23] \data_rdata_i [23] \data_rdata_i [23] \data_rdata_i [23] \data_rdata_i [23] \data_rdata_i [23] \data_rdata_i [23] \data_rdata_i [23] \data_rdata_i [23] \data_rdata_i [23] \data_rdata_i [23] \data_rdata_i [23] \data_rdata_i [23] \data_rdata_i [23] \data_rdata_i [23] \data_rdata_i [23] \data_rdata_i [23:8] }, Y=$load_store_unit_i.rdata_h_ext$2567
      New ports: A=1'0, B=\data_rdata_i [23], Y=$load_store_unit_i.rdata_h_ext$2567 [16]
      New connections: { $load_store_unit_i.rdata_h_ext$2567 [31:17] $load_store_unit_i.rdata_h_ext$2567 [15:0] } = { $load_store_unit_i.rdata_h_ext$2567 [16] $load_store_unit_i.rdata_h_ext$2567 [16] $load_store_unit_i.rdata_h_ext$2567 [16] $load_store_unit_i.rdata_h_ext$2567 [16] $load_store_unit_i.rdata_h_ext$2567 [16] $load_store_unit_i.rdata_h_ext$2567 [16] $load_store_unit_i.rdata_h_ext$2567 [16] $load_store_unit_i.rdata_h_ext$2567 [16] $load_store_unit_i.rdata_h_ext$2567 [16] $load_store_unit_i.rdata_h_ext$2567 [16] $load_store_unit_i.rdata_h_ext$2567 [16] $load_store_unit_i.rdata_h_ext$2567 [16] $load_store_unit_i.rdata_h_ext$2567 [16] $load_store_unit_i.rdata_h_ext$2567 [16] $load_store_unit_i.rdata_h_ext$2567 [16] \data_rdata_i [23:8] }
    Consolidated identical input bits for $mux cell $procmux$261:
      Old ports: A={ 16'0000000000000000 \data_rdata_i [15:0] }, B={ \data_rdata_i [15] \data_rdata_i [15] \data_rdata_i [15] \data_rdata_i [15] \data_rdata_i [15] \data_rdata_i [15] \data_rdata_i [15] \data_rdata_i [15] \data_rdata_i [15] \data_rdata_i [15] \data_rdata_i [15] \data_rdata_i [15] \data_rdata_i [15] \data_rdata_i [15] \data_rdata_i [15] \data_rdata_i [15] \data_rdata_i [15:0] }, Y=$load_store_unit_i.rdata_h_ext$2563
      New ports: A=1'0, B=\data_rdata_i [15], Y=$load_store_unit_i.rdata_h_ext$2563 [16]
      New connections: { $load_store_unit_i.rdata_h_ext$2563 [31:17] $load_store_unit_i.rdata_h_ext$2563 [15:0] } = { $load_store_unit_i.rdata_h_ext$2563 [16] $load_store_unit_i.rdata_h_ext$2563 [16] $load_store_unit_i.rdata_h_ext$2563 [16] $load_store_unit_i.rdata_h_ext$2563 [16] $load_store_unit_i.rdata_h_ext$2563 [16] $load_store_unit_i.rdata_h_ext$2563 [16] $load_store_unit_i.rdata_h_ext$2563 [16] $load_store_unit_i.rdata_h_ext$2563 [16] $load_store_unit_i.rdata_h_ext$2563 [16] $load_store_unit_i.rdata_h_ext$2563 [16] $load_store_unit_i.rdata_h_ext$2563 [16] $load_store_unit_i.rdata_h_ext$2563 [16] $load_store_unit_i.rdata_h_ext$2563 [16] $load_store_unit_i.rdata_h_ext$2563 [16] $load_store_unit_i.rdata_h_ext$2563 [16] \data_rdata_i [15:0] }
    Consolidated identical input bits for $mux cell $procmux$2742:
      Old ports: A=2'11, B=2'00, Y=$auto$wreduce.cc:514:run$20070 [1:0]
      New ports: A=1'1, B=1'0, Y=$auto$wreduce.cc:514:run$20070 [0]
      New connections: $auto$wreduce.cc:514:run$20070 [1] = $auto$wreduce.cc:514:run$20070 [0]
    Consolidated identical input bits for $pmux cell $procmux$319:
      Old ports: A=4'0000, B=12'000100110111, Y=$load_store_unit_i.data_be$2535
      New ports: A=3'000, B=9'001011111, Y=$load_store_unit_i.data_be$2535 [2:0]
      New connections: $load_store_unit_i.data_be$2535 [3] = 1'0
    Consolidated identical input bits for $pmux cell $procmux$341:
      Old ports: A=4'1111, B=12'111011001000, Y=$load_store_unit_i.data_be$2534
      New ports: A=3'111, B=9'110100000, Y=$load_store_unit_i.data_be$2534 [2:0]
      New connections: $load_store_unit_i.data_be$2534 [3] = 1'1
    Consolidated identical input bits for $mux cell $procmux$4384:
      Old ports: A=3'010, B=3'100, Y=$id_stage_i.controller_i.debug_fsm_ns$1595
      New ports: A=2'01, B=2'10, Y=$id_stage_i.controller_i.debug_fsm_ns$1595 [2:1]
      New connections: $id_stage_i.controller_i.debug_fsm_ns$1595 [0] = 1'0
    Consolidated identical input bits for $mux cell $procmux$4462:
      Old ports: A=2'00, B=2'10, Y=$id_stage_i.controller_i.operand_b_fw_mux_sel_o$1547
      New ports: A=1'0, B=1'1, Y=$id_stage_i.controller_i.operand_b_fw_mux_sel_o$1547 [1]
      New connections: $id_stage_i.controller_i.operand_b_fw_mux_sel_o$1547 [0] = 1'0
    Consolidated identical input bits for $mux cell $procmux$4466:
      Old ports: A=2'00, B=2'10, Y=$id_stage_i.controller_i.operand_a_fw_mux_sel_o$1545
      New ports: A=1'0, B=1'1, Y=$id_stage_i.controller_i.operand_a_fw_mux_sel_o$1545 [1]
      New connections: $id_stage_i.controller_i.operand_a_fw_mux_sel_o$1545 [0] = 1'0
    Consolidated identical input bits for $mux cell $procmux$4539:
      Old ports: A=3'001, B=3'100, Y=$id_stage_i.controller_i.debug_cause_o$1451
      New ports: A=2'01, B=2'10, Y={ $id_stage_i.controller_i.debug_cause_o$1451 [2] $id_stage_i.controller_i.debug_cause_o$1451 [0] }
      New connections: $id_stage_i.controller_i.debug_cause_o$1451 [1] = 1'0
    Consolidated identical input bits for $mux cell $procmux$4557:
      Old ports: A=2'01, B=2'11, Y=$auto$wreduce.cc:514:run$20020 [1:0]
      New ports: A=1'0, B=1'1, Y=$auto$wreduce.cc:514:run$20020 [1]
      New connections: $auto$wreduce.cc:514:run$20020 [0] = 1'1
    Consolidated identical input bits for $mux cell $procmux$4630:
      Old ports: A=2'00, B=2'11, Y=$auto$wreduce.cc:514:run$20042 [1:0]
      New ports: A=1'0, B=1'1, Y=$auto$wreduce.cc:514:run$20042 [0]
      New connections: $auto$wreduce.cc:514:run$20042 [1] = $auto$wreduce.cc:514:run$20042 [0]
    Consolidated identical input bits for $mux cell $procmux$464:
      Old ports: A=5'00000, B=5'10000, Y=\ex_stage_i.mult_i.mulh_imm
      New ports: A=1'0, B=1'1, Y=\ex_stage_i.mult_i.mulh_imm [4]
      New connections: \ex_stage_i.mult_i.mulh_imm [3:0] = 4'0000
    Consolidated identical input bits for $mux cell $procmux$4669:
      Old ports: A=2'01, B=2'11, Y=$auto$wreduce.cc:514:run$20028 [1:0]
      New ports: A=1'0, B=1'1, Y=$auto$wreduce.cc:514:run$20028 [1]
      New connections: $auto$wreduce.cc:514:run$20028 [0] = 1'1
    Consolidated identical input bits for $pmux cell $procmux$5160:
      Old ports: A=3'000, B=6'100001, Y=$auto$wreduce.cc:514:run$20038 [2:0]
      New ports: A=2'00, B=4'1001, Y={ $auto$wreduce.cc:514:run$20038 [2] $auto$wreduce.cc:514:run$20038 [0] }
      New connections: $auto$wreduce.cc:514:run$20038 [1] = 1'0
    Consolidated identical input bits for $pmux cell $procmux$5783:
      Old ports: A=4'0000, B=8'00111011, Y=$auto$wreduce.cc:514:run$20017 [3:0]
      New ports: A=2'00, B=4'0111, Y={ $auto$wreduce.cc:514:run$20017 [3] $auto$wreduce.cc:514:run$20017 [0] }
      New connections: $auto$wreduce.cc:514:run$20017 [2:1] = { 1'0 $auto$wreduce.cc:514:run$20017 [0] }
    Consolidated identical input bits for $mux cell $procmux$605:
      Old ports: A=5'00000, B=5'11111, Y=$auto$wreduce.cc:514:run$20016 [4:0]
      New ports: A=1'0, B=1'1, Y=$auto$wreduce.cc:514:run$20016 [0]
      New connections: $auto$wreduce.cc:514:run$20016 [4:1] = { $auto$wreduce.cc:514:run$20016 [0] $auto$wreduce.cc:514:run$20016 [0] $auto$wreduce.cc:514:run$20016 [0] $auto$wreduce.cc:514:run$20016 [0] }
    Consolidated identical input bits for $mux cell $procmux$664:
      Old ports: A=8'00000000, B=8'11100100, Y=\ex_stage_i.alu_i.shuffle_byte_sel
      New ports: A=1'0, B=1'1, Y=\ex_stage_i.alu_i.shuffle_byte_sel [2]
      New connections: { \ex_stage_i.alu_i.shuffle_byte_sel [7:3] \ex_stage_i.alu_i.shuffle_byte_sel [1:0] } = { \ex_stage_i.alu_i.shuffle_byte_sel [2] \ex_stage_i.alu_i.shuffle_byte_sel [2] \ex_stage_i.alu_i.shuffle_byte_sel [2] 4'0000 }
    Consolidated identical input bits for $mux cell $procmux$7580:
      Old ports: A=2'00, B=2'10, Y=$auto$wreduce.cc:514:run$20031 [1:0]
      New ports: A=1'0, B=1'1, Y=$auto$wreduce.cc:514:run$20031 [1]
      New connections: $auto$wreduce.cc:514:run$20031 [0] = 1'0
    Consolidated identical input bits for $mux cell $procmux$759:
      Old ports: A=2'01, B=2'11, Y=$ex_stage_i.alu_i.shuffle_reg1_sel$2118
      New ports: A=1'0, B=1'1, Y=$ex_stage_i.alu_i.shuffle_reg1_sel$2118 [1]
      New connections: $ex_stage_i.alu_i.shuffle_reg1_sel$2118 [0] = 1'1
    Consolidated identical input bits for $pmux cell $procmux$787:
      Old ports: A=4'0000, B=8'11000011, Y=\ex_stage_i.alu_i.shuffle_reg_sel
      New ports: A=2'00, B=4'1001, Y={ \ex_stage_i.alu_i.shuffle_reg_sel [2] \ex_stage_i.alu_i.shuffle_reg_sel [0] }
      New connections: { \ex_stage_i.alu_i.shuffle_reg_sel [3] \ex_stage_i.alu_i.shuffle_reg_sel [1] } = { \ex_stage_i.alu_i.shuffle_reg_sel [2] \ex_stage_i.alu_i.shuffle_reg_sel [0] }
    Consolidated identical input bits for $pmux cell $procmux$815:
      Old ports: A={ \ex_stage_i.alu_i.is_equal [3] \ex_stage_i.alu_i.is_equal [3] \ex_stage_i.alu_i.is_equal [3] \ex_stage_i.alu_i.is_equal [3] }, B={ $2085y [3] $2085y [3] $2085y [3] $2085y [3] \ex_stage_i.alu_i.is_greater [3] \ex_stage_i.alu_i.is_greater [3] \ex_stage_i.alu_i.is_greater [3] \ex_stage_i.alu_i.is_greater [3] $2086y [3] $2086y [3] $2086y [3] $2086y [3] $2088y [3] $2088y [3] $2088y [3] $2088y [3] $2089y [3] $2089y [3] $2089y [3] $2089y [3] }, Y=\ex_stage_i.alu_i.cmp_result
      New ports: A=\ex_stage_i.alu_i.is_equal [3], B={ $2085y [3] \ex_stage_i.alu_i.is_greater [3] $2086y [3] $2088y [3] $2089y [3] }, Y=\ex_stage_i.alu_i.cmp_result [0]
      New connections: \ex_stage_i.alu_i.cmp_result [3:1] = { \ex_stage_i.alu_i.cmp_result [0] \ex_stage_i.alu_i.cmp_result [0] \ex_stage_i.alu_i.cmp_result [0] }
    Consolidated identical input bits for $mux cell $procmux$836:
      Old ports: A=4'0000, B=4'1000, Y=\ex_stage_i.alu_i.cmp_signed
      New ports: A=1'0, B=1'1, Y=\ex_stage_i.alu_i.cmp_signed [3]
      New connections: \ex_stage_i.alu_i.cmp_signed [2:0] = 3'000
  Optimizing cells in module \cv32e40p_core.
    Consolidated identical input bits for $demux cell $100:
      Old ports: A=$2861y, Y=$100y
      New ports: A=$2861y [0], Y={ $100y [32] $100y [0] }
      New connections: { $100y [63] $100y [31] $100y [62] $100y [30] $100y [61] $100y [29] $100y [60] $100y [28] $100y [59] $100y [27] $100y [58] $100y [26] $100y [57] $100y [25] $100y [56] $100y [24] $100y [55] $100y [23] $100y [54] $100y [22] $100y [53] $100y [21] $100y [52] $100y [20] $100y [51] $100y [19] $100y [50] $100y [18] $100y [49] $100y [17] $100y [48] $100y [16] $100y [47] $100y [15] $100y [46] $100y [14] $100y [45] $100y [13] $100y [44] $100y [12] $100y [43] $100y [11] $100y [42] $100y [10] $100y [41] $100y [9] $100y [40] $100y [8] $100y [39] $100y [7] $100y [38] $100y [6] $100y [37] $100y [5] $100y [36] $100y [4] $100y [35] $100y [3] $100y [34] $100y [2] $100y [33] $100y [1] } = { $100y [32] $100y [0] $100y [32] $100y [0] $100y [32] $100y [0] $100y [32] $100y [0] $100y [32] $100y [0] $100y [32] $100y [0] $100y [32] $100y [0] $100y [32] $100y [0] $100y [32] $100y [0] $100y [32] $100y [0] $100y [32] $100y [0] $100y [32] $100y [0] $100y [32] $100y [0] $100y [32] $100y [0] $100y [32] $100y [0] $100y [32] $100y [0] $100y [32] $100y [0] $100y [32] $100y [0] $100y [32] $100y [0] $100y [32] $100y [0] $100y [32] $100y [0] $100y [32] $100y [0] $100y [32] $100y [0] $100y [32] $100y [0] $100y [32] $100y [0] $100y [32] $100y [0] $100y [32] $100y [0] $100y [32] $100y [0] $100y [32] $100y [0] $100y [32] $100y [0] $100y [32] $100y [0] }
    Consolidated identical input bits for $mux cell $2232:
      Old ports: A=\ex_stage_i.alu_i.ff_one_i.index_nodes [44:40], B=\ex_stage_i.alu_i.ff_one_i.index_nodes [39:35], Y=\ex_stage_i.alu_i.ff_one_i.index_nodes [19:15]
      New ports: A={ 1'1 \ex_stage_i.alu_i.ff_one_i.index_nodes [41:40] }, B={ 1'0 \ex_stage_i.alu_i.ff_one_i.index_nodes [36:35] }, Y=\ex_stage_i.alu_i.ff_one_i.index_nodes [17:15]
      New connections: \ex_stage_i.alu_i.ff_one_i.index_nodes [19:18] = 2'00
    Consolidated identical input bits for $mux cell $2235:
      Old ports: A=\ex_stage_i.alu_i.ff_one_i.index_nodes [54:50], B=\ex_stage_i.alu_i.ff_one_i.index_nodes [49:45], Y=\ex_stage_i.alu_i.ff_one_i.index_nodes [24:20]
      New ports: A={ 1'1 \ex_stage_i.alu_i.ff_one_i.index_nodes [51:50] }, B={ 1'0 \ex_stage_i.alu_i.ff_one_i.index_nodes [46:45] }, Y=\ex_stage_i.alu_i.ff_one_i.index_nodes [22:20]
      New connections: \ex_stage_i.alu_i.ff_one_i.index_nodes [24:23] = 2'01
    Consolidated identical input bits for $mux cell $2238:
      Old ports: A=\ex_stage_i.alu_i.ff_one_i.index_nodes [64:60], B=\ex_stage_i.alu_i.ff_one_i.index_nodes [59:55], Y=\ex_stage_i.alu_i.ff_one_i.index_nodes [29:25]
      New ports: A={ 1'1 \ex_stage_i.alu_i.ff_one_i.index_nodes [61:60] }, B={ 1'0 \ex_stage_i.alu_i.ff_one_i.index_nodes [56:55] }, Y=\ex_stage_i.alu_i.ff_one_i.index_nodes [27:25]
      New connections: \ex_stage_i.alu_i.ff_one_i.index_nodes [29:28] = 2'10
    Consolidated identical input bits for $mux cell $2241:
      Old ports: A=\ex_stage_i.alu_i.ff_one_i.index_nodes [74:70], B=\ex_stage_i.alu_i.ff_one_i.index_nodes [69:65], Y=\ex_stage_i.alu_i.ff_one_i.index_nodes [34:30]
      New ports: A={ 1'1 \ex_stage_i.alu_i.ff_one_i.index_nodes [71:70] }, B={ 1'0 \ex_stage_i.alu_i.ff_one_i.index_nodes [66:65] }, Y=\ex_stage_i.alu_i.ff_one_i.index_nodes [32:30]
      New connections: \ex_stage_i.alu_i.ff_one_i.index_nodes [34:33] = 2'11
    Consolidated identical input bits for $mux cell $2429:
      Old ports: A=\ex_stage_i.mult_i.mulh_imm, B=5'00000, Y=\ex_stage_i.mult_i.short_imm
      New ports: A=\ex_stage_i.mult_i.mulh_imm [4], B=1'0, Y=\ex_stage_i.mult_i.short_imm [4]
      New connections: \ex_stage_i.mult_i.short_imm [3:0] = 4'0000
    Consolidated identical input bits for $demux cell $2863:
      Old ports: A=$2861y, Y=$2863y
      New ports: A=$2861y [0], Y={ $2863y [992] $2863y [960] $2863y [928] $2863y [896] $2863y [864] $2863y [832] $2863y [800] $2863y [768] $2863y [736] $2863y [704] $2863y [672] $2863y [640] $2863y [608] $2863y [576] $2863y [544] $2863y [512] $2863y [480] $2863y [448] $2863y [416] $2863y [384] $2863y [352] $2863y [320] $2863y [288] $2863y [256] $2863y [224] $2863y [192] $2863y [160] $2863y [128] $2863y [96] $2863y [64] $2863y [32] $2863y [0] }
      New connections: { $2863y [1023] $2863y [991] $2863y [959] $2863y [927] $2863y [895] $2863y [863] $2863y [831] $2863y [799] $2863y [767] $2863y [735] $2863y [703] $2863y [671] $2863y [639] $2863y [607] $2863y [575] $2863y [543] $2863y [511] $2863y [479] $2863y [447] $2863y [415] $2863y [383] $2863y [351] $2863y [319] $2863y [287] $2863y [255] $2863y [223] $2863y [191] $2863y [159] $2863y [127] $2863y [95] $2863y [63] $2863y [31] $2863y [1022] $2863y [990] $2863y [958] $2863y [926] $2863y [894] $2863y [862] $2863y [830] $2863y [798] $2863y [766] $2863y [734] $2863y [702] $2863y [670] $2863y [638] $2863y [606] $2863y [574] $2863y [542] $2863y [510] $2863y [478] $2863y [446] $2863y [414] $2863y [382] $2863y [350] $2863y [318] $2863y [286] $2863y [254] $2863y [222] $2863y [190] $2863y [158] $2863y [126] $2863y [94] $2863y [62] $2863y [30] $2863y [1021] $2863y [989] $2863y [957] $2863y [925] $2863y [893] $2863y [861] $2863y [829] $2863y [797] $2863y [765] $2863y [733] $2863y [701] $2863y [669] $2863y [637] $2863y [605] $2863y [573] $2863y [541] $2863y [509] $2863y [477] $2863y [445] $2863y [413] $2863y [381] $2863y [349] $2863y [317] $2863y [285] $2863y [253] $2863y [221] $2863y [189] $2863y [157] $2863y [125] $2863y [93] $2863y [61] $2863y [29] $2863y [1020] $2863y [988] $2863y [956] $2863y [924] $2863y [892] $2863y [860] $2863y [828] $2863y [796] $2863y [764] $2863y [732] $2863y [700] $2863y [668] $2863y [636] $2863y [604] $2863y [572] $2863y [540] $2863y [508] $2863y [476] $2863y [444] $2863y [412] $2863y [380] $2863y [348] $2863y [316] $2863y [284] $2863y [252] $2863y [220] $2863y [188] $2863y [156] $2863y [124] $2863y [92] $2863y [60] $2863y [28] $2863y [1019] $2863y [987] $2863y [955] $2863y [923] $2863y [891] $2863y [859] $2863y [827] $2863y [795] $2863y [763] $2863y [731] $2863y [699] $2863y [667] $2863y [635] $2863y [603] $2863y [571] $2863y [539] $2863y [507] $2863y [475] $2863y [443] $2863y [411] $2863y [379] $2863y [347] $2863y [315] $2863y [283] $2863y [251] $2863y [219] $2863y [187] $2863y [155] $2863y [123] $2863y [91] $2863y [59] $2863y [27] $2863y [1018] $2863y [986] $2863y [954] $2863y [922] $2863y [890] $2863y [858] $2863y [826] $2863y [794] $2863y [762] $2863y [730] $2863y [698] $2863y [666] $2863y [634] $2863y [602] $2863y [570] $2863y [538] $2863y [506] $2863y [474] $2863y [442] $2863y [410] $2863y [378] $2863y [346] $2863y [314] $2863y [282] $2863y [250] $2863y [218] $2863y [186] $2863y [154] $2863y [122] $2863y [90] $2863y [58] $2863y [26] $2863y [1017] $2863y [985] $2863y [953] $2863y [921] $2863y [889] $2863y [857] $2863y [825] $2863y [793] $2863y [761] $2863y [729] $2863y [697] $2863y [665] $2863y [633] $2863y [601] $2863y [569] $2863y [537] $2863y [505] $2863y [473] $2863y [441] $2863y [409] $2863y [377] $2863y [345] $2863y [313] $2863y [281] $2863y [249] $2863y [217] $2863y [185] $2863y [153] $2863y [121] $2863y [89] $2863y [57] $2863y [25] $2863y [1016] $2863y [984] $2863y [952] $2863y [920] $2863y [888] $2863y [856] $2863y [824] $2863y [792] $2863y [760] $2863y [728] $2863y [696] $2863y [664] $2863y [632] $2863y [600] $2863y [568] $2863y [536] $2863y [504] $2863y [472] $2863y [440] $2863y [408] $2863y [376] $2863y [344] $2863y [312] $2863y [280] $2863y [248] $2863y [216] $2863y [184] $2863y [152] $2863y [120] $2863y [88] $2863y [56] $2863y [24] $2863y [1015] $2863y [983] $2863y [951] $2863y [919] $2863y [887] $2863y [855] $2863y [823] $2863y [791] $2863y [759] $2863y [727] $2863y [695] $2863y [663] $2863y [631] $2863y [599] $2863y [567] $2863y [535] $2863y [503] $2863y [471] $2863y [439] $2863y [407] $2863y [375] $2863y [343] $2863y [311] $2863y [279] $2863y [247] $2863y [215] $2863y [183] $2863y [151] $2863y [119] $2863y [87] $2863y [55] $2863y [23] $2863y [1014] $2863y [982] $2863y [950] $2863y [918] $2863y [886] $2863y [854] $2863y [822] $2863y [790] $2863y [758] $2863y [726] $2863y [694] $2863y [662] $2863y [630] $2863y [598] $2863y [566] $2863y [534] $2863y [502] $2863y [470] $2863y [438] $2863y [406] $2863y [374] $2863y [342] $2863y [310] $2863y [278] $2863y [246] $2863y [214] $2863y [182] $2863y [150] $2863y [118] $2863y [86] $2863y [54] $2863y [22] $2863y [1013] $2863y [981] $2863y [949] $2863y [917] $2863y [885] $2863y [853] $2863y [821] $2863y [789] $2863y [757] $2863y [725] $2863y [693] $2863y [661] $2863y [629] $2863y [597] $2863y [565] $2863y [533] $2863y [501] $2863y [469] $2863y [437] $2863y [405] $2863y [373] $2863y [341] $2863y [309] $2863y [277] $2863y [245] $2863y [213] $2863y [181] $2863y [149] $2863y [117] $2863y [85] $2863y [53] $2863y [21] $2863y [1012] $2863y [980] $2863y [948] $2863y [916] $2863y [884] $2863y [852] $2863y [820] $2863y [788] $2863y [756] $2863y [724] $2863y [692] $2863y [660] $2863y [628] $2863y [596] $2863y [564] $2863y [532] $2863y [500] $2863y [468] $2863y [436] $2863y [404] $2863y [372] $2863y [340] $2863y [308] $2863y [276] $2863y [244] $2863y [212] $2863y [180] $2863y [148] $2863y [116] $2863y [84] $2863y [52] $2863y [20] $2863y [1011] $2863y [979] $2863y [947] $2863y [915] $2863y [883] $2863y [851] $2863y [819] $2863y [787] $2863y [755] $2863y [723] $2863y [691] $2863y [659] $2863y [627] $2863y [595] $2863y [563] $2863y [531] $2863y [499] $2863y [467] $2863y [435] $2863y [403] $2863y [371] $2863y [339] $2863y [307] $2863y [275] $2863y [243] $2863y [211] $2863y [179] $2863y [147] $2863y [115] $2863y [83] $2863y [51] $2863y [19] $2863y [1010] $2863y [978] $2863y [946] $2863y [914] $2863y [882] $2863y [850] $2863y [818] $2863y [786] $2863y [754] $2863y [722] $2863y [690] $2863y [658] $2863y [626] $2863y [594] $2863y [562] $2863y [530] $2863y [498] $2863y [466] $2863y [434] $2863y [402] $2863y [370] $2863y [338] $2863y [306] $2863y [274] $2863y [242] $2863y [210] $2863y [178] $2863y [146] $2863y [114] $2863y [82] $2863y [50] $2863y [18] $2863y [1009] $2863y [977] $2863y [945] $2863y [913] $2863y [881] $2863y [849] $2863y [817] $2863y [785] $2863y [753] $2863y [721] $2863y [689] $2863y [657] $2863y [625] $2863y [593] $2863y [561] $2863y [529] $2863y [497] $2863y [465] $2863y [433] $2863y [401] $2863y [369] $2863y [337] $2863y [305] $2863y [273] $2863y [241] $2863y [209] $2863y [177] $2863y [145] $2863y [113] $2863y [81] $2863y [49] $2863y [17] $2863y [1008] $2863y [976] $2863y [944] $2863y [912] $2863y [880] $2863y [848] $2863y [816] $2863y [784] $2863y [752] $2863y [720] $2863y [688] $2863y [656] $2863y [624] $2863y [592] $2863y [560] $2863y [528] $2863y [496] $2863y [464] $2863y [432] $2863y [400] $2863y [368] $2863y [336] $2863y [304] $2863y [272] $2863y [240] $2863y [208] $2863y [176] $2863y [144] $2863y [112] $2863y [80] $2863y [48] $2863y [16] $2863y [1007] $2863y [975] $2863y [943] $2863y [911] $2863y [879] $2863y [847] $2863y [815] $2863y [783] $2863y [751] $2863y [719] $2863y [687] $2863y [655] $2863y [623] $2863y [591] $2863y [559] $2863y [527] $2863y [495] $2863y [463] $2863y [431] $2863y [399] $2863y [367] $2863y [335] $2863y [303] $2863y [271] $2863y [239] $2863y [207] $2863y [175] $2863y [143] $2863y [111] $2863y [79] $2863y [47] $2863y [15] $2863y [1006] $2863y [974] $2863y [942] $2863y [910] $2863y [878] $2863y [846] $2863y [814] $2863y [782] $2863y [750] $2863y [718] $2863y [686] $2863y [654] $2863y [622] $2863y [590] $2863y [558] $2863y [526] $2863y [494] $2863y [462] $2863y [430] $2863y [398] $2863y [366] $2863y [334] $2863y [302] $2863y [270] $2863y [238] $2863y [206] $2863y [174] $2863y [142] $2863y [110] $2863y [78] $2863y [46] $2863y [14] $2863y [1005] $2863y [973] $2863y [941] $2863y [909] $2863y [877] $2863y [845] $2863y [813] $2863y [781] $2863y [749] $2863y [717] $2863y [685] $2863y [653] $2863y [621] $2863y [589] $2863y [557] $2863y [525] $2863y [493] $2863y [461] $2863y [429] $2863y [397] $2863y [365] $2863y [333] $2863y [301] $2863y [269] $2863y [237] $2863y [205] $2863y [173] $2863y [141] $2863y [109] $2863y [77] $2863y [45] $2863y [13] $2863y [1004] $2863y [972] $2863y [940] $2863y [908] $2863y [876] $2863y [844] $2863y [812] $2863y [780] $2863y [748] $2863y [716] $2863y [684] $2863y [652] $2863y [620] $2863y [588] $2863y [556] $2863y [524] $2863y [492] $2863y [460] $2863y [428] $2863y [396] $2863y [364] $2863y [332] $2863y [300] $2863y [268] $2863y [236] $2863y [204] $2863y [172] $2863y [140] $2863y [108] $2863y [76] $2863y [44] $2863y [12] $2863y [1003] $2863y [971] $2863y [939] $2863y [907] $2863y [875] $2863y [843] $2863y [811] $2863y [779] $2863y [747] $2863y [715] $2863y [683] $2863y [651] $2863y [619] $2863y [587] $2863y [555] $2863y [523] $2863y [491] $2863y [459] $2863y [427] $2863y [395] $2863y [363] $2863y [331] $2863y [299] $2863y [267] $2863y [235] $2863y [203] $2863y [171] $2863y [139] $2863y [107] $2863y [75] $2863y [43] $2863y [11] $2863y [1002] $2863y [970] $2863y [938] $2863y [906] $2863y [874] $2863y [842] $2863y [810] $2863y [778] $2863y [746] $2863y [714] $2863y [682] $2863y [650] $2863y [618] $2863y [586] $2863y [554] $2863y [522] $2863y [490] $2863y [458] $2863y [426] $2863y [394] $2863y [362] $2863y [330] $2863y [298] $2863y [266] $2863y [234] $2863y [202] $2863y [170] $2863y [138] $2863y [106] $2863y [74] $2863y [42] $2863y [10] $2863y [1001] $2863y [969] $2863y [937] $2863y [905] $2863y [873] $2863y [841] $2863y [809] $2863y [777] $2863y [745] $2863y [713] $2863y [681] $2863y [649] $2863y [617] $2863y [585] $2863y [553] $2863y [521] $2863y [489] $2863y [457] $2863y [425] $2863y [393] $2863y [361] $2863y [329] $2863y [297] $2863y [265] $2863y [233] $2863y [201] $2863y [169] $2863y [137] $2863y [105] $2863y [73] $2863y [41] $2863y [9] $2863y [1000] $2863y [968] $2863y [936] $2863y [904] $2863y [872] $2863y [840] $2863y [808] $2863y [776] $2863y [744] $2863y [712] $2863y [680] $2863y [648] $2863y [616] $2863y [584] $2863y [552] $2863y [520] $2863y [488] $2863y [456] $2863y [424] $2863y [392] $2863y [360] $2863y [328] $2863y [296] $2863y [264] $2863y [232] $2863y [200] $2863y [168] $2863y [136] $2863y [104] $2863y [72] $2863y [40] $2863y [8] $2863y [999] $2863y [967] $2863y [935] $2863y [903] $2863y [871] $2863y [839] $2863y [807] $2863y [775] $2863y [743] $2863y [711] $2863y [679] $2863y [647] $2863y [615] $2863y [583] $2863y [551] $2863y [519] $2863y [487] $2863y [455] $2863y [423] $2863y [391] $2863y [359] $2863y [327] $2863y [295] $2863y [263] $2863y [231] $2863y [199] $2863y [167] $2863y [135] $2863y [103] $2863y [71] $2863y [39] $2863y [7] $2863y [998] $2863y [966] $2863y [934] $2863y [902] $2863y [870] $2863y [838] $2863y [806] $2863y [774] $2863y [742] $2863y [710] $2863y [678] $2863y [646] $2863y [614] $2863y [582] $2863y [550] $2863y [518] $2863y [486] $2863y [454] $2863y [422] $2863y [390] $2863y [358] $2863y [326] $2863y [294] $2863y [262] $2863y [230] $2863y [198] $2863y [166] $2863y [134] $2863y [102] $2863y [70] $2863y [38] $2863y [6] $2863y [997] $2863y [965] $2863y [933] $2863y [901] $2863y [869] $2863y [837] $2863y [805] $2863y [773] $2863y [741] $2863y [709] $2863y [677] $2863y [645] $2863y [613] $2863y [581] $2863y [549] $2863y [517] $2863y [485] $2863y [453] $2863y [421] $2863y [389] $2863y [357] $2863y [325] $2863y [293] $2863y [261] $2863y [229] $2863y [197] $2863y [165] $2863y [133] $2863y [101] $2863y [69] $2863y [37] $2863y [5] $2863y [996] $2863y [964] $2863y [932] $2863y [900] $2863y [868] $2863y [836] $2863y [804] $2863y [772] $2863y [740] $2863y [708] $2863y [676] $2863y [644] $2863y [612] $2863y [580] $2863y [548] $2863y [516] $2863y [484] $2863y [452] $2863y [420] $2863y [388] $2863y [356] $2863y [324] $2863y [292] $2863y [260] $2863y [228] $2863y [196] $2863y [164] $2863y [132] $2863y [100] $2863y [68] $2863y [36] $2863y [4] $2863y [995] $2863y [963] $2863y [931] $2863y [899] $2863y [867] $2863y [835] $2863y [803] $2863y [771] $2863y [739] $2863y [707] $2863y [675] $2863y [643] $2863y [611] $2863y [579] $2863y [547] $2863y [515] $2863y [483] $2863y [451] $2863y [419] $2863y [387] $2863y [355] $2863y [323] $2863y [291] $2863y [259] $2863y [227] $2863y [195] $2863y [163] $2863y [131] $2863y [99] $2863y [67] $2863y [35] $2863y [3] $2863y [994] $2863y [962] $2863y [930] $2863y [898] $2863y [866] $2863y [834] $2863y [802] $2863y [770] $2863y [738] $2863y [706] $2863y [674] $2863y [642] $2863y [610] $2863y [578] $2863y [546] $2863y [514] $2863y [482] $2863y [450] $2863y [418] $2863y [386] $2863y [354] $2863y [322] $2863y [290] $2863y [258] $2863y [226] $2863y [194] $2863y [162] $2863y [130] $2863y [98] $2863y [66] $2863y [34] $2863y [2] $2863y [993] $2863y [961] $2863y [929] $2863y [897] $2863y [865] $2863y [833] $2863y [801] $2863y [769] $2863y [737] $2863y [705] $2863y [673] $2863y [641] $2863y [609] $2863y [577] $2863y [545] $2863y [513] $2863y [481] $2863y [449] $2863y [417] $2863y [385] $2863y [353] $2863y [321] $2863y [289] $2863y [257] $2863y [225] $2863y [193] $2863y [161] $2863y [129] $2863y [97] $2863y [65] $2863y [33] $2863y [1] } = { $2863y [992] $2863y [960] $2863y [928] $2863y [896] $2863y [864] $2863y [832] $2863y [800] $2863y [768] $2863y [736] $2863y [704] $2863y [672] $2863y [640] $2863y [608] $2863y [576] $2863y [544] $2863y [512] $2863y [480] $2863y [448] $2863y [416] $2863y [384] $2863y [352] $2863y [320] $2863y [288] $2863y [256] $2863y [224] $2863y [192] $2863y [160] $2863y [128] $2863y [96] $2863y [64] $2863y [32] $2863y [0] $2863y [992] $2863y [960] $2863y [928] $2863y [896] $2863y [864] $2863y [832] $2863y [800] $2863y [768] $2863y [736] $2863y [704] $2863y [672] $2863y [640] $2863y [608] $2863y [576] $2863y [544] $2863y [512] $2863y [480] $2863y [448] $2863y [416] $2863y [384] $2863y [352] $2863y [320] $2863y [288] $2863y [256] $2863y [224] $2863y [192] $2863y [160] $2863y [128] $2863y [96] $2863y [64] $2863y [32] $2863y [0] $2863y [992] $2863y [960] $2863y [928] $2863y [896] $2863y [864] $2863y [832] $2863y [800] $2863y [768] $2863y [736] $2863y [704] $2863y [672] $2863y [640] $2863y [608] $2863y [576] $2863y [544] $2863y [512] $2863y [480] $2863y [448] $2863y [416] $2863y [384] $2863y [352] $2863y [320] $2863y [288] $2863y [256] $2863y [224] $2863y [192] $2863y [160] $2863y [128] $2863y [96] $2863y [64] $2863y [32] $2863y [0] $2863y [992] $2863y [960] $2863y [928] $2863y [896] $2863y [864] $2863y [832] $2863y [800] $2863y [768] $2863y [736] $2863y [704] $2863y [672] $2863y [640] $2863y [608] $2863y [576] $2863y [544] $2863y [512] $2863y [480] $2863y [448] $2863y [416] $2863y [384] $2863y [352] $2863y [320] $2863y [288] $2863y [256] $2863y [224] $2863y [192] $2863y [160] $2863y [128] $2863y [96] $2863y [64] $2863y [32] $2863y [0] $2863y [992] $2863y [960] $2863y [928] $2863y [896] $2863y [864] $2863y [832] $2863y [800] $2863y [768] $2863y [736] $2863y [704] $2863y [672] $2863y [640] $2863y [608] $2863y [576] $2863y [544] $2863y [512] $2863y [480] $2863y [448] $2863y [416] $2863y [384] $2863y [352] $2863y [320] $2863y [288] $2863y [256] $2863y [224] $2863y [192] $2863y [160] $2863y [128] $2863y [96] $2863y [64] $2863y [32] $2863y [0] $2863y [992] $2863y [960] $2863y [928] $2863y [896] $2863y [864] $2863y [832] $2863y [800] $2863y [768] $2863y [736] $2863y [704] $2863y [672] $2863y [640] $2863y [608] $2863y [576] $2863y [544] $2863y [512] $2863y [480] $2863y [448] $2863y [416] $2863y [384] $2863y [352] $2863y [320] $2863y [288] $2863y [256] $2863y [224] $2863y [192] $2863y [160] $2863y [128] $2863y [96] $2863y [64] $2863y [32] $2863y [0] $2863y [992] $2863y [960] $2863y [928] $2863y [896] $2863y [864] $2863y [832] $2863y [800] $2863y [768] $2863y [736] $2863y [704] $2863y [672] $2863y [640] $2863y [608] $2863y [576] $2863y [544] $2863y [512] $2863y [480] $2863y [448] $2863y [416] $2863y [384] $2863y [352] $2863y [320] $2863y [288] $2863y [256] $2863y [224] $2863y [192] $2863y [160] $2863y [128] $2863y [96] $2863y [64] $2863y [32] $2863y [0] $2863y [992] $2863y [960] $2863y [928] $2863y [896] $2863y [864] $2863y [832] $2863y [800] $2863y [768] $2863y [736] $2863y [704] $2863y [672] $2863y [640] $2863y [608] $2863y [576] $2863y [544] $2863y [512] $2863y [480] $2863y [448] $2863y [416] $2863y [384] $2863y [352] $2863y [320] $2863y [288] $2863y [256] $2863y [224] $2863y [192] $2863y [160] $2863y [128] $2863y [96] $2863y [64] $2863y [32] $2863y [0] $2863y [992] $2863y [960] $2863y [928] $2863y [896] $2863y [864] $2863y [832] $2863y [800] $2863y [768] $2863y [736] $2863y [704] $2863y [672] $2863y [640] $2863y [608] $2863y [576] $2863y [544] $2863y [512] $2863y [480] $2863y [448] $2863y [416] $2863y [384] $2863y [352] $2863y [320] $2863y [288] $2863y [256] $2863y [224] $2863y [192] $2863y [160] $2863y [128] $2863y [96] $2863y [64] $2863y [32] $2863y [0] $2863y [992] $2863y [960] $2863y [928] $2863y [896] $2863y [864] $2863y [832] $2863y [800] $2863y [768] $2863y [736] $2863y [704] $2863y [672] $2863y [640] $2863y [608] $2863y [576] $2863y [544] $2863y [512] $2863y [480] $2863y [448] $2863y [416] $2863y [384] $2863y [352] $2863y [320] $2863y [288] $2863y [256] $2863y [224] $2863y [192] $2863y [160] $2863y [128] $2863y [96] $2863y [64] $2863y [32] $2863y [0] $2863y [992] $2863y [960] $2863y [928] $2863y [896] $2863y [864] $2863y [832] $2863y [800] $2863y [768] $2863y [736] $2863y [704] $2863y [672] $2863y [640] $2863y [608] $2863y [576] $2863y [544] $2863y [512] $2863y [480] $2863y [448] $2863y [416] $2863y [384] $2863y [352] $2863y [320] $2863y [288] $2863y [256] $2863y [224] $2863y [192] $2863y [160] $2863y [128] $2863y [96] $2863y [64] $2863y [32] $2863y [0] $2863y [992] $2863y [960] $2863y [928] $2863y [896] $2863y [864] $2863y [832] $2863y [800] $2863y [768] $2863y [736] $2863y [704] $2863y [672] $2863y [640] $2863y [608] $2863y [576] $2863y [544] $2863y [512] $2863y [480] $2863y [448] $2863y [416] $2863y [384] $2863y [352] $2863y [320] $2863y [288] $2863y [256] $2863y [224] $2863y [192] $2863y [160] $2863y [128] $2863y [96] $2863y [64] $2863y [32] $2863y [0] $2863y [992] $2863y [960] $2863y [928] $2863y [896] $2863y [864] $2863y [832] $2863y [800] $2863y [768] $2863y [736] $2863y [704] $2863y [672] $2863y [640] $2863y [608] $2863y [576] $2863y [544] $2863y [512] $2863y [480] $2863y [448] $2863y [416] $2863y [384] $2863y [352] $2863y [320] $2863y [288] $2863y [256] $2863y [224] $2863y [192] $2863y [160] $2863y [128] $2863y [96] $2863y [64] $2863y [32] $2863y [0] $2863y [992] $2863y [960] $2863y [928] $2863y [896] $2863y [864] $2863y [832] $2863y [800] $2863y [768] $2863y [736] $2863y [704] $2863y [672] $2863y [640] $2863y [608] $2863y [576] $2863y [544] $2863y [512] $2863y [480] $2863y [448] $2863y [416] $2863y [384] $2863y [352] $2863y [320] $2863y [288] $2863y [256] $2863y [224] $2863y [192] $2863y [160] $2863y [128] $2863y [96] $2863y [64] $2863y [32] $2863y [0] $2863y [992] $2863y [960] $2863y [928] $2863y [896] $2863y [864] $2863y [832] $2863y [800] $2863y [768] $2863y [736] $2863y [704] $2863y [672] $2863y [640] $2863y [608] $2863y [576] $2863y [544] $2863y [512] $2863y [480] $2863y [448] $2863y [416] $2863y [384] $2863y [352] $2863y [320] $2863y [288] $2863y [256] $2863y [224] $2863y [192] $2863y [160] $2863y [128] $2863y [96] $2863y [64] $2863y [32] $2863y [0] $2863y [992] $2863y [960] $2863y [928] $2863y [896] $2863y [864] $2863y [832] $2863y [800] $2863y [768] $2863y [736] $2863y [704] $2863y [672] $2863y [640] $2863y [608] $2863y [576] $2863y [544] $2863y [512] $2863y [480] $2863y [448] $2863y [416] $2863y [384] $2863y [352] $2863y [320] $2863y [288] $2863y [256] $2863y [224] $2863y [192] $2863y [160] $2863y [128] $2863y [96] $2863y [64] $2863y [32] $2863y [0] $2863y [992] $2863y [960] $2863y [928] $2863y [896] $2863y [864] $2863y [832] $2863y [800] $2863y [768] $2863y [736] $2863y [704] $2863y [672] $2863y [640] $2863y [608] $2863y [576] $2863y [544] $2863y [512] $2863y [480] $2863y [448] $2863y [416] $2863y [384] $2863y [352] $2863y [320] $2863y [288] $2863y [256] $2863y [224] $2863y [192] $2863y [160] $2863y [128] $2863y [96] $2863y [64] $2863y [32] $2863y [0] $2863y [992] $2863y [960] $2863y [928] $2863y [896] $2863y [864] $2863y [832] $2863y [800] $2863y [768] $2863y [736] $2863y [704] $2863y [672] $2863y [640] $2863y [608] $2863y [576] $2863y [544] $2863y [512] $2863y [480] $2863y [448] $2863y [416] $2863y [384] $2863y [352] $2863y [320] $2863y [288] $2863y [256] $2863y [224] $2863y [192] $2863y [160] $2863y [128] $2863y [96] $2863y [64] $2863y [32] $2863y [0] $2863y [992] $2863y [960] $2863y [928] $2863y [896] $2863y [864] $2863y [832] $2863y [800] $2863y [768] $2863y [736] $2863y [704] $2863y [672] $2863y [640] $2863y [608] $2863y [576] $2863y [544] $2863y [512] $2863y [480] $2863y [448] $2863y [416] $2863y [384] $2863y [352] $2863y [320] $2863y [288] $2863y [256] $2863y [224] $2863y [192] $2863y [160] $2863y [128] $2863y [96] $2863y [64] $2863y [32] $2863y [0] $2863y [992] $2863y [960] $2863y [928] $2863y [896] $2863y [864] $2863y [832] $2863y [800] $2863y [768] $2863y [736] $2863y [704] $2863y [672] $2863y [640] $2863y [608] $2863y [576] $2863y [544] $2863y [512] $2863y [480] $2863y [448] $2863y [416] $2863y [384] $2863y [352] $2863y [320] $2863y [288] $2863y [256] $2863y [224] $2863y [192] $2863y [160] $2863y [128] $2863y [96] $2863y [64] $2863y [32] $2863y [0] $2863y [992] $2863y [960] $2863y [928] $2863y [896] $2863y [864] $2863y [832] $2863y [800] $2863y [768] $2863y [736] $2863y [704] $2863y [672] $2863y [640] $2863y [608] $2863y [576] $2863y [544] $2863y [512] $2863y [480] $2863y [448] $2863y [416] $2863y [384] $2863y [352] $2863y [320] $2863y [288] $2863y [256] $2863y [224] $2863y [192] $2863y [160] $2863y [128] $2863y [96] $2863y [64] $2863y [32] $2863y [0] $2863y [992] $2863y [960] $2863y [928] $2863y [896] $2863y [864] $2863y [832] $2863y [800] $2863y [768] $2863y [736] $2863y [704] $2863y [672] $2863y [640] $2863y [608] $2863y [576] $2863y [544] $2863y [512] $2863y [480] $2863y [448] $2863y [416] $2863y [384] $2863y [352] $2863y [320] $2863y [288] $2863y [256] $2863y [224] $2863y [192] $2863y [160] $2863y [128] $2863y [96] $2863y [64] $2863y [32] $2863y [0] $2863y [992] $2863y [960] $2863y [928] $2863y [896] $2863y [864] $2863y [832] $2863y [800] $2863y [768] $2863y [736] $2863y [704] $2863y [672] $2863y [640] $2863y [608] $2863y [576] $2863y [544] $2863y [512] $2863y [480] $2863y [448] $2863y [416] $2863y [384] $2863y [352] $2863y [320] $2863y [288] $2863y [256] $2863y [224] $2863y [192] $2863y [160] $2863y [128] $2863y [96] $2863y [64] $2863y [32] $2863y [0] $2863y [992] $2863y [960] $2863y [928] $2863y [896] $2863y [864] $2863y [832] $2863y [800] $2863y [768] $2863y [736] $2863y [704] $2863y [672] $2863y [640] $2863y [608] $2863y [576] $2863y [544] $2863y [512] $2863y [480] $2863y [448] $2863y [416] $2863y [384] $2863y [352] $2863y [320] $2863y [288] $2863y [256] $2863y [224] $2863y [192] $2863y [160] $2863y [128] $2863y [96] $2863y [64] $2863y [32] $2863y [0] $2863y [992] $2863y [960] $2863y [928] $2863y [896] $2863y [864] $2863y [832] $2863y [800] $2863y [768] $2863y [736] $2863y [704] $2863y [672] $2863y [640] $2863y [608] $2863y [576] $2863y [544] $2863y [512] $2863y [480] $2863y [448] $2863y [416] $2863y [384] $2863y [352] $2863y [320] $2863y [288] $2863y [256] $2863y [224] $2863y [192] $2863y [160] $2863y [128] $2863y [96] $2863y [64] $2863y [32] $2863y [0] $2863y [992] $2863y [960] $2863y [928] $2863y [896] $2863y [864] $2863y [832] $2863y [800] $2863y [768] $2863y [736] $2863y [704] $2863y [672] $2863y [640] $2863y [608] $2863y [576] $2863y [544] $2863y [512] $2863y [480] $2863y [448] $2863y [416] $2863y [384] $2863y [352] $2863y [320] $2863y [288] $2863y [256] $2863y [224] $2863y [192] $2863y [160] $2863y [128] $2863y [96] $2863y [64] $2863y [32] $2863y [0] $2863y [992] $2863y [960] $2863y [928] $2863y [896] $2863y [864] $2863y [832] $2863y [800] $2863y [768] $2863y [736] $2863y [704] $2863y [672] $2863y [640] $2863y [608] $2863y [576] $2863y [544] $2863y [512] $2863y [480] $2863y [448] $2863y [416] $2863y [384] $2863y [352] $2863y [320] $2863y [288] $2863y [256] $2863y [224] $2863y [192] $2863y [160] $2863y [128] $2863y [96] $2863y [64] $2863y [32] $2863y [0] $2863y [992] $2863y [960] $2863y [928] $2863y [896] $2863y [864] $2863y [832] $2863y [800] $2863y [768] $2863y [736] $2863y [704] $2863y [672] $2863y [640] $2863y [608] $2863y [576] $2863y [544] $2863y [512] $2863y [480] $2863y [448] $2863y [416] $2863y [384] $2863y [352] $2863y [320] $2863y [288] $2863y [256] $2863y [224] $2863y [192] $2863y [160] $2863y [128] $2863y [96] $2863y [64] $2863y [32] $2863y [0] $2863y [992] $2863y [960] $2863y [928] $2863y [896] $2863y [864] $2863y [832] $2863y [800] $2863y [768] $2863y [736] $2863y [704] $2863y [672] $2863y [640] $2863y [608] $2863y [576] $2863y [544] $2863y [512] $2863y [480] $2863y [448] $2863y [416] $2863y [384] $2863y [352] $2863y [320] $2863y [288] $2863y [256] $2863y [224] $2863y [192] $2863y [160] $2863y [128] $2863y [96] $2863y [64] $2863y [32] $2863y [0] $2863y [992] $2863y [960] $2863y [928] $2863y [896] $2863y [864] $2863y [832] $2863y [800] $2863y [768] $2863y [736] $2863y [704] $2863y [672] $2863y [640] $2863y [608] $2863y [576] $2863y [544] $2863y [512] $2863y [480] $2863y [448] $2863y [416] $2863y [384] $2863y [352] $2863y [320] $2863y [288] $2863y [256] $2863y [224] $2863y [192] $2863y [160] $2863y [128] $2863y [96] $2863y [64] $2863y [32] $2863y [0] $2863y [992] $2863y [960] $2863y [928] $2863y [896] $2863y [864] $2863y [832] $2863y [800] $2863y [768] $2863y [736] $2863y [704] $2863y [672] $2863y [640] $2863y [608] $2863y [576] $2863y [544] $2863y [512] $2863y [480] $2863y [448] $2863y [416] $2863y [384] $2863y [352] $2863y [320] $2863y [288] $2863y [256] $2863y [224] $2863y [192] $2863y [160] $2863y [128] $2863y [96] $2863y [64] $2863y [32] $2863y [0] }
    Consolidated identical input bits for $mux cell $procmux$12500:
      Old ports: A=2'00, B=$auto$wreduce.cc:514:run$20051 [1:0], Y=$auto$wreduce.cc:514:run$20052 [1:0]
      New ports: A=1'0, B=$auto$wreduce.cc:514:run$20051 [1], Y=$auto$wreduce.cc:514:run$20052 [1]
      New connections: $auto$wreduce.cc:514:run$20052 [0] = 1'0
    Consolidated identical input bits for $mux cell $procmux$12514:
      Old ports: A=5'00011, B=$auto$wreduce.cc:514:run$20064 [4:0], Y=$auto$wreduce.cc:514:run$20065 [4:0]
      New ports: A=2'01, B={ $auto$wreduce.cc:514:run$20064 [3] $auto$wreduce.cc:514:run$20064 [0] }, Y={ $auto$wreduce.cc:514:run$20065 [3] $auto$wreduce.cc:514:run$20065 [0] }
      New connections: { $auto$wreduce.cc:514:run$20065 [4] $auto$wreduce.cc:514:run$20065 [2:1] } = { $auto$wreduce.cc:514:run$20065 [3] 1'0 $auto$wreduce.cc:514:run$20065 [0] }
    Consolidated identical input bits for $mux cell $procmux$12864:
      Old ports: A=$auto$wreduce.cc:514:run$20047 [1:0], B=2'00, Y=$auto$wreduce.cc:514:run$20043 [1:0]
      New ports: A=$auto$wreduce.cc:514:run$20047 [1], B=1'0, Y=$auto$wreduce.cc:514:run$20043 [1]
      New connections: $auto$wreduce.cc:514:run$20043 [0] = 1'0
    Consolidated identical input bits for $mux cell $procmux$14518:
      Old ports: A=$auto$wreduce.cc:514:run$20044 [1:0], B=2'00, Y=$auto$wreduce.cc:514:run$20045 [1:0]
      New ports: A=$auto$wreduce.cc:514:run$20044 [0], B=1'0, Y=$auto$wreduce.cc:514:run$20045 [0]
      New connections: $auto$wreduce.cc:514:run$20045 [1] = $auto$wreduce.cc:514:run$20045 [0]
    Consolidated identical input bits for $mux cell $procmux$14898:
      Old ports: A=$auto$wreduce.cc:514:run$20059 [5:0], B=6'100101, Y=$auto$wreduce.cc:514:run$20060 [5:0]
      New ports: A={ $auto$wreduce.cc:514:run$20059 [2] $auto$wreduce.cc:514:run$20059 [0] $auto$wreduce.cc:514:run$20059 [0] }, B=3'101, Y=$auto$wreduce.cc:514:run$20060 [2:0]
      New connections: $auto$wreduce.cc:514:run$20060 [5:3] = { $auto$wreduce.cc:514:run$20060 [2] 2'00 }
    Consolidated identical input bits for $mux cell $procmux$15946:
      Old ports: A=2'00, B=$auto$wreduce.cc:514:run$20048 [1:0], Y=$auto$wreduce.cc:514:run$20049 [1:0]
      New ports: A=1'0, B=$auto$wreduce.cc:514:run$20048 [1], Y=$auto$wreduce.cc:514:run$20049 [1]
      New connections: $auto$wreduce.cc:514:run$20049 [0] = 1'0
    Consolidated identical input bits for $pmux cell $procmux$160:
      Old ports: A=$load_store_unit_i.rdata_b_ext$2581, B={ $load_store_unit_i.rdata_b_ext$2585 $load_store_unit_i.rdata_b_ext$2589 $load_store_unit_i.rdata_b_ext$2593 }, Y=\load_store_unit_i.rdata_b_ext
      New ports: A={ $load_store_unit_i.rdata_b_ext$2581 [8] \data_rdata_i [7:0] }, B={ $load_store_unit_i.rdata_b_ext$2585 [8] \data_rdata_i [15:8] $load_store_unit_i.rdata_b_ext$2589 [8] \data_rdata_i [23:16] $load_store_unit_i.rdata_b_ext$2593 [8] \data_rdata_i [31:24] }, Y=\load_store_unit_i.rdata_b_ext [8:0]
      New connections: \load_store_unit_i.rdata_b_ext [31:9] = { \load_store_unit_i.rdata_b_ext [8] \load_store_unit_i.rdata_b_ext [8] \load_store_unit_i.rdata_b_ext [8] \load_store_unit_i.rdata_b_ext [8] \load_store_unit_i.rdata_b_ext [8] \load_store_unit_i.rdata_b_ext [8] \load_store_unit_i.rdata_b_ext [8] \load_store_unit_i.rdata_b_ext [8] \load_store_unit_i.rdata_b_ext [8] \load_store_unit_i.rdata_b_ext [8] \load_store_unit_i.rdata_b_ext [8] \load_store_unit_i.rdata_b_ext [8] \load_store_unit_i.rdata_b_ext [8] \load_store_unit_i.rdata_b_ext [8] \load_store_unit_i.rdata_b_ext [8] \load_store_unit_i.rdata_b_ext [8] \load_store_unit_i.rdata_b_ext [8] \load_store_unit_i.rdata_b_ext [8] \load_store_unit_i.rdata_b_ext [8] \load_store_unit_i.rdata_b_ext [8] \load_store_unit_i.rdata_b_ext [8] \load_store_unit_i.rdata_b_ext [8] \load_store_unit_i.rdata_b_ext [8] }
    Consolidated identical input bits for $pmux cell $procmux$16502:
      Old ports: A=3'000, B={ 1'0 $auto$wreduce.cc:514:run$20049 [1:0] 1'0 $auto$wreduce.cc:514:run$20050 [1:0] 4'0100 $auto$wreduce.cc:514:run$20046 [1:0] $id_stage_i.decoder_i.alu_op_b_mux_sel_o$1014 }, Y=\id_stage_i.alu_op_b_mux_sel
      New ports: A=2'00, B={ $auto$wreduce.cc:514:run$20049 [1:0] $auto$wreduce.cc:514:run$20050 [1] 3'010 $auto$wreduce.cc:514:run$20046 [1:0] $id_stage_i.decoder_i.alu_op_b_mux_sel_o$1014 [1:0] }, Y=\id_stage_i.alu_op_b_mux_sel [1:0]
      New connections: \id_stage_i.alu_op_b_mux_sel [2] = 1'0
    Consolidated identical input bits for $pmux cell $procmux$16532:
      Old ports: A=7'0000011, B={ 3'000 $auto$wreduce.cc:514:run$20056 [3:0] 2'00 $auto$wreduce.cc:514:run$20057 [4:0] 2'00 $auto$wreduce.cc:514:run$20058 [4:0] 7'0011000 $id_stage_i.decoder_i.alu_operator_o$861 1'0 $auto$wreduce.cc:514:run$20063 [5:0] 2'00 $auto$wreduce.cc:514:run$20055 [4:0] }, Y=\id_stage_i.alu_operator
      New ports: A=6'000011, B={ 2'00 $auto$wreduce.cc:514:run$20056 [3:0] 1'0 $auto$wreduce.cc:514:run$20057 [3] $auto$wreduce.cc:514:run$20057 [3] 1'0 $auto$wreduce.cc:514:run$20057 [0] $auto$wreduce.cc:514:run$20057 [0] 1'0 $auto$wreduce.cc:514:run$20058 [3] $auto$wreduce.cc:514:run$20058 [3] 1'0 $auto$wreduce.cc:514:run$20058 [0] $auto$wreduce.cc:514:run$20058 [0] 6'011000 $id_stage_i.decoder_i.alu_operator_o$861 [5:0] $auto$wreduce.cc:514:run$20063 [5:0] 1'0 $auto$wreduce.cc:514:run$20055 [4:0] }, Y=\id_stage_i.alu_operator [5:0]
      New connections: \id_stage_i.alu_operator [6] = 1'0
    Consolidated identical input bits for $mux cell $procmux$17079:
      Old ports: A={ \if_stage_i.compressed_decoder_i.instr_i [6:2] \if_stage_i.compressed_decoder_i.instr_i [11:7] 3'000 \if_stage_i.compressed_decoder_i.instr_i [11:7] 7'0110011 }, B={ 4'0000 $auto$wreduce.cc:514:run$20089 [20:0] }, Y=$if_stage_i.compressed_decoder_i.instr_o$311 [24:0]
      New ports: A={ \if_stage_i.compressed_decoder_i.instr_i [6:2] \if_stage_i.compressed_decoder_i.instr_i [11:7] \if_stage_i.compressed_decoder_i.instr_i [11:7] 3'010 }, B={ 4'0000 $auto$wreduce.cc:514:run$20089 [4] $auto$wreduce.cc:514:run$20089 [19:15] 4'0000 $auto$wreduce.cc:514:run$20089 [2] 1'1 $auto$wreduce.cc:514:run$20089 [4] $auto$wreduce.cc:514:run$20089 [2] }, Y={ $if_stage_i.compressed_decoder_i.instr_o$311 [24:15] $if_stage_i.compressed_decoder_i.instr_o$311 [11:6] $if_stage_i.compressed_decoder_i.instr_o$311 [4] $if_stage_i.compressed_decoder_i.instr_o$311 [2] }
      New connections: { $if_stage_i.compressed_decoder_i.instr_o$311 [14:12] $if_stage_i.compressed_decoder_i.instr_o$311 [5] $if_stage_i.compressed_decoder_i.instr_o$311 [3] $if_stage_i.compressed_decoder_i.instr_o$311 [1:0] } = 7'0001011
    Consolidated identical input bits for $mux cell $procmux$17112:
      Old ports: A={ 7'0000000 $auto$wreduce.cc:514:run$20088 [24:0] }, B=$if_stage_i.compressed_decoder_i.instr_o$311, Y=$if_stage_i.compressed_decoder_i.instr_o$312
      New ports: A={ $auto$wreduce.cc:514:run$20088 [24:15] 3'000 $auto$wreduce.cc:514:run$20088 [11:7] $auto$wreduce.cc:514:run$20088 [2] 1'1 $auto$wreduce.cc:514:run$20088 [4] 1'0 $auto$wreduce.cc:514:run$20088 [2] 2'11 }, B=$if_stage_i.compressed_decoder_i.instr_o$311 [24:0], Y=$if_stage_i.compressed_decoder_i.instr_o$312 [24:0]
      New connections: $if_stage_i.compressed_decoder_i.instr_o$312 [31:25] = 7'0000000
    Consolidated identical input bits for $pmux cell $procmux$17329:
      Old ports: A={ 1'0 \if_stage_i.compressed_decoder_i.instr_i [10] 5'00000 \if_stage_i.compressed_decoder_i.instr_i [6:2] 2'01 \if_stage_i.compressed_decoder_i.instr_i [9:7] 5'10101 \if_stage_i.compressed_decoder_i.instr_i [9:7] 7'0010011 }, B={ \if_stage_i.compressed_decoder_i.instr_i [12] \if_stage_i.compressed_decoder_i.instr_i [12] \if_stage_i.compressed_decoder_i.instr_i [12] \if_stage_i.compressed_decoder_i.instr_i [12] \if_stage_i.compressed_decoder_i.instr_i [12] \if_stage_i.compressed_decoder_i.instr_i [12] \if_stage_i.compressed_decoder_i.instr_i [12] \if_stage_i.compressed_decoder_i.instr_i [6:2] 2'01 \if_stage_i.compressed_decoder_i.instr_i [9:7] 5'11101 \if_stage_i.compressed_decoder_i.instr_i [9:7] 8'00100110 $auto$wreduce.cc:514:run$20087 [30:0] }, Y=$if_stage_i.compressed_decoder_i.instr_o$283
      New ports: A={ \if_stage_i.compressed_decoder_i.instr_i [10] 1'0 \if_stage_i.compressed_decoder_i.instr_i [6:2] 3'101 \if_stage_i.compressed_decoder_i.instr_i [9:7] 2'01 }, B={ \if_stage_i.compressed_decoder_i.instr_i [12] \if_stage_i.compressed_decoder_i.instr_i [12] \if_stage_i.compressed_decoder_i.instr_i [6:2] 3'111 \if_stage_i.compressed_decoder_i.instr_i [9:7] 2'01 $auto$wreduce.cc:514:run$20087 [30] 2'00 $auto$wreduce.cc:514:run$20087 [0] $auto$wreduce.cc:514:run$20087 [22:20] $auto$wreduce.cc:514:run$20087 [14:12] $auto$wreduce.cc:514:run$20087 [9:7] $auto$wreduce.cc:514:run$20087 [0] $auto$wreduce.cc:514:run$20087 [0] }, Y={ $if_stage_i.compressed_decoder_i.instr_o$283 [30] $if_stage_i.compressed_decoder_i.instr_o$283 [25:20] $if_stage_i.compressed_decoder_i.instr_o$283 [14:12] $if_stage_i.compressed_decoder_i.instr_o$283 [9:7] $if_stage_i.compressed_decoder_i.instr_o$283 [5] $if_stage_i.compressed_decoder_i.instr_o$283 [0] }
      New connections: { $if_stage_i.compressed_decoder_i.instr_o$283 [31] $if_stage_i.compressed_decoder_i.instr_o$283 [29:26] $if_stage_i.compressed_decoder_i.instr_o$283 [19:15] $if_stage_i.compressed_decoder_i.instr_o$283 [11:10] $if_stage_i.compressed_decoder_i.instr_o$283 [6] $if_stage_i.compressed_decoder_i.instr_o$283 [4:1] } = { $if_stage_i.compressed_decoder_i.instr_o$283 [25] $if_stage_i.compressed_decoder_i.instr_o$283 [25] $if_stage_i.compressed_decoder_i.instr_o$283 [25] $if_stage_i.compressed_decoder_i.instr_o$283 [25] $if_stage_i.compressed_decoder_i.instr_o$283 [25] 1'0 $if_stage_i.compressed_decoder_i.instr_o$283 [0] $if_stage_i.compressed_decoder_i.instr_o$283 [9:7] 1'0 $if_stage_i.compressed_decoder_i.instr_o$283 [0] 1'0 $if_stage_i.compressed_decoder_i.instr_o$283 [0] 2'00 $if_stage_i.compressed_decoder_i.instr_o$283 [0] }
    Consolidated identical input bits for $mux cell $procmux$17443:
      Old ports: A={ \if_stage_i.compressed_decoder_i.instr_i [12] $if_stage_i.compressed_decoder_i.instr_o$273 [28:0] }, B=30'000000000000000000000000000000, Y=$if_stage_i.compressed_decoder_i.instr_o$274 [29:0]
      New ports: A={ \if_stage_i.compressed_decoder_i.instr_i [12] $if_stage_i.compressed_decoder_i.instr_o$273 [28:24] $if_stage_i.compressed_decoder_i.instr_o$273 [17:7] $if_stage_i.compressed_decoder_i.instr_o$273 [2] 1'1 }, B=19'0000000000000000000, Y={ $if_stage_i.compressed_decoder_i.instr_o$274 [29:24] $if_stage_i.compressed_decoder_i.instr_o$274 [17:7] $if_stage_i.compressed_decoder_i.instr_o$274 [2] $if_stage_i.compressed_decoder_i.instr_o$274 [0] }
      New connections: { $if_stage_i.compressed_decoder_i.instr_o$274 [23:18] $if_stage_i.compressed_decoder_i.instr_o$274 [6:3] $if_stage_i.compressed_decoder_i.instr_o$274 [1] } = { $if_stage_i.compressed_decoder_i.instr_o$274 [17] $if_stage_i.compressed_decoder_i.instr_o$274 [17] $if_stage_i.compressed_decoder_i.instr_o$274 [17] $if_stage_i.compressed_decoder_i.instr_o$274 [17] $if_stage_i.compressed_decoder_i.instr_o$274 [17] $if_stage_i.compressed_decoder_i.instr_o$274 [17] 1'0 $if_stage_i.compressed_decoder_i.instr_o$274 [2] $if_stage_i.compressed_decoder_i.instr_o$274 [0] 1'0 $if_stage_i.compressed_decoder_i.instr_o$274 [0] }
    Consolidated identical input bits for $pmux cell $procmux$17739:
      Old ports: A=$if_stage_i.aligner_i.pc_n$224, B={ $if_stage_i.aligner_i.pc_n$215 \if_stage_i.aligner_i.pc_plus2 [31:1] 1'x }, Y=$if_stage_i.aligner_i.pc_n$251
      New ports: A=$if_stage_i.aligner_i.pc_n$224 [31:1], B={ $if_stage_i.aligner_i.pc_n$215 [31:1] \if_stage_i.aligner_i.pc_plus2 [31:1] }, Y=$if_stage_i.aligner_i.pc_n$251 [31:1]
      New connections: $if_stage_i.aligner_i.pc_n$251 [0] = 1'x
    Consolidated identical input bits for $mux cell $procmux$17988:
      Old ports: A=$if_stage_i.prefetch_buffer_i.prefetch_controller_i.trans_addr_o$40, B=$46y, Y=\if_stage_i.prefetch_buffer_i.prefetch_controller_i.trans_addr_o
      New ports: A={ $if_stage_i.prefetch_buffer_i.prefetch_controller_i.trans_addr_o$40 [31:2] 1'0 }, B={ $46y [31:2] $46y [0] }, Y={ \if_stage_i.prefetch_buffer_i.prefetch_controller_i.trans_addr_o [31:2] \if_stage_i.prefetch_buffer_i.prefetch_controller_i.trans_addr_o [0] }
      New connections: \if_stage_i.prefetch_buffer_i.prefetch_controller_i.trans_addr_o [1] = \if_stage_i.prefetch_buffer_i.prefetch_controller_i.trans_addr_o [0]
    Consolidated identical input bits for $pmux cell $procmux$237:
      Old ports: A=$load_store_unit_i.rdata_h_ext$2563, B={ $load_store_unit_i.rdata_h_ext$2567 $load_store_unit_i.rdata_h_ext$2571 $load_store_unit_i.rdata_h_ext$2575 }, Y=\load_store_unit_i.rdata_h_ext
      New ports: A={ $load_store_unit_i.rdata_h_ext$2563 [16] \data_rdata_i [15:0] }, B={ $load_store_unit_i.rdata_h_ext$2567 [16] \data_rdata_i [23:8] $load_store_unit_i.rdata_h_ext$2571 [16] \data_rdata_i [31:16] $load_store_unit_i.rdata_h_ext$2575 [16] \data_rdata_i [7:0] \load_store_unit_i.rdata_q [31:24] }, Y=\load_store_unit_i.rdata_h_ext [16:0]
      New connections: \load_store_unit_i.rdata_h_ext [31:17] = { \load_store_unit_i.rdata_h_ext [16] \load_store_unit_i.rdata_h_ext [16] \load_store_unit_i.rdata_h_ext [16] \load_store_unit_i.rdata_h_ext [16] \load_store_unit_i.rdata_h_ext [16] \load_store_unit_i.rdata_h_ext [16] \load_store_unit_i.rdata_h_ext [16] \load_store_unit_i.rdata_h_ext [16] \load_store_unit_i.rdata_h_ext [16] \load_store_unit_i.rdata_h_ext [16] \load_store_unit_i.rdata_h_ext [16] \load_store_unit_i.rdata_h_ext [16] \load_store_unit_i.rdata_h_ext [16] \load_store_unit_i.rdata_h_ext [16] \load_store_unit_i.rdata_h_ext [16] }
    Consolidated identical input bits for $mux cell $procmux$2839:
      Old ports: A={ 1'1 $auto$wreduce.cc:514:run$20070 [1:0] }, B=3'000, Y=$auto$wreduce.cc:514:run$20071 [2:0]
      New ports: A={ 1'1 $auto$wreduce.cc:514:run$20070 [0] }, B=2'00, Y={ $auto$wreduce.cc:514:run$20071 [2] $auto$wreduce.cc:514:run$20071 [0] }
      New connections: $auto$wreduce.cc:514:run$20071 [1] = $auto$wreduce.cc:514:run$20071 [0]
    Consolidated identical input bits for $mux cell $procmux$4474:
      Old ports: A=2'00, B=$id_stage_i.controller_i.operand_b_fw_mux_sel_o$1547, Y=$id_stage_i.controller_i.operand_b_fw_mux_sel_o$1551
      New ports: A=1'0, B=$id_stage_i.controller_i.operand_b_fw_mux_sel_o$1547 [1], Y=$id_stage_i.controller_i.operand_b_fw_mux_sel_o$1551 [1]
      New connections: $id_stage_i.controller_i.operand_b_fw_mux_sel_o$1551 [0] = 1'0
    Consolidated identical input bits for $mux cell $procmux$4477:
      Old ports: A=2'00, B=$id_stage_i.controller_i.operand_a_fw_mux_sel_o$1545, Y=$id_stage_i.controller_i.operand_a_fw_mux_sel_o$1550
      New ports: A=1'0, B=$id_stage_i.controller_i.operand_a_fw_mux_sel_o$1545 [1], Y=$id_stage_i.controller_i.operand_a_fw_mux_sel_o$1550 [1]
      New connections: $id_stage_i.controller_i.operand_a_fw_mux_sel_o$1550 [0] = 1'0
    Consolidated identical input bits for $mux cell $procmux$4574:
      Old ports: A=$auto$wreduce.cc:514:run$20020 [1:0], B=2'01, Y=$auto$wreduce.cc:514:run$20021 [1:0]
      New ports: A=$auto$wreduce.cc:514:run$20020 [1], B=1'0, Y=$auto$wreduce.cc:514:run$20021 [1]
      New connections: $auto$wreduce.cc:514:run$20021 [0] = 1'1
    Consolidated identical input bits for $mux cell $procmux$5271:
      Old ports: A=$auto$wreduce.cc:514:run$20038 [2:0], B=3'100, Y=$auto$wreduce.cc:514:run$20039 [2:0]
      New ports: A={ $auto$wreduce.cc:514:run$20038 [2] $auto$wreduce.cc:514:run$20038 [0] }, B=2'10, Y={ $auto$wreduce.cc:514:run$20039 [2] $auto$wreduce.cc:514:run$20039 [0] }
      New connections: $auto$wreduce.cc:514:run$20039 [1] = 1'0
    Consolidated identical input bits for $mux cell $procmux$5850:
      Old ports: A=$auto$wreduce.cc:514:run$20017 [3:0], B=4'0010, Y=$auto$wreduce.cc:514:run$20018 [3:0]
      New ports: A={ $auto$wreduce.cc:514:run$20017 [3] $auto$wreduce.cc:514:run$20017 [0] $auto$wreduce.cc:514:run$20017 [0] }, B=3'010, Y={ $auto$wreduce.cc:514:run$20018 [3] $auto$wreduce.cc:514:run$20018 [1:0] }
      New connections: $auto$wreduce.cc:514:run$20018 [2] = 1'0
    Consolidated identical input bits for $mux cell $procmux$7881:
      Old ports: A=$auto$wreduce.cc:514:run$20031 [1:0], B=2'00, Y=$auto$wreduce.cc:514:run$20032 [1:0]
      New ports: A=$auto$wreduce.cc:514:run$20031 [1], B=1'0, Y=$auto$wreduce.cc:514:run$20032 [1]
      New connections: $auto$wreduce.cc:514:run$20032 [0] = 1'0
  Optimizing cells in module \cv32e40p_core.
    Consolidated identical input bits for $mux cell $2226:
      Old ports: A=\ex_stage_i.alu_i.ff_one_i.index_nodes [24:20], B=\ex_stage_i.alu_i.ff_one_i.index_nodes [19:15], Y=\ex_stage_i.alu_i.ff_one_i.index_nodes [9:5]
      New ports: A={ 1'1 \ex_stage_i.alu_i.ff_one_i.index_nodes [22:20] }, B={ 1'0 \ex_stage_i.alu_i.ff_one_i.index_nodes [17:15] }, Y=\ex_stage_i.alu_i.ff_one_i.index_nodes [8:5]
      New connections: \ex_stage_i.alu_i.ff_one_i.index_nodes [9] = 1'0
    Consolidated identical input bits for $mux cell $2229:
      Old ports: A=\ex_stage_i.alu_i.ff_one_i.index_nodes [34:30], B=\ex_stage_i.alu_i.ff_one_i.index_nodes [29:25], Y=\ex_stage_i.alu_i.ff_one_i.index_nodes [14:10]
      New ports: A={ 1'1 \ex_stage_i.alu_i.ff_one_i.index_nodes [32:30] }, B={ 1'0 \ex_stage_i.alu_i.ff_one_i.index_nodes [27:25] }, Y=\ex_stage_i.alu_i.ff_one_i.index_nodes [13:10]
      New connections: \ex_stage_i.alu_i.ff_one_i.index_nodes [14] = 1'1
    Consolidated identical input bits for $mux cell $procmux$1234:
      Old ports: A=7'0000011, B=\id_stage_i.alu_operator, Y=$id_stage_i.alu_operator_ex_o$1722
      New ports: A=6'000011, B=\id_stage_i.alu_operator [5:0], Y=$id_stage_i.alu_operator_ex_o$1722 [5:0]
      New connections: $id_stage_i.alu_operator_ex_o$1722 [6] = 1'0
    Consolidated identical input bits for $mux cell $procmux$12696:
      Old ports: A=2'00, B=$auto$wreduce.cc:514:run$20052 [1:0], Y=$auto$wreduce.cc:514:run$20053 [1:0]
      New ports: A=1'0, B=$auto$wreduce.cc:514:run$20052 [1], Y=$auto$wreduce.cc:514:run$20053 [1]
      New connections: $auto$wreduce.cc:514:run$20053 [0] = 1'0
    Consolidated identical input bits for $mux cell $procmux$12707:
      Old ports: A=5'00011, B=$auto$wreduce.cc:514:run$20065 [4:0], Y=$auto$wreduce.cc:514:run$20066 [4:0]
      New ports: A=2'01, B={ $auto$wreduce.cc:514:run$20065 [3] $auto$wreduce.cc:514:run$20065 [0] }, Y={ $auto$wreduce.cc:514:run$20066 [3] $auto$wreduce.cc:514:run$20066 [0] }
      New connections: { $auto$wreduce.cc:514:run$20066 [4] $auto$wreduce.cc:514:run$20066 [2:1] } = { $auto$wreduce.cc:514:run$20066 [3] 1'0 $auto$wreduce.cc:514:run$20066 [0] }
    Consolidated identical input bits for $mux cell $procmux$14759:
      Old ports: A=$auto$wreduce.cc:514:run$20045 [1:0], B=2'00, Y=$auto$wreduce.cc:514:run$20046 [1:0]
      New ports: A=$auto$wreduce.cc:514:run$20045 [0], B=1'0, Y=$auto$wreduce.cc:514:run$20046 [0]
      New connections: $auto$wreduce.cc:514:run$20046 [1] = $auto$wreduce.cc:514:run$20046 [0]
    Consolidated identical input bits for $mux cell $procmux$17112:
      Old ports: A={ $auto$wreduce.cc:514:run$20088 [24:15] 3'000 $auto$wreduce.cc:514:run$20088 [11:7] $auto$wreduce.cc:514:run$20088 [2] 1'1 $auto$wreduce.cc:514:run$20088 [4] 1'0 $auto$wreduce.cc:514:run$20088 [2] 2'11 }, B=$if_stage_i.compressed_decoder_i.instr_o$311 [24:0], Y=$if_stage_i.compressed_decoder_i.instr_o$312 [24:0]
      New ports: A={ $auto$wreduce.cc:514:run$20088 [24:15] $auto$wreduce.cc:514:run$20088 [11:7] $auto$wreduce.cc:514:run$20088 [2] $auto$wreduce.cc:514:run$20088 [4] $auto$wreduce.cc:514:run$20088 [2] }, B={ $if_stage_i.compressed_decoder_i.instr_o$311 [24:15] $if_stage_i.compressed_decoder_i.instr_o$311 [11:6] $if_stage_i.compressed_decoder_i.instr_o$311 [4] $if_stage_i.compressed_decoder_i.instr_o$311 [2] }, Y={ $if_stage_i.compressed_decoder_i.instr_o$312 [24:15] $if_stage_i.compressed_decoder_i.instr_o$312 [11:6] $if_stage_i.compressed_decoder_i.instr_o$312 [4] $if_stage_i.compressed_decoder_i.instr_o$312 [2] }
      New connections: { $if_stage_i.compressed_decoder_i.instr_o$312 [14:12] $if_stage_i.compressed_decoder_i.instr_o$312 [5] $if_stage_i.compressed_decoder_i.instr_o$312 [3] $if_stage_i.compressed_decoder_i.instr_o$312 [1:0] } = 7'0001011
    Consolidated identical input bits for $pmux cell $procmux$17289:
      Old ports: A=0, B={ 7'0000000 \if_stage_i.compressed_decoder_i.instr_i [6:2] \if_stage_i.compressed_decoder_i.instr_i [11:7] 3'001 \if_stage_i.compressed_decoder_i.instr_i [11:7] 11'00100110000 \if_stage_i.compressed_decoder_i.instr_i [3:2] \if_stage_i.compressed_decoder_i.instr_i [12] \if_stage_i.compressed_decoder_i.instr_i [6:4] 10'0000010010 \if_stage_i.compressed_decoder_i.instr_i [11:7] 7'0000011 $if_stage_i.compressed_decoder_i.instr_o$312 4'0000 \if_stage_i.compressed_decoder_i.instr_i [8:7] \if_stage_i.compressed_decoder_i.instr_i [12] \if_stage_i.compressed_decoder_i.instr_i [6:2] 8'00010010 \if_stage_i.compressed_decoder_i.instr_i [11:9] 9'000100011 }, Y=$if_stage_i.compressed_decoder_i.instr_o$316
      New ports: A=28'0000000000000000000000000000, B={ 3'000 \if_stage_i.compressed_decoder_i.instr_i [6:2] \if_stage_i.compressed_decoder_i.instr_i [11:7] 3'001 \if_stage_i.compressed_decoder_i.instr_i [11:7] 7'0010011 \if_stage_i.compressed_decoder_i.instr_i [3:2] \if_stage_i.compressed_decoder_i.instr_i [12] \if_stage_i.compressed_decoder_i.instr_i [6:4] 10'0000010010 \if_stage_i.compressed_decoder_i.instr_i [11:7] 10'0000011000 $if_stage_i.compressed_decoder_i.instr_o$312 [24:0] \if_stage_i.compressed_decoder_i.instr_i [8:7] \if_stage_i.compressed_decoder_i.instr_i [12] \if_stage_i.compressed_decoder_i.instr_i [6:2] 8'00010010 \if_stage_i.compressed_decoder_i.instr_i [11:9] 9'000100011 }, Y=$if_stage_i.compressed_decoder_i.instr_o$316 [27:0]
      New connections: $if_stage_i.compressed_decoder_i.instr_o$316 [31:28] = 4'0000
    Consolidated identical input bits for $pmux cell $procmux$17462:
      Old ports: A={ \if_stage_i.compressed_decoder_i.instr_i [12] \if_stage_i.compressed_decoder_i.instr_i [12] \if_stage_i.compressed_decoder_i.instr_i [12] \if_stage_i.compressed_decoder_i.instr_i [12] \if_stage_i.compressed_decoder_i.instr_i [12] \if_stage_i.compressed_decoder_i.instr_i [12] \if_stage_i.compressed_decoder_i.instr_i [12] \if_stage_i.compressed_decoder_i.instr_i [6:2] \if_stage_i.compressed_decoder_i.instr_i [11:7] 3'000 \if_stage_i.compressed_decoder_i.instr_i [11:7] 7'0010011 }, B={ \if_stage_i.compressed_decoder_i.instr_i [12] \if_stage_i.compressed_decoder_i.instr_i [8] \if_stage_i.compressed_decoder_i.instr_i [10:9] \if_stage_i.compressed_decoder_i.instr_i [6] \if_stage_i.compressed_decoder_i.instr_i [7] \if_stage_i.compressed_decoder_i.instr_i [2] \if_stage_i.compressed_decoder_i.instr_i [11] \if_stage_i.compressed_decoder_i.instr_i [5:3] \if_stage_i.compressed_decoder_i.instr_i [12] \if_stage_i.compressed_decoder_i.instr_i [12] \if_stage_i.compressed_decoder_i.instr_i [12] \if_stage_i.compressed_decoder_i.instr_i [12] \if_stage_i.compressed_decoder_i.instr_i [12] \if_stage_i.compressed_decoder_i.instr_i [12] \if_stage_i.compressed_decoder_i.instr_i [12] \if_stage_i.compressed_decoder_i.instr_i [12] \if_stage_i.compressed_decoder_i.instr_i [12] 4'0000 $266y 7'1101111 \if_stage_i.compressed_decoder_i.instr_i [12] \if_stage_i.compressed_decoder_i.instr_i [12] \if_stage_i.compressed_decoder_i.instr_i [12] \if_stage_i.compressed_decoder_i.instr_i [12] \if_stage_i.compressed_decoder_i.instr_i [12] \if_stage_i.compressed_decoder_i.instr_i [12] \if_stage_i.compressed_decoder_i.instr_i [12] \if_stage_i.compressed_decoder_i.instr_i [6:2] 8'00000000 \if_stage_i.compressed_decoder_i.instr_i [11:7] 7'0010011 $if_stage_i.compressed_decoder_i.instr_o$274 $if_stage_i.compressed_decoder_i.instr_o$283 \if_stage_i.compressed_decoder_i.instr_i [12] \if_stage_i.compressed_decoder_i.instr_i [12] \if_stage_i.compressed_decoder_i.instr_i [12] \if_stage_i.compressed_decoder_i.instr_i [12] \if_stage_i.compressed_decoder_i.instr_i [6:5] \if_stage_i.compressed_decoder_i.instr_i [2] 7'0000001 \if_stage_i.compressed_decoder_i.instr_i [9:7] 2'00 \if_stage_i.compressed_decoder_i.instr_i [13] \if_stage_i.compressed_decoder_i.instr_i [11:10] \if_stage_i.compressed_decoder_i.instr_i [4:3] \if_stage_i.compressed_decoder_i.instr_i [12] 7'1100011 }, Y=$if_stage_i.compressed_decoder_i.instr_o$285
      New ports: A={ \if_stage_i.compressed_decoder_i.instr_i [12] \if_stage_i.compressed_decoder_i.instr_i [12] \if_stage_i.compressed_decoder_i.instr_i [12] \if_stage_i.compressed_decoder_i.instr_i [12] \if_stage_i.compressed_decoder_i.instr_i [12] \if_stage_i.compressed_decoder_i.instr_i [12] \if_stage_i.compressed_decoder_i.instr_i [12] \if_stage_i.compressed_decoder_i.instr_i [6:2] \if_stage_i.compressed_decoder_i.instr_i [11:7] 3'000 \if_stage_i.compressed_decoder_i.instr_i [11:7] 6'001001 }, B={ \if_stage_i.compressed_decoder_i.instr_i [12] \if_stage_i.compressed_decoder_i.instr_i [8] \if_stage_i.compressed_decoder_i.instr_i [10:9] \if_stage_i.compressed_decoder_i.instr_i [6] \if_stage_i.compressed_decoder_i.instr_i [7] \if_stage_i.compressed_decoder_i.instr_i [2] \if_stage_i.compressed_decoder_i.instr_i [11] \if_stage_i.compressed_decoder_i.instr_i [5:3] \if_stage_i.compressed_decoder_i.instr_i [12] \if_stage_i.compressed_decoder_i.instr_i [12] \if_stage_i.compressed_decoder_i.instr_i [12] \if_stage_i.compressed_decoder_i.instr_i [12] \if_stage_i.compressed_decoder_i.instr_i [12] \if_stage_i.compressed_decoder_i.instr_i [12] \if_stage_i.compressed_decoder_i.instr_i [12] \if_stage_i.compressed_decoder_i.instr_i [12] \if_stage_i.compressed_decoder_i.instr_i [12] 4'0000 $266y 6'110111 \if_stage_i.compressed_decoder_i.instr_i [12] \if_stage_i.compressed_decoder_i.instr_i [12] \if_stage_i.compressed_decoder_i.instr_i [12] \if_stage_i.compressed_decoder_i.instr_i [12] \if_stage_i.compressed_decoder_i.instr_i [12] \if_stage_i.compressed_decoder_i.instr_i [12] \if_stage_i.compressed_decoder_i.instr_i [12] \if_stage_i.compressed_decoder_i.instr_i [6:2] 8'00000000 \if_stage_i.compressed_decoder_i.instr_i [11:7] 6'001001 $if_stage_i.compressed_decoder_i.instr_o$274 [29] $if_stage_i.compressed_decoder_i.instr_o$274 [29] $if_stage_i.compressed_decoder_i.instr_o$274 [29:24] $if_stage_i.compressed_decoder_i.instr_o$274 [17] $if_stage_i.compressed_decoder_i.instr_o$274 [17] $if_stage_i.compressed_decoder_i.instr_o$274 [17] $if_stage_i.compressed_decoder_i.instr_o$274 [17] $if_stage_i.compressed_decoder_i.instr_o$274 [17] $if_stage_i.compressed_decoder_i.instr_o$274 [17] $if_stage_i.compressed_decoder_i.instr_o$274 [17:7] 1'0 $if_stage_i.compressed_decoder_i.instr_o$274 [2] $if_stage_i.compressed_decoder_i.instr_o$274 [0] 1'0 $if_stage_i.compressed_decoder_i.instr_o$274 [2] $if_stage_i.compressed_decoder_i.instr_o$274 [0] $if_stage_i.compressed_decoder_i.instr_o$283 [25] $if_stage_i.compressed_decoder_i.instr_o$283 [30] $if_stage_i.compressed_decoder_i.instr_o$283 [25] $if_stage_i.compressed_decoder_i.instr_o$283 [25] $if_stage_i.compressed_decoder_i.instr_o$283 [25] $if_stage_i.compressed_decoder_i.instr_o$283 [25] $if_stage_i.compressed_decoder_i.instr_o$283 [25:20] 1'0 $if_stage_i.compressed_decoder_i.instr_o$283 [0] $if_stage_i.compressed_decoder_i.instr_o$283 [9:7] $if_stage_i.compressed_decoder_i.instr_o$283 [14:12] 1'0 $if_stage_i.compressed_decoder_i.instr_o$283 [0] $if_stage_i.compressed_decoder_i.instr_o$283 [9:7] 1'0 $if_stage_i.compressed_decoder_i.instr_o$283 [5] $if_stage_i.compressed_decoder_i.instr_o$283 [0] 2'00 $if_stage_i.compressed_decoder_i.instr_o$283 [0] \if_stage_i.compressed_decoder_i.instr_i [12] \if_stage_i.compressed_decoder_i.instr_i [12] \if_stage_i.compressed_decoder_i.instr_i [12] \if_stage_i.compressed_decoder_i.instr_i [12] \if_stage_i.compressed_decoder_i.instr_i [6:5] \if_stage_i.compressed_decoder_i.instr_i [2] 7'0000001 \if_stage_i.compressed_decoder_i.instr_i [9:7] 2'00 \if_stage_i.compressed_decoder_i.instr_i [13] \if_stage_i.compressed_decoder_i.instr_i [11:10] \if_stage_i.compressed_decoder_i.instr_i [4:3] \if_stage_i.compressed_decoder_i.instr_i [12] 6'110001 }, Y={ $if_stage_i.compressed_decoder_i.instr_o$285 [31:2] $if_stage_i.compressed_decoder_i.instr_o$285 [0] }
      New connections: $if_stage_i.compressed_decoder_i.instr_o$285 [1] = $if_stage_i.compressed_decoder_i.instr_o$285 [0]
    Consolidated identical input bits for $mux cell $procmux$2933:
      Old ports: A={ 1'0 $auto$wreduce.cc:514:run$20071 [2:0] }, B=4'1000, Y=$auto$wreduce.cc:514:run$20072 [3:0]
      New ports: A={ 1'0 $auto$wreduce.cc:514:run$20071 [2] $auto$wreduce.cc:514:run$20071 [0] }, B=3'100, Y={ $auto$wreduce.cc:514:run$20072 [3:2] $auto$wreduce.cc:514:run$20072 [0] }
      New connections: $auto$wreduce.cc:514:run$20072 [1] = $auto$wreduce.cc:514:run$20072 [0]
    Consolidated identical input bits for $mux cell $procmux$5923:
      Old ports: A=4'0000, B=$auto$wreduce.cc:514:run$20018 [3:0], Y=$auto$wreduce.cc:514:run$20019 [3:0]
      New ports: A=3'000, B={ $auto$wreduce.cc:514:run$20018 [3] $auto$wreduce.cc:514:run$20018 [1:0] }, Y={ $auto$wreduce.cc:514:run$20019 [3] $auto$wreduce.cc:514:run$20019 [1:0] }
      New connections: $auto$wreduce.cc:514:run$20019 [2] = 1'0
    Consolidated identical input bits for $mux cell $procmux$8018:
      Old ports: A={ 1'0 $auto$wreduce.cc:514:run$20032 [1:0] }, B=3'100, Y=$auto$wreduce.cc:514:run$20033 [2:0]
      New ports: A={ 1'0 $auto$wreduce.cc:514:run$20032 [1] }, B=2'10, Y=$auto$wreduce.cc:514:run$20033 [2:1]
      New connections: $auto$wreduce.cc:514:run$20033 [0] = 1'0
  Optimizing cells in module \cv32e40p_core.
    Consolidated identical input bits for $mux cell $procmux$12412:
      Old ports: A=2'10, B=$auto$wreduce.cc:514:run$20053 [1:0], Y=$id_stage_i.decoder_i.alu_op_b_mux_sel_o$1014 [1:0]
      New ports: A=1'1, B=$auto$wreduce.cc:514:run$20053 [1], Y=$id_stage_i.decoder_i.alu_op_b_mux_sel_o$1014 [1]
      New connections: $id_stage_i.decoder_i.alu_op_b_mux_sel_o$1014 [0] = 1'0
    Consolidated identical input bits for $mux cell $procmux$12872:
      Old ports: A=5'00011, B=$auto$wreduce.cc:514:run$20066 [4:0], Y=$auto$wreduce.cc:514:run$20055 [4:0]
      New ports: A=2'01, B={ $auto$wreduce.cc:514:run$20066 [3] $auto$wreduce.cc:514:run$20066 [0] }, Y={ $auto$wreduce.cc:514:run$20055 [3] $auto$wreduce.cc:514:run$20055 [0] }
      New connections: { $auto$wreduce.cc:514:run$20055 [4] $auto$wreduce.cc:514:run$20055 [2:1] } = { $auto$wreduce.cc:514:run$20055 [3] 1'0 $auto$wreduce.cc:514:run$20055 [0] }
    Consolidated identical input bits for $pmux cell $procmux$17289:
      Old ports: A=28'0000000000000000000000000000, B={ 3'000 \if_stage_i.compressed_decoder_i.instr_i [6:2] \if_stage_i.compressed_decoder_i.instr_i [11:7] 3'001 \if_stage_i.compressed_decoder_i.instr_i [11:7] 7'0010011 \if_stage_i.compressed_decoder_i.instr_i [3:2] \if_stage_i.compressed_decoder_i.instr_i [12] \if_stage_i.compressed_decoder_i.instr_i [6:4] 10'0000010010 \if_stage_i.compressed_decoder_i.instr_i [11:7] 10'0000011000 $if_stage_i.compressed_decoder_i.instr_o$312 [24:0] \if_stage_i.compressed_decoder_i.instr_i [8:7] \if_stage_i.compressed_decoder_i.instr_i [12] \if_stage_i.compressed_decoder_i.instr_i [6:2] 8'00010010 \if_stage_i.compressed_decoder_i.instr_i [11:9] 9'000100011 }, Y=$if_stage_i.compressed_decoder_i.instr_o$316 [27:0]
      New ports: A=25'0000000000000000000000000, B={ 3'000 \if_stage_i.compressed_decoder_i.instr_i [6:2] \if_stage_i.compressed_decoder_i.instr_i [11:7] 2'01 \if_stage_i.compressed_decoder_i.instr_i [11:7] 5'00101 \if_stage_i.compressed_decoder_i.instr_i [3:2] \if_stage_i.compressed_decoder_i.instr_i [12] \if_stage_i.compressed_decoder_i.instr_i [6:4] 9'000001010 \if_stage_i.compressed_decoder_i.instr_i [11:7] 8'00001000 $if_stage_i.compressed_decoder_i.instr_o$312 [24:15] 2'00 $if_stage_i.compressed_decoder_i.instr_o$312 [11:6] 1'1 $if_stage_i.compressed_decoder_i.instr_o$312 [4] $if_stage_i.compressed_decoder_i.instr_o$312 [2] 1'1 \if_stage_i.compressed_decoder_i.instr_i [8:7] \if_stage_i.compressed_decoder_i.instr_i [12] \if_stage_i.compressed_decoder_i.instr_i [6:2] 7'0001010 \if_stage_i.compressed_decoder_i.instr_i [11:9] 7'0001001 }, Y={ $if_stage_i.compressed_decoder_i.instr_o$316 [27:15] $if_stage_i.compressed_decoder_i.instr_o$316 [13:4] $if_stage_i.compressed_decoder_i.instr_o$316 [2] $if_stage_i.compressed_decoder_i.instr_o$316 [0] }
      New connections: { $if_stage_i.compressed_decoder_i.instr_o$316 [14] $if_stage_i.compressed_decoder_i.instr_o$316 [3] $if_stage_i.compressed_decoder_i.instr_o$316 [1] } = { 2'00 $if_stage_i.compressed_decoder_i.instr_o$316 [0] }
    Consolidated identical input bits for $mux cell $procmux$9119:
      Old ports: A=$auto$wreduce.cc:514:run$20033 [2:0], B=3'000, Y=$auto$wreduce.cc:514:run$20034 [2:0]
      New ports: A=$auto$wreduce.cc:514:run$20033 [2:1], B=2'00, Y=$auto$wreduce.cc:514:run$20034 [2:1]
      New connections: $auto$wreduce.cc:514:run$20034 [0] = 1'0
  Optimizing cells in module \cv32e40p_core.
    Consolidated identical input bits for $mux cell $procmux$9700:
      Old ports: A=3'000, B=$auto$wreduce.cc:514:run$20034 [2:0], Y=$auto$wreduce.cc:514:run$20035 [2:0]
      New ports: A=2'00, B=$auto$wreduce.cc:514:run$20034 [2:1], Y=$auto$wreduce.cc:514:run$20035 [2:1]
      New connections: $auto$wreduce.cc:514:run$20035 [0] = 1'0
  Optimizing cells in module \cv32e40p_core.
Performed a total of 124 changes.

4.20.5. Executing OPT_MERGE pass (detect identical cells).
Finding identical cells in module `\cv32e40p_core'.
<suppressed ~42 debug messages>
Removed a total of 14 cells.

4.20.6. Executing OPT_SHARE pass.
    Found cells that share an operand and can be merged by moving the $mux $2372 in front of them:
        $auto$alumacc.cc:512:replace_alu$20293
        $auto$alumacc.cc:512:replace_alu$20343

    Found cells that share an operand and can be merged by moving the $pmux $procmux$17035 in front of them:
        $auto$alumacc.cc:512:replace_alu$20331
        $auto$alumacc.cc:512:replace_alu$20358

    Found cells that share an operand and can be merged by moving the $mux $procmux$17923 in front of them:
        $auto$alumacc.cc:512:replace_alu$20278
        $auto$alumacc.cc:512:replace_alu$20272

4.20.7. Executing OPT_DFF pass (perform DFF optimizations).

4.20.8. Executing OPT_CLEAN pass (remove unused cells and wires).
Finding unused cells or wires in module \cv32e40p_core..
Removed 0 unused cells and 31 unused wires.
<suppressed ~1 debug messages>

4.20.9. Executing OPT_EXPR pass (perform const folding).
Optimizing module cv32e40p_core.
<suppressed ~51 debug messages>

4.20.10. Rerunning OPT passes. (Maybe there is more to do..)

4.20.11. Executing OPT_MUXTREE pass (detect dead branches in mux trees).
Running muxtree optimizer on module \cv32e40p_core..
  Creating internal representation of mux trees.
  Evaluating internal representation of mux trees.
  Analyzing evaluation results.
    dead port 2/2 on $mux $2155.
    dead port 2/2 on $mux $2167.
    dead port 1/5 on $pmux $procmux$17003.
Removed 3 multiplexer ports.
<suppressed ~3523 debug messages>

4.20.12. Executing OPT_REDUCE pass (consolidate $*mux and $reduce_* inputs).
  Optimizing cells in module \cv32e40p_core.
    Consolidated identical input bits for $mux cell $auto$opt_share.cc:244:merge_operators$20465:
      Old ports: A=2'11, B=2'01, Y=$auto$rtlil.cc:3469:Mux$20466
      New ports: A=1'1, B=1'0, Y=$auto$rtlil.cc:3469:Mux$20466 [1]
      New connections: $auto$rtlil.cc:3469:Mux$20466 [0] = 1'1
    Consolidated identical input bits for $mux cell $auto$opt_share.cc:246:merge_operators$20458:
      Old ports: A={ \if_stage_i.instr_rdata_id_o [31] \if_stage_i.instr_rdata_id_o [31] \if_stage_i.instr_rdata_id_o [31] \if_stage_i.instr_rdata_id_o [31] \if_stage_i.instr_rdata_id_o [31] \if_stage_i.instr_rdata_id_o [31] \if_stage_i.instr_rdata_id_o [31] \if_stage_i.instr_rdata_id_o [31] \if_stage_i.instr_rdata_id_o [31] \if_stage_i.instr_rdata_id_o [31] \if_stage_i.instr_rdata_id_o [31] \if_stage_i.instr_rdata_id_o [31] \if_stage_i.instr_rdata_id_o [19:12] \if_stage_i.instr_rdata_id_o [20] \if_stage_i.instr_rdata_id_o [30:21] }, B={ \if_stage_i.instr_rdata_id_o [31] \if_stage_i.instr_rdata_id_o [31] \if_stage_i.instr_rdata_id_o [31] \if_stage_i.instr_rdata_id_o [31] \if_stage_i.instr_rdata_id_o [31] \if_stage_i.instr_rdata_id_o [31] \if_stage_i.instr_rdata_id_o [31] \if_stage_i.instr_rdata_id_o [31] \if_stage_i.instr_rdata_id_o [31] \if_stage_i.instr_rdata_id_o [31] \if_stage_i.instr_rdata_id_o [31] \if_stage_i.instr_rdata_id_o [31] \if_stage_i.instr_rdata_id_o [31] \if_stage_i.instr_rdata_id_o [31] \if_stage_i.instr_rdata_id_o [31] \if_stage_i.instr_rdata_id_o [31] \if_stage_i.instr_rdata_id_o [31] \if_stage_i.instr_rdata_id_o [31] \if_stage_i.instr_rdata_id_o [31] \if_stage_i.instr_rdata_id_o [31] \if_stage_i.instr_rdata_id_o [7] \if_stage_i.instr_rdata_id_o [30:25] \if_stage_i.instr_rdata_id_o [11:8] }, Y=$auto$rtlil.cc:3471:Pmux$20459
      New ports: A={ \if_stage_i.instr_rdata_id_o [19:12] \if_stage_i.instr_rdata_id_o [20] \if_stage_i.instr_rdata_id_o [24:21] }, B={ \if_stage_i.instr_rdata_id_o [31] \if_stage_i.instr_rdata_id_o [31] \if_stage_i.instr_rdata_id_o [31] \if_stage_i.instr_rdata_id_o [31] \if_stage_i.instr_rdata_id_o [31] \if_stage_i.instr_rdata_id_o [31] \if_stage_i.instr_rdata_id_o [31] \if_stage_i.instr_rdata_id_o [31] \if_stage_i.instr_rdata_id_o [7] \if_stage_i.instr_rdata_id_o [11:8] }, Y={ $auto$rtlil.cc:3471:Pmux$20459 [18:10] $auto$rtlil.cc:3471:Pmux$20459 [3:0] }
      New connections: { $auto$rtlil.cc:3471:Pmux$20459 [30:19] $auto$rtlil.cc:3471:Pmux$20459 [9:4] } = { \if_stage_i.instr_rdata_id_o [31] \if_stage_i.instr_rdata_id_o [31] \if_stage_i.instr_rdata_id_o [31] \if_stage_i.instr_rdata_id_o [31] \if_stage_i.instr_rdata_id_o [31] \if_stage_i.instr_rdata_id_o [31] \if_stage_i.instr_rdata_id_o [31] \if_stage_i.instr_rdata_id_o [31] \if_stage_i.instr_rdata_id_o [31] \if_stage_i.instr_rdata_id_o [31] \if_stage_i.instr_rdata_id_o [31] \if_stage_i.instr_rdata_id_o [31:25] }
    New ctrl vector for $pmux cell $procmux$17035: $auto$opt_reduce.cc:137:opt_pmux$20470
  Optimizing cells in module \cv32e40p_core.
Performed a total of 3 changes.

4.20.13. Executing OPT_MERGE pass (detect identical cells).
Finding identical cells in module `\cv32e40p_core'.
<suppressed ~12 debug messages>
Removed a total of 4 cells.

4.20.14. Executing OPT_SHARE pass.

4.20.15. Executing OPT_DFF pass (perform DFF optimizations).
Setting constant 0-bit at position 6 on $auto$ff.cc:337:slice$19780 ($adffe) from module cv32e40p_core.

4.20.16. Executing OPT_CLEAN pass (remove unused cells and wires).
Finding unused cells or wires in module \cv32e40p_core..
Removed 0 unused cells and 38 unused wires.
<suppressed ~1 debug messages>

4.20.17. Executing OPT_EXPR pass (perform const folding).
Optimizing module cv32e40p_core.
<suppressed ~4 debug messages>

4.20.18. Rerunning OPT passes. (Maybe there is more to do..)

4.20.19. Executing OPT_MUXTREE pass (detect dead branches in mux trees).
Running muxtree optimizer on module \cv32e40p_core..
  Creating internal representation of mux trees.
  Evaluating internal representation of mux trees.
  Analyzing evaluation results.
    dead port 8/16 on $pmux $procmux$473.
Removed 1 multiplexer ports.
<suppressed ~3433 debug messages>

4.20.20. Executing OPT_REDUCE pass (consolidate $*mux and $reduce_* inputs).
  Optimizing cells in module \cv32e40p_core.
Performed a total of 0 changes.

4.20.21. Executing OPT_MERGE pass (detect identical cells).
Finding identical cells in module `\cv32e40p_core'.
Removed a total of 0 cells.

4.20.22. Executing OPT_SHARE pass.

4.20.23. Executing OPT_DFF pass (perform DFF optimizations).

4.20.24. Executing OPT_CLEAN pass (remove unused cells and wires).
Finding unused cells or wires in module \cv32e40p_core..
Removed 0 unused cells and 2 unused wires.
<suppressed ~1 debug messages>

4.20.25. Executing OPT_EXPR pass (perform const folding).
Optimizing module cv32e40p_core.

4.20.26. Rerunning OPT passes. (Maybe there is more to do..)

4.20.27. Executing OPT_MUXTREE pass (detect dead branches in mux trees).
Running muxtree optimizer on module \cv32e40p_core..
  Creating internal representation of mux trees.
  Evaluating internal representation of mux trees.
  Analyzing evaluation results.
Removed 0 multiplexer ports.
<suppressed ~3433 debug messages>

4.20.28. Executing OPT_REDUCE pass (consolidate $*mux and $reduce_* inputs).
  Optimizing cells in module \cv32e40p_core.
Performed a total of 0 changes.

4.20.29. Executing OPT_MERGE pass (detect identical cells).
Finding identical cells in module `\cv32e40p_core'.
Removed a total of 0 cells.

4.20.30. Executing OPT_SHARE pass.

4.20.31. Executing OPT_DFF pass (perform DFF optimizations).

4.20.32. Executing OPT_CLEAN pass (remove unused cells and wires).
Finding unused cells or wires in module \cv32e40p_core..

4.20.33. Executing OPT_EXPR pass (perform const folding).
Optimizing module cv32e40p_core.

4.20.34. Finished fast OPT passes. (There is nothing left to do.)

4.21. Executing TECHMAP pass (map to technology primitives).

4.21.1. Executing Verilog-2005 frontend: /foss/tools/yosys/bin/../share/yosys/techmap.v
Parsing Verilog input from `/foss/tools/yosys/bin/../share/yosys/techmap.v' to AST representation.
verilog frontend filename /foss/tools/yosys/bin/../share/yosys/techmap.v
Generating RTLIL representation for module `\_90_simplemap_bool_ops'.
Generating RTLIL representation for module `\_90_simplemap_reduce_ops'.
Generating RTLIL representation for module `\_90_simplemap_logic_ops'.
Generating RTLIL representation for module `\_90_simplemap_compare_ops'.
Generating RTLIL representation for module `\_90_simplemap_various'.
Generating RTLIL representation for module `\_90_simplemap_registers'.
Generating RTLIL representation for module `\_90_shift_ops_shr_shl_sshl_sshr'.
Generating RTLIL representation for module `\_90_shift_shiftx'.
Generating RTLIL representation for module `\_90_fa'.
Generating RTLIL representation for module `\_90_lcu_brent_kung'.
Generating RTLIL representation for module `\_90_alu'.
Generating RTLIL representation for module `\_90_macc'.
Generating RTLIL representation for module `\_90_alumacc'.
Generating RTLIL representation for module `\$__div_mod_u'.
Generating RTLIL representation for module `\$__div_mod_trunc'.
Generating RTLIL representation for module `\_90_div'.
Generating RTLIL representation for module `\_90_mod'.
Generating RTLIL representation for module `\$__div_mod_floor'.
Generating RTLIL representation for module `\_90_divfloor'.
Generating RTLIL representation for module `\_90_modfloor'.
Generating RTLIL representation for module `\_90_pow'.
Generating RTLIL representation for module `\_90_pmux'.
Generating RTLIL representation for module `\_90_demux'.
Generating RTLIL representation for module `\_90_lut'.
Generating RTLIL representation for module `\$connect'.
Generating RTLIL representation for module `\$input_port'.
Successfully finished Verilog frontend.

4.21.2. Continuing TECHMAP pass.
Using extmapper simplemap for cells of type $adffe.
Using extmapper simplemap for cells of type $reduce_or.
Using extmapper simplemap for cells of type $not.
Using extmapper simplemap for cells of type $mux.
Running "alumacc" on wrapper $extern:wrap:$neg:A_SIGNED=0:A_WIDTH=32:Y_WIDTH=32:394426c56d1a028ba8fdd5469b163e04011def47.
Using template $extern:wrap:$neg:A_SIGNED=0:A_WIDTH=32:Y_WIDTH=32:394426c56d1a028ba8fdd5469b163e04011def47 for cells of type $extern:wrap:$neg:A_SIGNED=0:A_WIDTH=32:Y_WIDTH=32:394426c56d1a028ba8fdd5469b163e04011def47.
Using extmapper simplemap for cells of type $reduce_and.
Using extmapper simplemap for cells of type $ne.
Using extmapper simplemap for cells of type $xor.
Using extmapper simplemap for cells of type $and.
Using extmapper simplemap for cells of type $or.
Using template $paramod$fbc7873bff55778c0b3173955b7e4bce1d9d6834\_90_alu for cells of type $alu.
Using template $paramod$175e67c02b86e96b1288b9dc100122520d7240d8\_90_alu for cells of type $alu.
Using template $paramod$32efbfac1c4dc57230cf86180788fdfd12e3b511\_90_alu for cells of type $alu.
Using template $paramod$cc80a4e89b0341cb117f5d28b0e7244620640141\_90_alu for cells of type $alu.
Using template $paramod$332fab4e157f868977379756d21fa99887c3c6c4\_90_alu for cells of type $alu.
Using template $paramod$ba698a254f9a5947e85cbe7beae6b161eefc5386\_90_alu for cells of type $alu.
Using template $paramod$ebf89ea36a793f0f77858f212141d47c833068ad\_90_alu for cells of type $alu.
Using template $paramod$c6baa65225090ac0a120feab1b920965244aa496\_90_alu for cells of type $alu.
Using template $paramod$44a13d10af618e7fbe7b9aad2f6151ffcee1e2fa\_90_alu for cells of type $alu.
Using template $paramod$a04dd9d4d8b430140c4ff94b50470fb380fda2a0\_90_alu for cells of type $alu.
Using template $paramod$649fc39eef2451024566705288528c8671211199\_90_alu for cells of type $alu.
Using template $paramod$b3281d5284dce60e3ac7a1bd7301e0c5482d22f7\_90_alu for cells of type $alu.
Using template $paramod$788c3d57e5abb3a3f89aea6d4acd665be37f4e9b\_90_alu for cells of type $alu.
Using template $paramod$7e708ae28ab761f11d0fb59d3ffc72f6a4baf5d9\_90_alu for cells of type $alu.
Using template $paramod$fc972a7a46956c1788f3cb5257b53c8f1df2d0cc\_90_alu for cells of type $alu.
Using template $paramod$a7ecfa730f7b429cdd2d19291637694b0937162d\_90_alu for cells of type $alu.
Using template $paramod$adbaf76fa5a3091a329503792521395f8ff4d1a4\_90_alu for cells of type $alu.
Using extmapper maccmap for cells of type $macc_v2.
  add \id_stage_i.mult_operand_a_ex_o * \id_stage_i.mult_operand_b_ex_o (32x32 bits, signed)
  add \id_stage_i.mult_operand_c_ex_o (32 bits, signed)
  add \ex_stage_i.mult_i.short_op_a * \ex_stage_i.mult_i.short_op_b (17x17 bits, signed)
  add { \ex_stage_i.mult_i.short_op_c [32] \id_stage_i.mult_operand_c_ex_o } (33 bits, signed)
  add \id_stage_i.alu_operand_a_ex_o [0] (1 bits, unsigned)
  add \id_stage_i.alu_operand_a_ex_o [16] (1 bits, unsigned)
  add \id_stage_i.alu_operand_a_ex_o [8] (1 bits, unsigned)
  add \id_stage_i.alu_operand_a_ex_o [4] (1 bits, unsigned)
  add \id_stage_i.alu_operand_a_ex_o [2] (1 bits, unsigned)
  add \id_stage_i.alu_operand_a_ex_o [1] (1 bits, unsigned)
  add \id_stage_i.alu_operand_a_ex_o [24] (1 bits, unsigned)
  add \id_stage_i.alu_operand_a_ex_o [20] (1 bits, unsigned)
  add \id_stage_i.alu_operand_a_ex_o [18] (1 bits, unsigned)
  add \id_stage_i.alu_operand_a_ex_o [17] (1 bits, unsigned)
  add \id_stage_i.alu_operand_a_ex_o [12] (1 bits, unsigned)
  add \id_stage_i.alu_operand_a_ex_o [10] (1 bits, unsigned)
  add \id_stage_i.alu_operand_a_ex_o [9] (1 bits, unsigned)
  add \id_stage_i.alu_operand_a_ex_o [6] (1 bits, unsigned)
  add \id_stage_i.alu_operand_a_ex_o [5] (1 bits, unsigned)
  add \id_stage_i.alu_operand_a_ex_o [3] (1 bits, unsigned)
  add \id_stage_i.alu_operand_a_ex_o [28] (1 bits, unsigned)
  add \id_stage_i.alu_operand_a_ex_o [26] (1 bits, unsigned)
  add \id_stage_i.alu_operand_a_ex_o [25] (1 bits, unsigned)
  add \id_stage_i.alu_operand_a_ex_o [22] (1 bits, unsigned)
  add \id_stage_i.alu_operand_a_ex_o [21] (1 bits, unsigned)
  add \id_stage_i.alu_operand_a_ex_o [19] (1 bits, unsigned)
  add \id_stage_i.alu_operand_a_ex_o [14] (1 bits, unsigned)
  add \id_stage_i.alu_operand_a_ex_o [13] (1 bits, unsigned)
  add \id_stage_i.alu_operand_a_ex_o [11] (1 bits, unsigned)
  add \id_stage_i.alu_operand_a_ex_o [7] (1 bits, unsigned)
  add \id_stage_i.alu_operand_a_ex_o [30] (1 bits, unsigned)
  add \id_stage_i.alu_operand_a_ex_o [29] (1 bits, unsigned)
  add \id_stage_i.alu_operand_a_ex_o [27] (1 bits, unsigned)
  add \id_stage_i.alu_operand_a_ex_o [23] (1 bits, unsigned)
  add \id_stage_i.alu_operand_a_ex_o [15] (1 bits, unsigned)
  add \id_stage_i.alu_operand_a_ex_o [31] (1 bits, unsigned)
  packed 15 (15) bits / 15 words into adder tree
Using extmapper simplemap for cells of type $reduce_bool.
Using extmapper simplemap for cells of type $eq.
Using extmapper simplemap for cells of type $adff.
Using extmapper simplemap for cells of type $logic_not.
Using extmapper simplemap for cells of type $logic_or.
Using extmapper simplemap for cells of type $logic_and.
Using template $paramod$824a2ca00d29d886599434cf8ea60471635f2955\_90_demux for cells of type $demux.
Using extmapper simplemap for cells of type $bwmux.
Using extmapper simplemap for cells of type $bmux.
Using template $paramod$constmap:5d14ddbe6d429631d625806a1598ec86277e3714$paramod$8adf3a58680218fb6a23e758b618fb2d0a9745b2\_90_shift_ops_shr_shl_sshl_sshr for cells of type $shr.
Using template $paramod$constmap:4ee0836067d0a0678ca9bd734e257925970189a8$paramod$a57e7bc40c1a5d9055ca8c83774592528b1209bc\_90_shift_ops_shr_shl_sshl_sshr for cells of type $sshr.
Using template $paramod$2407ada40cc3dda6c6015be2b49b748cddb5a800\_90_demux for cells of type $demux.
Using template $paramod$4106f636ad8f5601b8bb866fe1a00192faef0f8b\_90_pmux for cells of type $pmux.
Using template $paramod$8fabc56b80a569262acfc42757a02ca0b8e91278\_90_pmux for cells of type $pmux.
Using template $paramod$c5c783b17ab1d780abfad8cfe6563a0a7b47a3b0\_90_pmux for cells of type $pmux.
Using template $paramod$200cf4763a5dd97104da97c2740bc6396db7fa25\_90_pmux for cells of type $pmux.
Using template $paramod$24d84da3a13a7952fabd852af4b40b86275330c3\_90_pmux for cells of type $pmux.
Using template $paramod$54d740639e1393b22262823179ff783ea9f17a35\_90_pmux for cells of type $pmux.
Using template $paramod$c2e415ef15bc3ccd2723772353a6b450d3d76206\_90_pmux for cells of type $pmux.
Using template $paramod$bf2533632d512eac76dd186c0da49367e29b8e98\_90_pmux for cells of type $pmux.
Using template $paramod$85df5dc01c7df96a7d8e5f1fdf76ce9ac452af63\_90_pmux for cells of type $pmux.
Using template $paramod$97565c3687be688407d1272a293bd9d0ae6852dc\_90_pmux for cells of type $pmux.
Using template $paramod$f3115659d5e2977ebd2cb01ff3557fc5f6187689\_90_pmux for cells of type $pmux.
Using template $paramod$2407ada40cc3dda6c6015be2b49b748cddb5a800\_90_pmux for cells of type $pmux.
Using template $paramod$f1fc4bc1d42e857fca43ce0fdd0da6ff25c612c4\_90_pmux for cells of type $pmux.
Using template $paramod$521ce43182eecb9f60c72393a788160d2c356bf5\_90_pmux for cells of type $pmux.
Using template $paramod$d629d85c8826a74239b9178d1930215a43b0ceb0\_90_pmux for cells of type $pmux.
Using template $paramod$c15e84c77f007506123baf6c4be45847f0e33a3b\_90_pmux for cells of type $pmux.
Using template $paramod$32e7c4d6f92ff4337599ece53082d2e88a82a9f2\_90_pmux for cells of type $pmux.
Using template $paramod$70d30c21ff772b34d0d1da2801fbd781dc3c70e4\_90_pmux for cells of type $pmux.
Using template $paramod$57f63e8a3282e053be0430389b09fa050ac7dca0\_90_pmux for cells of type $pmux.
Using template $paramod$eaeb96106163dbf82031649d189817109fe07c69\_90_pmux for cells of type $pmux.
Using template $paramod$854487f5a27fb89308d98391456825194c4963c8\_90_pmux for cells of type $pmux.
Using template $paramod$4a4c6f523b89f93e1d9b10390d6da3f02d91b918\_90_pmux for cells of type $pmux.
Using template $paramod$a13703aa027da371a1931fc542d213d7de559b19\_90_pmux for cells of type $pmux.
Using template $paramod$9174beaf0f44375ab754acac146039d243ace676\_90_pmux for cells of type $pmux.
Using template $paramod$068ad458e7761d78e5eed8238508872e7b0aef95\_90_pmux for cells of type $pmux.
Using template $paramod$eb7b5fa594d21f32e2ff3bd05b81752f0f326d5f\_90_pmux for cells of type $pmux.
Using template $paramod$b3b6ac92d800c6f07aa48f510f923d86a674e5a7\_90_pmux for cells of type $pmux.
Using template $paramod$8e235e9b529dfd4aea8a90009cd599016ab01c3c\_90_pmux for cells of type $pmux.
Using template $paramod$625a2613ba8f068d256b4dc2ab7dfd0dec72cade\_90_pmux for cells of type $pmux.
Using template $paramod$21a993a8c398891107be36c3a76332f0d1652884\_90_pmux for cells of type $pmux.
Using template $paramod$878fd1809419ed11a2d056be26ac30d95fbba358\_90_pmux for cells of type $pmux.
Using template $paramod$4e99ce8f3ff8355c2fa6eaa8d174fb317480c146\_90_pmux for cells of type $pmux.
Using template $paramod$f08cf4b531f7b2bd95251b79857dfb970a6679fc\_90_pmux for cells of type $pmux.
Using template $paramod$4e65adf591106d1cc3ea3e20430d49331644006f\_90_pmux for cells of type $pmux.
Using template $paramod$49f1dc3dcd6d2c748486fe94c6744a34a19bbafe\_90_pmux for cells of type $pmux.
Using template $paramod\_90_fa\WIDTH=32'00000000000000000000000000000001 for cells of type $fa.
Using template $paramod\_90_fa\WIDTH=32'00000000000000000000000000000010 for cells of type $fa.
Using template $paramod\_90_fa\WIDTH=32'00000000000000000000000000000011 for cells of type $fa.
Using template $paramod\_90_fa\WIDTH=32'00000000000000000000000000000100 for cells of type $fa.
Using template $paramod\_90_fa\WIDTH=32'00000000000000000000000000000101 for cells of type $fa.
Using template $paramod\_90_fa\WIDTH=32'00000000000000000000000000000110 for cells of type $fa.
Using template $paramod$00298f3f8094950cb9a5ff2fda48d0d8bde8806c\_90_alu for cells of type $alu.
Using template $paramod\_90_fa\WIDTH=32'00000000000000000000000000100010 for cells of type $fa.
Using template $paramod$dbef6e48cd28208af1b77a9bd7dfc80580f16131\_90_alu for cells of type $alu.
Using template $paramod\_90_fa\WIDTH=32'00000000000000000000000000100000 for cells of type $fa.
Using template $paramod\_90_fa\WIDTH=32'00000000000000000000000000011111 for cells of type $fa.
Using extmapper simplemap for cells of type $pos.
Using template $paramod\_90_fa\WIDTH=32'00000000000000000000000001000000 for cells of type $fa.
Using template $paramod\_90_lcu_brent_kung\WIDTH=32'00000000000000000000000001000000 for cells of type $lcu.
Using template $paramod\_90_lcu_brent_kung\WIDTH=32'00000000000000000000000000000010 for cells of type $lcu.
Using template $paramod\_90_lcu_brent_kung\WIDTH=32'00000000000000000000000000000110 for cells of type $lcu.
Using template $paramod\_90_fa\WIDTH=32'00000000000000000000000000011110 for cells of type $fa.
Using template $paramod\_90_lcu_brent_kung\WIDTH=32'00000000000000000000000000011110 for cells of type $lcu.
Using template $paramod\_90_lcu_brent_kung\WIDTH=32'00000000000000000000000000100000 for cells of type $lcu.
Using template $paramod\_90_lcu_brent_kung\WIDTH=32'00000000000000000000000000000001 for cells of type $lcu.
Using template $paramod\_90_fa\WIDTH=32'00000000000000000000000000001001 for cells of type $fa.
Using template $paramod\_90_lcu_brent_kung\WIDTH=32'00000000000000000000000000001001 for cells of type $lcu.
Using template $paramod\_90_lcu_brent_kung\WIDTH=32'00000000000000000000000000011111 for cells of type $lcu.
Using template $paramod\_90_fa\WIDTH=32'00000000000000000000000000100101 for cells of type $fa.
Using template $paramod\_90_lcu_brent_kung\WIDTH=32'00000000000000000000000000100101 for cells of type $lcu.
Using template $paramod\_90_lcu_brent_kung\WIDTH=32'00000000000000000000000000000011 for cells of type $lcu.
Using template $paramod$63301a5e78ceb1f2c17a4ac1894f292ed5701c1f\_90_demux for cells of type $demux.
Using template $paramod$46c272b461898a6a76adeeeedb0917ce1a81b478\_90_demux for cells of type $demux.
Using template $paramod\_90_lcu_brent_kung\WIDTH=32'00000000000000000000000000100010 for cells of type $lcu.
No more expansions possible.
<suppressed ~11676 debug messages>

4.22. Executing OPT pass (performing simple optimizations).

4.22.1. Executing OPT_EXPR pass (perform const folding).
Optimizing module cv32e40p_core.
<suppressed ~20974 debug messages>

4.22.2. Executing OPT_MERGE pass (detect identical cells).
Finding identical cells in module `\cv32e40p_core'.
<suppressed ~23106 debug messages>
Removed a total of 7702 cells.

4.22.3. Executing OPT_DFF pass (perform DFF optimizations).
Adding EN signal on $auto$ff.cc:337:slice$21566 ($_DFFE_PN0P_) from module cv32e40p_core (D = \cs_registers_i.csr_wdata_int [15], Q = \cs_registers_i.mhpmevent_q [111]).
Adding EN signal on $auto$ff.cc:337:slice$23366 ($_DFFE_PN0P_) from module cv32e40p_core (D = \instr_rdata_i [31], Q = \if_stage_i.prefetch_buffer_i.fifo_i.mem_q [31]).
Adding EN signal on $auto$ff.cc:337:slice$23398 ($_DFFE_PN0P_) from module cv32e40p_core (D = \instr_rdata_i [31], Q = \if_stage_i.prefetch_buffer_i.fifo_i.mem_q [63]).
Adding EN signal on $auto$ff.cc:337:slice$21551 ($_DFFE_PN0P_) from module cv32e40p_core (D = \cs_registers_i.csr_wdata_int [0], Q = \cs_registers_i.mhpmevent_q [96]).
Adding EN signal on $auto$ff.cc:337:slice$21552 ($_DFFE_PN0P_) from module cv32e40p_core (D = \cs_registers_i.csr_wdata_int [1], Q = \cs_registers_i.mhpmevent_q [97]).
Adding EN signal on $auto$ff.cc:337:slice$21553 ($_DFFE_PN0P_) from module cv32e40p_core (D = \cs_registers_i.csr_wdata_int [2], Q = \cs_registers_i.mhpmevent_q [98]).
Adding EN signal on $auto$ff.cc:337:slice$21554 ($_DFFE_PN0P_) from module cv32e40p_core (D = \cs_registers_i.csr_wdata_int [3], Q = \cs_registers_i.mhpmevent_q [99]).
Adding EN signal on $auto$ff.cc:337:slice$21555 ($_DFFE_PN0P_) from module cv32e40p_core (D = \cs_registers_i.csr_wdata_int [4], Q = \cs_registers_i.mhpmevent_q [100]).
Adding EN signal on $auto$ff.cc:337:slice$21556 ($_DFFE_PN0P_) from module cv32e40p_core (D = \cs_registers_i.csr_wdata_int [5], Q = \cs_registers_i.mhpmevent_q [101]).
Adding EN signal on $auto$ff.cc:337:slice$21557 ($_DFFE_PN0P_) from module cv32e40p_core (D = \cs_registers_i.csr_wdata_int [6], Q = \cs_registers_i.mhpmevent_q [102]).
Adding EN signal on $auto$ff.cc:337:slice$21558 ($_DFFE_PN0P_) from module cv32e40p_core (D = \cs_registers_i.csr_wdata_int [7], Q = \cs_registers_i.mhpmevent_q [103]).
Adding EN signal on $auto$ff.cc:337:slice$21559 ($_DFFE_PN0P_) from module cv32e40p_core (D = \cs_registers_i.csr_wdata_int [8], Q = \cs_registers_i.mhpmevent_q [104]).
Adding EN signal on $auto$ff.cc:337:slice$21560 ($_DFFE_PN0P_) from module cv32e40p_core (D = \cs_registers_i.csr_wdata_int [9], Q = \cs_registers_i.mhpmevent_q [105]).
Adding EN signal on $auto$ff.cc:337:slice$21561 ($_DFFE_PN0P_) from module cv32e40p_core (D = \cs_registers_i.csr_wdata_int [10], Q = \cs_registers_i.mhpmevent_q [106]).
Adding EN signal on $auto$ff.cc:337:slice$21562 ($_DFFE_PN0P_) from module cv32e40p_core (D = \cs_registers_i.csr_wdata_int [11], Q = \cs_registers_i.mhpmevent_q [107]).
Adding EN signal on $auto$ff.cc:337:slice$21563 ($_DFFE_PN0P_) from module cv32e40p_core (D = \cs_registers_i.csr_wdata_int [12], Q = \cs_registers_i.mhpmevent_q [108]).
Adding EN signal on $auto$ff.cc:337:slice$21564 ($_DFFE_PN0P_) from module cv32e40p_core (D = \cs_registers_i.csr_wdata_int [13], Q = \cs_registers_i.mhpmevent_q [109]).
Adding EN signal on $auto$ff.cc:337:slice$21565 ($_DFFE_PN0P_) from module cv32e40p_core (D = \cs_registers_i.csr_wdata_int [14], Q = \cs_registers_i.mhpmevent_q [110]).
Adding EN signal on $auto$ff.cc:337:slice$23335 ($_DFFE_PN0P_) from module cv32e40p_core (D = \instr_rdata_i [0], Q = \if_stage_i.prefetch_buffer_i.fifo_i.mem_q [0]).
Adding EN signal on $auto$ff.cc:337:slice$23336 ($_DFFE_PN0P_) from module cv32e40p_core (D = \instr_rdata_i [1], Q = \if_stage_i.prefetch_buffer_i.fifo_i.mem_q [1]).
Adding EN signal on $auto$ff.cc:337:slice$23337 ($_DFFE_PN0P_) from module cv32e40p_core (D = \instr_rdata_i [2], Q = \if_stage_i.prefetch_buffer_i.fifo_i.mem_q [2]).
Adding EN signal on $auto$ff.cc:337:slice$23338 ($_DFFE_PN0P_) from module cv32e40p_core (D = \instr_rdata_i [3], Q = \if_stage_i.prefetch_buffer_i.fifo_i.mem_q [3]).
Adding EN signal on $auto$ff.cc:337:slice$23339 ($_DFFE_PN0P_) from module cv32e40p_core (D = \instr_rdata_i [4], Q = \if_stage_i.prefetch_buffer_i.fifo_i.mem_q [4]).
Adding EN signal on $auto$ff.cc:337:slice$23340 ($_DFFE_PN0P_) from module cv32e40p_core (D = \instr_rdata_i [5], Q = \if_stage_i.prefetch_buffer_i.fifo_i.mem_q [5]).
Adding EN signal on $auto$ff.cc:337:slice$23341 ($_DFFE_PN0P_) from module cv32e40p_core (D = \instr_rdata_i [6], Q = \if_stage_i.prefetch_buffer_i.fifo_i.mem_q [6]).
Adding EN signal on $auto$ff.cc:337:slice$23342 ($_DFFE_PN0P_) from module cv32e40p_core (D = \instr_rdata_i [7], Q = \if_stage_i.prefetch_buffer_i.fifo_i.mem_q [7]).
Adding EN signal on $auto$ff.cc:337:slice$23343 ($_DFFE_PN0P_) from module cv32e40p_core (D = \instr_rdata_i [8], Q = \if_stage_i.prefetch_buffer_i.fifo_i.mem_q [8]).
Adding EN signal on $auto$ff.cc:337:slice$23344 ($_DFFE_PN0P_) from module cv32e40p_core (D = \instr_rdata_i [9], Q = \if_stage_i.prefetch_buffer_i.fifo_i.mem_q [9]).
Adding EN signal on $auto$ff.cc:337:slice$23345 ($_DFFE_PN0P_) from module cv32e40p_core (D = \instr_rdata_i [10], Q = \if_stage_i.prefetch_buffer_i.fifo_i.mem_q [10]).
Adding EN signal on $auto$ff.cc:337:slice$23346 ($_DFFE_PN0P_) from module cv32e40p_core (D = \instr_rdata_i [11], Q = \if_stage_i.prefetch_buffer_i.fifo_i.mem_q [11]).
Adding EN signal on $auto$ff.cc:337:slice$23347 ($_DFFE_PN0P_) from module cv32e40p_core (D = \instr_rdata_i [12], Q = \if_stage_i.prefetch_buffer_i.fifo_i.mem_q [12]).
Adding EN signal on $auto$ff.cc:337:slice$23348 ($_DFFE_PN0P_) from module cv32e40p_core (D = \instr_rdata_i [13], Q = \if_stage_i.prefetch_buffer_i.fifo_i.mem_q [13]).
Adding EN signal on $auto$ff.cc:337:slice$23349 ($_DFFE_PN0P_) from module cv32e40p_core (D = \instr_rdata_i [14], Q = \if_stage_i.prefetch_buffer_i.fifo_i.mem_q [14]).
Adding EN signal on $auto$ff.cc:337:slice$23350 ($_DFFE_PN0P_) from module cv32e40p_core (D = \instr_rdata_i [15], Q = \if_stage_i.prefetch_buffer_i.fifo_i.mem_q [15]).
Adding EN signal on $auto$ff.cc:337:slice$23351 ($_DFFE_PN0P_) from module cv32e40p_core (D = \instr_rdata_i [16], Q = \if_stage_i.prefetch_buffer_i.fifo_i.mem_q [16]).
Adding EN signal on $auto$ff.cc:337:slice$23352 ($_DFFE_PN0P_) from module cv32e40p_core (D = \instr_rdata_i [17], Q = \if_stage_i.prefetch_buffer_i.fifo_i.mem_q [17]).
Adding EN signal on $auto$ff.cc:337:slice$23353 ($_DFFE_PN0P_) from module cv32e40p_core (D = \instr_rdata_i [18], Q = \if_stage_i.prefetch_buffer_i.fifo_i.mem_q [18]).
Adding EN signal on $auto$ff.cc:337:slice$23354 ($_DFFE_PN0P_) from module cv32e40p_core (D = \instr_rdata_i [19], Q = \if_stage_i.prefetch_buffer_i.fifo_i.mem_q [19]).
Adding EN signal on $auto$ff.cc:337:slice$23355 ($_DFFE_PN0P_) from module cv32e40p_core (D = \instr_rdata_i [20], Q = \if_stage_i.prefetch_buffer_i.fifo_i.mem_q [20]).
Adding EN signal on $auto$ff.cc:337:slice$23356 ($_DFFE_PN0P_) from module cv32e40p_core (D = \instr_rdata_i [21], Q = \if_stage_i.prefetch_buffer_i.fifo_i.mem_q [21]).
Adding EN signal on $auto$ff.cc:337:slice$23357 ($_DFFE_PN0P_) from module cv32e40p_core (D = \instr_rdata_i [22], Q = \if_stage_i.prefetch_buffer_i.fifo_i.mem_q [22]).
Adding EN signal on $auto$ff.cc:337:slice$23358 ($_DFFE_PN0P_) from module cv32e40p_core (D = \instr_rdata_i [23], Q = \if_stage_i.prefetch_buffer_i.fifo_i.mem_q [23]).
Adding EN signal on $auto$ff.cc:337:slice$23359 ($_DFFE_PN0P_) from module cv32e40p_core (D = \instr_rdata_i [24], Q = \if_stage_i.prefetch_buffer_i.fifo_i.mem_q [24]).
Adding EN signal on $auto$ff.cc:337:slice$23360 ($_DFFE_PN0P_) from module cv32e40p_core (D = \instr_rdata_i [25], Q = \if_stage_i.prefetch_buffer_i.fifo_i.mem_q [25]).
Adding EN signal on $auto$ff.cc:337:slice$23361 ($_DFFE_PN0P_) from module cv32e40p_core (D = \instr_rdata_i [26], Q = \if_stage_i.prefetch_buffer_i.fifo_i.mem_q [26]).
Adding EN signal on $auto$ff.cc:337:slice$23362 ($_DFFE_PN0P_) from module cv32e40p_core (D = \instr_rdata_i [27], Q = \if_stage_i.prefetch_buffer_i.fifo_i.mem_q [27]).
Adding EN signal on $auto$ff.cc:337:slice$23363 ($_DFFE_PN0P_) from module cv32e40p_core (D = \instr_rdata_i [28], Q = \if_stage_i.prefetch_buffer_i.fifo_i.mem_q [28]).
Adding EN signal on $auto$ff.cc:337:slice$23364 ($_DFFE_PN0P_) from module cv32e40p_core (D = \instr_rdata_i [29], Q = \if_stage_i.prefetch_buffer_i.fifo_i.mem_q [29]).
Adding EN signal on $auto$ff.cc:337:slice$23365 ($_DFFE_PN0P_) from module cv32e40p_core (D = \instr_rdata_i [30], Q = \if_stage_i.prefetch_buffer_i.fifo_i.mem_q [30]).
Adding EN signal on $auto$ff.cc:337:slice$23367 ($_DFFE_PN0P_) from module cv32e40p_core (D = \instr_rdata_i [0], Q = \if_stage_i.prefetch_buffer_i.fifo_i.mem_q [32]).
Adding EN signal on $auto$ff.cc:337:slice$23368 ($_DFFE_PN0P_) from module cv32e40p_core (D = \instr_rdata_i [1], Q = \if_stage_i.prefetch_buffer_i.fifo_i.mem_q [33]).
Adding EN signal on $auto$ff.cc:337:slice$23369 ($_DFFE_PN0P_) from module cv32e40p_core (D = \instr_rdata_i [2], Q = \if_stage_i.prefetch_buffer_i.fifo_i.mem_q [34]).
Adding EN signal on $auto$ff.cc:337:slice$23370 ($_DFFE_PN0P_) from module cv32e40p_core (D = \instr_rdata_i [3], Q = \if_stage_i.prefetch_buffer_i.fifo_i.mem_q [35]).
Adding EN signal on $auto$ff.cc:337:slice$23371 ($_DFFE_PN0P_) from module cv32e40p_core (D = \instr_rdata_i [4], Q = \if_stage_i.prefetch_buffer_i.fifo_i.mem_q [36]).
Adding EN signal on $auto$ff.cc:337:slice$23372 ($_DFFE_PN0P_) from module cv32e40p_core (D = \instr_rdata_i [5], Q = \if_stage_i.prefetch_buffer_i.fifo_i.mem_q [37]).
Adding EN signal on $auto$ff.cc:337:slice$23373 ($_DFFE_PN0P_) from module cv32e40p_core (D = \instr_rdata_i [6], Q = \if_stage_i.prefetch_buffer_i.fifo_i.mem_q [38]).
Adding EN signal on $auto$ff.cc:337:slice$23374 ($_DFFE_PN0P_) from module cv32e40p_core (D = \instr_rdata_i [7], Q = \if_stage_i.prefetch_buffer_i.fifo_i.mem_q [39]).
Adding EN signal on $auto$ff.cc:337:slice$23375 ($_DFFE_PN0P_) from module cv32e40p_core (D = \instr_rdata_i [8], Q = \if_stage_i.prefetch_buffer_i.fifo_i.mem_q [40]).
Adding EN signal on $auto$ff.cc:337:slice$23376 ($_DFFE_PN0P_) from module cv32e40p_core (D = \instr_rdata_i [9], Q = \if_stage_i.prefetch_buffer_i.fifo_i.mem_q [41]).
Adding EN signal on $auto$ff.cc:337:slice$23377 ($_DFFE_PN0P_) from module cv32e40p_core (D = \instr_rdata_i [10], Q = \if_stage_i.prefetch_buffer_i.fifo_i.mem_q [42]).
Adding EN signal on $auto$ff.cc:337:slice$23378 ($_DFFE_PN0P_) from module cv32e40p_core (D = \instr_rdata_i [11], Q = \if_stage_i.prefetch_buffer_i.fifo_i.mem_q [43]).
Adding EN signal on $auto$ff.cc:337:slice$23379 ($_DFFE_PN0P_) from module cv32e40p_core (D = \instr_rdata_i [12], Q = \if_stage_i.prefetch_buffer_i.fifo_i.mem_q [44]).
Adding EN signal on $auto$ff.cc:337:slice$23380 ($_DFFE_PN0P_) from module cv32e40p_core (D = \instr_rdata_i [13], Q = \if_stage_i.prefetch_buffer_i.fifo_i.mem_q [45]).
Adding EN signal on $auto$ff.cc:337:slice$23381 ($_DFFE_PN0P_) from module cv32e40p_core (D = \instr_rdata_i [14], Q = \if_stage_i.prefetch_buffer_i.fifo_i.mem_q [46]).
Adding EN signal on $auto$ff.cc:337:slice$23382 ($_DFFE_PN0P_) from module cv32e40p_core (D = \instr_rdata_i [15], Q = \if_stage_i.prefetch_buffer_i.fifo_i.mem_q [47]).
Adding EN signal on $auto$ff.cc:337:slice$23383 ($_DFFE_PN0P_) from module cv32e40p_core (D = \instr_rdata_i [16], Q = \if_stage_i.prefetch_buffer_i.fifo_i.mem_q [48]).
Adding EN signal on $auto$ff.cc:337:slice$23384 ($_DFFE_PN0P_) from module cv32e40p_core (D = \instr_rdata_i [17], Q = \if_stage_i.prefetch_buffer_i.fifo_i.mem_q [49]).
Adding EN signal on $auto$ff.cc:337:slice$23385 ($_DFFE_PN0P_) from module cv32e40p_core (D = \instr_rdata_i [18], Q = \if_stage_i.prefetch_buffer_i.fifo_i.mem_q [50]).
Adding EN signal on $auto$ff.cc:337:slice$23386 ($_DFFE_PN0P_) from module cv32e40p_core (D = \instr_rdata_i [19], Q = \if_stage_i.prefetch_buffer_i.fifo_i.mem_q [51]).
Adding EN signal on $auto$ff.cc:337:slice$23387 ($_DFFE_PN0P_) from module cv32e40p_core (D = \instr_rdata_i [20], Q = \if_stage_i.prefetch_buffer_i.fifo_i.mem_q [52]).
Adding EN signal on $auto$ff.cc:337:slice$23388 ($_DFFE_PN0P_) from module cv32e40p_core (D = \instr_rdata_i [21], Q = \if_stage_i.prefetch_buffer_i.fifo_i.mem_q [53]).
Adding EN signal on $auto$ff.cc:337:slice$23389 ($_DFFE_PN0P_) from module cv32e40p_core (D = \instr_rdata_i [22], Q = \if_stage_i.prefetch_buffer_i.fifo_i.mem_q [54]).
Adding EN signal on $auto$ff.cc:337:slice$23390 ($_DFFE_PN0P_) from module cv32e40p_core (D = \instr_rdata_i [23], Q = \if_stage_i.prefetch_buffer_i.fifo_i.mem_q [55]).
Adding EN signal on $auto$ff.cc:337:slice$23391 ($_DFFE_PN0P_) from module cv32e40p_core (D = \instr_rdata_i [24], Q = \if_stage_i.prefetch_buffer_i.fifo_i.mem_q [56]).
Adding EN signal on $auto$ff.cc:337:slice$23392 ($_DFFE_PN0P_) from module cv32e40p_core (D = \instr_rdata_i [25], Q = \if_stage_i.prefetch_buffer_i.fifo_i.mem_q [57]).
Adding EN signal on $auto$ff.cc:337:slice$23393 ($_DFFE_PN0P_) from module cv32e40p_core (D = \instr_rdata_i [26], Q = \if_stage_i.prefetch_buffer_i.fifo_i.mem_q [58]).
Adding EN signal on $auto$ff.cc:337:slice$23394 ($_DFFE_PN0P_) from module cv32e40p_core (D = \instr_rdata_i [27], Q = \if_stage_i.prefetch_buffer_i.fifo_i.mem_q [59]).
Adding EN signal on $auto$ff.cc:337:slice$23395 ($_DFFE_PN0P_) from module cv32e40p_core (D = \instr_rdata_i [28], Q = \if_stage_i.prefetch_buffer_i.fifo_i.mem_q [60]).
Adding EN signal on $auto$ff.cc:337:slice$23396 ($_DFFE_PN0P_) from module cv32e40p_core (D = \instr_rdata_i [29], Q = \if_stage_i.prefetch_buffer_i.fifo_i.mem_q [61]).
Adding EN signal on $auto$ff.cc:337:slice$23397 ($_DFFE_PN0P_) from module cv32e40p_core (D = \instr_rdata_i [30], Q = \if_stage_i.prefetch_buffer_i.fifo_i.mem_q [62]).

4.22.4. Executing OPT_CLEAN pass (remove unused cells and wires).
Finding unused cells or wires in module \cv32e40p_core..
Removed 2024 unused cells and 13021 unused wires.
<suppressed ~2030 debug messages>

4.22.5. Rerunning OPT passes. (Removed registers in this run.)

4.22.6. Executing OPT_EXPR pass (perform const folding).
Optimizing module cv32e40p_core.
<suppressed ~13 debug messages>

4.22.7. Executing OPT_MERGE pass (detect identical cells).
Finding identical cells in module `\cv32e40p_core'.
<suppressed ~327 debug messages>
Removed a total of 109 cells.

4.22.8. Executing OPT_DFF pass (perform DFF optimizations).

4.22.9. Executing OPT_CLEAN pass (remove unused cells and wires).
Finding unused cells or wires in module \cv32e40p_core..
Removed 2 unused cells and 115 unused wires.
<suppressed ~3 debug messages>

4.22.10. Finished fast OPT passes.

4.23. Executing ABC pass (technology mapping using ABC).

4.23.1. Extracting gate netlist of module `\cv32e40p_core' to `<abc-temp-dir>/input.blif'..
Replacing 3 occurrences of constant undef bits with constant zero bits

4.23.1.1. Executed ABC.
Extracted 24425 gates and 26855 wires to a netlist network with 2427 inputs and 2051 outputs.
Running ABC script: <abc-temp-dir>/abc.script
ABC: UC Berkeley, ABC 1.01 (compiled Dec 21 2025 19:49:10)
ABC: abc 01> empty
ABC: abc 01> source <abc-temp-dir>/abc.script
ABC: + read_blif <abc-temp-dir>/input.blif 
ABC: + read_library /tmp/yosys-abc-RHO8RJ/stdcells.genlib 
ABC: + strash 
ABC: + dretime 
ABC: + map 
ABC: + write_blif <abc-temp-dir>/output.blif 
ABC: 

4.23.1.2. Re-integrating ABC results.
ABC RESULTS:               AND cells:     1178
ABC RESULTS:            ANDNOT cells:     6139
ABC RESULTS:               MUX cells:     5834
ABC RESULTS:              NAND cells:      630
ABC RESULTS:               NOR cells:     1440
ABC RESULTS:               NOT cells:      883
ABC RESULTS:                OR cells:     4355
ABC RESULTS:             ORNOT cells:      671
ABC RESULTS:              XNOR cells:      820
ABC RESULTS:               XOR cells:     2110
ABC RESULTS:              ZERO cells:        1
ABC RESULTS:        internal signals:    22377
ABC RESULTS:           input signals:     2427
ABC RESULTS:          output signals:     2051
Removing temp directory.
Removing global temp directory.

4.24. Executing OPT pass (performing simple optimizations).

4.24.1. Executing OPT_EXPR pass (perform const folding).
Optimizing module cv32e40p_core.
<suppressed ~1463 debug messages>

4.24.2. Executing OPT_MERGE pass (detect identical cells).
Finding identical cells in module `\cv32e40p_core'.
<suppressed ~84 debug messages>
Removed a total of 28 cells.

4.24.3. Executing OPT_DFF pass (perform DFF optimizations).
Setting constant 0-bit at position 0 on $auto$ff.cc:337:slice$20639 ($_DFFE_PN0P_) from module cv32e40p_core.

4.24.4. Executing OPT_CLEAN pass (remove unused cells and wires).
Finding unused cells or wires in module \cv32e40p_core..
Removed 15 unused cells and 8482 unused wires.
<suppressed ~409 debug messages>

4.24.5. Rerunning OPT passes. (Removed registers in this run.)

4.24.6. Executing OPT_EXPR pass (perform const folding).
Optimizing module cv32e40p_core.

4.24.7. Executing OPT_MERGE pass (detect identical cells).
Finding identical cells in module `\cv32e40p_core'.
Removed a total of 0 cells.

4.24.8. Executing OPT_DFF pass (perform DFF optimizations).
Adding EN signal on $auto$ff.cc:337:slice$23660 ($_DFF_PN0_) from module cv32e40p_core (D = $abc$92104$new_n10457, Q = \if_stage_i.aligner_i.state [3]).
Setting constant 0-bit at position 0 on $auto$ff.cc:337:slice$23303 ($_DFFE_PN0P_) from module cv32e40p_core.

4.24.9. Executing OPT_CLEAN pass (remove unused cells and wires).
Finding unused cells or wires in module \cv32e40p_core..
Removed 1 unused cells and 1 unused wires.
<suppressed ~2 debug messages>

4.24.10. Rerunning OPT passes. (Removed registers in this run.)

4.24.11. Executing OPT_EXPR pass (perform const folding).
Optimizing module cv32e40p_core.
<suppressed ~2 debug messages>

4.24.12. Executing OPT_MERGE pass (detect identical cells).
Finding identical cells in module `\cv32e40p_core'.
Removed a total of 0 cells.

4.24.13. Executing OPT_DFF pass (perform DFF optimizations).

4.24.14. Executing OPT_CLEAN pass (remove unused cells and wires).
Finding unused cells or wires in module \cv32e40p_core..
Removed 0 unused cells and 2 unused wires.
<suppressed ~1 debug messages>

4.24.15. Finished fast OPT passes.

4.25. Executing HIERARCHY pass (managing design hierarchy).
Attribute `top' found on module `cv32e40p_core'. Setting top module to cv32e40p_core.

4.25.1. Analyzing design hierarchy..
Top module:  \cv32e40p_core

4.25.2. Analyzing design hierarchy..
Top module:  \cv32e40p_core
Removed 0 unused modules.

4.26. Printing statistics.

=== cv32e40p_core ===

        +----------Local Count, excluding submodules.
        | 
    24459 wires
    45154 wire bits
     1040 public wires
    21735 public wire bits
       39 ports
      536 port bits
    26194 cells
     6136   $_ANDNOT_
     1176   $_AND_
       37   $_DFFE_PN0N_
     1959   $_DFFE_PN0P_
        7   $_DFFE_PN1P_
      168   $_DFF_PN0_
        8   $_DFF_PN1_
     5829   $_MUX_
      629   $_NAND_
     1431   $_NOR_
      869   $_NOT_
      669   $_ORNOT_
     4346   $_OR_
      820   $_XNOR_
     2109   $_XOR_
        1   sg13g2_lgcp_1

4.27. Executing CHECK pass (checking for obvious problems).
Checking module cv32e40p_core...
Found and reported 0 problems.

5. Executing DFFLIBMAP pass (mapping DFF cells to sequential cells from liberty file).
  cell sg13g2_dfrbpq_1 (noninv, pins=4, area=48.99) is a direct match for cell type $_DFF_PN0_.
  final dff cell mappings:
    unmapped dff cell: $_DFF_N_
    unmapped dff cell: $_DFF_P_
    unmapped dff cell: $_DFF_NN0_
    unmapped dff cell: $_DFF_NN1_
    unmapped dff cell: $_DFF_NP0_
    unmapped dff cell: $_DFF_NP1_
    \sg13g2_dfrbpq_1 _DFF_PN0_ (.CLK( C), .D( D), .Q( Q), .RESET_B( R));
    unmapped dff cell: $_DFF_PN1_
    unmapped dff cell: $_DFF_PP0_
    unmapped dff cell: $_DFF_PP1_
    unmapped dff cell: $_DFFE_NN_
    unmapped dff cell: $_DFFE_NP_
    unmapped dff cell: $_DFFE_PN_
    unmapped dff cell: $_DFFE_PP_
    unmapped dff cell: $_DFFSR_NNN_
    unmapped dff cell: $_DFFSR_NNP_
    unmapped dff cell: $_DFFSR_NPN_
    unmapped dff cell: $_DFFSR_NPP_
    unmapped dff cell: $_DFFSR_PNN_
    unmapped dff cell: $_DFFSR_PNP_
    unmapped dff cell: $_DFFSR_PPN_
    unmapped dff cell: $_DFFSR_PPP_

5.1. Executing DFFLEGALIZE pass (convert FFs to types supported by the target).
<suppressed ~4 debug messages>
Mapping DFF cells in module `\cv32e40p_core':
  mapped 2179 $_DFF_PN0_ cells to \sg13g2_dfrbpq_1 cells.

6. Executing ABC pass (technology mapping using ABC).

6.1. Extracting gate netlist of module `\cv32e40p_core' to `<abc-temp-dir>/input.blif'..

6.1.1. Executed ABC.
Extracted 26047 gates and 28477 wires to a netlist network with 2428 inputs and 2256 outputs.
Running ABC script: <abc-temp-dir>/abc.script
ABC: UC Berkeley, ABC 1.01 (compiled Dec 21 2025 19:49:10)
ABC: abc 01> empty
ABC: abc 01> source <abc-temp-dir>/abc.script
ABC: + read_blif <abc-temp-dir>/input.blif 
ABC: + read_lib -w /foss/pdks/ihp-sg13g2/libs.ref/sg13g2_stdcell/lib/sg13g2_stdcell_typ_1p20V_25C.lib 
ABC: Parsing finished successfully.  Parsing time =     0.01 sec
ABC: Scl_LibertyReadGenlib() skipped cell "sg13g2_antennanp" due to dont_use attribute.
ABC: Scl_LibertyReadGenlib() skipped cell "sg13g2_decap_4" due to dont_use attribute.
ABC: Scl_LibertyReadGenlib() skipped cell "sg13g2_decap_8" due to dont_use attribute.
ABC: Scl_LibertyReadGenlib() skipped sequential cell "sg13g2_dfrbp_1".
ABC: Scl_LibertyReadGenlib() skipped sequential cell "sg13g2_dfrbp_2".
ABC: Scl_LibertyReadGenlib() skipped sequential cell "sg13g2_dfrbpq_1".
ABC: Scl_LibertyReadGenlib() skipped sequential cell "sg13g2_dfrbpq_2".
ABC: Scl_LibertyReadGenlib() skipped sequential cell "sg13g2_dlhq_1".
ABC: Scl_LibertyReadGenlib() skipped sequential cell "sg13g2_dlhr_1".
ABC: Scl_LibertyReadGenlib() skipped sequential cell "sg13g2_dlhrq_1".
ABC: Scl_LibertyReadGenlib() skipped sequential cell "sg13g2_dllr_1".
ABC: Scl_LibertyReadGenlib() skipped sequential cell "sg13g2_dllrq_1".
ABC: Scl_LibertyReadGenlib() skipped three-state cell "sg13g2_ebufn_2".
ABC: Scl_LibertyReadGenlib() skipped three-state cell "sg13g2_ebufn_4".
ABC: Scl_LibertyReadGenlib() skipped three-state cell "sg13g2_ebufn_8".
ABC: Scl_LibertyReadGenlib() skipped three-state cell "sg13g2_einvn_2".
ABC: Scl_LibertyReadGenlib() skipped three-state cell "sg13g2_einvn_4".
ABC: Scl_LibertyReadGenlib() skipped three-state cell "sg13g2_einvn_8".
ABC: Scl_LibertyReadGenlib() skipped cell "sg13g2_fill_1" due to dont_use attribute.
ABC: Scl_LibertyReadGenlib() skipped cell "sg13g2_fill_2" due to dont_use attribute.
ABC: Scl_LibertyReadGenlib() skipped cell "sg13g2_fill_4" due to dont_use attribute.
ABC: Scl_LibertyReadGenlib() skipped cell "sg13g2_fill_8" due to dont_use attribute.
ABC: Scl_LibertyReadGenlib() skipped cell "sg13g2_lgcp_1" due to dont_use attribute.
ABC: Scl_LibertyReadGenlib() skipped sequential cell "sg13g2_sdfbbp_1".
ABC: Scl_LibertyReadGenlib() skipped sequential cell "sg13g2_sdfrbp_1".
ABC: Scl_LibertyReadGenlib() skipped sequential cell "sg13g2_sdfrbp_2".
ABC: Scl_LibertyReadGenlib() skipped sequential cell "sg13g2_sdfrbpq_1".
ABC: Scl_LibertyReadGenlib() skipped sequential cell "sg13g2_sdfrbpq_2".
ABC: Scl_LibertyReadGenlib() skipped cell "sg13g2_sighold" due to dont_use attribute.
ABC: Scl_LibertyReadGenlib() skipped cell "sg13g2_slgcp_1" due to dont_use attribute.
ABC: Library "sg13g2_stdcell_typ_1p20V_25C" from "/foss/pdks/ihp-sg13g2/libs.ref/sg13g2_stdcell/lib/sg13g2_stdcell_typ_1p20V_25C.lib" has 54 cells (30 skipped: 14 seq; 6 tri-state; 0 no func; 10 dont_use; 0 with 2 outputs; 0 with 3+ outputs).  Time =     0.01 sec
ABC: Memory =    2.85 MB. Time =     0.01 sec
ABC: + strash 
ABC: + &get -n 
ABC: + &fraig -x 
ABC: + &put 
ABC: + scorr 
ABC: Warning: The network is combinational (run "fraig" or "fraig_sweep").
ABC: + dc2 
ABC: + dretime 
ABC: + retime -o -D 20000 
ABC: + strash 
ABC: + &get -n 
ABC: + &dch -f 
ABC: + &nf -D 20000 
ABC: + &put 
ABC: + write_blif <abc-temp-dir>/output.blif 
ABC: 

6.1.2. Re-integrating ABC results.
ABC RESULTS:     sg13g2_a21o_1 cells:      357
ABC RESULTS:    sg13g2_a21oi_1 cells:     2080
ABC RESULTS:   sg13g2_a221oi_1 cells:      373
ABC RESULTS:    sg13g2_a22oi_1 cells:     2579
ABC RESULTS:     sg13g2_and2_1 cells:      616
ABC RESULTS:     sg13g2_and3_1 cells:       92
ABC RESULTS:     sg13g2_and4_1 cells:       47
ABC RESULTS:      sg13g2_inv_1 cells:      692
ABC RESULTS:     sg13g2_mux2_1 cells:      352
ABC RESULTS:     sg13g2_mux4_1 cells:      118
ABC RESULTS:    sg13g2_nand2_1 cells:     2878
ABC RESULTS:   sg13g2_nand2b_1 cells:      572
ABC RESULTS:    sg13g2_nand3_1 cells:      432
ABC RESULTS:   sg13g2_nand3b_1 cells:       22
ABC RESULTS:    sg13g2_nand4_1 cells:      199
ABC RESULTS:     sg13g2_nor2_1 cells:     1628
ABC RESULTS:    sg13g2_nor2b_1 cells:      630
ABC RESULTS:     sg13g2_nor3_1 cells:      382
ABC RESULTS:     sg13g2_nor4_1 cells:      203
ABC RESULTS:    sg13g2_o21ai_1 cells:     3068
ABC RESULTS:      sg13g2_or2_1 cells:      199
ABC RESULTS:      sg13g2_or3_1 cells:      139
ABC RESULTS:      sg13g2_or4_1 cells:       48
ABC RESULTS:    sg13g2_xnor2_1 cells:     1280
ABC RESULTS:     sg13g2_xor2_1 cells:      722
ABC RESULTS:        internal signals:    23793
ABC RESULTS:           input signals:     2428
ABC RESULTS:          output signals:     2256
Removing temp directory.
Removing global temp directory.

7. Executing OPT_CLEAN pass (remove unused cells and wires).
Finding unused cells or wires in module \cv32e40p_core..
Removed 0 unused cells and 28966 unused wires.
<suppressed ~889 debug messages>

8. Printing statistics.

=== cv32e40p_core ===

        +----------Local Count, excluding submodules.
        |        +-Local Area, excluding submodules.
        |        | 
    19662        - wires
    25266        - wire bits
      152        - public wires
     5756        - public wire bits
       39        - ports
      536        - port bits
    21888 3.02E+05 cells
      357 4.53E+03   sg13g2_a21o_1
     2080 1.89E+04   sg13g2_a21oi_1
      373  5414.17   sg13g2_a221oi_1
     2579  2.8E+04   sg13g2_a22oi_1
      616 5.59E+03   sg13g2_and2_1
       92 1.17E+03   sg13g2_and3_1
       47  682.214   sg13g2_and4_1
     2179 1.07E+05   sg13g2_dfrbpq_1
      692 3.77E+03   sg13g2_inv_1
        1   27.216   sg13g2_lgcp_1
      352 6.39E+03   sg13g2_mux2_1
      118  4.5E+03   sg13g2_mux4_1
     2878 2.09E+04   sg13g2_nand2_1
      572 5.19E+03   sg13g2_nand2b_1
      432 3.92E+03   sg13g2_nand3_1
       22  279.418   sg13g2_nand3b_1
      199 2.17E+03   sg13g2_nand4_1
     1628 1.18E+04   sg13g2_nor2_1
      630  5715.36   sg13g2_nor2b_1
      382 3.47E+03   sg13g2_nor3_1
      203 2.21E+03   sg13g2_nor4_1
     3068 2.78E+04   sg13g2_o21ai_1
      199 1.81E+03   sg13g2_or2_1
      139 1.77E+03   sg13g2_or3_1
       48   696.73   sg13g2_or4_1
     1280 1.86E+04   sg13g2_xnor2_1
      722 1.05E+04   sg13g2_xor2_1

   Chip area for module '\cv32e40p_core': 302466.414600
     of which used for sequential elements: 106746.595200 (35.29%)

9. Executing Verilog backend.

9.1. Executing BMUXMAP pass.

9.2. Executing DEMUXMAP pass.
Dumping module `\cv32e40p_core'.

End of script. Logfile hash: 9a809da4d0, CPU: user 9.51s system 0.10s, MEM: 182.25 MB peak
Yosys 0.60 (git sha1 5bafeb77d, g++ 13.3.0-6ubuntu2~24.04 -fPIC -O3)
Time spent: 44% 2x abc (7 sec), 16% 41x opt_clean (2 sec), ...
